Name,Country,Gender,Division,Swim,Bike,Run,Overall
"Burke, James",USA,Male,M35-39,49.61666666666667,266.8666666666667,188.25,512.55
"De Korver, Derk",NLD,Male,M30-34,58.333333333333336,267.75,186.71666666666667,519.1333333333333
"Kurc Boucau, Quentin",FRA,Male,M25-29,58.4,254.28333333333333,212.3,533.6666666666666
"Standidge, Chris",GBR,Male,M35-39,51.733333333333334,267.2,212.83333333333334,538.4666666666667
"Veldeman, Stefaan",BEL,Male,M35-39,59.11666666666667,279.21666666666664,193.3,539.45
"Boschian Romero, Alejandro Jose",VEN,Male,M35-39,57.2,281.73333333333335,191.51666666666668,539.7
"Gough, Nicholas",USA,Male,M30-34,67.31666666666666,281.7,183.58333333333334,541.7833333333333
"Jackson, Steve",USA,Male,M30-34,51.3,291.8,194.23333333333332,543.5
"Beyne, Anthony",FRA,Male,M35-39,60.416666666666664,276.5,198.46666666666667,543.7333333333333
"Weitz, Matti",DEU,Male,M25-29,58.93333333333333,283.51666666666665,197.06666666666666,546.2
"Davidson, Matthew",USA,Male,M40-44,67.13333333333334,276.8,201.5,551.85
"Byers, Todd",USA,Male,M35-39,68.53333333333333,272.15,202.46666666666667,552.2666666666667
"Byram, Scott",USA,Male,M35-39,65.25,275.43333333333334,205.15,555.1166666666667
"Cerize, Pedro",BRA,Male,M45-49,63.083333333333336,281.71666666666664,201.65,555.2333333333333
"Modrzejewski, Nicholas",USA,Male,M35-39,58.46666666666667,291.75,197.88333333333333,555.8833333333333
"Royce, Daniel",USA,Male,M35-39,54.516666666666666,279.96666666666664,215.31666666666666,557.9166666666666
"Adriaens, Joe",USA,Male,M30-34,56.46666666666667,282.51666666666665,211.8,558.0666666666667
"Karner, Johan",SWE,Male,M25-29,58.666666666666664,277.71666666666664,214.98333333333332,558.7166666666667
"Murphy, Phil",GBR,Male,M35-39,58.63333333333333,275.56666666666666,217.61666666666667,558.9833333333333
"Legere, Vincent",CAN,Male,M40-44,60.9,301.0833333333333,190.31666666666666,559.6666666666666
"Hessian, John",AFG,Male,M45-49,66.95,285.3333333333333,199.25,559.7166666666667
"Alvim, Thiago",BRA,Male,M30-34,57.95,289.76666666666665,203.3,560.3666666666667
"Latifi, Michael",CAN,Male,M18-24,67.55,294.78333333333336,192.3,561.95
"Gennari, Gustavo",BRA,Male,M40-44,61.733333333333334,284.93333333333334,207.48333333333332,562.8333333333334
"Marzen, Ryan",USA,Male,M25-29,68.91666666666667,290.8333333333333,197.8,567.0333333333333
"Craig, Robert",USA,Male,M30-34,63.35,288.73333333333335,207.61666666666667,567.05
"Pagalilauan, Jonathan",USA,Male,M35-39,64.56666666666666,290.31666666666666,204.3,568.0666666666667
"Haglund, Fredrik",SWE,Male,M40-44,51.63333333333333,285.1166666666667,225.58333333333334,569.8333333333334
"Chevallier, Arnaud",FRA,Male,M40-44,72.88333333333334,290.21666666666664,199.63333333333333,571.9833333333333
"Rojas, Manuel",CRI,Male,M35-39,68.95,292.6,193.81666666666666,572.5333333333333
"Richardson, Jeremy",USA,Male,M25-29,59.583333333333336,292.5,212.61666666666667,572.65
"Rose, Nick",GBR,Male,M45-49,61.68333333333333,291.93333333333334,211.5,572.7166666666667
"Osterberg, Jacob",SWE,Male,M40-44,62.766666666666666,286.0833333333333,218.96666666666667,575.2833333333333
"Marker, Ken",USA,Male,M40-44,64.01666666666667,294.6,208.5,576.5666666666667
"Pesch, Robin",DEU,Male,M25-29,58.166666666666664,279.55,230.5,577
"Fasanelli, Daniel",FRA,Male,M50-54,61.4,309.96666666666664,196.91666666666666,577.0333333333333
"Kallio, Janne",FIN,Male,M40-44,61.53333333333333,284.56666666666666,223.31666666666666,577.2166666666667
"Markenstrand, Mattias",SWE,Male,M25-29,62.71666666666667,296.03333333333336,208.21666666666667,579.15
"Gallegos, Elyse",USA,Female,F30-34,63.36666666666667,302.65,206.56666666666666,579.85
"Arcoverde Ribeiro Costa, Tarik",BRA,Male,M35-39,51.266666666666666,289.8666666666667,223.78333333333333,580.4166666666666
"Jones, David",USA,Male,M50-54,63.983333333333334,291.2,216.33333333333334,580.5
"Rankin, Robert",USA,Male,M30-34,57.06666666666667,296.6166666666667,218,581.0833333333334
"Morales, Florencia",ARG,Female,F35-39,67.18333333333334,318.25,189.18333333333334,581.9333333333333
"Stormark, Geir Helge",NOR,Male,M30-34,67.96666666666667,299.23333333333335,203.86666666666667,582.2166666666667
"Alexander, Jake",USA,Male,M25-29,65.26666666666667,308.03333333333336,201.95,582.5833333333334
"Thomas, Chris",USA,Male,M25-29,64.05,296.43333333333334,206.65,582.7333333333333
"Werneck Pereira Do Espirito Santo, Henrique",BRA,Male,M40-44,62.56666666666667,301.05,211.1,584.65
"De Smet, Laurens",BEL,Male,M25-29,56.05,295.23333333333335,228.03333333333333,587.0833333333334
"Green, Robert",USA,Male,M40-44,59.38333333333333,286.65,234.2,588.2666666666667
"Trimble, Craig",USA,Male,M25-29,63.93333333333333,291.76666666666665,222.16666666666666,588.9666666666667
"Abecassis, Eric",FRA,Male,M50-54,74.11666666666666,302.85,202.3,589.2166666666667
"Podoba, Jacek Tomasz",POL,Male,M45-49,61.28333333333333,299.25,220.85,589.45
"De Veiga Sicupria Nunes Ferreira, Carlos",BRA,Male,M18-24,62.18333333333333,301.76666666666665,215.95,589.75
"Gonzalez Castro, Pablo",CHL,Male,M40-44,82.43333333333334,290.56666666666666,204.41666666666666,590.7833333333333
"Carter, Larkin",USA,Male,M55-59,68.68333333333334,299.4166666666667,213.95,590.8333333333334
"Gaffney, Ian",USA,Male,M25-29,55.43333333333333,305.3666666666667,212.75,590.8666666666667
"Gompers, Paul",USA,Male,M50-54,63.46666666666667,302.35,215.46666666666667,591.5666666666667
"Howitt, Daniel",AUS,Male,M30-34,56.81666666666667,317.81666666666666,206.18333333333334,591.7833333333333
"Van Der Meer, Dennis",NLD,Male,M50-54,71.93333333333334,302.1,207.11666666666667,591.8833333333333
"Moyer, Justin",USA,Male,M35-39,58.083333333333336,286.55,241,593.6333333333333
"Johansson, Fredrik",SWE,Male,M50-54,69.7,300.28333333333336,215.45,594
"Stephane, Quero",FRA,Male,M40-44,64.26666666666667,304.03333333333336,219.1,594.6
"Gile, David",USA,Male,M45-49,75.55,298.98333333333335,212.35,594.95
"Billyard, Mark",GBR,Male,M30-34,54.11666666666667,296.75,234,595.1
"McLeod, Joseph",USA,Male,M30-34,69.63333333333334,285.4,225.98333333333332,595.1166666666667
"Sandoval, Mauricio",COL,Male,M30-34,69.9,299.75,215.25,595.15
"Dam, Christian",AUT,Male,M40-44,72.26666666666667,297.3666666666667,217.36666666666667,595.1666666666666
"Soppelsa, Michael",USA,Male,M50-54,66.83333333333333,307.93333333333334,210.76666666666668,595.3666666666667
"Sherriff, Leah",CAN,Female,F30-34,64.81666666666666,312.96666666666664,209.18333333333334,595.55
"Shearon, David",USA,Male,M45-49,65.43333333333334,301.03333333333336,220.25,595.6166666666667
"Wallis, Michael Brett",USA,Male,M45-49,68.85,298.76666666666665,217.85,595.8
"Tye, Chris",GBR,Male,M50-54,64.53333333333333,297.75,222.73333333333332,595.8166666666667
"Johansson, Lars",SWE,Male,M40-44,69.48333333333333,300.3,217.01666666666668,596.5833333333334
"Orlando, Frank",USA,Male,M35-39,67.06666666666666,298.45,219.03333333333333,596.6333333333333
"Zepeda, John",USA,Male,M45-49,61.666666666666664,297.95,221.03333333333333,597.15
"Cummins, Rob",IRL,Male,M45-49,65.91666666666667,290.26666666666665,227.43333333333334,597.25
"Sheppard, Graham",USA,Male,M30-34,63.016666666666666,305.78333333333336,221.98333333333332,597.4333333333333
"Wilson, John",USA,Male,M55-59,66.13333333333334,303.25,219.9,597.5
"Dugan, Jeff",USA,Male,M30-34,76.13333333333334,298.8666666666667,213.88333333333333,597.7333333333333
"Mandel, Marcel",DEU,Male,M35-39,64.95,291.28333333333336,232.38333333333333,598.6666666666666
"Gutstadt, Doron",ISR,Male,M45-49,66.76666666666667,302.3333333333333,214.93333333333334,598.9833333333333
"Keysor, Chris",USA,Male,M50-54,68.91666666666667,300.7,219.75,599.15
"Gulliford, Craig",GBR,Male,M45-49,62.016666666666666,270.35,259.51666666666665,600.15
"Quick, Angela",CAN,Female,F25-29,53.36666666666667,312.1666666666667,227.68333333333334,600.3
"Lindner, Johann",AUT,Male,M45-49,61.43333333333333,284.0833333333333,244.6,600.4166666666666
"Royer, Justin",USA,Male,M35-39,62.983333333333334,304.0833333333333,224.31666666666666,600.8666666666667
"Haupt, Michael",USA,Male,M45-49,68.65,299.8833333333333,222.35,602.1666666666666
"Bauer, Thomas",DEU,Male,M40-44,58.983333333333334,289.4,240.41666666666666,602.7666666666667
"Kuhr, Derek",USA,Male,M45-49,68.78333333333333,302.0833333333333,220.51666666666668,602.7833333333333
"Thomas, Suzy",USA,Female,F45-49,62.5,316.98333333333335,213.96666666666667,602.8
"Ferrand, Baptiste",FRA,Male,M18-24,66.06666666666666,299.9166666666667,227.73333333333332,603.45
"Schmitz, Kyle",USA,Male,M30-34,61.78333333333333,321.25,212.05,604.2666666666667
"Conners, Matthew",USA,Male,M25-29,72.05,297.78333333333336,224.66666666666666,605.4666666666667
"Pfaller, Rene",AUT,Male,M30-34,64.35,309.15,223.25,605.7
"Tallon, Mark",GBR,Male,M40-44,65.51666666666667,293.8333333333333,236.91666666666666,606.2166666666667
"Poggi B., Carlos Horacio",ECU,Male,M30-34,64.36666666666666,308.81666666666666,222.16666666666666,607.0833333333334
"Fohn, Michael",AUT,Male,M50-54,66.21666666666667,314.6666666666667,216.4,607.4166666666666
"Chavet, Francois",FRA,Male,M35-39,70.8,299.3333333333333,223.08333333333334,607.5
"Hamilton, Cameron",USA,Male,M40-44,54.38333333333333,309.7,235.23333333333332,607.8166666666667
"Silva, Carlos",PRT,Male,M50-54,76.96666666666667,301.51666666666665,218.28333333333333,607.95
"Kelly, Paige",USA,Female,F25-29,71.45,300.3333333333333,227.63333333333333,607.95
"Pease, Brent",USA,Male,M30-34,59.85,320.51666666666665,218.71666666666667,608.1
"Ossedat, Jerome",FRA,Male,M35-39,68.08333333333333,292.0833333333333,238.61666666666667,608.2333333333333
"Bickerstaff, Ryan",USA,Male,M35-39,57.3,320.98333333333335,221.31666666666666,608.2833333333333
"Mitchell, Paul",GBR,Male,M50-54,73.15,298.28333333333336,224.58333333333334,608.3166666666667
"Boivin, Nicolas",FRA,Male,M25-29,60.833333333333336,313.8666666666667,220.51666666666668,608.4166666666666
"Wilson, Karl",BMU,Male,M40-44,60.25,303.3333333333333,235.98333333333332,609.2
"Westman, Robert",SWE,Male,M40-44,57.416666666666664,298.68333333333334,245.68333333333334,609.3333333333334
"Iott, Scott",USA,Male,M40-44,62,284.45,256.3,609.9
"Stoveld, Kimberly",USA,Female,F25-29,56.4,315.3,229.83333333333334,610.1166666666667
"Estrella, Juan",USA,Male,M50-54,71.53333333333333,297.8333333333333,226.2,610.25
"Alvarez Val, Rodolfo",USA,Male,M35-39,69.96666666666667,309.01666666666665,222.93333333333334,610.4166666666666
"Troy, Alex",CAN,Male,M45-49,70.06666666666666,289.6166666666667,238.33333333333334,610.9
"Lievens, Filip",BEL,Male,M45-49,57.31666666666667,315.85,228.5,610.9666666666667
"Gervais, Annie",CAN,Female,F40-44,64.53333333333333,310.5,227.03333333333333,611.1666666666666
"Pinheiro, Adriano",BRA,Male,M40-44,64.81666666666666,292.2,246.71666666666667,611.65
"Forbes, Harper",CAN,Male,M40-44,72.45,303.98333333333335,222.98333333333332,612
"Pipes, James",USA,Male,M30-34,70.85,304.65,226.78333333333333,612.0166666666667
"Johnson, Thomas",USA,Male,M25-29,62.21666666666667,304.65,237.36666666666667,612.3833333333333
"Dauwe, Chris",USA,Male,M30-34,70.55,291.8333333333333,240.11666666666667,612.4333333333333
"Tatum, Matthew",USA,Male,M30-34,60.31666666666667,299.25,246.03333333333333,612.5166666666667
"Morixe, Santiago",ARG,Male,M45-49,65.63333333333334,299.4166666666667,238.45,612.5333333333333
"Tucker, Jeremy",CAN,Male,M40-44,56.36666666666667,296.95,250.66666666666666,613.1166666666667
"Simmons, Jonah",USA,Male,M18-24,55.3,338.73333333333335,209.71666666666667,613.3333333333334
"Reilly, Brian",USA,Male,M50-54,66.28333333333333,320.1666666666667,217.31666666666666,613.5166666666667
"Graff, Andre",DEU,Male,M55-59,67.91666666666667,308.6333333333333,232.33333333333334,616.7833333333333
"Salvo, Frank",USA,Male,M55-59,60.61666666666667,312.5833333333333,233.45,617.2666666666667
"Santos, Claudio",BRA,Male,M40-44,61.61666666666667,289.1666666666667,252.93333333333334,617.3
"Bye, John",USA,Male,M45-49,65.5,293.1666666666667,249.15,617.7666666666667
"Zucco, Adam",USA,Male,M40-44,57.55,287.85,257.93333333333334,617.8
"Wade, Matthew",USA,Male,M45-49,63.833333333333336,289.9,252.08333333333334,618.1
"Van Zyl, Anton",USA,Male,M40-44,62.1,309.8666666666667,233.98333333333332,618.7166666666667
"Perroteau, Alain",FRA,Male,M55-59,72.73333333333333,302.3333333333333,233.05,619.0166666666667
"Peters, Sam",LUX,Male,M30-34,65.25,317.53333333333336,221.45,619.0333333333333
"McDermott, James",USA,Male,M18-24,73.85,279.8666666666667,257.9166666666667,619.5166666666667
"Glynn, Tom",USA,Male,M55-59,71.86666666666666,310.73333333333335,226.66666666666666,620.15
"Wilkinson, Maranda",USA,Female,F30-34,71.66666666666667,319.48333333333335,220.9,622.3166666666667
"Brien, Cameron",CAN,Male,M30-34,69.73333333333333,300.0833333333333,240.26666666666668,622.6333333333333
"Bolano, Fausto",ECU,Male,M35-39,68.8,320.21666666666664,217.6,622.6833333333333
"Nash, Jon",USA,Male,M35-39,61.016666666666666,314.65,238.6,622.85
"Derossi, Damien",FRA,Male,M45-49,63.56666666666667,307.71666666666664,241.55,623.1333333333333
"Beliles, Greg",USA,Male,M30-34,61.05,318.15,233.63333333333333,623.35
"Carpenter, Rebecca",USA,Female,F45-49,55.9,318.6,241.7,623.85
"Bullard, Dana",USA,Female,F40-44,71.98333333333333,310.8833333333333,232.55,624.0833333333334
"Desmet, Craig",USA,Male,M35-39,73.03333333333333,301.8833333333333,237.25,624.8833333333333
"Stephens, David",USA,Male,M40-44,67.35,312.0833333333333,237.33333333333334,625.2833333333333
"Garn, Greg",USA,Male,M45-49,69.11666666666666,322.6166666666667,222.7,625.3666666666667
"Boilard, Olivier",CAN,Male,M30-34,74.11666666666666,318.75,219.55,625.4
"Houk, Ryan",USA,Male,M35-39,68.41666666666667,291.56666666666666,256.9,625.4333333333333
"Huckle, Mike",GBR,Male,M25-29,63.8,283.71666666666664,271.1333333333333,626.0333333333333
"Althey, Charles",FRA,Male,M40-44,82.18333333333334,311.1,225.18333333333334,626.2333333333333
"Pompelia, Tyson",USA,Male,M35-39,60.9,289.65,267.53333333333336,627.0166666666667
"Massey, Zach",USA,Male,M30-34,73.35,326.06666666666666,215.66666666666666,627.3333333333334
"Fothergill, William",USA,Male,M25-29,61.9,326.68333333333334,228.63333333333333,627.5166666666667
"Soria, Jason",USA,Male,M40-44,60.266666666666666,325.26666666666665,230.93333333333334,627.8333333333334
"Lesniak, Daniel",USA,Male,M35-39,71.15,320.1166666666667,226.66666666666666,627.9666666666667
"Coey, Scott",AUS,Male,M45-49,65.15,319.21666666666664,231.2,628.3333333333334
"Ching Jenkins, Diego",CRI,Male,M25-29,66.9,298.1,254.75,628.8666666666667
"Liriano, Christian",DOM,Male,M40-44,75.6,324.01666666666665,219.16666666666666,629.3333333333334
"Maheu, Audrey",USA,Female,F25-29,75.65,299.35,243.63333333333333,629.3333333333334
"Flammang, Daniele",LUX,Female,F45-49,64.81666666666666,332.76666666666665,223.51666666666668,629.8166666666667
"Reyes, Ben",USA,Male,M40-44,78.93333333333334,304.48333333333335,231.43333333333334,630.0166666666667
"Stephens, Trent",USA,Male,M45-49,61.95,308.1666666666667,249,630.7666666666667
"Stone, Kyle",USA,Male,M45-49,72.75,315.03333333333336,231.25,630.9333333333333
"Stonge, Paul",USA,Male,M40-44,58.61666666666667,316.96666666666664,243.35,630.9333333333333
"Agerbjer, Jorgen",SWE,Male,M35-39,68.78333333333333,288.9166666666667,265.2,631.4333333333333
"Hausauer, Jake",USA,Male,M25-29,55.05,295.15,272.3666666666667,631.7166666666667
"Keller, Steven",USA,Male,M40-44,74.8,323.15,221.75,632
"Colantuoni, Kenneth",USA,Male,M45-49,78.2,299.25,242.56666666666666,632.7333333333333
"Menichetti, Enrico",BEL,Male,M35-39,75.26666666666667,329.28333333333336,218.91666666666666,632.9
"Merizalde, Sebastian",USA,Male,M30-34,63.56666666666667,310.5,248.13333333333333,633.05
"Aube, Bryan",USA,Male,M35-39,64.43333333333334,293.35,266.55,633.1333333333333
"Scaldini, Claudia",BRA,Female,F30-34,73.06666666666666,303.4166666666667,248.65,633.2666666666667
"Mayrand, Bruce",USA,Male,M35-39,76.15,289.8333333333333,258.18333333333334,633.3166666666667
"Galmiche, Gerald",PYF,Male,M40-44,67.63333333333334,312.7,239.56666666666666,633.3833333333333
"Fortin, William",CAN,Male,M25-29,66.3,326.98333333333335,231.41666666666666,633.8
"Rummler, Joe",USA,Male,M50-54,81.41666666666667,324.8,218.13333333333333,634.0833333333334
"Simmons, Rich",USA,Male,M40-44,56.13333333333333,318.05,251.46666666666667,634.1833333333333
"Antoine, Cyrille",FRA,Male,M45-49,66.98333333333333,309.76666666666665,244.46666666666667,634.25
"Rueda, Fernando",COL,Male,M30-34,67.56666666666666,292.8666666666667,263.2,634.5166666666667
"Modave, Francois",USA,Male,M45-49,64.7,277.68333333333334,280.2,634.65
"Richmond, Jeff",USA,Male,M45-49,65.61666666666666,313.95,243.53333333333333,634.8333333333334
"Rinehart, Suzanne",USA,Female,F45-49,63.28333333333333,307.95,253.3,635.1833333333333
"Ehrig, Brian",USA,Male,M40-44,71.1,311.98333333333335,242.96666666666667,636.15
"Shenefelt, Von",USA,Male,M30-34,75.08333333333333,312.5833333333333,239.91666666666666,636.7
"Mayfield, Gregory",USA,Male,M45-49,71.23333333333333,317.06666666666666,235.18333333333334,636.85
"Mulford, Chris",USA,Male,M40-44,75.23333333333333,308.46666666666664,243.66666666666666,636.95
"Sierra, Nicole",USA,Female,F30-34,71.25,307.9166666666667,248.71666666666667,637
"Debard, Julien",FRA,Male,M35-39,75,312.55,236.38333333333333,637.3333333333334
"Dambrauskas, Dana",USA,Female,F40-44,69.21666666666667,319.6333333333333,238.18333333333334,637.4
"Bly, Ben",USA,Male,M30-34,69.21666666666667,315.96666666666664,243.86666666666667,637.7
"McLean, Gary",GBR,Male,M30-34,64.08333333333333,304.1666666666667,259.96666666666664,638.45
"Lawrence, Patti",USA,Female,F50-54,74.66666666666667,308.96666666666664,245.33333333333334,638.6833333333333
"Hamilton, Andy",GBR,Male,M35-39,65.23333333333333,295.68333333333334,267.98333333333335,638.9666666666667
"Hulgan, Brett",USA,Male,M35-39,65.1,305.9166666666667,255.95,639.0833333333334
"Jensen, Suzanne",USA,Female,F40-44,76.65,321.85,230.35,639.4333333333333
"Bylund, Jonathan",USA,Male,M35-39,68.68333333333334,315.0833333333333,246.23333333333332,639.7833333333333
"Walker, Dougin",USA,Male,M50-54,53.93333333333333,317.3833333333333,255.98333333333332,640.3
"Setzler, Erika",USA,Female,F25-29,70.15,336.5,222.35,640.7666666666667
"Wisniewski, Joe",USA,Male,M18-24,63.43333333333333,314.43333333333334,253.2,640.85
"Wendes, Nick",USA,Male,M25-29,71.8,323.53333333333336,232.56666666666666,641.3666666666667
"Jakobsen, Kaisa",DNK,Female,F50-54,67.11666666666666,321.15,243.8,642.2
"Quateman, Patrick",USA,Male,M30-34,73.46666666666667,319.81666666666666,238.28333333333333,642.2333333333333
"Zucco, Tanya",GBR,Female,F30-34,74.36666666666666,315.78333333333336,240.95,642.5833333333334
"Guidry, Blake",USA,Male,M30-34,65.96666666666667,312.71666666666664,247.96666666666667,642.8
"Verstegen, Leonie",NLD,Female,F45-49,67.68333333333334,317.9166666666667,241.11666666666667,642.85
"Zarama, Mauricio",COL,Male,M50-54,81.96666666666667,320.55,227.6,643.1
"Glow, Eric",USA,Male,M35-39,60.1,295.9166666666667,277.3333333333333,643.1166666666667
"Heckmann, Martin",DEU,Male,M40-44,62.95,292.93333333333334,278.6333333333333,643.1333333333333
"Lenehan, Ross",USA,Male,M30-34,59.75,291,279.48333333333335,643.2166666666667
"Steere, Doris",USA,Female,F30-34,66.53333333333333,342.76666666666665,228.4,644.8333333333334
"McNiven, Lauren",CAN,Female,F30-34,81.25,342.45,211.93333333333334,645.1666666666666
"Parulan, Darryl",PHL,Male,M30-34,73.93333333333334,322.4,238.71666666666667,645.6833333333333
"Juehring, Lee",USA,Male,M45-49,70.76666666666667,320.98333333333335,240.65,646
"Ribeiro, Antonio",PRT,Male,M45-49,68.66666666666667,318.3666666666667,245.55,646.1666666666666
"Sweetser, Stacy",USA,Female,F40-44,57.3,324.01666666666665,253.13333333333333,646.4166666666666
"Paul, Leonhard",DEU,Male,M50-54,78.05,317.1333333333333,241.75,647.15
"Philippe, Olivier",FRA,Male,M40-44,63.56666666666667,306.35,268.5,647.2
"Streetman, Dan",USA,Male,M45-49,79.91666666666667,290.6333333333333,266.8333333333333,647.2166666666667
"Williams, Jaclyn",USA,Female,F30-34,62.916666666666664,323.96666666666664,250.95,647.2333333333333
"Gadalla, Omar",USA,Male,M35-39,61.083333333333336,319.76666666666665,254.88333333333333,647.35
"Arriagada, Veronica",CHL,Female,F45-49,68.33333333333333,328.3333333333333,235.66666666666666,647.6
"Kane, Colin",USA,Male,M40-44,64.51666666666667,319.76666666666665,249.28333333333333,647.75
"Eckenrode, Ray",USA,Male,M40-44,62.96666666666667,325.81666666666666,245.21666666666667,647.8666666666667
"Lopez Rios, Alejandro",CRI,Male,M40-44,82.81666666666666,316.3333333333333,235.08333333333334,647.9166666666666
"Letourneau, Katy",CAN,Female,F45-49,64.93333333333334,329.2,245.4,649.1666666666666
"Asplund, Jonas",SWE,Male,M45-49,67,282.93333333333334,289.68333333333334,649.2333333333333
"Peterson, Joseph",USA,Male,M35-39,69.71666666666667,328.56666666666666,237.98333333333332,650.1333333333333
"Mroczko, Don",USA,Male,M40-44,73.78333333333333,308.65,252.25,650.95
"Schmidt, Heike",DEU,Female,F45-49,84.53333333333333,330.23333333333335,228.25,651.3166666666667
"Kahl, Eric",USA,Male,M45-49,63.233333333333334,316.55,261.53333333333336,651.9
"Plaxton, Nicholas",USA,Male,M45-49,59.8,308.3666666666667,268.7,652.4833333333333
"Gerstner, Dieter",DEU,Male,M50-54,79.7,320.25,238.41666666666666,652.5833333333334
"Gondre, Philippe",FRA,Male,M50-54,61.95,303.46666666666664,276.4,653.0333333333333
"Barraez Gil, Cheyenne",USA,Male,M35-39,63.6,305.4,270.48333333333335,653.0833333333334
"Ureta, Juan Jose",ESP,Male,M40-44,65.03333333333333,289.3333333333333,289.46666666666664,653.6666666666666
"Dillard, Tom",USA,Male,M30-34,71.38333333333334,320.05,252.55,653.7166666666667
"Sanint, Jacobo",COL,Male,M30-34,67.31666666666666,331,241.16666666666666,654.1166666666667
"Pedersen, Kristen",USA,Female,F30-34,74.2,337.1166666666667,232.25,654.55
"Yandell, Andrew",USA,Male,M45-49,69.5,324.31666666666666,251.15,654.55
"Pachon Luna, Carlos Eduardo",COL,Male,M35-39,74.68333333333334,316.56666666666666,250.41666666666666,654.5833333333334
"Shand, David",USA,Male,M40-44,72.73333333333333,317.5833333333333,249.28333333333333,654.6666666666666
"Ring, Christopher",USA,Male,M35-39,71.56666666666666,318.3,252.91666666666666,654.7666666666667
"Shapley, Aaron",USA,Male,M40-44,53.63333333333333,310.65,280.3833333333333,655.15
"Rupp, Edward",USA,Male,M45-49,64.28333333333333,326.3833333333333,249.56666666666666,655.5333333333333
"Barber, Zach",USA,Male,M45-49,70.28333333333333,303.81666666666666,270.8333333333333,655.9
"Falkowski, Brian",USA,Male,M40-44,68.21666666666667,278.8,296.3,655.95
"Blake, Andy",USA,Male,M30-34,67.66666666666667,324.1166666666667,252.06666666666666,656.1333333333333
"Prois, Cort",USA,Male,M40-44,62.46666666666667,313.1666666666667,270.5,656.2833333333333
"Decker, Matthew",USA,Male,M30-34,63.13333333333333,323.28333333333336,251.7,656.6
"Boccio, Andrew",USA,Male,M30-34,69.5,325.81666666666666,242.15,656.7666666666667
"Pendley, Bill",USA,Male,M40-44,62.266666666666666,309.6,275.3,657.3333333333334
"Dalton, Justin",USA,Male,M40-44,69.73333333333333,331.73333333333335,242.25,657.4166666666666
"Ratchford, Chris",USA,Male,M45-49,63.2,309.3333333333333,262.51666666666665,657.5
"McBee, Lionel",GBR,Male,M40-44,77.46666666666667,331.5833333333333,236.08333333333334,657.6833333333333
"Ching, Daniel",CRI,Male,M25-29,69.85,311.96666666666664,265.93333333333334,658.4833333333333
"McCarthy, Thomas",USA,Male,M35-39,60.916666666666664,341.6,244.48333333333332,658.5666666666667
"Wirth, Thomas",USA,Male,M40-44,73.3,306.76666666666665,260.5,658.6833333333333
"Villalba, Cesar",ESP,Male,M30-34,60.833333333333336,289.81666666666666,298.76666666666665,658.7666666666667
"Johnson, Tiffany",USA,Female,F35-39,64.16666666666667,323.65,259.46666666666664,658.9833333333333
"Nelson, John",USA,Male,M50-54,74.71666666666667,319.6,254.23333333333332,659.1
"Magda, Cody",USA,Male,M18-24,59.03333333333333,311.71666666666664,277.05,659.3166666666667
"McLaughlin, Jamie",USA,Male,M40-44,80.41666666666667,317.6166666666667,246.2,659.5333333333333
"Van Dongen, Daniel",USA,Male,M35-39,76.48333333333333,334.6666666666667,232.46666666666667,659.55
"Martinez, Cesar",ESP,Male,M40-44,82.5,326.8666666666667,238.33333333333334,659.7333333333333
"O'Daly, Jose",VEN,Male,M35-39,62.61666666666667,336.73333333333335,246.98333333333332,660.2
"McKinnon, Mike",CAN,Male,M35-39,70.95,305.0833333333333,265.78333333333336,660.65
"Gazolla, Felipe",BRA,Male,M30-34,69.3,323.8,255.66666666666666,661.0333333333333
"Howell, Gavin",USA,Male,M30-34,64.45,326.21666666666664,253.41666666666666,661.3333333333334
"Upchurch, Thomas",GBR,Male,M35-39,66.6,294.3,288.9,661.4333333333333
"Zelinski, Ryan",USA,Male,M25-29,76.01666666666667,313.75,264.0833333333333,661.7
"Gennari, Maria",BRA,Female,F35-39,75.21666666666667,329.2,247.4,661.9333333333333
"Lee, Rachel",USA,Female,F45-49,75.11666666666666,302.3333333333333,274.1666666666667,662.25
"Black, Larry",USA,Male,M55-59,57.7,311.6333333333333,283.18333333333334,662.25
"Diplan, Marino",DOM,Male,M45-49,77.15,312.35,261.71666666666664,662.2666666666667
"Pianto, Jerry",USA,Male,M45-49,64.68333333333334,314.01666666666665,273.1166666666667,662.9666666666667
"Daggett, Julia",USA,Female,F55-59,73.01666666666667,331.4,248.4,663.5166666666667
"Hunter, Tyler",USA,Male,M18-24,65.4,315.15,268.18333333333334,663.5333333333333
"Herrera, Adolph",USA,Male,M45-49,58.95,311.6666666666667,280.73333333333335,663.6166666666667
"Patey, Paxton",USA,Male,M18-24,81.28333333333333,335.2,232.4,663.6666666666666
"Rojas, Santiago",CAN,Male,M35-39,69.13333333333334,325.56666666666666,257.8666666666667,663.75
"Kinneman, Tom",USA,Male,M65-69,70.95,345.95,231.66666666666666,664.6833333333333
"O'Gorman, Bob",USA,Male,M45-49,84.46666666666667,288.21666666666664,275.6333333333333,665.1833333333333
"Lush, Richard",USA,Male,M50-54,65.05,323.06666666666666,261.8,665.2833333333333
"Sass, Kirsten",USA,Female,F35-39,65.58333333333333,330.51666666666665,261.96666666666664,665.5
"Mitten, David",USA,Male,M50-54,69.16666666666667,304.71666666666664,282.05,666.3333333333334
"Pavon, Jaime",ECU,Male,M40-44,64.3,315.43333333333334,274.8666666666667,666.4166666666666
"Johnson, Jonas",USA,Male,M35-39,66.98333333333333,315.31666666666666,269.7,667.05
"Houtman, Gijs",NLD,Male,M35-39,69.61666666666666,309.46666666666664,277.9166666666667,667.6833333333333
"Hurd, Jeff",USA,Male,M45-49,74.86666666666666,329.98333333333335,250.53333333333333,668.0333333333333
"Herrera, Jose",VEN,Male,M30-34,66.13333333333334,315.8333333333333,276.98333333333335,668.2166666666667
"Lang, David",USA,Male,M40-44,59.833333333333336,327.43333333333334,269.65,668.9
"Bialy, Leor",ISR,Male,M18-24,71.51666666666667,335.25,250.06666666666666,668.9166666666666
"Fugate, Lynsey",USA,Female,F35-39,55.166666666666664,347.3833333333333,256.28333333333336,669.1
"Valk, Jan",USA,Male,M25-29,64.98333333333333,315.43333333333334,275.46666666666664,669.2833333333333
"Andreoli Henriquez, Cristian",CHL,Male,M30-34,71.08333333333333,290.3666666666667,298.0833333333333,669.7333333333333
"Mills, Liz",USA,Female,F25-29,78.06666666666666,338.98333333333335,238.85,669.8166666666667
"Krumbhaar, Peter",USA,Male,M30-34,69.55,331.3833333333333,256.05,669.9333333333333
"Loos, Cam",USA,Male,M45-49,58.93333333333333,309.9,292.7,670.7
"Karlsson, Steffen",DNK,Male,M25-29,61.28333333333333,299.96666666666664,298.73333333333335,670.9
"Dickens, Noel",USA,Male,M35-39,67.48333333333333,323.71666666666664,266.0833333333333,671.4333333333333
"Santillan, Maria Fernanda",ECU,Female,F30-34,62.516666666666666,345.6166666666667,254.91666666666666,671.5666666666667
"Adams, Jeff",USA,Male,M35-39,71.65,335.78333333333336,251.13333333333333,671.8666666666667
"O'Connor, Paul",IRL,Male,M50-54,74.28333333333333,296.46666666666664,287.7,671.9166666666666
"Kronberg Christensen, Mia",DNK,Female,F50-54,77.95,338.05,246.93333333333334,672.4333333333333
"Rechel, Margaret",USA,Female,F25-29,61.43333333333333,331.15,271.21666666666664,672.4833333333333
"Cheek, Mark",USA,Male,M50-54,70.51666666666667,343.3333333333333,248.83333333333334,672.8166666666667
"Ochoa, Yadira",MEX,Female,F35-39,81.33333333333333,330.85,251.01666666666668,672.9666666666667
"Tomaska, Milan",USA,Male,M40-44,72.96666666666667,308.51666666666665,283.6166666666667,673.3333333333334
"Jansik, Richard",USA,Male,M55-59,74.46666666666667,307.1,278.8833333333333,673.65
"Dallesandro, David",USA,Male,M25-29,65.55,296.5,296.3833333333333,673.9
"Giles, Kristen",CAN,Female,F40-44,66.48333333333333,337.15,258.46666666666664,674.1
"Rojas Sanhueza, Hector",CHL,Male,M35-39,72.9,315.68333333333334,273.31666666666666,674.2666666666667
"Tougas, Jean-Sebastien",CAN,Male,M40-44,78.78333333333333,311.65,265.46666666666664,674.2833333333333
"Dambrosio, Leonardo",VEN,Male,M40-44,69.78333333333333,328.23333333333335,261.25,674.5
"Phipps, Helen",USA,Female,F40-44,67.8,345.96666666666664,250.76666666666668,674.6166666666667
"Thomas, Kelly",USA,Female,F25-29,59.9,353.46666666666664,250.85,674.65
"Irgens, Ole Jacob",NOR,Male,M45-49,60.18333333333333,327.8333333333333,274.55,674.75
"Dyke, Ryan",USA,Male,M25-29,68.9,296.3333333333333,296.15,675.1666666666666
"Andrade, Juan",COL,Male,M45-49,80.66666666666667,310.48333333333335,265.3333333333333,675.3
"Calver, Scott",CAN,Male,M45-49,79.9,320.23333333333335,260.25,675.4333333333333
"Jackson, Christopher",USA,Male,M40-44,65.81666666666666,316.7,282.1166666666667,675.9333333333333
"Parulan, Jeff",PHL,Male,M40-44,91.26666666666667,330.6166666666667,243.9,676.1166666666667
"Goodson, Grant",USA,Male,M35-39,66.75,318.1666666666667,276.31666666666666,676.4166666666666
"Minert, Scott",USA,Male,M45-49,71.93333333333334,303.93333333333334,287.31666666666666,676.7166666666667
"Rodriguez, Flavio",MEX,Male,M35-39,77.21666666666667,323.7,261.7,676.9
"Sophiea, Laura",USA,Female,F60-64,71.46666666666667,322.21666666666664,270.85,676.9166666666666
"Berg, Kevin",USA,Male,M60-64,64.7,334.7,266.6,677.3333333333334
"Rubens, Sue",USA,Female,F50-54,79.33333333333333,328.75,258.05,677.35
"Spence, Benjamin",USA,Male,M35-39,58.88333333333333,329.65,276.18333333333334,677.4
"Marchant, Alan",USA,Male,M40-44,85.11666666666666,328.53333333333336,248.76666666666668,677.65
"Balcar, Brittany",USA,Female,F25-29,67.81666666666666,332.93333333333334,266,678.05
"Catapani, Luiz",BRA,Male,M35-39,68.78333333333333,342.6166666666667,254.36666666666667,678.5666666666667
"Martinez, Salvador",MEX,Male,M40-44,75.73333333333333,333.75,256.01666666666665,678.9666666666667
"Salgueiro, Jullian",BRA,Male,M40-44,63.733333333333334,338.53333333333336,261.8833333333333,679
"Peterson, Mike",USA,Male,M40-44,68.36666666666666,334.35,259.01666666666665,679.0833333333334
"Weaver, Blake",USA,Male,M30-34,83.81666666666666,337.18333333333334,244.66666666666666,679.2833333333333
"Page, Matt",USA,Male,M30-34,75.88333333333334,327.25,261.53333333333336,679.4
"Braun, Joy",USA,Female,F40-44,74.23333333333333,356.31666666666666,239.96666666666667,679.7333333333333
"Duran, Chelsea",CAN,Female,F30-34,73.75,336.05,258.2,679.75
"Sheetz, Tara",USA,Female,F50-54,77.81666666666666,325.98333333333335,265.78333333333336,680.1666666666666
"Cleverdon, Dana",USA,Male,M45-49,75.9,338.18333333333334,255,680.4
"Burgans, Alex",USA,Male,M18-24,75.36666666666666,337.3,256.01666666666665,680.7666666666667
"Norman, Gail",USA,Female,F55-59,80.23333333333333,336.3333333333333,252.5,680.7833333333333
"Hughes, Donal",IRL,Male,M40-44,85.65,335.46666666666664,246.76666666666668,680.8833333333333
"Bartelt, Brad",USA,Male,M50-54,70.11666666666666,321.51666666666665,277.1666666666667,681.3333333333334
"Thomas, Dan",USA,Male,M55-59,66.01666666666667,325.06666666666666,281.48333333333335,681.5
"Monsivais, Jose",USA,Male,M35-39,92.9,328.1333333333333,244.05,681.5666666666667
"Crouch, Timothy",USA,Male,M55-59,65.45,314.9,287.45,682.0333333333333
"Sacco, Paul",USA,Male,M45-49,74.76666666666667,322.2,270.6666666666667,682.4
"Johnson, Sharon",USA,Female,F60-64,75.26666666666667,325.21666666666664,269.95,683.1166666666667
"Taylor, Scott",CAN,Male,M45-49,57.18333333333333,329.3333333333333,286.3333333333333,683.2333333333333
"Gaytan, Francisco",MEX,Male,M45-49,96.76666666666667,319.23333333333335,250.31666666666666,683.3333333333334
"Salvado, Nestor",USA,Male,M45-49,80.48333333333333,353.53333333333336,232.41666666666666,683.4333333333333
"Zollinger, Chase",USA,Male,M30-34,88.56666666666666,333.75,228.48333333333332,683.6833333333333
"Bryan, Julia",USA,Female,F35-39,71.28333333333333,324.28333333333336,278.3333333333333,683.7833333333333
"Lynch, Julian",IRL,Male,M40-44,92.26666666666667,323.46666666666664,257.3,683.9166666666666
"Fahey, Jaclyn",USA,Female,F35-39,63.15,347.6333333333333,262.4166666666667,685.0666666666667
"Gebauer, Laura",DEU,Female,F25-29,72.23333333333333,327.8833333333333,274.96666666666664,685.2166666666667
"Tschudy, Eugene",USA,Male,M50-54,74.56666666666666,308.48333333333335,290.78333333333336,685.5166666666667
"Buckner, Lisa",USA,Female,F40-44,67.21666666666667,342.28333333333336,263.51666666666665,685.8333333333334
"Scheepers, Pieter",USA,Male,M40-44,76.03333333333333,324.81666666666666,262.85,685.8833333333333
"Montgomery, Matt",USA,Male,M30-34,70.93333333333334,342.23333333333335,257.46666666666664,685.9166666666666
"Fasoli, Luca",ITA,Male,M45-49,72.88333333333334,341.55,260.85,685.95
"Stamm, Tim",USA,Male,M35-39,77.88333333333334,341.15,253.73333333333332,686.2833333333333
"Cohen, Adam",USA,Male,M45-49,72.33333333333333,345.51666666666665,257.21666666666664,686.3
"Salamone, Sergio",ARG,Male,M45-49,74.55,319.8666666666667,277.75,686.3
"Hicks, Joseph",USA,Male,M45-49,76.05,318.5,281.8666666666667,686.55
"Chen, Felix",CHN,Male,M30-34,90.68333333333334,303.8666666666667,279.76666666666665,686.5666666666667
"Bauer, Tanja",DEU,Female,F40-44,86.63333333333334,335.0833333333333,252.21666666666667,686.6
"Simmons, Robert",USA,Male,M45-49,59.06666666666667,328.5833333333333,288.56666666666666,686.65
"Plant, Kristine",CAN,Female,F50-54,71.63333333333334,331.1333333333333,271.3833333333333,686.9166666666666
"Pereira, Marcos Eduardo",BRA,Male,M35-39,64.2,320.03333333333336,289.26666666666665,687.0166666666667
"Franks, Kevin",USA,Male,M40-44,74.3,314.25,283.8833333333333,687.2666666666667
"Humphries, Dale",USA,Male,M50-54,76.48333333333333,313.15,282.6666666666667,687.3666666666667
"Sedgwick, Dave",USA,Male,M40-44,68.98333333333333,329.7,272.35,687.6333333333333
"Fernandez, Luis",CRI,Male,M40-44,80.3,338.3,250.85,687.65
"Denston, Kevin",CAN,Male,M45-49,62.93333333333333,321.75,288.98333333333335,687.9
"Coetzer, Chantel",ZAF,Female,F30-34,73.4,338.1,260.95,688.0166666666667
"Jones, Mark",GBR,Male,M50-54,82.75,323.95,261.51666666666665,688.1
"Buxton, Pam",CAN,Female,F50-54,81.98333333333333,335.6333333333333,257.7,688.45
"Cabrera, Ariel",GTM,Male,M30-34,75.75,338.31666666666666,258.56666666666666,688.5333333333333
"Egan, Joseph",USA,Male,M35-39,81.71666666666667,337.3,255.25,688.55
"Kinder, Gordon",USA,Male,M35-39,76.13333333333334,320.05,277.5,688.95
"Kilinski, Robert",USA,Male,M60-64,85.63333333333334,332.95,252.08333333333334,689.1166666666667
"Donnelly, John",USA,Male,M35-39,81.75,345.85,247.85,689.15
"Klein, Bart",NLD,Male,M50-54,77,327.65,268.9166666666667,689.15
"Aube-Martin, Alexis",FRA,Male,M25-29,83.83333333333333,329.31666666666666,261.45,689.4
"Shelton, Kaleb",USA,Male,M18-24,77.13333333333334,355.1666666666667,247.58333333333334,689.8666666666667
"Kiser, Curtis",USA,Male,M50-54,67.88333333333334,320.85,289,690.0333333333333
"Ciaravino, Brian",USA,Male,M50-54,85.25,323.5833333333333,266.1166666666667,690.0666666666667
"Stone, Bryan",USA,Male,M40-44,69.81666666666666,315.4166666666667,293.5833333333333,690.2
"Morgan, Gareth",IRL,Male,M45-49,84.58333333333333,331.28333333333336,254.83333333333334,690.4166666666666
"Jaramillo Jaramillo, Juan Jose",ECU,Male,M30-34,72.51666666666667,321.48333333333335,285.21666666666664,690.5666666666667
"Johnson, Matthew",USA,Male,M40-44,80.1,352.3333333333333,241.85,690.7333333333333
"Morris, Justin",USA,Male,M40-44,64.7,338.48333333333335,276.21666666666664,690.7833333333333
"Bindi, Victor",USA,Male,M45-49,75.16666666666667,328.65,277.2,690.8166666666667
"Grant, Rusty",USA,Male,M40-44,56.88333333333333,330.95,291.7,691.5166666666667
"Baeza, Jorge",MEX,Male,M45-49,85.41666666666667,337.53333333333336,250.96666666666667,691.65
"Barkschat, Tobias",DEU,Male,M25-29,55.583333333333336,278.4166666666667,350.03333333333336,691.6833333333333
"Guieb, Rhoderick",PHL,Male,M35-39,80.76666666666667,335.96666666666664,258.25,691.9833333333333
"Rendos, Nicole",USA,Female,F30-34,72.63333333333334,349.21666666666664,255.45,692.6666666666666
"Huereca, David",MEX,Male,M45-49,65.63333333333334,333.1,281.06666666666666,692.8666666666667
"Rinderknecht, Joel",USA,Male,M40-44,60.666666666666664,315.26666666666665,297.3833333333333,692.9666666666667
"Johnson, Andrew",USA,Male,M35-39,85.35,329.6333333333333,260.4,693.1
"Tamson, Karen",USA,Female,F50-54,65.4,345.6333333333333,272.46666666666664,693.2666666666667
"Calderon, Ramiro",MEX,Male,M40-44,96.13333333333334,349.3666666666667,228.01666666666668,693.4166666666666
"Nunn, James",USA,Male,M40-44,56,327.3333333333333,297.45,693.4666666666667
"Macdougall, Alan",USA,Male,M50-54,80.08333333333333,334.93333333333334,264.15,693.7
"Ahern, Brian",USA,Male,M25-29,61.28333333333333,335.1333333333333,282.51666666666665,694.05
"Conway, Richard",GBR,Male,M45-49,76.45,320.01666666666665,280.51666666666665,694.2166666666667
"Rossi, Tina",CAN,Female,F45-49,72.43333333333334,333.5,276.6,694.2666666666667
"Roth, David",USA,Male,M45-49,69.88333333333334,323.8,287.05,694.3166666666667
"Cauwelier, Pascal",BEL,Male,M40-44,93.95,334.98333333333335,252.83333333333334,694.3833333333333
"Quintero, Carlos Miguel",VEN,Male,M35-39,73.88333333333334,348.48333333333335,254.71666666666667,694.4833333333333
"Berzovini, Mauro",ITA,Male,M35-39,89.43333333333334,330.4166666666667,263.8833333333333,694.7333333333333
"Dumouchelle, Shayne",CAN,Male,M35-39,76.18333333333334,304.21666666666664,301.78333333333336,694.8333333333334
"Ensalata, Adam",USA,Male,M30-34,86.21666666666667,311.5833333333333,281.71666666666664,694.85
"McMahon, Mike",USA,Male,M35-39,69.56666666666666,335.93333333333334,278.8833333333333,695.0666666666667
"Francis, Shannon",USA,Female,F40-44,81.73333333333333,345.26666666666665,259.03333333333336,695.1
"Soler, Francisco",USA,Male,M35-39,63.483333333333334,321.95,294.1333333333333,695.1333333333333
"Daniels, Brooke",USA,Female,F35-39,65.28333333333333,353,263.06666666666666,695.25
"Sambudio, Marcelo P",BRA,Male,M40-44,76.83333333333333,326.68333333333334,277.65,695.35
"Stanton, Jenn",USA,Female,F30-34,63.8,339.23333333333335,280.6,695.6
"Payne, Timothy",USA,Male,M30-34,69.9,372.71666666666664,237.28333333333333,695.7666666666667
"Wahl, James",USA,Male,M35-39,73.7,317,290.8333333333333,695.7833333333333
"Harris, Jamie",USA,Female,F40-44,64.33333333333333,336.8833333333333,285.23333333333335,695.9666666666667
"Uyeda, Mauricio",BRA,Male,M35-39,73.78333333333333,360.05,244.91666666666666,696
"McClintock, Andrew",USA,Male,M35-39,69.58333333333333,315.28333333333336,301,696
"Corbett, Justin",USA,Male,M40-44,60.233333333333334,335.1333333333333,288.96666666666664,696.2
"Prescott, Chris",USA,Male,M50-54,74.01666666666667,341.51666666666665,264.8666666666667,696.5166666666667
"Perrin, Virginie",FRA,Female,F35-39,75.08333333333333,342.46666666666664,269.8,696.5333333333333
"Bacon, Lynette",USA,Female,F50-54,62.68333333333333,323.48333333333335,297.01666666666665,696.6333333333333
"Tilley, Dave",GBR,Male,M35-39,75.66666666666667,341.03333333333336,263,696.7
"Grieb, Dan",USA,Male,M40-44,67.08333333333333,318.85,301.03333333333336,696.8
"Taraboletti, Aaron",USA,Male,M35-39,80.33333333333333,335.03333333333336,261.65,696.8333333333334
"Gordon, Marcus",USA,Male,M40-44,68.23333333333333,310.1666666666667,305.8333333333333,698.2
"Herrington, Brenda",USA,Female,F45-49,72.46666666666667,325.7,288.25,698.35
"West, Byron",USA,Male,M55-59,79.91666666666667,324.96666666666664,278.3666666666667,698.4
"Barker, Jimmy",USA,Male,M50-54,59.233333333333334,332.18333333333334,293.46666666666664,698.6666666666666
"Gerardi, Robert",USA,Male,M55-59,72.66666666666667,309.68333333333334,305.46666666666664,699.5
"Disli, Andrei",ROU,Male,M40-44,76.31666666666666,349.8666666666667,258.25,699.65
"Pittman, Tim",USA,Male,M40-44,66.18333333333334,306.1166666666667,315.15,699.9666666666667
"Flores Jimenez, Francisco",ECU,Male,M35-39,91.43333333333334,342.35,251.58333333333334,700.0333333333333
"Joffre, Clement",FRA,Male,M25-29,57.4,317.8666666666667,313.06666666666666,700.0333333333333
"Rogers, Benjamin",USA,Male,M40-44,63.31666666666667,327.8833333333333,297.25,700.5166666666667
"Diaz, Reagan",PHL,Male,M30-34,87.11666666666666,333.7,262.93333333333334,700.6833333333333
"Hage, Adam",USA,Male,M30-34,73.1,358.06666666666666,255.73333333333332,700.9
"Semle, Aron",USA,Male,M30-34,74.2,355.25,255.53333333333333,701.0666666666667
"Solana, Sebastian",ARG,Male,M40-44,74.5,324.51666666666665,283.96666666666664,701.6666666666666
"McLeish, Shawn",CAN,Male,M45-49,68.83333333333333,332.65,286.4,701.7333333333333
"Stroganov, Max",KAZ,Male,M40-44,85.78333333333333,325.1166666666667,272.48333333333335,701.75
"Saltin, Johan",SWE,Male,M50-54,68.21666666666667,333.01666666666665,288.3333333333333,702.1166666666667
"Altera, Allan",USA,Male,M50-54,56.733333333333334,310.56666666666666,322.8666666666667,702.4333333333333
"Baldo, Ruggero",ITA,Male,M40-44,88.28333333333333,331.18333333333334,270.21666666666664,702.8333333333334
"Kutzscher, Lia",CAN,Female,F50-54,76.51666666666667,328.6333333333333,283.8,702.9833333333333
"Brandt, Mark",USA,Male,M50-54,86.35,352.4,246.56666666666666,703.2166666666667
"Mendoza Davila, Flor Maria",ECU,Female,F35-39,72.11666666666666,331.4,286.15,703.3166666666667
"Rautiainen, Jarmo",FIN,Male,M45-49,68.18333333333334,329.75,296.1333333333333,703.3833333333333
"Wallace, Leslie",USA,Female,F40-44,68.31666666666666,342.6166666666667,282.1333333333333,704.0333333333333
"Stribling, Michael",USA,Male,M25-29,72.88333333333334,311.3333333333333,306.1,704.1333333333333
"Wallace, Mike",USA,Male,M55-59,78.46666666666667,359.4,249.7,704.15
"Soto, Cynthia",PRI,Female,F30-34,68.9,333.85,291.73333333333335,704.1666666666666
"Alegre, Rodrigo",MEX,Male,M40-44,78.68333333333334,353.85,254.08333333333334,704.2
"Philippe, Celine",FRA,Female,F40-44,77.86666666666666,339.53333333333336,272.4166666666667,704.4333333333333
"Holverson, Dallas",USA,Male,M50-54,83.78333333333333,329.4,275.76666666666665,704.8
"Vandiver, Bill",USA,Male,M50-54,72.5,327.05,292.96666666666664,705.2666666666667
"Mahakian, Chad",USA,Male,M30-34,58.2,323.1333333333333,308.6,705.4333333333333
"Ketcham, Paulina",USA,Female,F25-29,71,328.6333333333333,295.78333333333336,705.5
"Castaneda, Pablo",PER,Male,M45-49,68.93333333333334,355.3,266.06666666666666,705.9166666666666
"Seward, Courtney",USA,Female,F25-29,65.01666666666667,361.93333333333334,268.3833333333333,706.0166666666667
"McKinney, Greg",USA,Male,M30-34,82.55,344.3833333333333,260.8333333333333,706.0333333333333
"Yongue, Richard",USA,Male,M18-24,57.11666666666667,335,301.96666666666664,706.0333333333333
"Gomez, Rodrigo",MEX,Male,M30-34,74.48333333333333,375.2,239.51666666666668,706.3
"Constantine, Brian",USA,Male,M55-59,73.51666666666667,338.3333333333333,277.6333333333333,706.3666666666667
"Folmer, Alejandro",ARG,Male,M35-39,78.41666666666667,340.68333333333334,267.56666666666666,706.4333333333333
"Hobinger, Christian",AUT,Male,M50-54,81,304.03333333333336,309.26666666666665,706.4333333333333
"Poulson, Bo",USA,Male,M40-44,72.05,327.96666666666664,293,706.45
"Spansel, Ginger",USA,Female,F55-59,68.53333333333333,352.0833333333333,273.8,706.6333333333333
"Brooks, Scott",USA,Male,M45-49,74.41666666666667,345.6333333333333,275.85,706.6666666666666
"Buono, Agostino",ITA,Male,M30-34,76.23333333333333,352.3666666666667,262.3833333333333,707.0333333333333
"Greene, Duran",USA,Male,M30-34,58.78333333333333,301,338.65,707.15
"Vidinha, Rich",USA,Male,M35-39,88.95,346.2,249.13333333333333,707.3
"Shoup, Jody",USA,Female,F40-44,81.5,358.48333333333335,252.38333333333333,707.35
"Claveau, Paul",USA,Male,M45-49,62.13333333333333,342.3666666666667,289.46666666666664,707.3666666666667
"Garrison, Tyler",USA,Male,M35-39,83.23333333333333,349.28333333333336,252.66666666666666,707.4666666666667
"Karpitskaya, Yekaterina",USA,Female,F40-44,73.95,327.73333333333335,290.81666666666666,707.85
"Whelan, Alex",USA,Female,F18-24,56.28333333333333,318.5,325.3666666666667,708
"Arias Z, Alejandro",DOM,Male,M45-49,68.75,334.78333333333336,291.2,708.2
"Jordan, Jim",USA,Male,M40-44,60.25,345.23333333333335,283.3666666666667,708.2166666666667
"Whitman Jr, Paul",USA,Male,M45-49,82.1,327.2,283.65,708.3166666666667
"De Meo, Adriano",BRA,Male,M35-39,92.78333333333333,357.4,241.81666666666666,708.3833333333333
"Arnold, Scott",USA,Male,M35-39,81.55,348.3333333333333,261.4166666666667,708.3833333333333
"Baker, Evan",USA,Male,M30-34,83.85,341.95,267.8833333333333,708.45
"Sobering, Cheryl",USA,Female,F30-34,79.58333333333333,356.6,262.1166666666667,708.8833333333333
"Gschwandtl, Doris",AUT,Female,F30-34,72.21666666666667,343.1166666666667,273.26666666666665,708.9666666666667
"Lasch, Jennifer",USA,Female,F45-49,71.18333333333334,355.23333333333335,270.18333333333334,709.55
"Scott, Jamie",USA,Female,F40-44,70.88333333333334,345.26666666666665,281,709.7166666666667
"Duch Venturelli, Manuel",CHL,Male,M35-39,71.56666666666666,379.75,234.95,709.7833333333333
"Tinsley, Teresa",USA,Female,F55-59,66.46666666666667,339.4,287.3833333333333,709.8666666666667
"Galietta, Marc",USA,Male,M40-44,57.333333333333336,310.03333333333336,333.21666666666664,709.8833333333333
"Salcedo, Joseph Kennedy",PHL,Male,M30-34,78.21666666666667,354.2,266.05,710.0833333333334
"Schmidt, Jonathan",USA,Male,M30-34,75.98333333333333,361.8333333333333,255.75,710.1
"Davidson, Tod",USA,Male,M30-34,79.56666666666666,331.1666666666667,260.03333333333336,710.1166666666667
"Ferguson, Robert",USA,Male,M40-44,76.2,335.1333333333333,286.98333333333335,710.2833333333333
"Rodriguez, Ramiro",USA,Male,M35-39,80.55,351.68333333333334,266.6,710.5166666666667
"Martinez, Steve",USA,Male,M35-39,76.4,332.8666666666667,285.65,710.7
"Van Paassen, Anneke",NLD,Female,F50-54,73.58333333333333,348.2,276.1666666666667,710.8166666666667
"Featherston, Alex",USA,Female,F40-44,84.55,355.6666666666667,253.13333333333333,711
"Moorman, Chris S",USA,Male,M50-54,74.21666666666667,332.6,288.46666666666664,711.1833333333333
"Unsicker, Andy",USA,Male,M40-44,87.4,343.6333333333333,263.7,711.35
"Giroux, Alexis",CAN,Male,M35-39,81.35,327.85,290.26666666666665,711.4666666666667
"Decock, Jelle",ESP,Male,M25-29,79.73333333333333,319.51666666666665,299.1166666666667,711.5666666666667
"Rodrigues, Sara",BRA,Female,F30-34,79.5,375.98333333333335,245.8,711.5833333333334
"Cournoyer, Eddie",USA,Male,M50-54,83.01666666666667,332.3833333333333,283.31666666666666,711.6333333333333
"Radjapov, Ruslan",RUS,Male,M45-49,75.81666666666666,351.1166666666667,270.4166666666667,711.6833333333333
"Ramos, Joel",PRI,Male,M40-44,88.03333333333333,336.6,269.8333333333333,711.8666666666667
"Eighme, Ryan",USA,Male,M40-44,79.23333333333333,354.45,261.6166666666667,712.1333333333333
"Bremner, Ross",GBR,Male,M35-39,76.6,321.4,299.98333333333335,712.15
"Anselmo, Joseph",USA,Male,M40-44,83.41666666666667,339.81666666666666,269.05,712.2333333333333
"Laird, Teresa",USA,Female,F30-34,74.05,341.03333333333336,287.43333333333334,712.3166666666667
"Lemus, Gilberto",GTM,Male,M40-44,68.15,341.2,290.21666666666664,712.3833333333333
"Arias Mosquera, Julian Andres",COL,Male,M40-44,78.7,344.73333333333335,268,712.4
"Hallivis, Daniel",MEX,Male,M25-29,82.63333333333334,346.1666666666667,268.6,712.5833333333334
"Lopez Castro, Jesus Adrian",MEX,Male,M35-39,73.86666666666666,369.73333333333335,252.85,712.8166666666667
"Kim, Sergey",RUS,Male,M40-44,79.06666666666666,352.6666666666667,265.98333333333335,713.0166666666667
"Fabregas, Jorge",PRI,Male,M40-44,87.08333333333333,331.7,279.35,713.0833333333334
"Reyes, Aldo",USA,Male,M30-34,74.65,340.6166666666667,282.3833333333333,713.1833333333333
"Hincapie, Martha",COL,Female,F30-34,81.45,359.2,254.53333333333333,713.3833333333333
"Gray, Paul",USA,Male,M50-54,80.9,342.4166666666667,272.5833333333333,713.4333333333333
"Mondero, Emmanuel",PHL,Male,M45-49,80.71666666666667,332.81666666666666,285.51666666666665,713.4666666666667
"Gratteri, Roman",USA,Male,M40-44,92.3,364.51666666666665,235.26666666666668,713.55
"Bole, Stephan",FRA,Male,M50-54,65.75,319.7,319.71666666666664,713.55
"Witmer, Amanda",USA,Female,F30-34,63.983333333333334,350.71666666666664,283.53333333333336,713.6
"Lynott, Brian",USA,Male,M50-54,71.81666666666666,343.9,281.55,713.6166666666667
"Mitchell, Scott",USA,Male,M35-39,80.11666666666666,347.93333333333334,269.73333333333335,713.65
"Lopez Vera, Mateo",COL,Male,M25-29,84.4,367.18333333333334,245.31666666666666,714.0333333333333
"Miller, Jon-O",USA,Male,M25-29,63.71666666666667,373.51666666666665,261.3,714.1
"Bowen, Kalee",USA,Female,F40-44,79,344.25,266.21666666666664,714.15
"Madsen, Jeff",USA,Male,M35-39,89.16666666666667,328.96666666666664,272,714.2
"Cajucom, Mark Jester",PHL,Male,M30-34,78.7,358.6333333333333,258.93333333333334,714.3166666666667
"Moss, Mark",USA,Male,M30-34,65.85,331.26666666666665,304.01666666666665,714.4666666666667
"Iregbu, Simon",USA,Male,M50-54,71.56666666666666,329.71666666666664,298.8666666666667,714.5166666666667
"Neely, Jacob",USA,Male,M30-34,68.91666666666667,314.0833333333333,320.46666666666664,714.9166666666666
"Garrett, Timothy",CRI,Male,M35-39,79.85,344.71666666666664,273.51666666666665,715.0333333333333
"Stiglich, Sergio",PER,Male,M45-49,68.56666666666666,348.06666666666666,278.5,715.15
"Tenyer, Justin",USA,Male,M25-29,71.51666666666667,351.01666666666665,278.25,715.1666666666666
"Fleet, Adam",USA,Male,M30-34,74.41666666666667,341.8833333333333,283.1,715.2166666666667
"Bradley, Norman",USA,Male,M35-39,78.1,354.95,267.03333333333336,715.3333333333334
"Langley, Clive",BMU,Male,M40-44,65.41666666666667,329.8,307.1,715.5333333333333
"Alvarez Mitre, Miguel",MEX,Male,M30-34,73.9,370.6666666666667,253.11666666666667,715.6166666666667
"Gray, Geoffrey",CAN,Male,M50-54,57.78333333333333,338.35,304,715.75
"Deeb, Katerina",USA,Female,F40-44,88.95,341.5833333333333,268.43333333333334,715.8
"Romano, Matthew",USA,Male,M35-39,81.85,353.03333333333336,267.8833333333333,716.1333333333333
"Houghton, Tanya",USA,Female,F45-49,79.36666666666666,325.68333333333334,300.4166666666667,716.4666666666667
"Roberts, Matt",USA,Male,M40-44,71.13333333333334,316.78333333333336,307.25,716.65
"Landolt, Marcel",CHE,Male,M30-34,80.68333333333334,330,293.78333333333336,716.7
"Smith, Ian",USA,Male,M30-34,80.98333333333333,348.0833333333333,266.51666666666665,716.8666666666667
"Green, Kevin",USA,Male,M45-49,65.35,333.03333333333336,297.6333333333333,716.95
"Goolsby, Floyd",USA,Male,M60-64,65.85,342.8833333333333,282.15,717.05
"Campbell, Lori",USA,Female,F50-54,67.43333333333334,347.95,290.85,717.15
"Batten, Lorand",USA,Male,M60-64,92.16666666666667,338.23333333333335,275.1333333333333,717.3666666666667
"Arce, Carlos",PER,Male,M30-34,76.28333333333333,354.85,269.56666666666666,717.85
"Hermann, Heather",USA,Female,F25-29,59.93333333333333,345.8833333333333,296.23333333333335,717.9166666666666
"Ochsner, Martin",CHE,Male,M25-29,78.08333333333333,329.8833333333333,294.21666666666664,717.9333333333333
"Flores, Rodmy",ECU,Male,M40-44,78.35,346.6666666666667,281.1333333333333,718.0666666666667
"Fox, Edward",USA,Male,M50-54,78.73333333333333,362.3833333333333,263.1333333333333,718.2
"Sgarbi, Fabio",BRA,Male,M40-44,69.21666666666667,345.9,289,718.2
"Jedrzejczyk, Chris",USA,Male,M45-49,76.46666666666667,332.3833333333333,292.95,718.3333333333334
"Axford, Dale",AUS,Male,M30-34,72.31666666666666,364.21666666666664,265.46666666666664,718.4166666666666
"Blankenship, Mack",USA,Male,M50-54,72.9,339.76666666666665,289.48333333333335,718.45
"Dwornik, Ryan",USA,Male,M40-44,71.8,355.9,265.55,718.65
"Alsop, Park",USA,Male,M55-59,76.91666666666667,351.3666666666667,273.06666666666666,718.7333333333333
"Jansen, Kaupo",EST,Male,M40-44,78.41666666666667,331.6333333333333,294.05,719.1333333333333
"Taylor, Ken",USA,Male,M30-34,84.15,364.35,254.75,719.4833333333333
"Sagers, Steve",USA,Male,M18-24,75.05,343.26666666666665,279.46666666666664,719.6166666666667
"Ebensperger, Andreas",USA,Male,M45-49,82.55,337.95,279.3833333333333,719.65
"Zach, Wilhelm",AUT,Male,M50-54,76.9,343.23333333333335,285,719.7166666666667
"Boudras, Michel",FRA,Male,M45-49,75.05,313.95,321.25,719.8166666666667
"Estep, Blair",USA,Male,M50-54,65.33333333333333,349.9166666666667,289.01666666666665,720.0166666666667
"Rose, Laurie",USA,Female,F50-54,85.46666666666667,342.4166666666667,276.2,720.2166666666667
"Otavo, Juan",COL,Male,M35-39,103.13333333333334,353.5833333333333,245.8,720.2833333333333
"Armstrong, Michael",GBR,Male,M40-44,62.45,336.01666666666665,310.73333333333335,720.3833333333333
"Tarver, Zach",USA,Male,M40-44,71.15,366.21666666666664,264.5,720.4666666666667
"Stilwell, Jeffrey",USA,Male,M50-54,74.9,327.8,299.76666666666665,720.6166666666667
"Mitrou, Jeff",USA,Male,M40-44,87.11666666666666,343.23333333333335,265.71666666666664,720.8166666666667
"Sweet, Stephen",USA,Male,M40-44,68.95,334.21666666666664,305.56666666666666,720.9666666666667
"Chandler, John",USA,Male,M45-49,90.65,325.43333333333334,283.45,721.05
"Saenz, Carlos",MEX,Male,M45-49,79.06666666666666,318.1666666666667,310.0833333333333,721.4833333333333
"White, Jesse",USA,Male,M25-29,70.91666666666667,327.46666666666664,304.65,721.5166666666667
"Tucker, Brian",USA,Male,M45-49,70.83333333333333,316.7,315.5,721.6333333333333
"Magill, Samantha",USA,Female,F40-44,74.21666666666667,380.2,254.23333333333332,722.5166666666667
"Clark, Aaron",USA,Male,M35-39,75.28333333333333,337.23333333333335,286.81666666666666,722.65
"Johnson, Craig",USA,Male,M30-34,61.4,353.48333333333335,289.0833333333333,722.6666666666666
"Bormann, John",USA,Male,M50-54,72.48333333333333,313.21666666666664,322.4166666666667,722.8833333333333
"Tully, Scott",USA,Male,M25-29,70.23333333333333,350.9,278.18333333333334,723.0333333333333
"Driver, Ian",CAN,Male,M55-59,69.5,312.2,328.6666666666667,723.3166666666667
"Hoyt, Andrew",USA,Male,M35-39,67.28333333333333,341.6166666666667,298.3333333333333,723.65
"Berchek, Jason",USA,Male,M45-49,73.85,335.1,300.15,724.45
"Baker, Bobby",USA,Male,M45-49,76.98333333333333,315.81666666666666,321.31666666666666,724.6666666666666
"Fernandez, Yineska",DOM,Female,F40-44,87.8,359.1333333333333,264.78333333333336,724.6833333333333
"Boudreaux, Thomas",USA,Male,M50-54,74.65,337.28333333333336,290.71666666666664,724.8166666666667
"Canales, Charles",USA,Male,M35-39,83.48333333333333,346.6333333333333,279.06666666666666,725.1333333333333
"Gomez, Veronica",ARG,Female,F35-39,76.48333333333333,343.26666666666665,292.81666666666666,725.2
"Quiroga, Diego",ARG,Male,M45-49,69.3,327.3,315.25,725.25
"Wright, Andy",GBR,Male,M50-54,61.93333333333333,347.1666666666667,304.71666666666664,725.2666666666667
"Dobrenz, Beverly",USA,Female,F18-24,61.516666666666666,381.48333333333335,271.6,725.4833333333333
"Clement, Fabrice",CHE,Male,M50-54,79.03333333333333,330.43333333333334,305.4166666666667,725.5166666666667
"Lahay, Raymond",CAN,Male,M35-39,81.18333333333334,315.6166666666667,311.35,725.5666666666667
"Finnerty, Martin",USA,Male,M25-29,79.11666666666666,331.78333333333336,295.8333333333333,725.95
"Patsavas, Dean",USA,Male,M55-59,69.7,326.0833333333333,313.46666666666664,726.3
"Piccinetti, Pier Paolo",VEN,Male,M35-39,68.6,321.05,321.06666666666666,726.4
"Henrikson, Scott",USA,Male,M50-54,91.68333333333334,344.9166666666667,275.96666666666664,726.6333333333333
"Goulard, Frank",USA,Male,M65-69,73.75,320.93333333333334,320.31666666666666,726.95
"Pike, Craig",CAN,Male,M45-49,77.93333333333334,317.6666666666667,311.2,727.2166666666667
"Laatsch, Jonathan",USA,Male,M40-44,83.93333333333334,324.25,290.78333333333336,727.4833333333333
"Carras, Alexis",USA,Male,M50-54,80.05,362.81666666666666,263.21666666666664,727.5
"McHugh, Craig",CAN,Male,M45-49,76.75,310.4166666666667,327.55,727.5666666666667
"Minster, Ian",USA,Male,M30-34,72.51666666666667,386.9,255.91666666666666,727.7333333333333
"Fletter, Bruce",USA,Male,M45-49,86.75,357.2,270.56666666666666,727.8833333333333
"Hattier, Daryl",USA,Male,M40-44,80.06666666666666,357.3333333333333,269.68333333333334,727.95
"Casas, Arnoldo",COL,Male,M35-39,86.31666666666666,356.35,267.3,728.1
"Filby, Adam",GBR,Male,M40-44,74.7,351.5833333333333,286.2,728.1166666666667
"Lund, Trace",USA,Male,M45-49,86.91666666666667,345.43333333333334,276.3833333333333,728.35
"Enis, Steven",USA,Male,M45-49,66,342.71666666666664,298.7,728.6333333333333
"Dykes, Harvey",CAN,Male,M45-49,71.56666666666666,341.68333333333334,298.43333333333334,728.7
"Lewis, Tim",USA,Male,M55-59,67.61666666666666,330.6166666666667,316.6333333333333,728.8
"Pantangco, Charles",USA,Male,M30-34,84.16666666666667,330.3333333333333,306.0833333333333,729.0666666666667
"Yamaji, Brenda",USA,Female,F40-44,91.28333333333333,386.9,233.85,729.1166666666667
"Dicerbo, Matthew",USA,Male,M30-34,84.55,347.7,278.6166666666667,729.3
"Poggie, Brian",USA,Male,M40-44,77.03333333333333,355.05,279.23333333333335,729.3333333333334
"McBride, Charles",USA,Male,M55-59,66.1,313.8333333333333,327.4,729.5
"Taylor, Candice",USA,Female,F35-39,70.86666666666666,359.0833333333333,281.3,729.6833333333333
"Havlin, Doug",USA,Male,M40-44,78.88333333333334,337.98333333333335,302.3,730.1666666666666
"Lyon, Stephen",USA,Male,M35-39,78.33333333333333,340.6,296.43333333333334,730.2333333333333
"Becker, Kurt",USA,Male,M50-54,62.05,337.8666666666667,316.85,730.55
"Barber, James",USA,Male,M45-49,80.6,320.76666666666665,313.0833333333333,730.5666666666667
"Lopez, Raquel",USA,Female,F25-29,83.16666666666667,354.98333333333335,279.05,730.6666666666666
"Gillette, Caleb",USA,Male,M40-44,89.81666666666666,357.5,263.71666666666664,730.8166666666667
"Savage, Robert",USA,Male,M45-49,68.63333333333334,335.35,311.48333333333335,730.9166666666666
"Priddis, Tom",USA,Male,M35-39,73.45,317.6666666666667,320.46666666666664,731.0333333333333
"Markiewicz, John",USA,Male,M35-39,84.98333333333333,359.18333333333334,272.55,731.0833333333334
"Demaret, Charles",USA,Male,M45-49,68.56666666666666,330.48333333333335,315.45,731.3666666666667
"Morefield, Kate",USA,Female,F45-49,94.63333333333334,351.93333333333334,274.6666666666667,731.4666666666667
"Moore, Michael",USA,Male,M55-59,87.18333333333334,351.75,271.3833333333333,731.6
"Santana Cedeno, Rene Alfredo",ECU,Male,M40-44,81.33333333333333,343.6166666666667,289.9,731.7
"Riel, Walter",USA,Male,M50-54,88.96666666666667,331.8333333333333,295.9,731.75
"Kralovanec, Jill",USA,Female,F50-54,71.66666666666667,344.48333333333335,304.98333333333335,731.8166666666667
"Cassidy, Monika",USA,Female,F45-49,94.66666666666667,345.9,275.03333333333336,731.85
"Garcia, Armando L",BRA,Male,M45-49,69.53333333333333,348.2,299.01666666666665,732.0833333333334
"Jensen, Keith",USA,Male,M30-34,85.75,339.78333333333336,289.8,732.45
"Urrutia, Jorge",GTM,Male,M40-44,63.7,337.6666666666667,316.0833333333333,732.45
"Wares, Michael",USA,Male,M60-64,66.63333333333334,328.01666666666665,327.81666666666666,732.45
"Umbetova, Madina",KAZ,Female,F35-39,76.05,357.45,286.0833333333333,732.6333333333333
"Chipman, Spencer",USA,Male,M18-24,62.71666666666667,365.9166666666667,284.48333333333335,732.9333333333333
"Boatright, Jason",USA,Male,M40-44,68.21666666666667,340.43333333333334,310.8,733.0333333333333
"Saturday, Lisa",USA,Female,F55-59,77.53333333333333,351.68333333333334,289,733.65
"Rodriguez, Juanfer",ECU,Male,M25-29,68.95,374,277.21666666666664,733.85
"Duran, Steve",USA,Male,M45-49,71.48333333333333,347.01666666666665,301.55,733.8833333333333
"Lee, Michael",USA,Male,M50-54,56.733333333333334,339.0833333333333,317.6666666666667,734.3
"Elliott, Ryan",USA,Male,M40-44,73.55,376.45,269.95,734.6
"Baraniak, Brian",USA,Male,M40-44,78.66666666666667,317.85,322.1666666666667,734.6833333333333
"Crider, Robert",USA,Male,M45-49,88.78333333333333,330.43333333333334,299.7,734.8333333333334
"Schott, Derek",USA,Male,M55-59,71.65,368.8833333333333,282.1,735.0166666666667
"Renda, Anthony",USA,Male,M45-49,72.73333333333333,329.3333333333333,319.35,735.05
"Romagnoli, Lorenzo",ITA,Male,M30-34,77.88333333333334,394.9166666666667,246.21666666666667,735.1666666666666
"Critchfield, Stephanie",USA,Female,F35-39,99.31666666666666,346.75,270.15,735.2333333333333
"Ramirez Garcia, Hugo Roberto",GTM,Male,M50-54,77.83333333333333,364.25,263.75,735.35
"Gallegos, Roberto",MEX,Male,M55-59,102.68333333333334,325.3666666666667,291.98333333333335,735.7666666666667
"Galard, Ron",USA,Male,M50-54,77.35,322.26666666666665,320.28333333333336,735.8
"Arnier, Jeffery",USA,Male,M60-64,91.73333333333333,337.25,290.4166666666667,736.0333333333333
"Morton, Chris",USA,Male,M55-59,82.15,357.56666666666666,275.1666666666667,736.05
"Guerrero, Jesus",COL,Male,M40-44,83.43333333333334,343.4,296.18333333333334,736.4
"Pimont, Loic",FRA,Male,M45-49,65.55,327.65,333.8666666666667,736.4666666666667
"Rodrigues, Nadia",BRA,Female,F30-34,74.06666666666666,364.46666666666664,281.18333333333334,736.5166666666667
"Slagle, Jason",USA,Male,M40-44,78.28333333333333,346.2,291.48333333333335,736.5333333333333
"Lubrano, Peter",USA,Male,M35-39,71.98333333333333,348.7,300.15,736.7333333333333
"Nininger, Mike",USA,Male,M50-54,71.58333333333333,359.51666666666665,287.4166666666667,736.75
"Olson, Sonja",USA,Female,F40-44,72.58333333333333,331.55,319.43333333333334,737.0833333333334
"Damveld, Mark",USA,Male,M40-44,79.83333333333333,354.48333333333335,292.8333333333333,737.1666666666666
"Owen, Chris",USA,Male,M35-39,79.51666666666667,328.93333333333334,311.18333333333334,737.1833333333333
"Sabbe, Nico",BEL,Male,M30-34,78.96666666666667,321.9166666666667,325.3666666666667,737.1833333333333
"Brown, Brad",USA,Male,M35-39,78.36666666666666,349.31666666666666,285.01666666666665,737.3333333333334
"Junkin, Zachary",USA,Male,M30-34,69.86666666666666,383.28333333333336,261.6333333333333,737.55
"Ong, Chloe Jane",PHL,Female,F30-34,76.16666666666667,365.4,283.01666666666665,737.6166666666667
"Wolitski, Sheldon",USA,Male,M45-49,81.93333333333334,386.21666666666664,255.4,737.6833333333333
"Cox, Megan",USA,Female,F25-29,61.13333333333333,356.68333333333334,305.05,737.9333333333333
"Suraev, Vadim",CAN,Male,M45-49,60.516666666666666,285.6166666666667,382.3333333333333,738.2666666666667
"Harwood, Jim",USA,Male,M40-44,84.9,364.8,269.56666666666666,738.2833333333333
"Pinzon, Mario",COL,Male,M35-39,90.88333333333334,359.73333333333335,263.68333333333334,738.45
"Vargas Giraldo, Jose",COL,Male,M50-54,87.98333333333333,356.4,282.46666666666664,738.5166666666667
"Nunn, Jack",USA,Male,M35-39,81.51666666666667,319.95,318.28333333333336,738.6166666666667
"Trpik, Joseph",USA,Male,M45-49,86.76666666666667,334.96666666666664,300.2,738.6833333333333
"Borne, Christian",USA,Male,M40-44,67.43333333333334,358.43333333333334,289.3666666666667,738.8666666666667
"Hoffman, Gregory",USA,Male,M50-54,86.73333333333333,368.1,258.5,739.3
"Oldacre, Simon",GBR,Male,M45-49,68.61666666666666,342.48333333333335,316.3333333333333,739.5833333333334
"Silvagnoli, Felix",PRI,Male,M45-49,65.96666666666667,346.55,312.51666666666665,739.65
"Lonergan, Jeffrey",USA,Male,M50-54,88.41666666666667,340.76666666666665,285.76666666666665,739.6833333333333
"Magaro, Colin",USA,Male,M18-24,61.65,363.06666666666666,302.6333333333333,739.8
"Sandoval Bautista, Carlos Alberto",COL,Male,M45-49,85.21666666666667,344.51666666666665,286.6666666666667,739.8833333333333
"Godsey, Timothy",USA,Male,M55-59,82.65,335.0833333333333,307.8833333333333,740.0166666666667
"Grove, Jordan",USA,Male,M30-34,71.7,363.0833333333333,284.9166666666667,740.0833333333334
"Biehl, Chad",USA,Male,M40-44,74.91666666666667,337.98333333333335,314.73333333333335,740.3333333333334
"Humsi, William",USA,Male,M30-34,72.61666666666666,322.95,332.51666666666665,740.4333333333333
"Ladewig, David",USA,Male,M25-29,68.48333333333333,349.51666666666665,307.4166666666667,740.5166666666667
"Schmitz, Matthew",USA,Male,M40-44,74.78333333333333,323.21666666666664,322.78333333333336,740.6
"Gorman, Julie",USA,Female,F45-49,86.71666666666667,338.7,298.65,740.6166666666667
"Behr, Mike",USA,Male,M30-34,74.75,344.2,305.43333333333334,740.7166666666667
"Rosenman, Andrew",USA,Male,M45-49,83.55,350,290.6,741.0666666666667
"Louchouarn, Patrick",USA,Male,M50-54,69.95,330.8333333333333,317.0833333333333,741.0833333333334
"Gill, Kendall",USA,Female,F35-39,71.86666666666666,348.28333333333336,307.6,741.1666666666666
"Trujillo, Joel",USA,Male,M30-34,71.78333333333333,348.21666666666664,308.0833333333333,741.4
"Chin, Shi-Hua",SGP,Female,F25-29,96.71666666666667,377.1166666666667,250.96666666666667,741.6666666666666
"Salyers, Daniel",USA,Male,M35-39,86.3,348.78333333333336,285.3833333333333,741.75
"Danh, Manly",USA,Male,M30-34,81.81666666666666,339.76666666666665,300.35,741.9166666666666
"Dujon, Cedrick",LCA,Male,M40-44,71.73333333333333,357.9166666666667,298.6333333333333,742.1833333333333
"Spiers, Kelly",USA,Female,F45-49,80.08333333333333,343.1,303.65,742.5333333333333
"Farmer, Neil",USA,Male,M55-59,86.21666666666667,333.93333333333334,308.4,742.6333333333333
"Vilhena Jr., Ary",BRA,Male,M45-49,82.65,321.51666666666665,320.55,742.7666666666667
"Cantu, Rogelio",USA,Male,M40-44,82.4,326.4166666666667,319.6,743.2
"Payne, Roy",USA,Male,M50-54,71.7,362.1,296.2,743.2166666666667
"Lim, Chao Kuei",SGP,Male,M45-49,76.88333333333334,349.65,297.53333333333336,743.3166666666667
"Bays, Ben",USA,Male,M30-34,78.71666666666667,359.6333333333333,286.03333333333336,743.4
"Fontenot, Ian",USA,Male,M30-34,81.35,349.6166666666667,290.23333333333335,743.5
"Koski, Gary",USA,Male,M45-49,70.76666666666667,371.5833333333333,282.45,743.65
"McNally, Brian",IRL,Male,M45-49,70.25,349.01666666666665,299.8,743.65
"Gleason, Bob",USA,Male,M55-59,84,313.5,334.01666666666665,743.8833333333333
"Lopez Villarroel, Oliver",CHL,Male,M35-39,57.333333333333336,339.23333333333335,328,744.2
"Sedlacek, Monten",DEU,Male,M40-44,56,382.53333333333336,295.1166666666667,744.3833333333333
"Cascio, Jocelyn",USA,Female,F40-44,84.66666666666667,376.3833333333333,263.35,744.55
"Hill, Jonathan",USA,Male,M30-34,77.13333333333334,365.28333333333336,276.7,744.5666666666667
"Surprise, Steve",USA,Male,M60-64,70.4,359.65,302.81666666666666,744.6333333333333
"Lloyd, Margaret",USA,Female,F18-24,61.56666666666667,381.8333333333333,288.25,744.7333333333333
"Illston, Blake",USA,Male,M35-39,65.55,340.73333333333335,322.15,744.85
"Bates, Kevin",USA,Male,M50-54,75.2,362.9166666666667,282.3833333333333,745.0666666666667
"Vanderpost, Rob",CAN,Male,M40-44,80.4,351.3833333333333,289.4166666666667,745.55
"Gaska, Alan",USA,Male,M30-34,66.93333333333334,385.53333333333336,282.46666666666664,746.2833333333333
"Sorensen, Rie W.",DNK,Female,F30-34,94.53333333333333,333.43333333333334,306.45,746.4333333333333
"Holland Jr, Russell",USA,Male,M45-49,71.2,346.6,314.9,746.7166666666667
"Terrazas, Ismael",USA,Male,M45-49,79.81666666666666,349.78333333333336,304.56666666666666,746.8166666666667
"Kefer, Richard",USA,Male,M50-54,82.1,334.8,313.4,746.8666666666667
"Casone, John",USA,Male,M35-39,71.98333333333333,372.3333333333333,283.98333333333335,746.9166666666666
"Dunsford, Faith",USA,Female,F35-39,79.61666666666666,373.93333333333334,270.81666666666666,747.25
"Alatorre, Gerardo",MEX,Male,M45-49,91.08333333333333,350.96666666666664,276.55,747.4
"Johnson, Ryan",USA,Male,M35-39,79.23333333333333,358.21666666666664,298.1333333333333,747.7
"Balzer, Marcelo",BRA,Male,M50-54,72.83333333333333,333.3833333333333,326.1666666666667,747.7666666666667
"Smith, Gregory",USA,Male,M45-49,76.08333333333333,332.31666666666666,321.1333333333333,747.9833333333333
"Amery, Thomas",GBR,Male,M25-29,77.35,344.85,313.06666666666666,748.05
"Castaneda, Alex",USA,Male,M40-44,86.63333333333334,313.35,328.5833333333333,748.0666666666667
"Gil, Juan",ESP,Male,M50-54,78.7,361.43333333333334,287.6666666666667,748.4
"Howitt, Rob",AUS,Male,M65-69,67.4,359.46666666666664,309.5833333333333,748.4333333333333
"Wilson Fisher, Kristen",USA,Female,F40-44,83.55,348.15,291.3333333333333,748.4833333333333
"Frey, Leo",USA,Male,M50-54,79.83333333333333,351.68333333333334,303.53333333333336,748.4833333333333
"Weston, Rob",GBR,Male,M40-44,72.78333333333333,309.01666666666665,353.35,748.5833333333334
"Orrico, Tracy",USA,Female,F45-49,63.96666666666667,372.2,295.1666666666667,748.85
"Horn, Jeff",USA,Male,M40-44,68.61666666666666,345.05,313.9166666666667,749.2333333333333
"Liburd, Dan",USA,Male,M30-34,123.2,390.51666666666665,223.86666666666667,749.3833333333333
"McMahon, Jon",USA,Male,M45-49,81.53333333333333,381.01666666666665,264.9166666666667,749.4
"Radisch, Jindrich",CZE,Male,M45-49,80.31666666666666,338.6333333333333,314.01666666666665,749.4333333333333
"Casey, Sean",USA,Male,M50-54,74.01666666666667,318.3,339.4,749.4833333333333
"Cunningham, Josh",USA,Male,M25-29,82.51666666666667,369.1166666666667,283.6666666666667,749.5166666666667
"Cadriel, Amy",USA,Female,F35-39,85.4,361.8666666666667,284.0833333333333,749.7333333333333
"Longin, Mike",USA,Male,M35-39,77.51666666666667,337.81666666666666,304.96666666666664,749.75
"Latimore, Morgon",USA,Male,M35-39,82,386,265.6166666666667,749.7833333333333
"Merchant, Chris",USA,Male,M35-39,75.03333333333333,359.35,299.8,749.8
"Velo Rodriguez, Alejandro",MEX,Male,M45-49,82.9,371.25,280.6166666666667,749.9166666666666
"Suarez Castillo, Luis Eduardo",COL,Male,M35-39,84.33333333333333,341.45,306.4,750.1833333333333
"Falkenrath, Ryan",USA,Male,M40-44,70.4,351.1333333333333,312.1333333333333,750.2166666666667
"Scheuren, Paul",USA,Male,M35-39,66.81666666666666,356.65,307.98333333333335,750.25
"Godoy, Camilo",CHL,Male,M40-44,86.45,349.8,296.3333333333333,750.2833333333333
"King, Keith",USA,Male,M35-39,69.05,343.26666666666665,324.81666666666666,750.3166666666667
"Harris, Eric",USA,Male,M35-39,69.83333333333333,373.75,292.7,750.6666666666666
"Carpio, Jose",USA,Male,M50-54,69.43333333333334,370.3,289.95,750.7
"Wessung, Ole",DNK,Male,M55-59,85.9,341.51666666666665,302.1166666666667,750.75
"Ferguson, Angie",USA,Female,F45-49,68.45,354.25,311.05,750.95
"McManus, John",CAN,Male,M60-64,61.65,356.1333333333333,317.51666666666665,750.95
"Loeffler, Mark",CAN,Male,M35-39,73.75,360.15,303.28333333333336,750.9833333333333
"Gaona Vinueza, Luis Santiago",ECU,Male,M30-34,87.43333333333334,367.1333333333333,279.8,751.1166666666667
"Bills, Brent",USA,Male,M50-54,81.81666666666666,358.5833333333333,298.73333333333335,751.1833333333333
"Kuenker, Virginia",USA,Female,F55-59,79.7,368.98333333333335,287.93333333333334,751.2833333333333
"Tardif, Frederic",CAN,Male,M45-49,80.56666666666666,352.1,290.6666666666667,751.3666666666667
"Tsai, Chadwick Jerald",PHL,Male,M25-29,79.03333333333333,363.9,295.01666666666665,751.4166666666666
"Beavers, Brady",USA,Male,M35-39,71.73333333333333,331.6,332.6166666666667,751.4666666666667
"Bermudo, Cyril",PHL,Male,M40-44,85.6,349.8833333333333,297.1666666666667,751.5166666666667
"Gunn, Sayer",USA,Female,F40-44,85.35,371.55,282.2,751.7166666666667
"Hudson, Erin",USA,Female,F35-39,82.1,365.68333333333334,289.31666666666666,751.8166666666667
"Anderson, Gwin",USA,Male,M60-64,76.63333333333334,345.76666666666665,315.6166666666667,752.1333333333333
"Moore, Kristin",USA,Female,F30-34,72.73333333333333,337.98333333333335,331.98333333333335,752.15
"Winston, Tami",USA,Female,F35-39,81.71666666666667,354.81666666666666,303.3333333333333,752.1833333333333
"McCalla, John",USA,Male,M35-39,81.91666666666667,365.6666666666667,287,752.25
"Steiner, Mitchell",USA,Male,M25-29,76.83333333333333,372.46666666666664,287.31666666666666,752.6833333333333
"Richarz, Darrell",USA,Male,M55-59,72.31666666666666,349.4,313.8833333333333,753.1666666666666
"Rinderer, Rudy",USA,Male,M35-39,76.71666666666667,349.81666666666666,312.1,753.3
"Holt, Michael",USA,Male,M40-44,87.28333333333333,358.46666666666664,284.3333333333333,753.3166666666667
"Holt, Sandy",USA,Female,F30-34,63.166666666666664,358.5,284.3333333333333,753.3666666666667
"Haggerty, Jonathan",USA,Male,M40-44,57.8,325.3,356.43333333333334,753.4
"Suurmeyer, Scott",USA,Male,M35-39,60.45,363.5833333333333,309.76666666666665,753.4333333333333
"Caruncho, Carlos",USA,Male,M40-44,74.45,357.03333333333336,306.73333333333335,753.9166666666666
"Shanahan, Tim",USA,Male,M45-49,73.8,351.73333333333335,299.15,754.0833333333334
"Hynan, David",USA,Male,M45-49,68.13333333333334,327.55,345.95,754.3333333333334
"Coltman, Rob",USA,Male,M45-49,63,363.01666666666665,315.8666666666667,754.4
"Rea, Blake",USA,Male,M30-34,78.63333333333334,346.3666666666667,306.9,754.4166666666666
"Sloan, Nick",USA,Male,M25-29,78.56666666666666,343.28333333333336,310.95,754.6333333333333
"Sivirine, Vincent",FRA,Male,M50-54,72.61666666666666,346,316.93333333333334,754.6333333333333
"Carr, Evan",USA,Male,M25-29,70.66666666666667,376.31666666666666,286.28333333333336,754.8
"McGray, Craig",USA,Male,M45-49,71.8,342.8666666666667,319.6333333333333,754.9666666666667
"Pinto, German",COL,Male,M45-49,73.78333333333333,375.8,284.6333333333333,755.0333333333333
"Palaski, Joelyn",USA,Female,F45-49,77.38333333333334,334.26666666666665,323.1666666666667,755.0333333333333
"Knott, Matthew",USA,Male,M35-39,69.95,328.6,335.6333333333333,755.05
"Turner, Bruce",USA,Male,M50-54,69.81666666666666,338.3333333333333,325.81666666666666,755.6333333333333
"Shaffer, Patricia",USA,Female,F40-44,84.48333333333333,407.3666666666667,250.91666666666666,756.2333333333333
"Slade, Lance",USA,Male,M40-44,81.15,370.1333333333333,289.31666666666666,756.2333333333333
"Farrugia, Nicky",MLT,Male,M55-59,68.23333333333333,331.25,335.2,756.3
"Brucato, Michael",USA,Male,M25-29,72.38333333333334,363.3333333333333,307.5,756.3333333333334
"Stotter, Brigitte",ZAF,Female,F40-44,71.4,373.03333333333336,297.85,756.3666666666667
"Yoho, Krista",USA,Female,F30-34,66.18333333333334,395.31666666666666,278.51666666666665,756.4333333333333
"Patten, Scott",USA,Male,M40-44,97.16666666666667,358.6333333333333,286.05,756.9333333333333
"Christiansen, Reid",CAN,Male,M40-44,85.71666666666667,372.55,287.93333333333334,756.9666666666667
"Jagel, Mark",USA,Male,M55-59,85.26666666666667,339.01666666666665,303.76666666666665,757.0333333333333
"Cabrera, Claudio",CHL,Male,M50-54,72.28333333333333,362.35,306.65,757.2666666666667
"Halliday, Theresa",CAN,Female,F40-44,67.11666666666666,360.05,318.18333333333334,757.7666666666667
"Rubalcava, Jose Alberto",MEX,Male,M55-59,73.41666666666667,335,335.25,757.7666666666667
"Kovac, Predrag",CAN,Male,M45-49,72.28333333333333,395.01666666666665,266.15,757.8166666666667
"Ahern, Dennis",USA,Male,M50-54,74.91666666666667,352.1666666666667,308.8,758.0333333333333
"Kleinhenz, Nick",USA,Male,M30-34,72.5,374.68333333333334,291.6333333333333,758.2333333333333
"McLallen, Scott",USA,Male,M45-49,58.36666666666667,353.4,332.6333333333333,758.2333333333333
"Everill, Brett",USA,Male,M25-29,80.43333333333334,377.03333333333336,273.73333333333335,758.2833333333333
"Welch, Sam",USA,Male,M25-29,75.51666666666667,381.85,285.68333333333334,758.35
"Hill, Destry",USA,Male,M45-49,89.78333333333333,355.56666666666666,293.05,758.3666666666667
"Paz, Eduardo",ARG,Male,M45-49,80.51666666666667,356.6666666666667,302.81666666666666,758.4
"Wolfe, Trevor",USA,Male,M25-29,77.55,377.8,278.95,758.95
"Vorce, Christina",USA,Female,F45-49,108.56666666666666,360.9166666666667,272.23333333333335,759.2833333333333
"Nelson, Douglas",USA,Male,M50-54,78.16666666666667,352.1666666666667,306,759.3833333333333
"Duffy, Kyle",USA,Male,M30-34,80.4,350.95,303.4166666666667,759.4666666666667
"Dumford, Katie",USA,Female,F45-49,64.38333333333334,347.8,335.51666666666665,759.6166666666667
"Carvalho, Sergio",BRA,Male,M40-44,79.98333333333333,384.51666666666665,276.81666666666666,759.7
"Crews, Kevin",USA,Male,M40-44,79.76666666666667,326.6166666666667,340.65,759.9333333333333
"Stone, Terri",USA,Female,F45-49,82.76666666666667,379.3833333333333,275.1666666666667,759.9833333333333
"Adrian, Jake",USA,Male,M35-39,91.55,372.28333333333336,277.0833333333333,760.8333333333334
"Leon Prado Castagnino, Jaime",PER,Male,M30-34,82.38333333333334,387.51666666666665,272.56666666666666,760.8666666666667
"Adriaens, Emma",USA,Female,F25-29,79.5,342.0833333333333,329.1666666666667,760.9
"Wilson, Wiley",USA,Male,M40-44,82.58333333333333,370.81666666666666,290.23333333333335,761.15
"Butler, Bret",USA,Male,M40-44,98.65,340.01666666666665,298.93333333333334,761.25
"Collins, Kevin",USA,Male,M40-44,91.25,354.53333333333336,296.71666666666664,761.5666666666667
"Aulbach, Ron",USA,Male,M45-49,68.08333333333333,348.4,331.98333333333335,762.5333333333333
"Hemminger, Terry",USA,Male,M65-69,76.16666666666667,356.8333333333333,313.56666666666666,762.5666666666667
"Reed, Michael",USA,Male,M40-44,73.13333333333334,330.5833333333333,344.95,762.6166666666667
"Bowden, Scott",USA,Male,M50-54,77.76666666666667,386.03333333333336,282.46666666666664,762.6333333333333
"Pepper, Jay",CAN,Male,M35-39,87.03333333333333,390.6,265.2,762.7666666666667
"Hathaway, Jon",USA,Male,M45-49,90.28333333333333,373.6666666666667,279.8,762.7666666666667
"Schmidt, Derek",USA,Male,M30-34,75.13333333333334,371.9166666666667,300.26666666666665,763.1833333333333
"Boyle, Gregg",USA,Male,M40-44,78.38333333333334,360.2,301.9,763.3333333333334
"Arlow, Mark",USA,Male,M45-49,86.33333333333333,378.35,277.8333333333333,763.55
"Sluijter, Luuk",NLD,Male,M30-34,80.46666666666667,347.4166666666667,316.3,763.6666666666666
"Stanley, Katrina",USA,Female,F45-49,84.85,355.01666666666665,307.6,763.8166666666667
"Brogan, Philip",USA,Male,M50-54,79.61666666666666,348.31666666666666,312.51666666666665,764.0666666666667
"Vasquez, Oscar",USA,Male,M35-39,78.38333333333334,364.35,296.71666666666664,764.1333333333333
"Bazata, Robert",USA,Male,M50-54,81.98333333333333,353.85,311.4,764.2
"Hulgan, Jessica",USA,Female,F35-39,80.1,355.06666666666666,317.9,764.2666666666667
"Davis, Chad",USA,Male,M30-34,75.76666666666667,359.6,318.3666666666667,764.4
"Adams, Sean",USA,Male,M30-34,77.85,373.3333333333333,294.23333333333335,764.45
"Silva, Radia",USA,Female,F40-44,102.46666666666667,392.6,251.3,764.5166666666667
"Gallagher, Christina",USA,Female,F40-44,79.76666666666667,429.53333333333336,239.95,765.0833333333334
"Grinnell, Ben",GBR,Male,M45-49,85.6,327.1166666666667,331.98333333333335,765.15
"Horan, Stephen",USA,Male,M40-44,84.88333333333334,381.1166666666667,286.53333333333336,765.4333333333333
"Shores, Patrick",USA,Male,M35-39,80,356.23333333333335,302.23333333333335,765.4333333333333
"Barber, Clay",USA,Male,M30-34,71.96666666666667,384.3666666666667,284.81666666666666,765.5333333333333
"Clevenger, Gray",USA,Male,M30-34,85.85,389.81666666666666,270.6166666666667,765.75
"Stumpf, Kevin",DEU,Male,M30-34,84.73333333333333,357.3,307.6166666666667,765.7833333333333
"Garza, Luis",USA,Male,M30-34,64.73333333333333,390.5833333333333,296.25,765.9166666666666
"Smith, Kevin",USA,Male,M35-39,68.93333333333334,337,339.51666666666665,766.2833333333333
"Bryson, Jamie",USA,Male,M35-39,72,332.81666666666666,343.73333333333335,766.4
"Hisaw, Shannon",USA,Male,M35-39,103.41666666666667,333.9166666666667,308.3833333333333,766.4666666666667
"McGuirk, Sean",USA,Male,M30-34,75.16666666666667,351.8666666666667,320.1333333333333,766.5333333333333
"Salcido, Vincent",USA,Male,M55-59,82.41666666666667,378.48333333333335,288.25,766.5833333333334
"Tisdale, David",USA,Male,M45-49,61.833333333333336,353.2,322.95,766.7166666666667
"Condon, Christopher",USA,Male,M25-29,89.83333333333333,351.03333333333336,306.6333333333333,766.85
"Dumitrescu, Octavian",ROU,Male,M50-54,75.8,334.51666666666665,344.98333333333335,766.95
"Guiseppi, Chelsea",USA,Female,F25-29,62.05,391.05,294.43333333333334,767.3666666666667
"Morgan, Todd",USA,Male,M40-44,66.3,346.8,336.43333333333334,767.3666666666667
"Harris, Nicole",USA,Female,F40-44,90.2,382.68333333333334,269.6666666666667,767.4333333333333
"McLeod, Jill",USA,Female,F50-54,79.81666666666666,368.6333333333333,303.2,767.5833333333334
"Novell, Henry",USA,Male,M55-59,73.68333333333334,336.1333333333333,331.81666666666666,767.7166666666667
"Pulice-Farrow, Lexi",USA,Female,F25-29,73.11666666666666,397.01666666666665,276.05,767.9666666666667
"Libardoni, Mark",USA,Male,M45-49,71.16666666666667,360.1166666666667,319.73333333333335,767.9666666666667
"Wedemeyer, Micah",USA,Male,M35-39,75.33333333333333,378.1,290.53333333333336,768.3666666666667
"Rehl, Matt",USA,Male,M40-44,84.08333333333333,356.56666666666666,309,768.5166666666667
"Vitali, Mauricio Andres",ARG,Male,M40-44,79.13333333333334,353.8333333333333,319.03333333333336,768.5666666666667
"Shelton, Hunter",USA,Male,M25-29,68.46666666666667,325.75,361.56666666666666,768.6333333333333
"Lewis, Averi",USA,Female,F18-24,62.06666666666667,383.1333333333333,307.3,768.75
"Lambruschini, Enrique",PER,Male,M45-49,83.45,371.5,295.96666666666664,768.7833333333333
"Bryant, Liz",CAN,Female,F45-49,74.13333333333334,351.18333333333334,328.48333333333335,768.85
"Drown, Matthew",USA,Male,M30-34,73.63333333333334,362.6,309.6,768.8666666666667
"Featherston, Rodger",USA,Male,M45-49,72.38333333333334,391.9,288.21666666666664,769.0166666666667
"Harber, Steve",USA,Male,M45-49,82.08333333333333,361.05,301.05,769.1833333333333
"Goulet, Guy",USA,Male,M40-44,93.15,364.8,292.05,769.4
"Chesonis, Garrett",USA,Male,M25-29,73.21666666666667,381.23333333333335,297.1166666666667,769.4833333333333
"Budd, Katie",USA,Female,F30-34,93.73333333333333,390.1333333333333,268.1666666666667,769.55
"Willett, Esther",USA,Female,F25-29,68.1,376.95,308.95,769.6166666666667
"Osesiak, Lukasz",POL,Male,M30-34,82.63333333333334,373.95,295.03333333333336,769.6333333333333
"Bierbaumer, Dieter",ZAF,Male,M45-49,77.1,322.1166666666667,352.96666666666664,769.7333333333333
"Van Gastel, Leendert",NLD,Male,M55-59,82.46666666666667,380.53333333333336,282.1166666666667,770.5333333333333
"Morgan, Mark",USA,Male,M45-49,58.3,310.9,385.4166666666667,770.65
"Edwards, Mark",USA,Male,M30-34,83.31666666666666,365.71666666666664,298.25,770.7333333333333
"Rodriguez, Camilo",COL,Male,M35-39,65.13333333333334,356.03333333333336,330.43333333333334,770.9333333333333
"Brown, James",USA,Male,M40-44,74.73333333333333,351.5,324.78333333333336,771.0833333333334
"Richmond, David",PHL,Male,M50-54,86.25,344.96666666666664,320.85,771.35
"Heeren, Brian",USA,Male,M50-54,108.75,353.46666666666664,283.1333333333333,771.4166666666666
"Harvey, Patrice",USA,Male,M45-49,71.36666666666666,382,299.5833333333333,771.6166666666667
"Trumbull, Mark",USA,Male,M35-39,68.41666666666667,360.5,323.26666666666665,771.6333333333333
"Manfred, Patrick",CAN,Male,M45-49,71.78333333333333,364.23333333333335,302.3666666666667,771.7333333333333
"Grijalva, Engelbert",MEX,Male,M40-44,92.33333333333333,342.5,317.1333333333333,771.7666666666667
"Magliulo, Jerry",USA,Male,M70-74,86.8,330.3666666666667,336.76666666666665,772.3833333333333
"Martens, Andy",USA,Male,M40-44,87.31666666666666,377.46666666666664,281.51666666666665,772.4166666666666
"Ghazzaoui, Rauf",VEN,Male,M45-49,65.73333333333333,356.98333333333335,333.03333333333336,772.8
"Mayer, Bernard",CAN,Male,M45-49,81.26666666666667,359.68333333333334,305.8333333333333,772.8333333333334
"Tennie, Arndt",DEU,Male,M50-54,79.1,326.53333333333336,350.81666666666666,772.9166666666666
"Poag, Jesse",USA,Male,M40-44,78.68333333333334,363.75,312.45,773.1166666666667
"Fligor, Jennifer",USA,Female,F25-29,64.96666666666667,379.76666666666665,312.46666666666664,773.35
"Furr, David Neil",USA,Male,M45-49,81.05,358.6333333333333,302.93333333333334,773.45
"Hartman, Frederick",USA,Male,M40-44,64.4,344.28333333333336,346.51666666666665,773.5166666666667
"Boyle, Victoria",USA,Female,F35-39,76.76666666666667,372.76666666666665,308.26666666666665,773.9666666666667
"Walker, Christian",USA,Male,M45-49,89.16666666666667,379.3,276.71666666666664,774.05
"Velazquez, Manuel",PRI,Male,M40-44,67.16666666666667,360.9166666666667,328.56666666666666,774.6666666666666
"Groff, Laurel",USA,Female,F40-44,79.06666666666666,359.4166666666667,320.6,774.8
"Green, Anthony",USA,Male,M40-44,84.85,383.0833333333333,291.31666666666666,775.05
"Pena, Martin Miguel",ARG,Male,M45-49,76.56666666666666,367.48333333333335,311.3833333333333,775.05
"Siegel, Justin",USA,Male,M45-49,77.85,357.3666666666667,327.06666666666666,775.1166666666667
"Hall, David",USA,Male,M45-49,99.91666666666667,350.23333333333335,306.45,775.2833333333333
"Foster, Michelle",USA,Female,F45-49,81.15,360.9166666666667,318.78333333333336,775.5666666666667
"Rosa, Bruce",USA,Male,M55-59,80.51666666666667,362.46666666666664,306.5833333333333,775.6833333333333
"Black, Robert",USA,Male,M40-44,63.25,372.05,327.06666666666666,775.9333333333333
"Eppihimer, Brandon",USA,Male,M40-44,75.68333333333334,339.68333333333334,339.71666666666664,775.95
"Warden, Matthew",USA,Male,M30-34,78.23333333333333,361.98333333333335,319.53333333333336,776.15
"Gutierrez, Brigid",USA,Female,F25-29,92.98333333333333,419.68333333333334,244.3,776.4666666666667
"Wilkins, Brenda",USA,Female,F35-39,77.26666666666667,374.93333333333334,303.81666666666666,776.4666666666667
"Kidulas, Ken",USA,Male,M50-54,66.5,374.1,315.15,776.5166666666667
"Ozybko, Natasha",USA,Female,F40-44,86.51666666666667,343.93333333333334,331.4,776.5666666666667
"Bailey, Chris",CYM,Male,M40-44,66.3,332.73333333333335,358.6166666666667,776.7666666666667
"Ferraz, Levi",BRA,Male,M40-44,82.91666666666667,345.1333333333333,326.71666666666664,776.8666666666667
"Osborne, Darren",CAN,Male,M50-54,73.41666666666667,369.56666666666666,315.68333333333334,776.9
"Mercado, Carlos",PER,Male,M35-39,74.73333333333333,361.05,313.96666666666664,777.05
"Drozek, Adam",USA,Male,M25-29,83.98333333333333,401.48333333333335,270.9166666666667,777.4166666666666
"Panter, William",AUS,Male,M30-34,72.88333333333334,357.8333333333333,332.48333333333335,777.4166666666666
"Vaquiro Herrera, Eliana",COL,Female,F30-34,99.78333333333333,391.56666666666666,275.1166666666667,777.55
"Diggs, Kelly",USA,Female,F45-49,90.55,361.15,308.06666666666666,777.5666666666667
"Nelson, Barrett",USA,Male,M40-44,74.45,360.05,318.1666666666667,777.6166666666667
"Hill, Jeffrey",USA,Male,M50-54,78.03333333333333,381.1166666666667,297.6,777.7666666666667
"Ruiz Camacho, Christian Camilo",COL,Male,M25-29,86.03333333333333,378.73333333333335,284.73333333333335,777.8
"Thion, Jerome",FRA,Male,M40-44,66.73333333333333,347.4166666666667,337.1333333333333,778.1
"Putnam, Tracy",USA,Female,F40-44,79.3,386.56666666666666,293.3,778.1666666666666
"Zachary, Chris",USA,Male,M25-29,90.41666666666667,394.73333333333335,277.53333333333336,778.4333333333333
"Baller, Pamela",USA,Female,F55-59,80.05,343.95,338.8333333333333,778.5666666666667
"Graff, Jon",USA,Male,M45-49,81.9,334.5,338.6166666666667,778.75
"Richard, W",USA,Male,M55-59,79.36666666666666,349.9,331.5,778.8166666666667
"Eaton, James",USA,Male,M40-44,77.8,360.8833333333333,320.7,779
"Proffitt, R Dave",USA,Male,M50-54,83.5,378.31666666666666,299.93333333333334,779.35
"Madison, Gabi",USA,Female,F35-39,86.53333333333333,378.8666666666667,289.23333333333335,779.3833333333333
"Anderson, Matthew",USA,Male,M25-29,64.71666666666667,365.3333333333333,336.56666666666666,779.4166666666666
"Meyers, Cody",USA,Male,M25-29,60.61666666666667,371.18333333333334,328.8666666666667,779.4333333333333
"Hirsch, Jami",USA,Female,F35-39,83.11666666666666,370.76666666666665,306.6,779.6
"Sawyer, Jeffrey",USA,Male,M50-54,71.8,349.55,338.6333333333333,780.1
"Smalley, Patrick",USA,Male,M30-34,68.36666666666666,331.15,367.71666666666664,780.2666666666667
"Wonicker-Cook, Joel",USA,Male,M45-49,64.91666666666667,335.75,361.53333333333336,780.3666666666667
"Lahiff, Chris",USA,Male,M60-64,78.43333333333334,380.4,295,780.3833333333333
"Sempere, Francisco",ESP,Male,M50-54,84.15,384.48333333333335,288.9166666666667,780.9166666666666
"Fekade-Sellassie, Abebual",ETH,Male,M50-54,79.41666666666667,406.46666666666664,276.85,781.0666666666667
"Miller, Heidi",USA,Female,F45-49,82.43333333333334,380.06666666666666,300.6666666666667,781.0666666666667
"Tubb, Bronson",USA,Male,M40-44,79.03333333333333,392.76666666666665,282.5833333333333,781.3666666666667
"Fiuza, Felipe",USA,Male,M30-34,77.53333333333333,359.6333333333333,317.01666666666665,781.4166666666666
"Chadwick, Michael",USA,Male,M40-44,83.03333333333333,333.75,349.31666666666666,781.5666666666667
"Southcott, Matthew",USA,Male,M40-44,83.78333333333333,377.51666666666665,304.93333333333334,781.7333333333333
"Mikita-Olsen, Sherri",USA,Female,F40-44,91.03333333333333,392.7,286.31666666666666,781.8
"Sousa, Nuno",PRT,Male,M45-49,78.76666666666667,346.25,342.0833333333333,782
"Rivest, Stephanie",CAN,Female,F40-44,90.98333333333333,354.6166666666667,320.75,782.4833333333333
"Saenz, Sergio",MEX,Male,M45-49,93.15,406.1,253.25,782.5666666666667
"Haines, Jane",USA,Female,F50-54,80.2,372.78333333333336,304.71666666666664,782.5833333333334
"Park, Cj",USA,Male,M45-49,75.91666666666667,340.68333333333334,336.68333333333334,782.6333333333333
"Wayerski, Lisa",USA,Female,F55-59,82.93333333333334,397.3833333333333,287.55,782.75
"Heath, Katie",USA,Female,F35-39,60.916666666666664,385.6166666666667,325.01666666666665,782.8166666666667
"Couzins, John",USA,Male,M45-49,76.28333333333333,359.35,324.9,783
"Unsicker, Kelley",USA,Female,F40-44,75.58333333333333,325.95,366.43333333333334,783.2333333333333
"Alvarez, Luis",MEX,Male,M55-59,70.5,344.46666666666664,341.3666666666667,783.2833333333333
"Templar, Phil",GBR,Male,M55-59,74.91666666666667,350.8833333333333,334.1166666666667,783.3166666666667
"Berlant, David",USA,Male,M18-24,73.28333333333333,375.65,320.0833333333333,783.4166666666666
"Kaufman, Mark",USA,Male,M45-49,71.5,360.3333333333333,328.31666666666666,783.8166666666667
"Schifo, Dave",USA,Male,M40-44,88.03333333333333,352.3,324.9166666666667,783.8666666666667
"Murphy, Kymberly",USA,Female,F30-34,91.75,380.1,290.98333333333335,784.4166666666666
"O'Donnell, Jesse",USA,Male,M30-34,92.23333333333333,418.43333333333334,227.05,784.5333333333333
"Gillis-Bengyak, Julie",USA,Female,F35-39,72.58333333333333,392.0833333333333,307.25,785.05
"Shahidehpour, Dustin",USA,Male,M25-29,78.85,346.93333333333334,338.6666666666667,785.35
"Ross, Sarah",USA,Female,F25-29,87.71666666666667,376.93333333333334,300.9,785.4666666666667
"De La Rosa, Daniel",DEU,Male,M30-34,77.76666666666667,369.26666666666665,318.05,785.5166666666667
"Cameron, Matthew",USA,Male,M35-39,74.75,364.78333333333336,326.21666666666664,785.5666666666667
"Townsend, David",USA,Male,M55-59,70.43333333333334,350.7,352.8,785.6166666666667
"Becker, Carsten",DEU,Male,M40-44,81.95,330.21666666666664,360.68333333333334,785.7166666666667
"Savill, John",USA,Male,M40-44,85.85,352.6,325.3833333333333,785.8166666666667
"De Valdenebro Campo, Juan Manuel",COL,Male,M45-49,78.95,373.6,305.65,785.8666666666667
"Purdy, Jason",USA,Male,M30-34,57.93333333333333,367.95,337.0833333333333,785.8666666666667
"Benabess, Hicham",MAR,Male,M45-49,91.91666666666667,363.03333333333336,311.76666666666665,786.05
"Alvarado, Mike",USA,Male,M45-49,87.28333333333333,339.56666666666666,344.6666666666667,786.2166666666667
"Deming, Eric",USA,Male,M35-39,73.96666666666667,349.18333333333334,343.1,786.2666666666667
"Jensen, Travis",USA,Male,M40-44,72.15,348.6666666666667,350.5,786.3
"Russell, Steve",USA,Male,M45-49,72.18333333333334,352.7,345.4,786.5166666666667
"Kellman, Jimmy",CAN,Male,M45-49,79.41666666666667,349.68333333333334,334.56666666666666,786.85
"Mayo, Jj",USA,Male,M50-54,81.08333333333333,369.03333333333336,324.75,786.9166666666666
"Nguyen, Vy",USA,Female,F35-39,103.55,368.6333333333333,302.53333333333336,787.0166666666667
"Szrajbman, Alex Dave",BRA,Male,M25-29,88.56666666666666,346.18333333333334,337.21666666666664,787.0833333333334
"McCrory, Joseph",USA,Male,M35-39,89.53333333333333,358.0833333333333,320.0833333333333,787.3666666666667
"Alvarez Lago, Saul",SGP,Male,M40-44,104.96666666666667,354.05,309.1,787.45
"Poma, Robert",USA,Male,M55-59,84.05,378.21666666666664,309.35,787.4666666666667
"Fischer, David",USA,Male,M45-49,76.78333333333333,353.1333333333333,337.85,787.4833333333333
"McEwen, Jamey",USA,Male,M45-49,80.18333333333334,364.51666666666665,322.51666666666665,787.8333333333334
"Garcia, Johannes",PHL,Male,M45-49,74.43333333333334,365.28333333333336,325.78333333333336,787.8833333333333
"Garcia Garcia, Cesar",PER,Male,M45-49,74.43333333333334,365.28333333333336,325.78333333333336,787.8833333333333
"Jones, Sheri",USA,Female,F50-54,76.46666666666667,366.6166666666667,328.05,787.9333333333333
"Majercin, Michelle",CAN,Female,F45-49,76.06666666666666,374.3666666666667,325.51666666666665,788.0166666666667
"Caplan, Jeff",USA,Male,M50-54,75.38333333333334,320.4166666666667,375.8833333333333,788.25
"Pleasants, Julia",USA,Female,F25-29,104.86666666666666,390.55,274.96666666666664,788.4666666666667
"Heath, Kevin",USA,Male,M35-39,57.03333333333333,355.51666666666665,361.8333333333333,788.5333333333333
"Richey, Rauchelle",USA,Female,F25-29,79.2,379.28333333333336,315.3333333333333,788.6
"Vanas, Joey",USA,Male,M40-44,79.91666666666667,396.23333333333335,283.1333333333333,788.7333333333333
"Hopewell, Jenna",USA,Female,F30-34,83.65,412.8833333333333,270.05,789.6666666666666
"Box, Elisa",USA,Female,F25-29,79.01666666666667,402.46666666666664,290.85,789.6833333333333
"Stanton, Bryan",USA,Male,M30-34,92.86666666666666,376.15,304.71666666666664,789.7666666666667
"Bobb, David",USA,Male,M40-44,91.18333333333334,327.28333333333336,354.4166666666667,790.1
"Tsuha, Guido",BRA,Male,M40-44,74.7,336.76666666666665,361.1333333333333,790.15
"Martinez, Francisco",CHL,Male,M50-54,107.85,362.76666666666665,303.4166666666667,790.3666666666667
"To, Tony",USA,Male,M40-44,101.35,358.8833333333333,311.5,790.4
"Mancera, Gustavo",COL,Male,M35-39,81.03333333333333,339.65,350.9,790.45
"Fairbanks, Denise",USA,Female,F50-54,99.75,364.2,303.6666666666667,790.8166666666667
"Van Sickle, Wayne",USA,Male,M55-59,72.63333333333334,338.6,365.6333333333333,790.9166666666666
"Hall, Elvira",USA,Female,F30-34,89.26666666666667,397.3666666666667,274.81666666666666,791.1833333333333
"Pinto, Alonso",PER,Male,M35-39,72.4,365.5833333333333,330.25,791.5166666666667
"Price, Joe",USA,Male,M45-49,81.46666666666667,374.9166666666667,315.1166666666667,791.5666666666667
"Zale, Aaron",USA,Male,M40-44,71.46666666666667,396.8,297.51666666666665,791.7333333333333
"Elkins, Casey",USA,Male,M30-34,92.18333333333334,381.7,304.6333333333333,792.2
"Dance, Brian",USA,Male,M35-39,84.38333333333334,381.96666666666664,305.98333333333335,792.3333333333334
"Sebaly, Michael",USA,Male,M45-49,78.26666666666667,331.1166666666667,364.55,792.4333333333333
"Sebaly, Rick",USA,Male,M45-49,77.08333333333333,362.05,332.3833333333333,792.5
"Robinson, Denten",USA,Male,M40-44,84.75,330.2,360.4,792.5666666666667
"Edmonds, Virginia",USA,Female,F50-54,82.88333333333334,378.6,308.45,792.6
"Rendall, Dave",USA,Male,M40-44,89.88333333333334,371.75,311.6166666666667,792.6166666666667
"Matthews, Timothy",USA,Male,M50-54,82.28333333333333,344.3,352.98333333333335,792.6833333333333
"Gomez, Andres",COL,Male,M35-39,84.51666666666667,346.35,339.26666666666665,793.1
"Singh, Sanjeev",USA,Male,M40-44,86.91666666666667,346.6166666666667,336.1666666666667,793.15
"Novo, George",USA,Male,M45-49,75,342.9,352,793.2666666666667
"Dygert, Natalie",USA,Female,F25-29,92.8,394.6666666666667,288.85,793.4666666666667
"York, Aeri",USA,Female,F45-49,87.1,365.76666666666665,321.6666666666667,793.5
"Madden, Christopher",USA,Male,M35-39,80.61666666666666,343.06666666666666,347.31666666666666,793.5
"McDaniel, Kenneth",USA,Male,M60-64,81.38333333333334,362.6666666666667,329.18333333333334,793.55
"Almond, Greg",USA,Male,M45-49,73.5,334.8333333333333,374.1333333333333,793.6833333333333
"Fruehauf, Todd",USA,Male,M35-39,66.16666666666667,345.3,361.4166666666667,793.7333333333333
"Trieb, Mikael",SWE,Male,M35-39,64.7,386.1666666666667,325.01666666666665,793.8333333333334
"Reed, Meredith",USA,Female,F30-34,83.93333333333334,413.01666666666665,274.15,793.85
"Swearingen, Shaun",USA,Male,M35-39,92.21666666666667,388.9166666666667,296.48333333333335,793.9666666666667
"McCrary, Jeff",USA,Male,M50-54,89.73333333333333,371.5833333333333,315.73333333333335,794
"Jaber, Alberto",MEX,Male,M30-34,71.86666666666666,392.6,306.8333333333333,794.1833333333333
"Constantine, Caitlin",USA,Female,F35-39,75.13333333333334,389.68333333333334,311.21666666666664,794.4
"Minson, Matt",USA,Male,M30-34,82.76666666666667,386.28333333333336,315.06666666666666,794.5666666666667
"Blunsdon, Greg",CAN,Male,M35-39,60.81666666666667,367.35,346.6166666666667,794.9833333333333
"Fontillas, John Paul",PHL,Male,M35-39,88.06666666666666,348.75,336.56666666666666,795.2666666666667
"Fair, Steven",USA,Male,M45-49,76.05,347.8833333333333,352.18333333333334,795.6166666666667
"Gil Edo, Diego",ESP,Male,M18-24,68.75,391.95,318.48333333333335,795.85
"Lancon, Johnny",USA,Male,M40-44,76.63333333333334,375.6666666666667,313.75,796.1166666666667
"Mendoza Zuany, Alejandro",MEX,Male,M30-34,92.81666666666666,346.68333333333334,334.9,796.1166666666667
"Gay, Eric",USA,Male,M50-54,66.48333333333333,386.4166666666667,319.68333333333334,796.1333333333333
"Adcock, Richard",GBR,Male,M45-49,79.6,362.28333333333336,339.85,796.9
"Scardia, Diego",ARG,Male,M40-44,79.4,365.05,336.26666666666665,796.9166666666666
"Rizzo, Michael",USA,Male,M45-49,71.41666666666667,357.45,347.31666666666666,797.05
"Bencosme, Felipe",DOM,Male,M30-34,77.41666666666667,335.65,371.1166666666667,797.0666666666667
"Lytle, Todd",USA,Male,M45-49,72.76666666666667,339.51666666666665,366.6166666666667,797.0833333333334
"Richter, Patricia",USA,Female,F55-59,82.53333333333333,359.6,342.1333333333333,797.3333333333334
"Hunter, David",USA,Male,M40-44,72.28333333333333,384.65,324.65,797.4166666666666
"Siguenza, Mallory",USA,Female,F30-34,71.48333333333333,386.3333333333333,319.78333333333336,797.6333333333333
"Yeomans, Stephen",GBR,Male,M30-34,90.41666666666667,412.8833333333333,271.8833333333333,797.8833333333333
"Wishert, Derek",USA,Male,M30-34,82.66666666666667,363.45,340.2,798
"Toms, David",USA,Male,M40-44,85.43333333333334,381.53333333333336,315.73333333333335,798.05
"Laney, Susan",USA,Female,F35-39,87.75,385.5,304.31666666666666,798.1
"Taira, Tomoki",JPN,Male,M25-29,96.18333333333334,411.1166666666667,266.55,798.2
"Crocker, Chad",USA,Male,M40-44,64.95,339.4166666666667,371.4,798.3666666666667
"Deison, Allison",USA,Female,F45-49,84.08333333333333,401.75,292.3666666666667,798.4333333333333
"Swartz, Todd",USA,Male,M50-54,87.18333333333334,347.53333333333336,339.5833333333333,798.5666666666667
"Flory, Jennifer",USA,Female,F50-54,90.86666666666666,431.03333333333336,251.81666666666666,798.7166666666667
"Newman, Dane",USA,Male,M30-34,77.61666666666666,322.1166666666667,382.73333333333335,798.8166666666667
"Dalton, Michael",USA,Male,M40-44,75.58333333333333,378.8666666666667,320.1333333333333,799.15
"Visger, Julie",USA,Female,F40-44,87,367.43333333333334,330.78333333333336,799.1666666666666
"Johansson, Bjorn",SWE,Male,M40-44,83.98333333333333,351.85,349.45,799.4
"Miller, Robert",USA,Male,M40-44,82.03333333333333,391.03333333333336,306.5833333333333,799.5
"Richmond, Lara",USA,Female,F25-29,74.33333333333333,401.9,297.85,799.7
"Swan-Scott, Dennie",USA,Female,F40-44,63.88333333333333,398.06666666666666,313,799.75
"Castro, Francisco",MEX,Male,M45-49,99.88333333333334,382.56666666666666,293.1333333333333,800.1333333333333
"Ruacho, Juan Manuel",MEX,Male,M35-39,99.96666666666667,334.2,349.01666666666665,800.1333333333333
"Cotton, Jon",USA,Male,M40-44,74.55,328,377.76666666666665,800.15
"Olthof, Pieter",CUW,Male,M50-54,80.88333333333334,372.55,321.6,800.2333333333333
"Flinn, Mike",USA,Male,M60-64,98.16666666666667,355.45,321.3833333333333,800.25
"Foltzer, Jean-Yves",FRA,Male,M55-59,76.08333333333333,339.4,355.96666666666664,800.3333333333334
"Ramirez, Jean",PRI,Male,M25-29,97.78333333333333,355.5,320.1333333333333,800.35
"Fleeman, Chris",USA,Male,M45-49,87.23333333333333,382.9,307.56666666666666,800.5166666666667
"Esposito, Vincent",USA,Male,M30-34,77.46666666666667,343.06666666666666,365.1666666666667,800.6833333333333
"Smith, Bryan",USA,Male,M40-44,91.43333333333334,368.78333333333336,312.25,800.7
"White, Troy",USA,Male,M40-44,76.58333333333333,335.78333333333336,373.71666666666664,800.7
"Lowers, Chris",USA,Male,M50-54,80.51666666666667,371.31666666666666,325.56666666666666,800.75
"Drummond, Nathan",USA,Male,M25-29,82.01666666666667,352,341.8833333333333,800.75
"Cameron, John",USA,Male,M45-49,80.73333333333333,356.56666666666666,347.1166666666667,800.7666666666667
"Yarab, Daryle",USA,Male,M45-49,70.55,356.55,357.85,800.85
"McClaskey, Nadine",USA,Female,F40-44,78.28333333333333,384.3666666666667,324.8666666666667,800.95
"Nautscher, Christine",USA,Female,F35-39,83.35,376.56666666666666,317.98333333333335,801.05
"Ballard, K",USA,Female,F40-44,86.76666666666667,370.8833333333333,320.68333333333334,801.0833333333334
"Shimmyo, Kazuya",JPN,Male,M35-39,90.31666666666666,380.73333333333335,312.18333333333334,801.2166666666667
"Carr, Roberta",USA,Female,F40-44,93.36666666666666,400.2,287.78333333333336,801.3166666666667
"Auproux, Florian",FRA,Male,M25-29,83.21666666666667,379.26666666666665,309.3333333333333,801.3833333333333
"Endsley, Daren",USA,Male,M30-34,64.65,372.56666666666666,344.8,801.4666666666667
"Caguiat, Jason",PHL,Male,M40-44,97.61666666666666,356.28333333333336,325.3333333333333,801.8
"Purcell, Debbie",CAN,Female,F50-54,97.25,384.5,304.98333333333335,801.9
"Vale, James",GBR,Male,M35-39,76.63333333333334,358.35,343.96666666666664,801.9833333333333
"Buschhorn, Holly",USA,Female,F40-44,79.96666666666667,384.3833333333333,318.55,802
"Schifo, Jennifer",USA,Female,F40-44,82.91666666666667,408,297.81666666666666,802.3666666666667
"Parawar, Nataraj",USA,Male,M50-54,102.08333333333333,403.25,269.05,802.4333333333333
"Posadas, Raymond",PHL,Male,M40-44,80.33333333333333,347.96666666666664,340.68333333333334,802.4333333333333
"Braverman, Luciano",ARG,Male,M45-49,79.21666666666667,355.51666666666665,346.68333333333334,802.4833333333333
"Skinner, Stephen",USA,Male,M35-39,77.25,388.8333333333333,317.8833333333333,802.5833333333334
"Cangro, Laurence",USA,Male,M50-54,72.18333333333334,358.43333333333334,353.51666666666665,802.9666666666667
"Deimling, Adam",USA,Male,M35-39,73.9,351.71666666666664,344.03333333333336,803.2333333333333
"Armstrong, Leah",USA,Female,F35-39,91.06666666666666,348.56666666666666,316.78333333333336,803.3833333333333
"Melton, Jody",USA,Male,M45-49,82.85,343.21666666666664,361.1,803.6
"Modrzejewski, Chris",USA,Male,M35-39,73.31666666666666,394.35,321.35,803.8166666666667
"Durning, Kathleen",USA,Female,F55-59,85.11666666666666,385.6666666666667,294.81666666666666,803.8666666666667
"Yager, Yumi",USA,Female,F55-59,83.7,397.3833333333333,296.96666666666664,803.9
"De Abrew, Nadira",LKA,Male,M40-44,86.96666666666667,345.23333333333335,348.03333333333336,804.0666666666667
"Hart, Kevin",USA,Male,M50-54,85.01666666666667,352.03333333333336,333,804.15
"Roussel, Troy",USA,Male,M45-49,71.53333333333333,337.3,375.75,804.2333333333333
"Kirkland, Lynn",USA,Female,F45-49,71.46666666666667,402.0833333333333,308.7,804.6
"Ramsdell, Heather",USA,Female,F40-44,81.46666666666667,379.93333333333334,328.48333333333335,804.85
"Otte, Chris",USA,Male,M25-29,86.95,386.75,310.1333333333333,804.9
"Morella, Murray",USA,Male,M30-34,75.08333333333333,338.25,374.3,805.0666666666667
"Sunga, Johnatan",PHL,Male,M45-49,99.43333333333334,363.4,316.6666666666667,805.25
"Harris, Polly",USA,Female,F50-54,78.38333333333334,370,340.1166666666667,805.2666666666667
"Donlevie, Daniel",USA,Male,M45-49,79.2,342.1666666666667,355.28333333333336,805.6666666666666
"Kohring, Heather",USA,Female,F45-49,77.91666666666667,346.98333333333335,364.98333333333335,805.95
"Byrne, Richard",USA,Male,M50-54,95.7,381.05,303.3833333333333,806.6666666666666
"Turner, Mark",USA,Male,M55-59,87.05,396.6333333333333,306.0833333333333,806.7166666666667
"Montricul, Richard",USA,Male,M35-39,75.8,362.23333333333335,354.8666666666667,806.8166666666667
"Wilkinson, Benjamin",USA,Male,M30-34,70.41666666666667,353.1166666666667,365.78333333333336,806.8166666666667
"McCorvey, Lewis",USA,Male,M60-64,82.23333333333333,384.6333333333333,319,806.8333333333334
"Makol, Ryan",USA,Male,M35-39,85.61666666666666,346.8666666666667,356.96666666666664,807.1166666666667
"Nicolai, Brandon",USA,Male,M25-29,67.38333333333334,388.43333333333334,330.4,807.1333333333333
"Weelborg, Heidi",USA,Female,F40-44,101.93333333333334,348.35,335.26666666666665,807.45
"Flick, Michelle",USA,Female,F35-39,77.76666666666667,355.4,355.8833333333333,807.5666666666667
"Bertie, Gordon",CAN,Male,M65-69,104.53333333333333,383.98333333333335,293.5833333333333,807.65
"Brown, Jacob",USA,Male,M35-39,84.35,343.1,357.4166666666667,807.8666666666667
"Martin, Lucas",USA,Male,M18-24,80.35,364.75,337.06666666666666,808.0333333333333
"Aven, Donald",USA,Male,M45-49,77.73333333333333,405.73333333333335,304.06666666666666,808.05
"Minson, Alyssa",USA,Female,F30-34,83.86666666666666,394.1333333333333,311.93333333333334,808.05
"Policarpio, Kevin",PHL,Male,M25-29,79.53333333333333,363.35,343.23333333333335,808.1
"Van Loon, Eddy",BEL,Male,M40-44,89.61666666666666,377.06666666666666,319.2,808.2666666666667
"Macdougall, Margit",USA,Female,F50-54,69.6,373.2,352.05,808.5166666666667
"Drury, Kevin",USA,Male,M55-59,72.75,339.03333333333336,380,808.5333333333333
"Scholljegerdes, Bridget",USA,Female,F40-44,89.11666666666666,432.03333333333336,262.25,808.6166666666667
"Martinelli, Greg",USA,Male,M50-54,78.76666666666667,391.51666666666665,314.18333333333334,808.6666666666666
"Clark, Jack",USA,Male,M50-54,80.43333333333334,361.75,343.0833333333333,808.6833333333333
"Miller, Howard",USA,Male,M40-44,97.76666666666667,396.95,298.85,808.75
"Fanguy, David",USA,Male,M40-44,90.45,359.4,335.1,809.1833333333333
"Anselmo, Kimberly",USA,Female,F35-39,95.5,396.0833333333333,300.6333333333333,809.25
"Mays, Christopher",USA,Male,M35-39,79.06666666666666,362,353.28333333333336,809.25
"Langford, Joe",USA,Male,M45-49,88.16666666666667,367.98333333333335,334,809.45
"Bucad, David",PHL,Male,M50-54,88.51666666666667,370.25,326.5833333333333,809.85
"Anderson, Aaron",USA,Male,M35-39,81.33333333333333,377.3666666666667,325.96666666666664,809.9833333333333
"Reynolds, Tim",USA,Male,M40-44,61.3,311.3333333333333,427.81666666666666,810.1166666666667
"Neal, Deonna",USA,Female,F45-49,80.96666666666667,369.5833333333333,332.05,810.2
"Friend, Rodney",USA,Male,M50-54,73.3,346.31666666666666,369.73333333333335,810.2166666666667
"Rachitoff, Javier",PER,Male,M50-54,91.38333333333334,395.45,297.55,810.3166666666667
"Harner, Michael",USA,Male,M55-59,66.71666666666667,412.06666666666666,315.53333333333336,810.45
"Embler, Ruth Marie",USA,Female,F60-64,99.7,421.75,272.85,810.5666666666667
"Clark, John",USA,Male,M45-49,87.48333333333333,375.03333333333336,318.35,811.2166666666667
"Mauzy, Sherrie",USA,Female,F55-59,88.93333333333334,387.18333333333334,309.0833333333333,811.4666666666667
"Manjarres, Luis",COL,Male,M40-44,65.66666666666667,375.26666666666665,345.01666666666665,811.6166666666667
"Schofill, Paul",USA,Male,M45-49,86.6,384.26666666666665,317.6333333333333,811.8833333333333
"Amparan, Mario Alberto",MEX,Male,M40-44,87.55,337.8,353.06666666666666,811.95
"Ikeler, Steven",USA,Male,M45-49,101.7,395.6166666666667,297.28333333333336,812.1166666666667
"Drake, Amy",USA,Female,F45-49,74.96666666666667,394.7,324.1,812.2166666666667
"Furuya, Kota",JPN,Male,M40-44,72.83333333333333,344.96666666666664,379.4,812.3666666666667
"Rubio, Soylo Amado",DOM,Male,M35-39,83.51666666666667,351.2,354.23333333333335,812.3833333333333
"Cushing, Tracy",USA,Female,F40-44,82,396.81666666666666,315.3333333333333,812.5333333333333
"Wood, Brian",USA,Male,M40-44,69.33333333333333,345.56666666666666,368,812.5833333333334
"Lee, Pyung",USA,Male,M45-49,69.16666666666667,341.93333333333334,379.06666666666666,813.0666666666667
"Sarnecki, Stacey",USA,Female,F40-44,70.78333333333333,397.8,328.05,813.1666666666666
"Hunckler, Herve",USA,Male,M40-44,93.8,410.9166666666667,292.6,813.45
"Sodani, Ileana",USA,Female,F45-49,82.78333333333333,395.1,315.6166666666667,813.7333333333333
"Parnell, Steve",USA,Male,M55-59,82.08333333333333,363.06666666666666,344,813.9833333333333
"Aita, Luce",CAN,Female,F45-49,80.5,409.05,305.9,814.5
"Ruane, Ted",USA,Male,M50-54,82.66666666666667,358.3,355.96666666666664,814.6666666666666
"Prados, Dan",USA,Male,M55-59,69.6,364.2,362.7,815.0833333333334
"Moore, Stewart",USA,Male,M25-29,79.83333333333333,400.68333333333334,312.06666666666666,815.1666666666666
"Weinman, Doug",USA,Male,M55-59,71.96666666666667,367.25,355.5833333333333,815.9333333333333
"Mayo, Jayme",USA,Female,F40-44,86.01666666666667,404.71666666666664,307.81666666666666,816.25
"Wells, Tim",USA,Male,M60-64,90.28333333333333,355.85,348.4166666666667,816.5333333333333
"Stone, Amy",USA,Female,F40-44,83.16666666666667,387.85,329.0833333333333,816.5666666666667
"Clancy, Matthew",USA,Male,M40-44,67.25,308.81666666666666,429.31666666666666,816.5833333333334
"Potter, Nicholas",USA,Male,M35-39,73.75,349.2,367.35,816.6166666666667
"Schloegel, Peggy",USA,Female,F45-49,98.15,381.5,309.6666666666667,816.6333333333333
"Duffner, Brian",USA,Male,M40-44,83.5,362.18333333333334,351.4166666666667,816.7666666666667
"Drew, Noah",USA,Male,M30-34,74.31666666666666,356.46666666666664,362.8666666666667,816.8833333333333
"Vernon, Robbie",USA,Male,M50-54,84.4,384.03333333333336,328.1,816.9
"Myers, Chris",USA,Male,M45-49,85.85,360.2,347.35,816.95
"Weyandt, Craig",USA,Male,M50-54,74.08333333333333,408.76666666666665,313.2,817.4833333333333
"Eisele, Doug",USA,Male,M55-59,83.35,370.8333333333333,343.9,817.7333333333333
"Deluca, Chris",USA,Male,M35-39,75.21666666666667,376.3333333333333,345.3,817.8833333333333
"Benitez, Andrea",COL,Female,F30-34,81.56666666666666,383.9166666666667,324.1333333333333,818.5
"Funderburk, Joseph",USA,Male,M40-44,82.46666666666667,418.3833333333333,287.8333333333333,818.5333333333333
"Michel, Eric",USA,Male,M35-39,75.98333333333333,381.5833333333333,341.53333333333336,818.7166666666667
"Deming, Dan",USA,Male,M40-44,82.11666666666666,350.2,356.26666666666665,818.7666666666667
"Eid, Maria",CAN,Female,F50-54,80.65,349.3833333333333,365.1333333333333,818.8166666666667
"Pelimer, Noel",PHL,Male,M35-39,94.83333333333333,404.6,290.46666666666664,818.8333333333334
"McMahon, Clark",USA,Male,M25-29,82.68333333333334,399.71666666666664,311.48333333333335,819.0166666666667
"Neeley, Jarrod",USA,Male,M40-44,89.55,379.51666666666665,319.4,819.2666666666667
"Cessac, Scott",USA,Male,M35-39,58.4,387.3833333333333,353.4,819.3166666666667
"Perkins, Jennifer",USA,Female,F35-39,104.51666666666667,372.9166666666667,326.9,819.4666666666667
"Johnson, Scott",USA,Male,M40-44,92.56666666666666,381.01666666666665,326.93333333333334,819.4833333333333
"Hernandez, Luis",USA,Male,M40-44,84.28333333333333,389.53333333333336,323.1,819.65
"Comeaux, Herman",USA,Male,M40-44,98.75,352.53333333333336,352.31666666666666,819.9
"Smith, Ryan",USA,Male,M35-39,81.6,387.3333333333333,326.26666666666665,819.9166666666666
"Rizzo, Kendell",USA,Female,F30-34,82.48333333333333,396.1,324.71666666666664,820.0333333333333
"Shepherd, Paul",USA,Male,M45-49,98.36666666666666,391.8833333333333,305.71666666666664,820.0666666666667
"Kienstra, Carolyn",USA,Female,F30-34,79.61666666666666,414.35,300.35,820.2833333333333
"Loomis, James",USA,Male,M35-39,91.78333333333333,401.71666666666664,306.8,820.2833333333333
"Dorigan, Mark",USA,Male,M60-64,76.55,362.0833333333333,358.21666666666664,820.4666666666667
"Sanchez, Yeshika",MEX,Female,F35-39,83.7,416.31666666666666,287.5833333333333,820.4833333333333
"Nordick, Troy",USA,Male,M45-49,85.28333333333333,382.9,325.85,820.5333333333333
"Smith, Sandra",USA,Female,F55-59,99.18333333333334,380.03333333333336,321.48333333333335,820.6
"Sturm, Kevin",USA,Male,M55-59,89.76666666666667,348.3,359.6333333333333,820.7
"Holmstrom, Bjorn",USA,Male,M45-49,78.11666666666666,359.23333333333335,358.96666666666664,820.8833333333333
"Martin, Brock",USA,Male,M30-34,89.5,389.71666666666664,316.96666666666664,821.0833333333334
"Erner, Bianca",PER,Female,F40-44,78.11666666666666,392.28333333333336,333.25,821.1166666666667
"Sacco, Cheryl",USA,Female,F45-49,88.43333333333334,395.35,316.8666666666667,821.4166666666666
"Dunaway, Shelly",USA,Female,F50-54,94.93333333333334,353.85,353.35,821.6
"Coppinger, Aisling",IRL,Female,F45-49,86.36666666666666,407.8666666666667,315.31666666666666,821.6333333333333
"Dunaway, Rick",USA,Male,M50-54,86.5,331.68333333333334,381.0833333333333,821.65
"Torres Pacheco, Hernando",COL,Male,M40-44,79.63333333333334,391.3666666666667,324.8,821.8
"Giraldo Diaz, Juan David",COL,Male,M30-34,85.71666666666667,389.1166666666667,325.9,821.8166666666667
"Lundblad, Erica",USA,Female,F30-34,85,421.0833333333333,280.9,821.9333333333333
"Rigney, Abigail",USA,Female,F30-34,74.18333333333334,402.46666666666664,322.98333333333335,822.0166666666667
"Hobbs, Thomas",USA,Male,M35-39,70.3,383,347.8333333333333,822.05
"Haefner, Jeremy",USA,Male,M60-64,69.38333333333334,387.6166666666667,337.43333333333334,822.15
"Beeson, Kirk",USA,Male,M40-44,83.16666666666667,352.8833333333333,364.1666666666667,822.2
"Alger, Tony",USA,Male,M45-49,79.13333333333334,352.26666666666665,369.81666666666666,822.2
"Mandap, Mac",PHL,Male,M40-44,102.18333333333334,358.85,343.8,822.25
"Doss, Leslie",USA,Female,F50-54,70.68333333333334,375.45,355.28333333333336,822.5166666666667
"Keithahn, Tim",USA,Male,M50-54,78.08333333333333,355.1333333333333,372.6333333333333,822.5833333333334
"Griffiths, Dilwyn",AUS,Male,M40-44,64.08333333333333,362.6333333333333,377.9,822.8
"Larreal, Willy",VEN,Male,M30-34,78.81666666666666,338.6,380.8,822.8333333333334
"Fox, Sheryl",USA,Female,F50-54,92.95,385.05,325.18333333333334,822.9
"Fraser, David",USA,Male,M35-39,84.33333333333333,380.8833333333333,338.3833333333333,823
"Van Deventer, Jan Jaap",NLD,Male,M50-54,73,335.76666666666665,396.15,823.0166666666667
"Rushing, Bill",USA,Male,M55-59,73.75,350.35,379.78333333333336,823.1
"Navas, Angel",ECU,Male,M50-54,94.63333333333334,450.15,247.15,823.4833333333333
"Barrie, Dave",CAN,Male,M55-59,75.91666666666667,394.1333333333333,342.26666666666665,823.4833333333333
"Bond, Michelle",USA,Female,F30-34,80.2,366.2,357.1666666666667,823.65
"Shulse, Jesse",USA,Male,M35-39,93.5,370.7,341.8833333333333,823.6833333333333
"Hale, Jess",USA,Female,F35-39,90.88333333333334,392.75,322.5833333333333,823.7166666666667
"Shakal, Erica",USA,Female,F25-29,84.65,406.9166666666667,309.78333333333336,823.8
"Malam, Curt",USA,Male,M50-54,75.48333333333333,376.96666666666664,351.23333333333335,823.9833333333333
"White, Suzanne",USA,Female,F25-29,90.98333333333333,386.68333333333334,330.7,824.35
"Jackson, Sean",USA,Male,M35-39,75.43333333333334,375.71666666666664,342.1,824.5333333333333
"Hoorn, Matias",ARG,Male,M35-39,99.33333333333333,386.93333333333334,320.35,824.6333333333333
"Sherlin, Shanelle",USA,Female,F25-29,80.16666666666667,387.8,339.1666666666667,824.8166666666667
"Benzer, Josh",USA,Male,M45-49,67.18333333333334,383.4,356.5,825.15
"McCarter, J. Christian",USA,Male,M45-49,97.2,351.3833333333333,357.8,825.2333333333333
"Little, Craig",USA,Male,M35-39,92.18333333333334,351.8,365.9166666666667,825.8166666666667
"Sandoval, Luis",GTM,Male,M40-44,71.56666666666666,342.6333333333333,394.1166666666667,825.8166666666667
"Carpani, Nicole",CAN,Female,F40-44,73.4,386.55,348.21666666666664,825.8666666666667
"Sawhney, Gabriel",USA,Male,M25-29,80.06666666666666,427.9166666666667,293.1166666666667,825.9166666666666
"Ness, Kirsten",USA,Female,F55-59,82.48333333333333,382.06666666666666,342.35,825.9666666666667
"Gallagher, Sean",USA,Male,M45-49,76.95,361.0833333333333,366.31666666666666,826
"Larralde, Ronnie",USA,Male,M35-39,75.43333333333334,387.85,338.1166666666667,826.0333333333333
"Warm, Darlene",USA,Female,F40-44,84.01666666666667,409.8833333333333,300.76666666666665,826.05
"Venticinque, Rebecca",USA,Female,F40-44,73.13333333333334,358.8333333333333,378.5833333333333,826.15
"Crisostomo, Kristoffer",PHL,Male,M30-34,73.8,395.73333333333335,337.9166666666667,826.2
"Arey, Samuel",USA,Male,M25-29,81.6,397.7,321.81666666666666,826.2333333333333
"Lemahieu, Devin",USA,Male,M45-49,81.73333333333333,345.71666666666664,382.35,826.2666666666667
"East, Nikki",USA,Female,F35-39,76.5,376.8833333333333,352.06666666666666,826.3833333333333
"Tijerina, Lori",USA,Female,F40-44,91.05,408.96666666666664,310.3,826.5333333333333
"Dayvolt, Adam",USA,Male,M40-44,88.3,357.26666666666665,351.45,826.6166666666667
"Zegarra Coronado, Arturo Leonardo",PER,Male,M45-49,71.43333333333334,381.75,341.73333333333335,826.6666666666666
"McCreary, George",USA,Male,M60-64,79.7,345.68333333333334,386.6,826.6833333333333
"Sawicki, Scott",USA,Male,M55-59,86.21666666666667,420.4166666666667,291.98333333333335,826.75
"Sage, Mathieu",FRA,Male,M40-44,71.6,362.48333333333335,370.18333333333334,826.8833333333333
"McCormick, Renee",USA,Female,F50-54,101.21666666666667,395.81666666666666,308.3833333333333,827.1666666666666
"Green, John",USA,Male,M55-59,73.53333333333333,383.93333333333334,346.5833333333333,827.1833333333333
"Cox, Heidi",USA,Female,F50-54,79.11666666666666,404.53333333333336,323.6166666666667,827.2833333333333
"Brock, Angel",USA,Female,F45-49,81.36666666666666,409.71666666666664,311.51666666666665,827.45
"Lampert, Jeffrey",USA,Male,M50-54,92.46666666666667,404.43333333333334,303.8833333333333,827.5666666666667
"Parnica, Radek",CZE,Male,M40-44,62.06666666666667,422.65,318.31666666666666,827.9666666666667
"Mauch, Hilary",USA,Female,F35-39,82.01666666666667,409.1333333333333,323.15,827.9666666666667
"Brugos, Daniel",USA,Male,M55-59,86.73333333333333,325.95,374.0833333333333,828.1166666666667
"Teszler, Sudie",USA,Female,F50-54,94.35,374.3666666666667,341.4166666666667,828.2
"Bore Bacigaluppi, Gustavo Ignacio",CHL,Male,M25-29,71.33333333333333,361.8333333333333,376.65,828.6166666666667
"Dattolo, Sherry",USA,Female,F45-49,99.98333333333333,399.18333333333334,310.8,828.75
"Henhoeffer, Thomas",CAN,Male,M30-34,76.25,380.03333333333336,351.81666666666666,828.9166666666666
"Porter, Ray",USA,Male,M50-54,77.75,402.95,315.55,828.9666666666667
"Bourdin, Julien",FRA,Male,M30-34,103.75,367.15,334,829.0666666666667
"Jovane, Ricardo",PAN,Male,M35-39,90.86666666666666,359.9,360.9166666666667,829.2833333333333
"Lawrence, Sam",USA,Male,M60-64,78.83333333333333,379.05,355.3833333333333,829.45
"Simmons, Jecoa",USA,Male,M40-44,64.6,335.96666666666664,416.3333333333333,829.5333333333333
"Amend, Jennifer",USA,Female,F45-49,78.96666666666667,366.1666666666667,372.6,829.8666666666667
"Sparer, Andreas",ITA,Male,M35-39,71.18333333333334,389.51666666666665,352.3833333333333,830.0833333333334
"Boudreaux, Daniel",USA,Male,M45-49,79.68333333333334,342.55,388.98333333333335,830.0833333333334
"Artman, Paul",USA,Male,M45-49,74.43333333333334,365.26666666666665,371.0833333333333,830.1333333333333
"Guerrero, Jorge",PER,Male,M45-49,94.61666666666666,416.35,294.98333333333335,830.3666666666667
"Baier, Moritz",DEU,Male,M30-34,84.08333333333333,397.76666666666665,324.28333333333336,830.7833333333333
"Sass, Jeffery",USA,Male,M40-44,77.88333333333334,378.81666666666666,360.4,830.9333333333333
"Benavides, Luis",USA,Male,M30-34,87.05,412.8833333333333,311.81666666666666,831.05
"Morton, Sharie",USA,Female,F55-59,86.86666666666666,400.46666666666664,329.05,831.2
"Cummings, Daniel",CYM,Male,M40-44,71.31666666666666,328.18333333333334,413.45,831.5
"Donovan, Sinead",IRL,Female,F45-49,88.06666666666666,395.26666666666665,325.4,831.6
"Gordley, Brandon",USA,Male,M35-39,87.63333333333334,395.26666666666665,330.4166666666667,831.7333333333333
"Halpin, Michael",USA,Male,M50-54,79.31666666666666,373.98333333333335,356.5833333333333,831.75
"Greenhalgh, Brett",USA,Male,M50-54,77.25,366.9,363.05,831.75
"Hussey, James",USA,Male,M30-34,68.2,361.48333333333335,387.1333333333333,832.0166666666667
"Roy, Tonya",USA,Female,F45-49,90.81666666666666,382.1,341.7,832.0333333333333
"Jones, Benjamin",USA,Male,M25-29,90.1,402.81666666666666,314.43333333333334,832.15
"Bowles, Bryan",USA,Male,M50-54,84.86666666666666,373.1,351.75,832.2833333333333
"Zavertnik, Rob",USA,Male,M25-29,81.3,410.0833333333333,316.9,832.6666666666666
"Peterman, Bill",USA,Male,M55-59,75.73333333333333,334.65,401.18333333333334,832.7
"Knight, Sharon",GBR,Female,F40-44,92.18333333333334,414.3,290.31666666666666,832.7166666666667
"Teague, Kenny",USA,Male,M60-64,102.5,369.48333333333335,339.4,832.9333333333333
"Holmes, Stephen",USA,Male,M50-54,71.73333333333333,386.5,354.85,833.0333333333333
"Matthews, John",USA,Male,M30-34,100.38333333333334,398.8,305.3333333333333,833.2
"Millsaps, Jason",USA,Male,M35-39,81.51666666666667,390.1666666666667,342.9,833.4
"Puchalski, Jonathan",USA,Male,M45-49,84.13333333333334,358.8,365.6,833.4833333333333
"Whitlock, Eddie",USA,Male,M18-24,82.68333333333334,463.26666666666665,263.3,833.5166666666667
"Altera, Barbara",USA,Female,F50-54,83.06666666666666,419.81666666666666,302.01666666666665,833.6666666666666
"Rustay, Glenn",USA,Male,M45-49,86.63333333333334,383.56666666666666,330,833.6833333333333
"Peterson, Greg",USA,Male,M50-54,76.55,334.18333333333334,404.5833333333333,833.7333333333333
"Paul, Joby",IND,Male,M35-39,104.01666666666667,417.45,284.03333333333336,833.8333333333334
"Liebert, Janine",USA,Female,F40-44,97.91666666666667,407.51666666666665,284.4,833.9833333333333
"Tilatti, Michael",CAN,Male,M30-34,96.9,396.46666666666664,304.9166666666667,834.0166666666667
"Seaton, Matt",USA,Male,M45-49,85.15,400.78333333333336,331.56666666666666,834.0166666666667
"Chapman, Jonathan",USA,Male,M30-34,89.85,361.8333333333333,359.55,834.1
"Schofield, Jessica",USA,Female,F35-39,73.96666666666667,380.5,357.8833333333333,834.1166666666667
"Rivera, Jonah",PHL,Male,M40-44,97.48333333333333,392.0833333333333,326.6666666666667,834.1833333333333
"Rivera, Mark",PHL,Male,M35-39,79.86666666666666,357.03333333333336,369.35,834.1833333333333
"Radd, Tuesday",USA,Female,F45-49,85.5,386.71666666666664,336.1166666666667,834.25
"Randall, Glen",USA,Male,M45-49,64.75,349.15,401.18333333333334,834.5333333333333
"Lavin, Tom",USA,Male,M55-59,71.6,407.25,312.06666666666666,834.5666666666667
"Graae, Maja",DNK,Female,F35-39,112.9,379.53333333333336,325.8333333333333,834.9166666666666
"Conklin, Derek",USA,Male,M40-44,85.75,387.0833333333333,342.81666666666666,835.0333333333333
"Gray, David",USA,Male,M60-64,78.98333333333333,397.23333333333335,337.05,835.3833333333333
"Mallery, Kevin",USA,Male,M55-59,73.28333333333333,356.6666666666667,389.8666666666667,835.3833333333333
"Kazo, Suzanne",USA,Female,F45-49,71.25,390.6666666666667,352.1,835.6333333333333
"Liedy, Jeffrey",USA,Male,M50-54,70.73333333333333,440.6,306.1666666666667,835.6666666666666
"Liedy, Savanna",USA,Female,F18-24,70.73333333333333,440.5833333333333,306.18333333333334,835.6833333333333
"Greer, Richard",USA,Male,M25-29,71.05,401.15,345.71666666666664,835.85
"Guzzetti, Massimiliano",ITA,Male,M35-39,92.43333333333334,374.06666666666666,354.3666666666667,835.85
"Paul, John",USA,Male,M45-49,85.33333333333333,377.75,353.7,835.9333333333333
"Parra, Rachelle",USA,Female,F35-39,105.91666666666667,401.46666666666664,298.81666666666666,836.1333333333333
"Cluff, Donovan",USA,Male,M30-34,81.43333333333334,381.8833333333333,348.1333333333333,836.35
"Vickers, Kelvin",USA,Male,M55-59,87.03333333333333,409.25,326.73333333333335,836.4333333333333
"Wade, Cris",USA,Female,F45-49,75.4,359.73333333333335,382.06666666666666,836.5
"Gilstrap, Mark",USA,Male,M40-44,66.91666666666667,334.2,420.76666666666665,836.7333333333333
"Borja, Richwood",USA,Male,M40-44,105.88333333333334,361.6,346.75,836.7666666666667
"Griffith, Scott",USA,Male,M40-44,83.93333333333334,352.6166666666667,372,837.2
"Martinez, Daniel",MEX,Male,M35-39,80.26666666666667,388.43333333333334,344.1666666666667,837.2166666666667
"Bell, Deann",USA,Female,F45-49,84.35,388.8,340.6666666666667,837.35
"Wagenbach, Kurt",USA,Male,M45-49,83.4,377.9166666666667,353.55,837.4166666666666
"Lauture, Jean-Paul",FRA,Male,M45-49,98.66666666666667,387.18333333333334,324.1166666666667,837.45
"Sayre, Matthew",USA,Male,M18-24,90.7,448.5,278.5,837.5666666666667
"Rinderer, Sandra",USA,Female,F65-69,84.11666666666666,397.46666666666664,335.18333333333334,837.7
"Shields, Tricia",USA,Female,F55-59,63.96666666666667,380.6,372.8833333333333,837.8166666666667
"May, Shane",USA,Male,M40-44,74.45,355.46666666666664,389.45,837.8333333333334
"Twardowski, Mandy",USA,Female,F25-29,77.45,377.45,372.03333333333336,837.9333333333333
"Rodriguez, Nelson",USA,Male,M60-64,91.88333333333334,379.8833333333333,346.6,838.95
"Ward, Lisa",USA,Female,F40-44,77.35,393.71666666666664,350.4,839.0833333333334
"Dun, Alec",CAN,Male,M45-49,83.78333333333333,379.1666666666667,354.73333333333335,839.1166666666667
"Stanton, Laurie",USA,Female,F50-54,91.78333333333333,409.7,312.15,839.2333333333333
"Hedger, Keith",USA,Male,M45-49,91.38333333333334,410.5833333333333,323.96666666666664,839.3166666666667
"Robenhymer, Debra",USA,Female,F45-49,73.18333333333334,433.6,312.6666666666667,839.35
"Muckley, Dani",USA,Female,F30-34,72.85,433.4166666666667,311.98333333333335,839.45
"Stone, Cameron",USA,Male,M45-49,100.43333333333334,387.81666666666666,331.25,839.4833333333333
"Quek, Alvin",SGP,Male,M30-34,85.65,410.4166666666667,316.3,839.7
"Calara, Jessie Jay",PHL,Male,M40-44,89.25,380.0833333333333,339.3833333333333,840
"Siy, Tyron",PHL,Male,M25-29,83.26666666666667,374.76666666666665,357.43333333333334,840.0166666666667
"Carvalhal, Luiz Otavio",BRA,Male,M50-54,87.98333333333333,399.31666666666666,332.4,840.0333333333333
"Godsey, Roger",USA,Male,M55-59,85.4,371.23333333333335,360.81666666666666,840.05
"Fonseca-Lugo, Elias",PRI,Male,M35-39,89.48333333333333,369.81666666666666,359.1666666666667,840.0666666666667
"White, Jason",USA,Male,M35-39,87.63333333333334,391.3,341.1333333333333,840.4333333333333
"Denning, Clay",USA,Male,M45-49,86.03333333333333,386.01666666666665,351.35,840.45
"Young, Stephen",USA,Male,M40-44,76.71666666666667,356.5,386.4,840.65
"Mayotte, Philip",USA,Male,M30-34,80.4,365.6666666666667,368.6666666666667,840.75
"Adelson, Julie",USA,Female,F50-54,80.43333333333334,379.8,354.51666666666665,841.1333333333333
"Ostendorf, Vicki",USA,Female,F50-54,75.28333333333333,412.5833333333333,333.56666666666666,841.4666666666667
"Cossack, David",USA,Male,M50-54,74.35,412.68333333333334,337.35,841.4833333333333
"Bertels, Ria",USA,Female,F50-54,85.61666666666666,402.3833333333333,332.26666666666665,841.65
"King, David",USA,Male,M55-59,78.8,400.01666666666665,334.53333333333336,842.3166666666667
"King, Sarah",USA,Female,F25-29,79.78333333333333,401.81666666666666,334.53333333333336,842.3833333333333
"Nash, Mark",USA,Male,M55-59,87.35,371,349.93333333333334,842.65
"Ramirez, Harrym",COL,Male,M35-39,96.33333333333333,389.48333333333335,340.98333333333335,842.8666666666667
"Warner, Chip",USA,Male,M45-49,71.75,371.21666666666664,375.28333333333336,843.0666666666667
"Hills, David",GBR,Male,M45-49,96.9,372.26666666666665,354.0833333333333,843.2833333333333
"Frisby, Margarett",USA,Female,F25-29,63.916666666666664,385.96666666666664,360.76666666666665,843.45
"Drury, Brad",USA,Male,M55-59,99.21666666666667,355.8833333333333,356.6666666666667,843.4833333333333
"Genestn, David",CAN,Male,M40-44,82.41666666666667,356.8,382.15,843.5333333333333
"Famador, Paul",PHL,Male,M40-44,91.81666666666666,434.78333333333336,292.28333333333336,843.5666666666667
"Gour, Sanjay",SGP,Male,M40-44,98.76666666666667,399.18333333333334,319.8833333333333,843.7
"Pieper, Lauren",USA,Female,F45-49,93.35,410.73333333333335,321.75,844.1166666666667
"Riseling, Micaela",USA,Female,F45-49,93.3,378.8833333333333,350.75,844.3166666666667
"Apple, Chris",USA,Male,M50-54,71.53333333333333,359.98333333333335,391.01666666666665,844.3333333333334
"Wilson, Paul",GBR,Male,M35-39,81.66666666666667,374.3666666666667,366.35,844.5
"Ruffin, Stephen",USA,Male,M55-59,83.01666666666667,393.53333333333336,350.9166666666667,844.5333333333333
"Dyrkacz, Richard",CAN,Male,M30-34,91.68333333333334,394.1166666666667,340.26666666666665,844.8666666666667
"Cambi, Matthew",USA,Male,M40-44,81.7,378.9,365.6166666666667,844.9166666666666
"Stolzenburg, Matthew",USA,Male,M45-49,91.13333333333334,360.68333333333334,378.1666666666667,845.05
"Marquis, Karine",CAN,Female,F40-44,84.95,422.68333333333334,320.18333333333334,845.6333333333333
"Teson, Joe",USA,Male,M40-44,75.75,373.81666666666666,370.4,845.7
"Seijo, Julio",USA,Male,M40-44,88.91666666666667,376.23333333333335,356.51666666666665,845.8333333333334
"Oleary, Ryan",USA,Male,M45-49,73.43333333333334,357.76666666666665,397.5833333333333,845.9333333333333
"Sickels, Jonathan",USA,Male,M45-49,82.21666666666667,406.85,330.8666666666667,846.05
"Spieth, Zack",USA,Male,M35-39,81.36666666666666,394.9166666666667,344.98333333333335,846.2
"Predki, Nicholas",USA,Male,M18-24,80.1,374.81666666666666,372.3,846.25
"Conley, Dwayne",USA,Male,M50-54,90.16666666666667,357.23333333333335,369.03333333333336,846.2666666666667
"Fleet, Sarah",USA,Female,F30-34,87.8,419.5,321.85,846.4166666666666
"Paurowski, Melissa",USA,Female,F35-39,87.8,419.51666666666665,321.8666666666667,846.4166666666666
"Brown, Carla",USA,Female,F35-39,82.35,401.98333333333335,336.0833333333333,846.5166666666667
"Hoelscher, Ryan",USA,Male,M40-44,92.41666666666667,377.23333333333335,356.1,846.55
"Cown, Andrew",USA,Male,M30-34,68.15,330.6166666666667,425.65,847.1
"Ott, Gregory",USA,Male,M50-54,70.81666666666666,415.03333333333336,340.96666666666664,847.4
"Yang, Peng",CHN,Male,M35-39,73.2,362.06666666666666,393.3,847.6
"Watson, David",USA,Male,M55-59,74.15,356.96666666666664,401.46666666666664,847.7
"Santiago, Ricardo",USA,Male,M40-44,93.58333333333333,388.93333333333334,347.46666666666664,848.6666666666666
"Mendez, Alex",USA,Male,M45-49,72.68333333333334,349.5,344.26666666666665,848.9
"McHendry, Carolyn",USA,Female,F30-34,88.01666666666667,403.6333333333333,334.68333333333334,849
"Cultreri, Jasha",USA,Male,M65-69,79.21666666666667,394.0833333333333,345.18333333333334,849.1166666666667
"Leech, Natesr",USA,Male,M65-69,61.68333333333333,395.53333333333336,371.31666666666666,849.4833333333333
"Campos, Jayson",CAN,Male,M30-34,71.85,345.85,416.81666666666666,849.55
"Whetstone, Michael",USA,Male,M60-64,81.11666666666666,399.78333333333336,342.9166666666667,849.65
"Chen, Xi",CHN,Male,M25-29,85.11666666666666,413.3333333333333,331.8666666666667,850.0166666666667
"Zeidman, Brian",USA,Male,M50-54,101.05,385.8333333333333,336.68333333333334,850.0833333333334
"St. John, Sheri",USA,Female,F45-49,69.18333333333334,399.5833333333333,357.9,850.0833333333334
"Zepp, Kevin",USA,Male,M60-64,73.06666666666666,311.7,452.9,850.1333333333333
"Spicer, Heather",USA,Female,F40-44,92.3,399.23333333333335,334.9166666666667,850.6333333333333
"Caws, Steve",CAN,Male,M65-69,97.5,377.73333333333335,343.81666666666666,850.6666666666666
"Usry, Suzy",USA,Female,F35-39,102.95,405.4166666666667,312.9,850.95
"Leung, Kevin",USA,Male,M40-44,115.56666666666666,379.51666666666665,330.96666666666664,851.25
"Crossett, Jimmy",USA,Male,M60-64,103.76666666666667,378.56666666666666,352.6,851.2833333333333
"Gines, Katherine",USA,Female,F50-54,83.35,418.75,325.06666666666666,852.3
"Goto, Manami",JPN,Female,F45-49,90.81666666666666,415.21666666666664,321.96666666666664,852.55
"Mann, David",AUS,Male,M45-49,74.41666666666667,409.31666666666666,331.93333333333334,852.8166666666667
"Walsh, Thomas",USA,Male,M25-29,84.86666666666666,464.43333333333334,280.31666666666666,853.0333333333333
"Miller, Donna",USA,Female,F55-59,76.36666666666666,400.65,353.9166666666667,853.2333333333333
"Obeid, Frank",PSE,Male,M55-59,94.81666666666666,374.6333333333333,360.05,853.2666666666667
"Habner, Juergen",DEU,Male,M60-64,81.83333333333333,391.78333333333336,357.55,853.35
"Sierpina, Joe",CAN,Male,M40-44,72.56666666666666,392.6166666666667,369.25,853.5166666666667
"Topper, Tiffany",USA,Female,F25-29,78.48333333333333,372.6333333333333,373.1333333333333,853.55
"Castaldo, Vince",USA,Male,M55-59,90.41666666666667,382.25,353.48333333333335,853.8333333333334
"Overton, Karl",USA,Male,M50-54,92.93333333333334,374.45,359.46666666666664,853.8666666666667
"Fager, Jaime",USA,Male,M35-39,102.6,400.3666666666667,325.26666666666665,854.2166666666667
"Fleeman, Shane",USA,Male,M50-54,78.01666666666667,390.03333333333336,353.1,854.3833333333333
"Baluga, Mark",USA,Male,M35-39,83.75,389.23333333333335,363.31666666666666,854.7666666666667
"Mikesell, Patrick",USA,Male,M60-64,71.86666666666666,380.0833333333333,383.8333333333333,854.7666666666667
"Witkin, Anna",USA,Female,F25-29,77.6,399.1666666666667,348.76666666666665,854.8666666666667
"Tooker, Mark",USA,Male,M40-44,75.53333333333333,334.51666666666665,423.3666666666667,855.0833333333334
"Parsons, Renee",USA,Female,F55-59,95.26666666666667,381.26666666666665,356.8333333333333,855.2
"Frankenburg, Erik",USA,Male,M50-54,76.81666666666666,377.15,383.6,855.2166666666667
"Mackie, Meghan",USA,Female,F30-34,65.2,405.23333333333335,367.8,855.5
"Cotton, Jimmy Wade",USA,Male,M45-49,102.06666666666666,407.95,317.0833333333333,855.5666666666667
"Santamaria, Juan",COL,Male,M45-49,79.83333333333333,324.45,437.5,856
"Lankford, John",USA,Male,M45-49,88.46666666666667,387.45,358.3666666666667,856.0166666666667
"Pennau, Travis",USA,Male,M45-49,75.6,389.8333333333333,373.48333333333335,856.2
"Schaben, Chris",USA,Male,M40-44,92.85,392.06666666666666,352.6,856.6166666666667
"Wojtowicz, Robert",CAN,Male,M40-44,73.31666666666666,345.28333333333336,416.65,856.7
"Bourgeois, Elizabeth",USA,Female,F25-29,62.016666666666666,399.4,377.28333333333336,856.9166666666666
"Ballard, Nathan",USA,Male,M40-44,86.66666666666667,412.15,326.31666666666666,856.95
"Garrison, Nathan",USA,Male,M40-44,81.95,406.03333333333336,337.01666666666665,857.0166666666667
"Diener, Richard",USA,Male,M40-44,77.8,382.95,375.6333333333333,857.0166666666667
"Salyers, Marinda",USA,Female,F35-39,97.51666666666667,414.5833333333333,320.8666666666667,857.3
"Pratt, Shawn",USA,Male,M35-39,84.56666666666666,435.03333333333336,310.85,857.7666666666667
"Branson, Laura",CAN,Female,F40-44,93.58333333333333,456.6333333333333,286.21666666666664,858.4
"Murphy, Rick",USA,Male,M55-59,94.35,388.25,356.51666666666665,858.7833333333333
"Collins, Gary",USA,Male,M40-44,80.3,384.3666666666667,372.81666666666666,858.85
"Suarez Castillo, Antonio",COL,Male,M25-29,86.48333333333333,424.3,315.3,858.8833333333333
"Galvin, Kevin",USA,Male,M60-64,77.93333333333334,390.68333333333334,359.8833333333333,858.9833333333333
"Blazevich, Lisa",USA,Female,F45-49,82.43333333333334,365.8833333333333,388.35,858.9833333333333
"Mallari, Ryan",PHL,Male,M40-44,101.28333333333333,379.75,358.15,859.4166666666666
"Govier, Steve",CAN,Male,M50-54,84.33333333333333,341.5,411.8833333333333,859.5166666666667
"Rahilly, Sarah",USA,Female,F40-44,89.4,394.3666666666667,354.6333333333333,859.5666666666667
"Avalos, Angel",MEX,Male,M50-54,103.85,349.31666666666666,386.45,859.7166666666667
"Galbreath, Brendan",USA,Male,M45-49,70.75,357.7,415.1333333333333,859.75
"Matthews, Will",USA,Male,M60-64,86.86666666666666,402.8666666666667,332.0833333333333,859.8833333333333
"Guerrero, Patricia",MEX,Female,F35-39,101.43333333333334,391.0833333333333,345.3,860.1
"Cleve, Tristen",USA,Male,M35-39,68.31666666666666,388.4,375.21666666666664,860.2666666666667
"Daly, James",USA,Male,M30-34,83.6,382.48333333333335,362.43333333333334,860.3166666666667
"Graff, Ronda",USA,Female,F45-49,98.46666666666667,394.71666666666664,348.25,860.6333333333333
"Eckermann, Ashley",USA,Female,F35-39,73.81666666666666,401.7,367.56666666666666,860.8666666666667
"Hankus, Lindsay",USA,Female,F35-39,79.63333333333334,427.73333333333335,328.21666666666664,861.0833333333334
"Limer, Daniel",USA,Male,M50-54,85.26666666666667,436.6166666666667,315.98333333333335,861.1333333333333
"Goldsmith, Derek",USA,Male,M30-34,92.58333333333333,399.8333333333333,348.96666666666664,861.75
"Savaria, Nathalie",CAN,Female,F50-54,85.31666666666666,419.23333333333335,325.71666666666664,862.2666666666667
"Cantrill, Chris",GBR,Male,M50-54,81.48333333333333,403.3833333333333,346.21666666666664,862.3833333333333
"Couchey, Andrew",USA,Male,M30-34,90.41666666666667,398.5833333333333,358.6166666666667,862.4333333333333
"Coleman, Crystal",USA,Female,F50-54,89.98333333333333,410.15,337.7,862.8833333333333
"Brown, Jeff",USA,Male,M45-49,76.16666666666667,401.5,357.4,863.3
"Thomas, Aaron",USA,Male,M30-34,85.41666666666667,394.68333333333334,356.53333333333336,863.4666666666667
"Googins, Wendy",USA,Female,F45-49,83.15,420.35,332.71666666666664,863.7333333333333
"Iseberg, Cheryl",USA,Female,F50-54,85.75,381.28333333333336,379.71666666666664,863.85
"Kuehne, Michael",DEU,Male,M50-54,99.36666666666666,345.06666666666666,406.6666666666667,863.9
"Campbell, James",USA,Male,M55-59,85.36666666666666,406.7,354.01666666666665,863.9333333333333
"Young, Ron",USA,Male,M55-59,77.26666666666667,385.26666666666665,372.3666666666667,864.0833333333334
"Elliott, Dean",CAN,Male,M65-69,84.38333333333334,403.43333333333334,350.31666666666666,864.3333333333334
"Pasia, Emmanuel",PHL,Male,M35-39,83.85,401.3333333333333,355.8,864.5666666666667
"Debney, Rob",GBR,Male,M40-44,90.46666666666667,372.3833333333333,380.25,864.7666666666667
"Deviville, Jaco",PYF,Male,M50-54,74.01666666666667,426.25,344.1333333333333,864.8333333333334
"Foskey, Sandra",USA,Female,F50-54,88.31666666666666,378.1333333333333,374.96666666666664,864.9333333333333
"Contreras, Juan",COL,Male,M25-29,91.4,409.25,342.4,865.5666666666667
"Pruitt, Robin",USA,Female,F25-29,97.9,441.9166666666667,305.78333333333336,865.6833333333333
"Harris, John",USA,Male,M40-44,93.61666666666666,421.25,332.9166666666667,865.7333333333333
"Minchew, Brad",USA,Male,M45-49,78.01666666666667,423.1666666666667,345.9166666666667,865.7666666666667
"Chejlyk, Sheri",USA,Female,F50-54,80.68333333333334,380.3666666666667,377.8333333333333,865.8833333333333
"Adams, Margaret",USA,Female,F30-34,76.68333333333334,431.05,328.9,866.1166666666667
"Benson, Shane",USA,Male,M45-49,84.53333333333333,414.43333333333334,328.51666666666665,866.1833333333333
"Jerome, William",USA,Male,M45-49,84.58333333333333,414.51666666666665,328.51666666666665,866.2333333333333
"Hermansen, Paul",USA,Male,M45-49,84.9,347.0833333333333,410.56666666666666,866.3666666666667
"Hajdik, Mark",USA,Male,M30-34,93.36666666666666,394,343.76666666666665,866.5
"Sordelet, Stephanie",USA,Female,F40-44,96.21666666666667,374.51666666666665,374.81666666666666,866.6333333333333
"Tsamas, Constantine",USA,Male,M25-29,80.05,421.3833333333333,344.96666666666664,866.8
"Schwamberg, Jonatan",SWE,Male,M30-34,112.8,359,367.3,866.85
"Dhadiala, Nadya",USA,Female,F35-39,85.18333333333334,381.9,384.28333333333336,867.0666666666667
"Lenhardt, Sonja",AUT,Female,F50-54,83.98333333333333,387.8833333333333,375.8666666666667,867.4833333333333
"Pando, Enrique",PER,Male,M50-54,95.76666666666667,423.56666666666666,327.43333333333334,867.9
"Blanke, Jayla",USA,Female,F18-24,89.86666666666666,440.05,310.2,868.2333333333333
"Teixeira, Rafael",BRA,Male,M30-34,71.16666666666667,349.5,426.3666666666667,868.35
"Mitchell, Wade",USA,Male,M45-49,94.85,399.85,356.23333333333335,868.4333333333333
"Westerman, Russ",USA,Male,M50-54,83.68333333333334,414.68333333333334,340.6333333333333,868.45
"Furrer, Will",USA,Male,M45-49,66.16666666666667,376.31666666666666,399.01666666666665,868.6666666666666
"Mioduszewski, Jessica",USA,Female,F35-39,76.63333333333334,411.9166666666667,358.3666666666667,869.0333333333333
"Peltier, Sharron",USA,Female,F45-49,84.2,394.26666666666665,364.31666666666666,869.05
"Ferree, Nicholas",USA,Male,M25-29,73.13333333333334,398.9166666666667,376.55,869.15
"Cazzola, Franco",CAN,Male,M55-59,94.65,407.8833333333333,346.28333333333336,869.1833333333333
"Brenny, Ryan",USA,Male,M45-49,96.06666666666666,392.65,349.4166666666667,869.3
"Dones, Anthony",USA,Male,M35-39,83.26666666666667,396.01666666666665,369.6333333333333,869.4166666666666
"Dambacher, Cyndi",USA,Female,F45-49,89,381.46666666666664,375.8,869.5833333333334
"Crawford, Tim",USA,Male,M50-54,101.28333333333333,405.18333333333334,332.98333333333335,869.7
"Stengel, Charles",USA,Male,M60-64,81.23333333333333,375.1333333333333,386.35,869.8333333333334
"Menichetti, Rinaldo",BEL,Male,M25-29,99.18333333333334,380.0833333333333,375.06666666666666,869.8666666666667
"Middleton, Carolyn",USA,Female,F45-49,93.68333333333334,427.53333333333336,325.95,870.0833333333334
"Barajas, Martin",USA,Male,M35-39,75.41666666666667,396.4,367.48333333333335,870.3
"Ampuku, Sakito",JPN,Male,M45-49,86.51666666666667,402.1666666666667,360,870.3833333333333
"Hacker, David",USA,Male,M55-59,99.75,375.1166666666667,368.31666666666666,870.5166666666667
"Wieck, Robert",USA,Male,M40-44,87.68333333333334,380.6,375.06666666666666,870.7
"Smith, John",USA,Male,M55-59,71.65,419.6333333333333,342.35,870.7166666666667
"Westervelt, Ron",USA,Male,M45-49,90.35,387.9,372,870.8333333333334
"Jennelle, Margie",USA,Female,F55-59,77.76666666666667,410.85,356.1666666666667,871.2333333333333
"Summers, Julian",ZAF,Male,M40-44,88.5,432.51666666666665,332.01666666666665,871.75
"Casto, Janet",USA,Female,F55-59,82.55,421.1333333333333,351.25,871.8833333333333
"Furiate, Timothy",USA,Male,M50-54,94.66666666666667,348.35,400.6333333333333,872.1
"Willis, Michael",USA,Male,M55-59,77.45,410.43333333333334,363.55,872.1333333333333
"Cardenas, Eduardo",MEX,Male,M55-59,90.25,363.45,395.75,872.4333333333333
"Humes, Michelle",USA,Female,F45-49,71.55,420.78333333333336,359.5,872.5333333333333
"Pledger, Jonathan",USA,Male,M40-44,70.83333333333333,384.35,395.8833333333333,872.6833333333333
"Penny, Shaun",USA,Male,M35-39,82.91666666666667,398.31666666666666,368.31666666666666,872.8333333333334
"Nassrat, Ahmed",CAN,Male,M30-34,98.91666666666667,403.68333333333334,346.9166666666667,872.9
"Crist, Kim",USA,Female,F60-64,89.15,409.9,352.75,873.05
"Short, Brett",CAN,Male,M30-34,99.23333333333333,427.81666666666666,324.0833333333333,873.25
"Valois, Louise",USA,Female,F55-59,70.5,410.8833333333333,370.6333333333333,873.3
"Paquette, Nicholas",USA,Male,M45-49,74.86666666666666,405.0833333333333,368.8333333333333,873.3166666666667
"Gadalla, David",USA,Male,M40-44,72.78333333333333,384.8833333333333,386.23333333333335,873.4833333333333
"Sepulveda, Angelly",COL,Female,F35-39,78.71666666666667,431.1166666666667,340.75,873.6166666666667
"McDonough, Peter",USA,Male,M45-49,69.55,378.28333333333336,397.06666666666666,873.6333333333333
"Murphy, Holly",USA,Female,F40-44,88.76666666666667,467.5,289.85,873.9
"Saldana, Mariano",ARG,Male,M40-44,82.43333333333334,423.76666666666665,336.6,873.9666666666667
"Curley, Terry",CAN,Male,M50-54,77.71666666666667,366.81666666666666,405.93333333333334,874
"Aguilar, Jose",USA,Male,M40-44,81.46666666666667,417,358.43333333333334,874.0333333333333
"Tannahill, Darla",CAN,Female,F50-54,84.7,399.71666666666664,372.06666666666666,874.1833333333333
"Wragg, John",CAN,Male,M65-69,79.13333333333334,355.05,419.75,874.2333333333333
"Kowalczyk, Keith",USA,Male,M45-49,93.38333333333334,434.6166666666667,325.06666666666666,874.25
"Blanchard, Bart",USA,Male,M45-49,88.41666666666667,403.4,360.3833333333333,874.25
"Laflin, Shelley",USA,Female,F55-59,85.13333333333334,365.75,402.15,874.25
"Schroder, Lenka",CZE,Female,F35-39,76.88333333333334,464.43333333333334,315,874.55
"Hapgood, Catherine",USA,Female,F40-44,87.26666666666667,422.18333333333334,340.18333333333334,874.6666666666666
"Short, Katie",CAN,Female,F25-29,86.5,472.0833333333333,293,874.85
"Armstrong, Bryan",USA,Male,M45-49,84.46666666666667,358.68333333333334,390.1166666666667,874.8833333333333
"Lemmon, Holly",CAN,Female,F25-29,84.88333333333334,429.8,346.6333333333333,875.3166666666667
"Torres-Melendez, Carlos N.",PRI,Male,M35-39,77.7,393.26666666666665,372.68333333333334,875.3833333333333
"Theberge, Nathalie",CAN,Female,F50-54,81.33333333333333,383.23333333333335,393.56666666666666,875.55
"Bertie, Judy",CAN,Female,F60-64,91.21666666666667,419.96666666666664,339.48333333333335,875.5833333333334
"Banks, Mary",USA,Female,F45-49,90.6,392.28333333333336,367.95,875.65
"Penarroya, Alex",ESP,Male,M25-29,92.95,392.25,365.45,875.7666666666667
"Travis, Jason",USA,Male,M35-39,96.91666666666667,381.28333333333336,375.6666666666667,875.7666666666667
"McGladdery, Lisen",GBR,Female,F50-54,82.05,407.15,372.6166666666667,876.15
"White, Cristi",USA,Female,F45-49,83.56666666666666,386.65,389.5,876.3666666666667
"Sutherland, Richard",USA,Male,M55-59,77.66666666666667,422.71666666666664,341.6333333333333,876.45
"Calcinardi, Fulvio",USA,Male,M45-49,101.28333333333333,412.98333333333335,340.56666666666666,876.55
"O'Sullivan, Colette",CAN,Female,F40-44,70.08333333333333,423.3,360.1666666666667,876.6333333333333
"Jimenez, Sara",MEX,Female,F40-44,108.03333333333333,403.8833333333333,334.6,876.7166666666667
"Alonso, Manrique",CUB,Male,M60-64,92,386.55,370.85,876.9333333333333
"Beutler, Stan",USA,Male,M60-64,91.6,403.71666666666664,347.85,877.1166666666667
"Billingsley, Charles",USA,Male,M60-64,69,369.55,414.6666666666667,877.15
"Peterson, Bill",USA,Male,M65-69,78.46666666666667,373.3333333333333,404.1,877.35
"Kejner, Camilo",ARG,Male,M40-44,95.15,392.96666666666664,369.96666666666664,877.4
"Selvig, Blake",USA,Male,M25-29,90.98333333333333,413.6333333333333,347.6,877.6
"Ax, Stephen",USA,Male,M40-44,75.73333333333333,363.6,399.73333333333335,877.6
"McGuinness, Steve",USA,Male,M55-59,81.48333333333333,411.8833333333333,362.15,878.0333333333333
"Day, Donald",USA,Male,M45-49,91.71666666666667,362.5833333333333,391.76666666666665,878.4333333333333
"Mamikunian, Janet",USA,Female,F55-59,82.41666666666667,408.21666666666664,362.98333333333335,878.4666666666667
"Staub, Geoff",USA,Male,M45-49,94.35,392.6166666666667,358.05,878.4833333333333
"Fritz, Missy",USA,Female,F30-34,96.68333333333334,447.53333333333336,315.05,878.7333333333333
"Buhlman, Brett",USA,Male,M30-34,79.3,423.68333333333334,336.8833333333333,879.4333333333333
"Flynn, Jeffrey",USA,Male,M18-24,99.31666666666666,450.51666666666665,314.1666666666667,879.5
"Callahan, Readie",USA,Female,F30-34,90.18333333333334,400.9,359,879.5
"Buehner, Brett",USA,Male,M40-44,80.15,401.8,369.48333333333335,879.7
"Willis, Kelley",USA,Female,F50-54,81.9,392.23333333333335,382.93333333333334,879.85
"Day, Sarah",USA,Female,F40-44,92.71666666666667,394.1166666666667,378.9166666666667,879.9333333333333
"Klein, Shawn",USA,Male,M55-59,84.98333333333333,405.06666666666666,357.98333333333335,880.05
"Antoine, Lydie",FRA,Female,F45-49,80,391.4,390.71666666666664,880.0833333333334
"Wilson, Ted",USA,Male,M50-54,83.36666666666666,370.9166666666667,396.23333333333335,880.5
"Maxwell, Walt",USA,Male,M50-54,121.48333333333333,366.6333333333333,376.2,880.8833333333333
"Slemons, Brian",USA,Male,M35-39,96.91666666666667,365.48333333333335,398.3,880.9
"Merced, Kirby",PHL,Male,M30-34,97.7,424.95,337.73333333333335,880.9166666666666
"Morrison, Patrick",USA,Male,M45-49,86.15,381.21666666666664,388.96666666666664,880.9333333333333
"Dupree, David",USA,Male,M25-29,95.61666666666666,380.4166666666667,388.0833333333333,881.0666666666667
"Farrow, Tim",USA,Male,M55-59,82.13333333333334,420.06666666666666,347.55,881.75
"Carroll, Philip",USA,Male,M60-64,83.58333333333333,398.1666666666667,377.8833333333333,881.8166666666667
"Trew, Jason",USA,Male,M40-44,68.58333333333333,364.5833333333333,433.48333333333335,882.2166666666667
"Deleo, Anthony",USA,Male,M50-54,96,404.8666666666667,359.76666666666665,882.4166666666666
"Deleo, Kelly",USA,Female,F50-54,92.1,407.35,357.75,882.4333333333333
"Switzer, John",USA,Male,M30-34,92.1,436.9,325.1666666666667,882.4666666666667
"Vargas, Jeffry Benjamin",MEX,Male,M35-39,81.2,409.48333333333335,376.4166666666667,882.7333333333333
"Bradshaw, Mike",USA,Male,M45-49,103,388.31666666666666,371.1666666666667,882.95
"Kreutzer, James",USA,Male,M50-54,88.35,401.7,364.76666666666665,883.3833333333333
"Mason, Charlie",USA,Male,M45-49,94.35,387.81666666666666,377.21666666666664,883.4
"Balmaceda, Fernando",USA,Male,M45-49,94.46666666666667,377.6166666666667,388.18333333333334,884.2166666666667
"Bruno, Anthony",USA,Male,M50-54,108.46666666666667,424.9,321.51666666666665,884.5333333333333
"Payton, Wade",USA,Male,M50-54,88.5,374.1666666666667,399.31666666666666,884.5666666666667
"Kocher, Andre",USA,Male,M50-54,87.45,386.8333333333333,388.85,884.8166666666667
"Orlowski, Stephanie",USA,Female,F30-34,81.2,393.15,380.65,884.85
"Frederick, Joshua",USA,Male,M30-34,91.4,436.85,332.18333333333334,884.9833333333333
"Weddle, Megan",USA,Female,F40-44,89.46666666666667,426.71666666666664,344.48333333333335,885.2
"Robinson, Ray",USA,Male,M50-54,89.48333333333333,426.6666666666667,344.56666666666666,885.3
"Singleton, Leslie",USA,Female,F55-59,99.63333333333334,413.3666666666667,351.1,885.35
"Garland, Kim",USA,Male,M50-54,97.11666666666666,439.05,322.51666666666665,885.6333333333333
"Kotlowski, Timothy",USA,Male,M45-49,74.35,392.31666666666666,388.21666666666664,885.8166666666667
"Mineault, Annabelle",CAN,Female,F40-44,83.45,404.8833333333333,375.78333333333336,885.8833333333333
"Lulling, Mark",USA,Male,M55-59,85.11666666666666,380.26666666666665,397.25,886.2166666666667
"Briggs, Steve",USA,Male,M55-59,86.78333333333333,385.7,382.56666666666666,886.5166666666667
"Loffler, Gretchen",USA,Female,F45-49,83.2,446.55,331.3,886.6
"Lombardo, Steven",USA,Male,M35-39,81.85,409.53333333333336,380.76666666666665,886.6666666666666
"Berry, Jonathan",USA,Male,M45-49,89.25,388.95,381.0833333333333,886.6666666666666
"Glover, Michael",USA,Male,M50-54,84.45,422.28333333333336,362.25,887.0833333333334
"Li, Xiaojian",CHN,Male,M35-39,108.45,413.78333333333336,330.5833333333333,887.1833333333333
"Ehrman, Bradley",USA,Male,M35-39,86.43333333333334,395.35,385,887.2166666666667
"Tonkin, T.J.",USA,Male,M35-39,85.08333333333333,387.4,378.71666666666664,887.25
"Slaughter, Mike",USA,Male,M35-39,75.13333333333334,406.48333333333335,382.05,887.55
"Fischer, Chrissy",USA,Female,F40-44,102.95,439.71666666666664,321.21666666666664,887.6166666666667
"Peyton, Mark",USA,Male,M45-49,80.48333333333333,387.28333333333336,393.7,887.7166666666667
"Duncan, Miki",USA,Female,F40-44,83.6,420.28333333333336,353.55,888.55
"Lane, Susie",USA,Female,F50-54,92.4,426.46666666666664,335.6,888.7166666666667
"Muench, James",ATA,Male,M55-59,84.8,362.25,419.73333333333335,888.8166666666667
"Andrade, Tiago",BRA,Male,M35-39,65.96666666666667,363.03333333333336,443.43333333333334,888.8833333333333
"Hartwell, Ryan",USA,Male,M25-29,81,410.4,347.65,888.9333333333333
"Durham-Moore, Molly",USA,Female,F60-64,80.96666666666667,418.35,360.7,888.95
"Morris, Jill",USA,Female,F45-49,93.13333333333334,445.96666666666664,325.4,889.1666666666666
"Talley, Mike",USA,Male,M50-54,85.71666666666667,355.01666666666665,399.8666666666667,889.25
"Medina Oliveira, Tatiane",BRA,Female,F30-34,70.21666666666667,392.68333333333334,402.95,889.3666666666667
"Smart, Brian",USA,Male,M50-54,71.26666666666667,370.76666666666665,422.31666666666666,889.4166666666666
"Timcke, Carl",USA,Male,M50-54,81.11666666666666,384.6666666666667,396.1166666666667,889.6666666666666
"Sise, Joseph",USA,Male,M50-54,73.58333333333333,400.5833333333333,386.76666666666665,890.1166666666667
"Johnston, Chad",USA,Male,M40-44,91.41666666666667,392.21666666666664,381.45,890.1666666666666
"Kintz, Bob",USA,Male,M55-59,82.41666666666667,382.8666666666667,403.8833333333333,890.5166666666667
"Walsh, Sean",USA,Male,M40-44,77.06666666666666,394.68333333333334,394.76666666666665,890.8666666666667
"Branton, Ben",USA,Male,M50-54,76.73333333333333,430.93333333333334,362.1333333333333,890.9666666666667
"Davis, Taz Elizabeth",USA,Female,F50-54,104.25,418.8833333333333,329.71666666666664,891.1666666666666
"Modolo, Karly",CAN,Female,F18-24,76.78333333333333,406.5833333333333,393.6166666666667,891.2166666666667
"Bridgham, Gail",USA,Female,F55-59,88.55,426.6666666666667,351.96666666666664,891.4833333333333
"Mahn, Mike",USA,Male,M50-54,80.33333333333333,415.23333333333335,372.4166666666667,891.55
"Ferrell, Jody",USA,Male,M45-49,106.08333333333333,448.5,320.71666666666664,891.5666666666667
"Landreneau, Tiffany",USA,Female,F45-49,91.33333333333333,431.56666666666666,342.26666666666665,891.8
"Florek, Jerzy",USA,Male,M55-59,86.26666666666667,424.5,342.1166666666667,891.8166666666667
"Groffsky, Jeffrey",USA,Male,M55-59,75.88333333333334,417.73333333333335,372.3333333333333,892.2
"Erwin, Steve",USA,Male,M50-54,82.26666666666667,378.4,411.3666666666667,892.4333333333333
"Meuse, Lori",USA,Female,F40-44,94.9,427.68333333333334,337.01666666666665,892.5166666666667
"Dumas, Julia",USA,Female,F25-29,83.33333333333333,402.73333333333335,381.1666666666667,892.5666666666667
"McPherson, Robert",USA,Male,M45-49,80.9,411.1166666666667,373.55,892.85
"Duda, Ruthann",USA,Female,F50-54,104.16666666666667,418.55,334.98333333333335,893.0666666666667
"Phelps, Tyler",USA,Male,M30-34,84.33333333333333,387.1,395.48333333333335,893.2166666666667
"Tineo, Nicole",USA,Female,F35-39,85.73333333333333,423.56666666666666,363.78333333333336,894.0166666666667
"Budd, Dennis",USA,Male,M65-69,90.63333333333334,407,373.01666666666665,894.8833333333333
"Pope, James",USA,Male,M45-49,111.45,399.95,362.55,894.9333333333333
"Bryant, Steve",USA,Male,M50-54,94.86666666666666,418.1333333333333,356.65,895.3833333333333
"Watkins, Billy",USA,Male,M35-39,88.56666666666666,367.6333333333333,413,895.9666666666667
"Sy, Steven",PHL,Male,M50-54,88.08333333333333,383.8,396.78333333333336,896.0333333333333
"Pleitez, Saray",USA,Female,F30-34,93.41666666666667,403.73333333333335,365.6166666666667,896.1833333333333
"Gibbons, Robert",USA,Male,M55-59,70.26666666666667,375.5,431.8833333333333,896.35
"Moon, James",USA,Male,M55-59,102.81666666666666,425.73333333333335,346.6,896.3666666666667
"Jennings, Travis",USA,Male,M50-54,90.16666666666667,424.3,347.4,896.5333333333333
"Gines, Kris",USA,Female,F55-59,75.05,408.48333333333335,398.4,896.6333333333333
"Roberts, Marietta",USA,Female,F45-49,88.61666666666666,399.3833333333333,388.96666666666664,896.6833333333333
"Grossman, Barry",USA,Male,M50-54,81.9,409.1333333333333,372,896.7333333333333
"Trotman, Gerald",USA,Male,M45-49,114.83333333333333,409.1333333333333,346.1333333333333,896.9
"McCracken, Sara",USA,Female,F40-44,83.81666666666666,421,364.21666666666664,897.15
"James, Melissa",USA,Female,F35-39,99.81666666666666,445.45,323.4,897.3
"Caspers, Mark",USA,Male,M55-59,77.36666666666666,403.8833333333333,387.01666666666665,897.55
"Riley, Chris",USA,Male,M45-49,82.46666666666667,377.96666666666664,412.6,897.5833333333334
"Ratliff, Ben",USA,Male,M45-49,76.26666666666667,374.21666666666664,430.6333333333333,898.2166666666667
"Gentry, Robby",USA,Male,M40-44,71.9,383.8666666666667,420.95,898.2833333333333
"Diamond, Chelsea",USA,Female,F25-29,68.18333333333334,410.9,390.56666666666666,898.9833333333333
"Hornsby, William",USA,Male,M40-44,83.26666666666667,388.56666666666666,400.3666666666667,899.35
"Chang, Fonglong",USA,Male,M55-59,102.48333333333333,428.81666666666666,336.93333333333334,899.4
"Olsen, Cande",USA,Female,F65-69,87.16666666666667,414.93333333333334,380.51666666666665,899.4166666666666
"Hudgins, Mike",USA,Male,M55-59,85.86666666666666,384.3,403.3833333333333,899.45
"Schonsheck, Theodore",USA,Male,M35-39,89.95,389.6666666666667,395.51666666666665,900.1166666666667
"Baltazar, Gonzalo",PHL,Male,M40-44,92.41666666666667,412.45,367.8833333333333,900.5666666666667
"Boston, David",USA,Male,M55-59,97.86666666666666,428.6333333333333,352.8333333333333,900.5833333333334
"McDaniel, Nicholas",USA,Male,M25-29,100.13333333333334,390.03333333333336,384.78333333333336,901.2833333333333
"Wada, Toshinao",JPN,Male,M40-44,98.08333333333333,393.31666666666666,390.46666666666664,901.3833333333333
"Prasatthong, Dan",USA,Male,M50-54,92.96666666666667,403.35,388.55,901.7
"Benares, Roselle Angela",PHL,Female,F35-39,83.75,425,366.9166666666667,901.75
"Parker, Emily",USA,Female,F30-34,79.2,406.1,393.0833333333333,901.8666666666667
"Pierce, Gene",USA,Male,M50-54,90.71666666666667,388.31666666666666,399.95,902.1
"Mars, Robert",USA,Male,M55-59,89.48333333333333,364.1,427.2,902.1166666666667
"Dupree, Tim",USA,Male,M30-34,83.75,374.93333333333334,420.65,902.25
"Iver, Leeza",USA,Female,F30-34,97.48333333333333,425.4,357.4,902.2833333333333
"Hargrave, Kevin",USA,Male,M50-54,93.01666666666667,433.03333333333336,350.81666666666666,902.55
"Maasen, Cameron",USA,Male,M30-34,116.76666666666667,404.1333333333333,358.25,903.3833333333333
"Benavides, Patricia",PER,Female,F55-59,77.26666666666667,431.6166666666667,375.23333333333335,904.1333333333333
"Fustok, Abdel K",USA,Male,M75-79,103.41666666666667,409.9166666666667,369.5833333333333,904.9
"Wells, David",USA,Male,M30-34,109.03333333333333,460.1666666666667,313.2,905
"Biddle, Brad",USA,Male,M45-49,89.76666666666667,382.3333333333333,413.96666666666664,905.7833333333333
"Hamm, Chris",USA,Male,M35-39,79.66666666666667,440.71666666666664,356.15,905.85
"Fasold, Kyle",USA,Male,M45-49,82.65,426.6666666666667,365.1666666666667,905.95
"Leviner, James",USA,Male,M40-44,93.38333333333334,424,369.8833333333333,906.75
"Etienne, Albert",USA,Male,M45-49,95.3,400.43333333333334,381.6,906.8666666666667
"Geuy, Randall",USA,Male,M45-49,78.21666666666667,396.3666666666667,401.9166666666667,906.95
"Silva, Romullo Tadeu",USA,Male,M35-39,83.16666666666667,421.8666666666667,381.75,907.2166666666667
"Collett, Michael",USA,Male,M18-24,81.7,420.28333333333336,379.5,907.5833333333334
"Miller, Carl",USA,Male,M60-64,80.13333333333334,422.51666666666665,380.25,907.6166666666667
"Buck, Reginald",USA,Male,M40-44,80.81666666666666,362.6333333333333,440.8833333333333,907.8
"Borland, Paul",USA,Male,M45-49,91.61666666666666,391.0833333333333,396.3,908
"Goulbourne, Shaun",GBR,Male,M45-49,113.88333333333334,435.8666666666667,341.26666666666665,908.1666666666666
"Orrico, Tony",USA,Male,M45-49,83,384.3333333333333,421.01666666666665,908.25
"Kittelson, Noah",USA,Male,M25-29,71.88333333333334,501.78333333333336,318.93333333333334,908.4333333333333
"Tomonari, Noboru",JPN,Male,M55-59,83.83333333333333,427.96666666666664,369.1666666666667,908.5333333333333
"Tomasini, Steven",USA,Male,M45-49,84.91666666666667,419.46666666666664,379.8833333333333,908.5333333333333
"Orr, Jim",USA,Male,M60-64,79,398.1166666666667,414,908.85
"Hess, James",USA,Male,M40-44,85.01666666666667,408.31666666666666,381.76666666666665,908.9666666666667
"Davies, Jason",CAN,Male,M35-39,89.41666666666667,445.78333333333336,346.05,909.05
"Altman, Lawrence",USA,Male,M50-54,82.98333333333333,367.6166666666667,435.03333333333336,909.1166666666667
"Gaczkowski, Steve",USA,Male,M40-44,90.71666666666667,466.6166666666667,324.0833333333333,909.4333333333333
"Heinz, Rhonda",USA,Female,F50-54,86.46666666666667,412.8833333333333,393.76666666666665,909.65
"Dietz, Robert",USA,Male,M55-59,101.6,420.21666666666664,363.2,910.0166666666667
"Fontenot, Jessica",USA,Female,F30-34,73.36666666666666,408.6,407.5833333333333,910.0166666666667
"Martin, Joseph",USA,Male,M35-39,89.85,395.1333333333333,402.78333333333336,910.3
"Wolter, Lindsie",USA,Female,F35-39,86.4,420.95,371.78333333333336,910.3833333333333
"Lukow, John",USA,Male,M50-54,62.3,427.75,399.78333333333336,911.3
"Grooms, Barbara",USA,Female,F45-49,74.35,400.25,409.25,911.5666666666667
"Chang, Peter",USA,Male,M25-29,90.45,427.4166666666667,368.73333333333335,911.6333333333333
"Smeal, Ben",AUS,Male,M45-49,96.41666666666667,412.51666666666665,376.3666666666667,911.6666666666666
"Rathner, Russell",USA,Male,M30-34,81.03333333333333,408.5,392.2,911.7333333333333
"Wilczynski, Amanda",USA,Female,F40-44,81.71666666666667,406.85,403.2,911.7333333333333
"Wilczynski, Joseph",USA,Male,M50-54,79.43333333333334,406.95,403.2,911.7333333333333
"Cunningham, Sara",USA,Female,F35-39,81.1,408.5,392.21666666666664,911.8166666666667
"Reyes, Dorian",USA,Male,M30-34,101.46666666666667,424.4166666666667,356.1,912
"Anderson, Lyndsey",USA,Female,F30-34,89.08333333333333,428.03333333333336,377.31666666666666,912.2
"Hudson, Maggie",USA,Female,F60-64,97.66666666666667,416.98333333333335,371.55,912.4333333333333
"Jue, Bruce",USA,Male,M35-39,94.5,421.3,381.15,913.0666666666667
"Carver, Vicki",USA,Female,F45-49,82.31666666666666,387.85,421.23333333333335,913.4
"Dela Cruz, Alberto",USA,Male,M50-54,78.31666666666666,414.6666666666667,394.8,913.4666666666667
"Ross, Khierstyn",CAN,Female,F30-34,87.36666666666666,476.81666666666666,327.4,914.0166666666667
"Mortensen, Landon",USA,Male,M35-39,76.41666666666667,431.1333333333333,372.71666666666664,914.0166666666667
"Halas, Mike",USA,Male,M35-39,89.66666666666667,459.55,347.03333333333336,914.3333333333334
"Tomchin, Shannon",USA,Female,F40-44,91.96666666666667,387.7,400.45,915.1666666666666
"Henkel, Niki",USA,Female,F45-49,84.36666666666666,434.6,379.9,915.9
"Reahm, Kendall",USA,Male,M40-44,84.65,382.31666666666666,428.26666666666665,916
"Fredricksen, Billy",USA,Male,M35-39,83.11666666666666,381.73333333333335,428.0833333333333,916.2
"Howell, Owen",USA,Male,M50-54,82.51666666666667,388.35,423.5,916.7166666666667
"Lamb, Patrick",USA,Male,M25-29,102.7,439.3666666666667,348.28333333333336,916.8333333333334
"Rodenbeck, Myshel",USA,Female,F30-34,76.66666666666667,440.1166666666667,378.51666666666665,916.95
"Wagner, Kelly",USA,Female,F45-49,81.88333333333334,417.85,395.81666666666666,916.9666666666667
"Cumings, Don",USA,Male,M55-59,84.33333333333333,360.5,451.35,917.3333333333334
"Bradshaw, James",USA,Male,M45-49,94.31666666666666,442.6166666666667,344.76666666666665,917.3833333333333
"Hanson, William",USA,Male,M50-54,113.36666666666666,417.5833333333333,351.78333333333336,917.3833333333333
"Hamilton, Kristen",USA,Female,F30-34,62.233333333333334,439.6666666666667,394.05,917.3833333333333
"Goodwin, Daniel",USA,Male,M35-39,92.45,448.6333333333333,348.65,917.4333333333333
"Donnelly, Gerard",USA,Male,M55-59,88.18333333333334,425.6,375.56666666666666,917.5833333333334
"Laatsch, Danielle",USA,Female,F40-44,101.23333333333333,441,355.7,917.6833333333333
"Fajardo, Hector",USA,Male,M35-39,81.95,431.8333333333333,383.21666666666664,917.7166666666667
"Flint, Robert",USA,Male,M65-69,78.58333333333333,374.18333333333334,448.21666666666664,917.9333333333333
"Holtz, Marian",USA,Female,F50-54,94.81666666666666,405.6166666666667,387.23333333333335,918.4333333333333
"Tumlin, Stacie",USA,Female,F40-44,78.05,407.75,412.28333333333336,918.45
"Small, Theresa",AUS,Female,F45-49,86.6,469.45,335.28333333333336,918.8666666666667
"Cashion, Ted",USA,Male,M60-64,101.46666666666667,405.6166666666667,377.0833333333333,918.8833333333333
"Godwin, Peyton",USA,Male,M50-54,86.96666666666667,425.51666666666665,381.1,918.9
"Hinton, Dustin",USA,Male,M35-39,83.73333333333333,382.45,433.53333333333336,918.9166666666666
"Henry, Keith",CAN,Male,M60-64,80.7,402.3666666666667,416.3,919.75
"Server, Scott",USA,Male,M50-54,76.66666666666667,384.93333333333334,434.93333333333334,919.95
"Hedrick, Nicole",USA,Female,F30-34,97.26666666666667,449.05,354.1166666666667,920.7666666666667
"Oconnell, Daniel",USA,Male,M70-74,78.63333333333334,435.43333333333334,384.5,921.25
"Harrmann, Bill",USA,Male,M50-54,75.51666666666667,384.6666666666667,426.03333333333336,922
"Zingarelli, Mary",USA,Female,F30-34,86.35,426.35,386.56666666666666,922.1
"Morin, Shawn",USA,Male,M45-49,107.33333333333333,431.81666666666666,362.51666666666665,922.3666666666667
"Harcke, Joanne",USA,Female,F50-54,107.03333333333333,447.1166666666667,342.3666666666667,922.7666666666667
"Elliott, Linda",USA,Female,F50-54,84.61666666666666,425.05,384.26666666666665,922.8333333333334
"Naikavde, Yuvraj",IND,Male,M30-34,105.03333333333333,409.75,385.31666666666666,922.9166666666666
"Moore, Andrea",USA,Female,F50-54,123.45,440.8833333333333,335.76666666666665,923.4666666666667
"Mills, Greg",USA,Male,M40-44,101.41666666666667,411.46666666666664,387.56666666666666,924.05
"Wooldridge, Carol",USA,Female,F50-54,104.28333333333333,399.28333333333336,390.53333333333336,924.1
"Tucker, Eva",ESP,Female,F50-54,82.78333333333333,432.71666666666664,376.5833333333333,924.2666666666667
"Forat, Michel",MEX,Male,M40-44,87.55,380.6666666666667,428.8333333333333,924.9166666666666
"Haryanto, John",BEL,Male,M45-49,64.3,336.9166666666667,476.96666666666664,924.9166666666666
"Simmons, Trudy",USA,Female,F45-49,97.3,423.71666666666664,381.6,925.1833333333333
"Dowd, Kenn",USA,Male,M55-59,67.96666666666667,400.8333333333333,437.76666666666665,925.2166666666667
"Medlin, Tommy",USA,Male,M50-54,91.26666666666667,406.98333333333335,394.43333333333334,925.25
"Chandler, Jennifer",USA,Female,F35-39,103.23333333333333,436.26666666666665,364.53333333333336,925.3
"Wright, Dennis",USA,Male,M40-44,77.9,427.05,391.98333333333335,925.5166666666667
"Chua, Mercedes",PHL,Female,F30-34,91.9,401.8,395.8333333333333,925.5666666666667
"Salas, Cesar",PER,Male,M45-49,91.4,442.28333333333336,368.5833333333333,926
"Paddock, Randy",USA,Male,M60-64,102.68333333333334,428.01666666666665,368.95,926.05
"Magnarelli, Angela",USA,Female,F35-39,107.15,434.55,359.76666666666665,926.0666666666667
"Metsky, Sarah",USA,Female,F30-34,82.55,428.55,392.1333333333333,926.1333333333333
"Wellhausen, Tyler",USA,Male,M35-39,86.83333333333333,408.8833333333333,399.85,926.2166666666667
"Petersen, Gabrielle",USA,Female,F35-39,82.33333333333333,438.5,380.5,926.3166666666667
"Barwick, John",USA,Male,M65-69,86.95,431.96666666666664,374.35,926.4166666666666
"Burkett, James",USA,Male,M40-44,79.95,399.6666666666667,405.81666666666666,926.4333333333333
"Draaisma, David",USA,Male,M50-54,63,399.56666666666666,440.3,926.45
"Ogrady, Patrick",USA,Male,M40-44,90.28333333333333,376.25,435.6,926.9666666666667
"Arn, Clifford",USA,Male,M60-64,94.88333333333334,403,408.26666666666665,927.3666666666667
"Domian, Catherine",USA,Female,F45-49,102.81666666666666,443.9,364.43333333333334,927.5
"Erskin, Brent",USA,Male,M30-34,88.71666666666667,408.35,400.5833333333333,927.5166666666667
"Crouch, Nelson",USA,Male,M60-64,78.28333333333333,395.7,426.5833333333333,927.55
"Cohen, Michael",USA,Male,M50-54,81.53333333333333,380.15,426.6,928.05
"Edwards, Tahir",USA,Male,M30-34,81.4,502.01666666666665,325.8,928.1166666666667
"Lee, Jonathan",USA,Male,M35-39,84.2,466.3333333333333,352.8333333333333,928.2166666666667
"McDonnell, John",USA,Male,M30-34,107.06666666666666,465.5,330.25,928.3333333333334
"Fagan, Brooklyn",USA,Female,F35-39,86.15,485.73333333333335,330.25,928.3333333333334
"Pearson, David",USA,Male,M55-59,95.55,400.43333333333334,410.1166666666667,928.3833333333333
"Kahn, Robyn",USA,Female,F50-54,76.25,413.6333333333333,411.1333333333333,928.5
"Grubaugh, David",USA,Male,M50-54,90.6,390.6166666666667,411.15,928.6
"Dixon, Janet",USA,Female,F45-49,99.65,391.76666666666665,413.4,929.3333333333334
"Buchman, Andrew",USA,Male,M60-64,68.46666666666667,397.25,435.8666666666667,929.3666666666667
"Barrantes, Karen",CRI,Female,F35-39,87.7,465.9,350.2,929.5333333333333
"Morris, Liamarie",USA,Female,F50-54,98.48333333333333,418.75,389.21666666666664,929.8166666666667
"Beasley, Amie",USA,Female,F40-44,97.35,423.73333333333335,386.95,929.8833333333333
"Johnson, Kristi",USA,Female,F40-44,90.08333333333333,407.56666666666666,405.6,930.7333333333333
"Moshiree, Baharak",IRN,Female,F40-44,76.71666666666667,484.68333333333334,343.9,930.7666666666667
"Tomes, Dave",USA,Male,M55-59,94.83333333333333,421.7,390.81666666666666,931.15
"De Leon, Chris",USA,Male,M18-24,99.7,486.15,321.51666666666665,931.3166666666667
"Stephens, Robin Rene",USA,Female,F45-49,90.68333333333334,481.5833333333333,333.76666666666665,931.5
"Rexroat-Casey, Lisa",USA,Female,F45-49,83.91666666666667,401.15,406.96666666666664,931.6666666666666
"Archbold, Samuel",USA,Male,M18-24,83.36666666666666,408.9,409.03333333333336,931.8333333333334
"Glenn, Bob",USA,Male,M65-69,95.91666666666667,398.4166666666667,417.01666666666665,932.1333333333333
"Hembree, Adrian",USA,Male,M40-44,76.06666666666666,338.3,500.53333333333336,932.15
"Roberts, Keith",USA,Male,M55-59,73.18333333333334,470.2,352.6,932.7
"Denning, Corey",USA,Male,M45-49,94.13333333333334,429.4166666666667,392.68333333333334,932.7166666666667
"Mooney, Jacob",USA,Male,M45-49,101.58333333333333,414.5,391.95,933.0166666666667
"Stockwell, Susan",USA,Female,F55-59,102.26666666666667,411.26666666666665,393.3,933.1666666666666
"Franke, Dave",CAN,Male,M50-54,102.23333333333333,417.98333333333335,386.8833333333333,933.2833333333333
"Villafarra, Troy",USA,Male,M50-54,93.15,469.43333333333334,340.43333333333334,933.3333333333334
"Dobbins, Rebecca",USA,Female,F30-34,110.28333333333333,428.35,370.78333333333336,933.55
"Pruett, William",USA,Male,M50-54,85.3,405.31666666666666,416.28333333333336,933.5666666666667
"Torda, Kellie",USA,Female,F35-39,85.76666666666667,453.6666666666667,369.26666666666665,933.8
"Hill, Patricia",USA,Female,F60-64,95.38333333333334,418,397.1333333333333,934.1833333333333
"Jacobs, Jay",USA,Male,M50-54,81.38333333333334,414.26666666666665,412.35,934.3166666666667
"Albright, Rhonda",USA,Female,F55-59,98.66666666666667,439.06666666666666,375,934.5333333333333
"Lewis, Taylor",USA,Female,F40-44,84.4,419.8,403.1666666666667,934.5333333333333
"Okada, Christopher",USA,Male,M30-34,95.33333333333333,425.75,391.6,934.6833333333333
"Abate, Robert",USA,Male,M50-54,82.88333333333334,369.8,458.03333333333336,935.2
"Porter, Robby",USA,Male,M40-44,80.7,402.31666666666666,432.3333333333333,935.55
"Steele, Stuart",GBR,Male,M40-44,66.08333333333333,450.18333333333334,393.05,935.65
"Smith, Stan",USA,Male,M50-54,87.43333333333334,423.1166666666667,398.1666666666667,936.0166666666667
"Urbi, Gamaliel",PHL,Male,M50-54,104.55,442.1666666666667,365.65,936.4166666666666
"Bretas De Alvarenga Carvalho, Diego",BRA,Male,M25-29,111.21666666666667,462.26666666666665,344.1666666666667,936.4666666666667
"Christiansen, Hunter",USA,Male,M30-34,79.81666666666666,431.98333333333335,402.68333333333334,936.5
"Pryor, Anita",USA,Female,F60-64,100.75,461.35,355.95,937.4333333333333
"Warren, Chris",USA,Male,M25-29,89.83333333333333,403.4166666666667,419.9166666666667,937.6333333333333
"Watkins, Cody",USA,Male,M35-39,87.6,413.3833333333333,405.1333333333333,938.0333333333333
"Hissong, Mike",USA,Male,M50-54,92.96666666666667,410.3,413.46666666666664,938.1333333333333
"McCubbins, Jimmy",USA,Male,M35-39,80.93333333333334,400.95,433.93333333333334,938.25
"Pratt, Kelly",USA,Female,F30-34,88.91666666666667,440.9166666666667,380.23333333333335,938.3333333333334
"Feld, Eric",USA,Male,M40-44,86.18333333333334,415.0833333333333,421.46666666666664,938.35
"Reroma, Pix",USA,Male,M40-44,95.21666666666667,403.6166666666667,399.8,938.6666666666666
"Weinbrandt, Richard",USA,Male,M70-74,76.83333333333333,429.1166666666667,411.81666666666666,938.7666666666667
"Cabatu, Emersonn",USA,Male,M40-44,103.88333333333334,413.3666666666667,389.28333333333336,939.1833333333333
"Redding, Mark",USA,Male,M50-54,87.7,459.43333333333334,360.31666666666666,939.2166666666667
"Koundourakis, Andy",USA,Male,M50-54,81.5,426.35,365.7,939.4333333333333
"Wigginton, Nick",USA,Male,M30-34,88.68333333333334,384.06666666666666,429.78333333333336,939.85
"Dillard, Michael",USA,Male,M55-59,88.61666666666666,409.3333333333333,410.15,939.9
"Rodrigues, Dennis",USA,Male,M50-54,101.1,425.28333333333336,380.7,940.75
"Siders, Christopher",USA,Male,M50-54,98.65,406.5833333333333,408.31666666666666,941.0333333333333
"Meyer, Charlie",USA,Male,M60-64,89.01666666666667,436.6,389.0833333333333,941.05
"Lie, Surya Wahana",IDN,Male,M45-49,82.33333333333333,451.45,381.6666666666667,941.55
"Freeman, Kimberly",USA,Female,F45-49,91.11666666666666,447.6333333333333,373.9166666666667,941.6333333333333
"Yates, Bobby",USA,Male,M45-49,82.83333333333333,409.5833333333333,428,941.6833333333333
"Ynclan, Brian",USA,Male,M40-44,98.05,450.1666666666667,369.25,941.8666666666667
"Doneyhue, Andreas",USA,Male,M45-49,102.28333333333333,417.9,392.48333333333335,941.9166666666666
"Wright, Malgorzata",USA,Female,F50-54,98.88333333333334,407.06666666666666,413.56666666666666,941.9833333333333
"Hebert, Jonathan",USA,Male,M40-44,85.35,372.05,455.73333333333335,942.0666666666667
"Porter, Jason",USA,Male,M45-49,85.45,444.6,387.1,942.1166666666667
"Goltz, Deirdre",USA,Female,F30-34,81.95,458.6166666666667,377.21666666666664,942.6666666666666
"Lane, Mark",USA,Male,M55-59,87.98333333333333,401.23333333333335,432.78333333333336,942.6833333333333
"McMichen, Joshua",USA,Male,M30-34,95.2,458.98333333333335,354.48333333333335,943.0833333333334
"Cates, Steven",USA,Male,M35-39,84.06666666666666,426.96666666666664,406.3666666666667,943.1666666666666
"Winter, James",USA,Male,M55-59,70.53333333333333,354.4,491.01666666666665,943.5
"Goldberg, Louis",USA,Male,M50-54,97.86666666666666,433.28333333333336,384.03333333333336,943.6666666666666
"Lai, Benson",USA,Male,M40-44,95.78333333333333,457.68333333333334,374.6666666666667,944.3166666666667
"Williams, Amy",USA,Female,F35-39,78.21666666666667,457.21666666666664,380.65,944.4833333333333
"Crawford, Dayna",USA,Female,F30-34,118.33333333333333,452.95,351.8,944.6333333333333
"Voska, Ned",USA,Male,M55-59,103.91666666666667,447.81666666666666,375.65,945.0666666666667
"Dygdon, Angela",USA,Female,F45-49,98.03333333333333,410.98333333333335,413.6,945.8166666666667
"Culpepper, Lucas",USA,Male,M18-24,81.9,470.31666666666666,371.75,946.1666666666666
"Janowski, Jennifer",USA,Female,F35-39,88.43333333333334,385.4166666666667,452.3666666666667,946.1666666666666
"Miller, Marci Lynn",USA,Female,F45-49,120.35,417.1333333333333,386.8333333333333,946.4833333333333
"Shadle, Joshua",USA,Male,M30-34,93.13333333333334,468.8,361.76666666666665,946.5833333333334
"Scarboro, Jordan",USA,Female,F25-29,94.13333333333334,439.45,389.6,946.6166666666667
"Gademann, Anselm",DEU,Male,M40-44,87.28333333333333,415.9166666666667,424.85,946.6666666666666
"De Vona, Scott",USA,Male,M40-44,86.66666666666667,455.25,377.06666666666666,946.7666666666667
"De Vona, Lisa",USA,Female,F40-44,84.5,455.3,377.2,946.8
"Kowoll, Hans",USA,Male,M55-59,85.75,442.48333333333335,391.76666666666665,947.45
"Erskin, Dan",USA,Male,M50-54,131.16666666666666,423.4166666666667,371.15,947.6
"Baskeyfield, Amanda",USA,Female,F35-39,100.18333333333334,439.15,386.45,947.7166666666667
"Goodman, Steven",USA,Male,M45-49,79.98333333333333,365.1333333333333,484.1166666666667,948.15
"Duran, Miguel",BOL,Male,M50-54,106.36666666666666,451.7,358.55,948.3
"Duggan, Charles",USA,Male,M45-49,77.96666666666667,416.3666666666667,424.75,948.4833333333333
"Contreras, Carlos",COL,Male,M30-34,88.56666666666666,423.75,407.68333333333334,948.5
"Gruescu, Georgeta",USA,Female,F45-49,92.28333333333333,449.23333333333335,385.43333333333334,948.5333333333333
"Chidwick, Kevin",GBR,Male,M50-54,75.1,440.96666666666664,404.81666666666666,948.6666666666666
"Cox, Allan",USA,Male,M50-54,77.11666666666666,415.1666666666667,419.18333333333334,948.75
"Lee, David",USA,Male,M50-54,96.33333333333333,393.71666666666664,430.95,948.7833333333333
"Manuel, Kevin",USA,Male,M40-44,79.5,454.3333333333333,395.8833333333333,948.9666666666667
"Hansell, Gary",USA,Male,M65-69,82.9,386.35,450.76666666666665,949.1166666666667
"Joseph, Christine",USA,Female,F45-49,93.65,457.18333333333334,377.06666666666666,949.3166666666667
"Earles, Carol",USA,Female,F45-49,92.83333333333333,442.01666666666665,390.01666666666665,949.4166666666666
"Hestvik, Linda",USA,Female,F60-64,87.86666666666666,458.6166666666667,373.4,949.8833333333333
"Amos, Chris",USA,Male,M45-49,90.15,447.75,383.5,950.0833333333334
"Wallace, Steven",USA,Male,M45-49,86.36666666666666,403.7,434.9,950.2666666666667
"Thompson, Susan",USA,Female,F70-74,86.76666666666667,491.25,354.1666666666667,950.3
"Haag, Susan",USA,Female,F50-54,98.43333333333334,412.5833333333333,416.1666666666667,950.5166666666667
"Ehlers, Mark",USA,Male,M55-59,98.26666666666667,421.6666666666667,401.35,950.5666666666667
"Cauley, Michael",USA,Male,M40-44,111.31666666666666,434.03333333333336,378.85,950.6166666666667
"Talley, Bill",USA,Male,M55-59,83.7,477.8333333333333,357.8833333333333,950.8
"Hasegawa, Naoki",JPN,Male,M40-44,102.58333333333333,455.65,363.3833333333333,950.8666666666667
"Furney, Dave",USA,Male,M50-54,86.93333333333334,414.53333333333336,424.7,951.4333333333333
"Dixon, Angela",BRB,Female,F40-44,105.48333333333333,476.3,350.45,951.4666666666667
"Delgado, Kelly",USA,Female,F40-44,106.15,454.26666666666665,370.05,951.65
"Castanho, Carl",USA,Male,M55-59,88.11666666666666,448.8833333333333,383.8,951.65
"Vasquez, Michael",USA,Male,M50-54,94.08333333333333,444.1333333333333,386.05,952.2666666666667
"Bova, Gianna",USA,Female,F35-39,62.31666666666667,440.23333333333335,419.1,952.2833333333333
"Pani, Emanuele",ITA,Male,M25-29,87.66666666666667,438.95,398.1666666666667,952.3666666666667
"Whitman, Stuart",USA,Male,M45-49,97.53333333333333,438.8666666666667,392.18333333333334,952.9166666666666
"Sia, Bernard Vonn",PHL,Male,M45-49,80.55,464.8666666666667,368.3666666666667,953.6166666666667
"Bolinger, Jason",USA,Male,M40-44,97.56666666666666,439.05,397.8666666666667,953.95
"Giesler, Katie",USA,Female,F35-39,109.05,408.45,419.01666666666665,954.2333333333333
"Daniel, Rupert",USA,Male,M55-59,122.75,444.18333333333334,368.3666666666667,954.2666666666667
"Windus, Charles",USA,Male,M70-74,110.96666666666667,391.3666666666667,430.2,954.8833333333333
"Yong, Rebecca",USA,Female,F40-44,101.63333333333334,401.8333333333333,419.53333333333336,955.7666666666667
"Violette, Caitlin",USA,Female,F25-29,80.71666666666667,429.75,421.53333333333336,955.9166666666666
"Kam, Katina",CAN,Female,F35-39,88.4,440.3333333333333,404.3,955.9833333333333
"Heikkinen, Matt",USA,Male,M45-49,110.41666666666667,439.1,381.55,956.0166666666667
"Warstler, Dean",USA,Male,M60-64,91.71666666666667,409.1666666666667,428.7,956.05
"Dayoub-Schweizer, Iris",USA,Female,F55-59,94.2,440.55,405.18333333333334,956.1833333333333
"West, Andrew",GBR,Male,M50-54,92.75,460.3833333333333,375.31666666666666,956.4
"George, Ashley",USA,Female,F30-34,92.68333333333334,443.9166666666667,399.4,956.8666666666667
"Williams, Mark",USA,Male,M55-59,115.8,432.9166666666667,379.71666666666664,956.9166666666666
"Chapman, Erica",USA,Female,F40-44,89.86666666666666,406.55,437.5833333333333,957.2
"Chesarek, Joshua",USA,Male,M30-34,110.88333333333334,444.75,379.6166666666667,957.3666666666667
"Dressler, Shawn",USA,Male,M30-34,83.6,463.3333333333333,376.8833333333333,957.6833333333333
"Puckett, Anthony",USA,Male,M25-29,82.08333333333333,463.4166666666667,380.28333333333336,957.7166666666667
"Fontaine, Francois",CAN,Male,M45-49,93.35,422.6333333333333,404.5,957.8666666666667
"Catolico, Angela",USA,Female,F45-49,91.21666666666667,422.48333333333335,418.35,958.1333333333333
"Fischer, Susan",USA,Female,F50-54,85.8,453.26666666666665,393,958.3
"Piorkowski, Mark",USA,Male,M30-34,91.3,475.8833333333333,357.28333333333336,958.4333333333333
"Wright, Scott",USA,Male,M35-39,70.08333333333333,473.71666666666664,391.26666666666665,958.45
"Taylor, Dustin",USA,Male,M40-44,105.5,421.75,404.3,959
"Carr, Rhena",USA,Female,F45-49,96.11666666666666,434.51666666666665,404.93333333333334,959.35
"Herron, Roy",USA,Male,M60-64,84.83333333333333,402.1166666666667,443.23333333333335,959.65
"Thewes, Richard",USA,Male,M50-54,91.66666666666667,406.6166666666667,437.85,960
"Guzman, Angelica",PER,Female,F45-49,92.73333333333333,474.1333333333333,354.5833333333333,960.3833333333333
"Hall, Arielle",USA,Female,F25-29,94.3,438.95,408.3,960.7166666666667
"Tripp, Todd",USA,Male,M55-59,92.18333333333334,437.28333333333336,399.0833333333333,961.0166666666667
"Eriksson, Daniel",SWE,Male,M45-49,102.9,439.1,388.68333333333334,961.65
"Ballinger, Jim",USA,Male,M65-69,102.86666666666666,447.06666666666666,370.75,961.6666666666666
"Blews, Edward",USA,Male,M35-39,90.33333333333333,444.55,406.81666666666666,961.6666666666666
"Pickles, Paul",USA,Male,M50-54,104.48333333333333,427.23333333333335,403.6166666666667,961.7333333333333
"Marino, Sandra",USA,Female,F50-54,99.55,479.1333333333333,358.6666666666667,962.0166666666667
"Hallameyer, Christopher",USA,Male,M45-49,76.38333333333334,459.6,396.01666666666665,962.05
"Miller, Elizabeth",USA,Female,F50-54,119.01666666666667,468.26666666666665,348.35,962.4
"Ceci, Leigh",USA,Female,F50-54,100.1,468.35,348.35,962.4333333333333
"Neal, Janet",USA,Female,F50-54,115.23333333333333,398.45,429.65,962.65
"Owens, Gary",USA,Male,M50-54,130.58333333333334,462.65,349.06666666666666,963.0333333333333
"Johns, Julie",CAN,Female,F35-39,78.28333333333333,419.76666666666665,444.53333333333336,963.3666666666667
"Krapcha, Kimberly",USA,Female,F35-39,89.83333333333333,489.73333333333335,362.65,963.6166666666667
"Plosa, Erika",USA,Female,F50-54,85.48333333333333,405.6666666666667,442.21666666666664,963.8666666666667
"Bell, Ray",USA,Male,M45-49,92.46666666666667,408.28333333333336,438.23333333333335,964.2833333333333
"De Palo, Yolanda",ARG,Female,F50-54,103.76666666666667,469.8833333333333,374.1,964.3333333333334
"Hamel, Mark",USA,Male,M40-44,109.66666666666667,431.81666666666666,398.9,964.6
"Peters, Westin",USA,Male,M18-24,72.46666666666667,471.21666666666664,401.56666666666666,964.6
"Greacen, John",USA,Male,M35-39,85.36666666666666,425.8333333333333,429.85,964.6666666666666
"Stephenson, Lauren",USA,Female,F30-34,78.98333333333333,428.78333333333336,432.0833333333333,964.8166666666667
"Draper, Jennie",USA,Female,F35-39,105.76666666666667,451.06666666666666,389.76666666666665,964.9
"Heinz, Phillip",USA,Male,M55-59,92.13333333333334,436.1166666666667,409.23333333333335,965.0666666666667
"Keating, Elizabeth",USA,Female,F30-34,66.75,464.68333333333334,409.01666666666665,965.0833333333334
"Householder, Todd",USA,Male,M45-49,89.16666666666667,411.8333333333333,430.6,965.7666666666667
"Betz, Joel",USA,Male,M40-44,77.01666666666667,428.68333333333334,422.6333333333333,965.7833333333333
"Kessler, Gregory",USA,Male,M50-54,90.4,440.4,409.8,965.8333333333334
"Morel, Denis",CAN,Male,M55-59,86.7,422.6666666666667,424.5,966.0333333333333
"Co, Julius",PHL,Male,M40-44,86.45,414.7,431.71666666666664,966.15
"Eberlin, James",USA,Male,M50-54,97.81666666666666,404.6,439.46666666666664,966.3166666666667
"Sims, Michael",USA,Male,M45-49,89.43333333333334,429.6166666666667,419.1166666666667,966.3333333333334
"McMullan, Colin",GBR,Male,M50-54,119.66666666666667,464.76666666666665,353.25,966.5833333333334
"McMullan, Isabel",GBR,Female,F50-54,119.63333333333334,464.75,353.4,966.7333333333333
"Bin Md Salih, Shah Reza",MYS,Male,M35-39,119.66666666666667,430.7,392.2,966.9166666666666
"Lamb, Justin",USA,Male,M30-34,88.91666666666667,446.01666666666665,397.9166666666667,967.6833333333333
"Weyandt, Teri",USA,Female,F50-54,113.5,477.31666666666666,360.26666666666665,967.7166666666667
"Loggins, Brenda",USA,Female,F45-49,80.13333333333334,456.01666666666665,405.15,967.7333333333333
"Morgan, Tobi",USA,Male,M40-44,99.83333333333333,402.3833333333333,431.3,967.9166666666666
"Asberry, Brandon",USA,Male,M30-34,111.9,442.9166666666667,389.51666666666665,968.1666666666666
"Oliver, Ruth Marie",USA,Female,F40-44,97.73333333333333,461.4166666666667,394.8333333333333,968.4166666666666
"Millmier, Mike",USA,Male,M45-49,94.8,446.55,398.3833333333333,968.4666666666667
"Marzen, Christopher",USA,Male,M30-34,101.66666666666667,431.5833333333333,418.1666666666667,968.55
"Wess, Hartley",USA,Male,M70-74,81.36666666666666,473.1333333333333,380.25,968.5666666666667
"Money, Kristy",USA,Female,F40-44,90.88333333333334,431.6,419.1166666666667,968.5666666666667
"Winter, Noah",USA,Male,M30-34,96.4,449.48333333333335,386.3833333333333,968.9833333333333
"Harrison, J.T.",USA,Male,M35-39,71.08333333333333,432.9,435.21666666666664,969.6
"Knodel, Chris",USA,Male,M35-39,96.63333333333334,408.45,443.85,969.7666666666667
"Walsh, James",USA,Male,M35-39,87.63333333333334,420.45,430.8666666666667,970.2
"Evans, Mitch",USA,Male,M55-59,104.46666666666667,439.35,399,970.2333333333333
"Alfaro, Pete",USA,Male,M35-39,97.38333333333334,434.76666666666665,410.43333333333334,970.3
"Solis-Poindexter, Betty",USA,Female,F50-54,86.21666666666667,432.78333333333336,429.3666666666667,971.35
"Kinney, Lynn",USA,Female,F50-54,87.61666666666666,433.68333333333334,408.25,972.2833333333333
"Hall-Perry, Holly",USA,Female,F45-49,95.93333333333334,447.1666666666667,407.6,972.35
"Boardman, Adam",USA,Male,M45-49,98.23333333333333,446.21666666666664,401.5,972.5166666666667
"Carlier, Bryan",USA,Male,M45-49,98.31666666666666,445.06666666666666,399.56666666666666,972.6
"Liu, Emanuel",ALB,Female,F45-49,119.38333333333334,468.56666666666666,361.4166666666667,972.9833333333333
"Burch, Misty",USA,Female,F35-39,91.03333333333333,477.25,377.85,973.15
"Burgess, Austin",USA,Male,M45-49,86.21666666666667,462.85,401.0833333333333,973.3666666666667
"Beasley, Michael",USA,Male,M40-44,93.06666666666666,436.26666666666665,410.7,973.45
"Anilesh, Sanjit",USA,Male,M30-34,92.45,428.28333333333336,426.96666666666664,974.0333333333333
"Schrading, Walter",USA,Male,M55-59,104.9,454.98333333333335,382.85,974.35
"Shapiro, Alex",USA,Male,M45-49,103.48333333333333,440.26666666666665,403.5,974.9833333333333
"Wilson, Chris",USA,Male,M30-34,82.95,415.98333333333335,437.46666666666664,975.05
"Wilson, Tom",USA,Male,M60-64,92.03333333333333,436.1333333333333,417.71666666666664,975.1166666666667
"Hayakawa, Masahiro",KAZ,Male,M30-34,90.08333333333333,448.3833333333333,408.68333333333334,975.1333333333333
"Nagy, Steve",USA,Male,M60-64,114.23333333333333,437.65,397.23333333333335,975.2166666666667
"Soden, Patricia",USA,Female,F55-59,102.18333333333334,480.4,369.6666666666667,975.3166666666667
"Richardson, Cara",USA,Female,F40-44,101.5,486.4,361.06666666666666,975.35
"Rebechini, Julieta",ARG,Female,F45-49,109.8,455.15,388.01666666666665,975.3666666666667
"Gorga, Ariel",ARG,Male,M45-49,109.7,455.35,388.26666666666665,975.6166666666667
"Burnum, Colin",USA,Male,M45-49,93.18333333333334,461.45,392.8333333333333,975.8
"Nasser, Adnan",USA,Male,M30-34,63.53333333333333,425.01666666666665,463.48333333333335,975.9833333333333
"Selke, Michael",USA,Male,M45-49,98.75,411.53333333333336,434.26666666666665,976.5833333333334
"Hearn, Doug",USA,Male,M55-59,101.71666666666667,490.8666666666667,358.26666666666665,976.6833333333333
"Montalvo Rosales, Julio",PER,Male,M30-34,88.76666666666667,459.1333333333333,407.93333333333334,976.75
"Smith, Julie",USA,Female,F50-54,99.7,408.65,451.05,977.25
"Amos, Roy",USA,Male,M45-49,87.5,448.6,419,977.7333333333333
"Salgado Pinto, Patricia",ECU,Female,F35-39,89.61666666666666,457.9,393.3333333333333,977.9333333333333
"Chicaiza P, Jose",ECU,Male,M40-44,90.2,463.1333333333333,393.3333333333333,977.9333333333333
"McJunkin, Kelly",USA,Male,M40-44,113.38333333333334,457.6666666666667,384.85,978.1833333333333
"Wight, Risa",USA,Female,F55-59,89.1,467.6166666666667,399.8666666666667,978.55
"Voynow, David",USA,Male,M50-54,104.11666666666666,419.43333333333334,428.96666666666664,978.7333333333333
"Wright, Chris",USA,Male,M40-44,104.48333333333333,417.9166666666667,430.1166666666667,978.8
"White, Steven",USA,Male,M55-59,115.1,415.35,419.73333333333335,978.8666666666667
"Lay, Sawyer",USA,Female,F18-24,79.48333333333333,436.9,435.6666666666667,979.6
"Garcia, Jorge",USA,Male,M60-64,87.41666666666667,445.18333333333334,421.6,979.7833333333333
"Jones, Natalie",USA,Female,F25-29,80.1,491.96666666666664,383.23333333333335,980.0333333333333
"Semle, Brad",USA,Male,M45-49,63.45,407.7,484.21666666666664,980.1333333333333
"Kessler, Gary",USA,Male,M65-69,80.76666666666667,450.2,425.3333333333333,980.2
"Voudrie, Greg",USA,Male,M55-59,77.71666666666667,365.03333333333336,413.8,980.6666666666666
"James, Dustin",USA,Male,M35-39,81.58333333333333,424.75,438.46666666666664,980.7666666666667
"Schmidt, Manfred",DEU,Male,M55-59,76.8,390.51666666666665,486.1,981.1
"Tyler, Paige",USA,Female,F45-49,108.3,454.81666666666666,393.48333333333335,981.1166666666667
"Westerman, Karen",USA,Female,F50-54,70.78333333333333,457.71666666666664,429.6333333333333,981.2333333333333
"Schiff, Michael",USA,Male,M50-54,85.11666666666666,444.78333333333336,429.56666666666666,981.35
"Milam, James",USA,Male,M45-49,103.81666666666666,437.8666666666667,416.21666666666664,982.3166666666667
"Lopez, Joe",USA,Male,M45-49,74.98333333333333,403.53333333333336,478.7,982.9833333333333
"Nieds, Mark",USA,Male,M50-54,76.83333333333333,416.26666666666665,467.85,983.0166666666667
"Dulalia, James",PHL,Male,M40-44,83.58333333333333,435.01666666666665,434.9,983.2833333333333
"Garrison, Kelly",USA,Female,F35-39,100.38333333333334,464.8333333333333,389.8,983.4
"Gerena, Stephanie",USA,Female,F50-54,96.03333333333333,455.1,408,983.8
"Nishida, Eiji",JPN,Male,M50-54,89.06666666666666,421.1166666666667,453.31666666666666,984.1666666666666
"Haywood, Ray",CAN,Male,M60-64,101.9,436.98333333333335,413.18333333333334,984.7666666666667
"Brown, George",USA,Male,M65-69,101.48333333333333,477.6,382.5833333333333,985.2666666666667
"Hibner, Kierstyn",USA,Female,F25-29,81.43333333333334,409.51666666666665,472.45,985.6333333333333
"Gardner, Julie",USA,Female,F55-59,102.03333333333333,466.28333333333336,389.76666666666665,985.8333333333334
"Aube-Martin, Philippe",FRA,Male,M65-69,90.85,486.6166666666667,378.7,986.35
"Rodriguez, Yanitza",PRI,Female,F35-39,98.98333333333333,478.0833333333333,385.46666666666664,986.95
"Tiongco, Gene",PHL,Male,M40-44,82.11666666666666,442.81666666666666,422.3,987.25
"Estrada, Lynette",USA,Female,F45-49,99.05,485.45,384.23333333333335,987.9833333333333
"Nathan, Jackeline",USA,Female,F45-49,89.26666666666667,459.45,402.3333333333333,988.7833333333333
"White, Megan",USA,Female,F50-54,106.06666666666666,475.4,377.05,988.9166666666666
"Atkinson, Ian",PHL,Male,M35-39,122.23333333333333,491.7,354.73333333333335,989.5833333333334
"Carby, Nathalie",USA,Female,F40-44,75,484.03333333333336,407.53333333333336,989.8166666666667
"Williams, Laura",USA,Female,F50-54,98.21666666666667,486.6333333333333,383.25,990.0833333333334
"Kraus, Paul",USA,Male,M50-54,80.25,452.65,424.96666666666664,990.5166666666667
"Cohen, Cynthia",USA,Female,F60-64,96.95,408.06666666666666,439.3833333333333,991.0833333333334
"Laws, Lisa",USA,Female,F50-54,105.2,493.01666666666665,372.81666666666666,991.3833333333333
"Potts, Julie",USA,Female,F50-54,89.36666666666666,471.65,402.7,991.4833333333333
"Dassow, Jason",USA,Male,M35-39,124.3,472.03333333333336,374.9,991.9166666666666
"Morgan, Joe",USA,Male,M55-59,91.71666666666667,404.8333333333333,459.4166666666667,992.55
"Martinez, Anthony",USA,Male,M35-39,103.55,476.56666666666666,387.15,992.7
"Moore, Roger",USA,Male,M60-64,99.55,417.6333333333333,444.4166666666667,993.3166666666667
"Townsley, Bobby",USA,Male,M40-44,78.98333333333333,399.15,489.03333333333336,993.8833333333333
"Deguzman, Kirsten",USA,Female,F25-29,86.83333333333333,446.15,442.4166666666667,993.9333333333333
"Sadler Jr, Byron",USA,Male,M30-34,86.51666666666667,439.53333333333336,446.95,994.1166666666667
"Andrews, Gregg",USA,Male,M45-49,87.53333333333333,466.5,396,994.2
"Garrison, Donna",USA,Female,F65-69,92.13333333333334,420.5,453.48333333333335,994.2833333333333
"Hwang, Hyunsuk",USA,Female,F50-54,109.83333333333333,479.3666666666667,381.3333333333333,994.5666666666667
"Bartolome, Irene",PHL,Female,F40-44,107.26666666666667,452.8666666666667,411.15,994.9833333333333
"Bustamante, Martin",USA,Male,M30-34,94.58333333333333,520.2166666666667,364.4166666666667,995.3166666666667
"Richards, Jeanette",USA,Female,F45-49,103.7,478.8333333333333,380.9,995.3833333333333
"Braungart, Douglas",USA,Male,M60-64,101.48333333333333,462.1166666666667,406.9166666666667,995.4333333333333
"Valloch, Gregory",UMI,Male,M55-59,92.83333333333333,433.2,436.6333333333333,995.9833333333333
"Giron, Jonas",GTM,Male,M55-59,96.16666666666667,454.93333333333334,419.3666666666667,996.1333333333333
"Kane, Mary",USA,Female,F50-54,95.6,424.3333333333333,446.15,996.4166666666666
"Wojtowicz, Margaret",CAN,Female,F65-69,110,423.95,436.78333333333336,996.4833333333333
"Hsin, Johnny",USA,Male,M55-59,80.98333333333333,423.71666666666664,463.46666666666664,996.6833333333333
"Lalinde, Ricardo",COL,Male,M35-39,105.53333333333333,419.65,446.4,996.7833333333333
"Naill, John",USA,Male,M50-54,97.68333333333334,448.6,419.0833333333333,997.5
"Dubbeld, Peter",USA,Male,M65-69,87.93333333333334,484.35,403.68333333333334,997.6833333333333
"McGettigan, Jamie",USA,Female,F30-34,110.96666666666667,455.01666666666665,412.96666666666664,997.6833333333333
"Perez, Edgard",USA,Male,M40-44,102.2,402.1333333333333,457.93333333333334,997.6833333333333
"Nicholson, Juanita",USA,Female,F50-54,108.2,439.15,428.8,997.7
"Alleman, Ron",USA,Male,M55-59,86.85,474.6666666666667,397.3666666666667,997.9333333333333
"Badinger, Kevin",USA,Male,M45-49,110.03333333333333,428.65,437.65,998.3333333333334
"Conway, Brian",USA,Male,M40-44,109.51666666666667,436.76666666666665,414.35,998.9666666666667
"Lovitt, Christina",USA,Female,F40-44,91.2,434.05,440.5,999.0333333333333
"Sanchez, Camilo",COL,Male,M30-34,97.43333333333334,476.5833333333333,401.53333333333336,999.15
"Badyna, Paul",USA,Male,M55-59,91.83333333333333,498.25,380.8666666666667,999.3666666666667
"Kuntze, Lisa",USA,Female,F45-49,110.8,461.78333333333336,394.7,999.5166666666667
"Le, Ngoan",PHL,Male,M40-44,132.18333333333334,473.8,363.45,999.5333333333333
"Sabella, Pamela",USA,Female,F55-59,116.03333333333333,443.31666666666666,424.1666666666667,999.7833333333333
"Scicutella, Steven",USA,Male,M45-49,113.83333333333333,448.95,410.95,999.95
"Swanger, Stefanie",USA,Female,F35-39,91.48333333333333,455.8333333333333,433.23333333333335,1000.1333333333333
"Nixon, Christopher",USA,Male,M30-34,95.38333333333334,419.0833333333333,454.03333333333336,1000.2
"Stanley, Teresita",USA,Female,F35-39,99.75,469.6333333333333,406.5833333333333,1001.7166666666667
"Dalton, Joan",USA,Female,F40-44,96.11666666666666,489.43333333333334,388.48333333333335,1001.75
"Dominguez, Alex",USA,Male,M50-54,111.33333333333333,445,414.48333333333335,1002.35
"Garcia, Carlos",PER,Male,M45-49,117.01666666666667,452.93333333333334,401.31666666666666,1002.3666666666667
"Byrd, Tweet",USA,Male,M45-49,100.05,404.65,472.48333333333335,1002.7666666666667
"Graham-Garcia, Judy",USA,Female,F55-59,98.53333333333333,492.45,389.96666666666664,1002.8833333333333
"Thomas, Doug",USA,Male,M55-59,99.7,430.21666666666664,441.43333333333334,1003.0166666666667
"Merrill, Sam",USA,Male,M45-49,101.86666666666666,477.8333333333333,379.3,1003.35
"Wells, John",USA,Male,M50-54,83.88333333333334,477.4,379.7,1003.4
"Thelin, Jason",USA,Male,M45-49,80.88333333333334,477.8666666666667,379.6666666666667,1003.4166666666666
"Heninger, David",USA,Male,M50-54,115.65,463.68333333333334,393.8666666666667,1003.4666666666667
"Brown, Jason",USA,Male,M30-34,89.75,465.28333333333336,427.8333333333333,1003.7666666666667
"Yanz, Greg",USA,Male,M45-49,81.55,421.85,477.03333333333336,1004.8
"Shoemaker, Laura",USA,Female,F55-59,105.41666666666667,456.21666666666664,404.3666666666667,1004.9833333333333
"Evans, Christopher",USA,Male,M50-54,70.05,433.85,464.1166666666667,1005.0166666666667
"Haley, Mark",USA,Male,M50-54,111.73333333333333,474.23333333333335,395.85,1005.7666666666667
"Richardson, Heath",USA,Male,M40-44,76.13333333333334,486.3333333333333,391.9,1006.2
"Moons, Terrence",USA,Male,M55-59,106.93333333333334,496.48333333333335,374.71666666666664,1006.2666666666667
"Brown, Maryellen",USA,Female,F35-39,93.78333333333333,471.85,399.1,1006.5166666666667
"Martin, Suzanne",USA,Female,F60-64,103.35,482.78333333333336,399.1166666666667,1006.5166666666667
"Pasia, Nelson",PHL,Male,M40-44,94.26666666666667,492.8666666666667,386.7,1006.55
"Hestvik, Sharon",USA,Female,F55-59,100.03333333333333,434.53333333333336,437.1333333333333,1006.5666666666667
"Dotter, Edward",USA,Male,M55-59,89.83333333333333,473.68333333333334,416.05,1006.85
"Wisthoff, Karl",USA,Male,M30-34,90.31666666666666,470.43333333333334,420.03333333333336,1006.9833333333333
"Apelagunta, Vinil",IND,Male,M25-29,107.6,475.01666666666665,403.21666666666664,1008.1166666666667
"Cahill, Christian",USA,Male,M45-49,85.58333333333333,450.71666666666664,448.85,1008.6666666666666
"Smith, Clayton",USA,Male,M50-54,107.53333333333333,470.8833333333333,409.1333333333333,1009.0666666666667
"Jacko, James",USA,Male,M70-74,102.55,472.3833333333333,411.8,1009.3333333333334
"Hare, Mandi",USA,Female,F35-39,85.2,495.1166666666667,405.55,1009.5333333333333
"Peterson, Renee",USA,Female,F45-49,83.76666666666667,473.6166666666667,428.76666666666665,1009.8833333333333
"Wyer, Melissa",USA,Female,F25-29,90.48333333333333,502.56666666666666,395.48333333333335,1010.5166666666667
"Lovell, Matt",USA,Male,M30-34,87.3,464.06666666666666,423.05,1011.0333333333333
"Chappell, Scott",USA,Male,M40-44,105.05,475.43333333333334,407.65,1011.7166666666667
"Vaughn, Donald",USA,Male,M50-54,102.85,478.3,396.43333333333334,1011.9166666666666
"Suraci, Bruno",USA,Male,M45-49,98.31666666666666,419.21666666666664,467.6,1012.4833333333333
"Kihm, Holly",USA,Female,F40-44,93.83333333333333,445.4166666666667,443.65,1012.6166666666667
"McGoun, Sam",USA,Male,M40-44,76.58333333333333,505.26666666666665,395.6,1013.1166666666667
"Del Toro, Madeleidys",USA,Female,F35-39,92.63333333333334,470.1666666666667,427.3833333333333,1013.7333333333333
"Light, Clint",USA,Male,M30-34,86.2,444.43333333333334,461.85,1014.75
"Galvano, Rich",USA,Male,M45-49,88.86666666666666,510.48333333333335,389.46666666666664,1014.8833333333333
"Glowicki, Greg",USA,Male,M60-64,79.36666666666666,410.8666666666667,465.65,1015.0166666666667
"Stewart, Natasha",USA,Female,F35-39,126.01666666666667,483.25,392.25,1015.1666666666666
"Ginarte, Aristotle",USA,Male,M45-49,95.63333333333334,490.51666666666665,384.45,1015.4
"Cole, Nancy",CAN,Female,F60-64,118,488.65,394.6666666666667,1015.8666666666667
"Willson, Libby",USA,Female,F35-39,102.38333333333334,476.25,413,1016.0333333333333
"Ganimasty, Manjunath",USA,Male,M40-44,120.5,486.1,382.06666666666666,1016.45
"Blackburn, Dan",USA,Male,M60-64,87.61666666666666,453.28333333333336,451.6666666666667,1016.5833333333334
"Jackson, Tonia",USA,Female,F50-54,117.46666666666667,496.6166666666667,390.3666666666667,1018.8
