Player,Season,TPM,TPA,TPP
A.C. Green,1997,1,20,0.05
Aaron McKie,1997,41,103,0.39805825242718446
Aaron Williams,1997,0,1,0
Acie Earl,1997,0,5,0
Adam Keefe,1997,0,1,0
Adrian Caldwell,1997,0,2,0
Alan Henderson,1997,0,0,NA
Aleksandar Djordjevic,1997,5,7,0.7142857142857143
Allan Houston,1997,148,384,0.3854166666666667
Allen Iverson*,1997,155,455,0.34065934065934067
Alonzo Mourning*,1997,1,9,0.1111111111111111
Alton Lister,1997,0,0,NA
Amal McCaskill,1997,0,2,0
Andrew DeClercq,1997,0,0,NA
Andrew Lang,1997,0,0,NA
Anfernee Hardaway,1997,85,267,0.31835205992509363
Anthony Goldwire,1997,64,153,0.41830065359477125
Anthony Mason,1997,1,3,0.3333333333333333
Anthony Miller,1997,0,0,NA
Anthony Peeler,1997,128,343,0.37317784256559766
Antoine Carr,1997,0,3,0
Antoine Walker,1997,52,159,0.3270440251572327
Antonio Davis,1997,1,14,0.07142857142857142
Antonio Harvey,1997,0,0,NA
Antonio Lang,1997,0,6,0
Antonio McDyess,1997,6,35,0.17142857142857143
Armen Gilliam,1997,0,0,NA
Arvydas Sabonis*,1997,49,132,0.3712121212121212
Ashraf Amaya,1997,1,1,1
Avery Johnson,1997,6,26,0.23076923076923078
B.J. Armstrong,1997,25,90,0.2777777777777778
Ben Davis,1997,0,0,NA
Ben Wallace,1997,0,0,NA
Benoit Benjamin,1997,0,0,NA
Bill Wennington,1997,0,2,0
Billy Owens,1997,25,72,0.3472222222222222
Bimbo Coles,1997,30,102,0.29411764705882354
Bison Dele,1997,0,0,NA
Blue Edwards,1997,25,89,0.2808988764044944
Bo Outlaw,1997,0,8,0
Bob Sura,1997,53,164,0.3231707317073171
Bobby Hurley,1997,14,45,0.3111111111111111
Bobby Phills,1997,85,216,0.39351851851851855
Brad Lohaus,1997,2,7,0.2857142857142857
Brent Barry,1997,56,173,0.3236994219653179
Brent Price,1997,17,53,0.32075471698113206
Brent Scott,1997,0,0,NA
Brett Szabo,1997,0,1,0
Brian Evans,1997,4,8,0.5
Brian Grant,1997,0,0,NA
Brian Shaw,1997,63,194,0.3247422680412371
Brooks Thompson,1997,97,244,0.3975409836065574
Bruce Bowen,1997,0,0,NA
Bryant Reeves,1997,1,11,0.09090909090909091
Bryant Stith,1997,70,182,0.38461538461538464
Bryon Russell,1997,108,264,0.4090909090909091
Buck Williams,1997,0,1,0
Byron Scott,1997,73,188,0.3882978723404255
Calbert Cheaney,1997,4,30,0.13333333333333333
Carl Herrera,1997,2,6,0.3333333333333333
Carl Thomas,1997,2,12,0.16666666666666666
Carlos Rogers,1997,25,66,0.3787878787878788
Cedric Ceballos,1997,26,102,0.2549019607843137
Charles Barkley*,1997,58,205,0.28292682926829266
Charles Jones,1997,0,0,NA
Charles Oakley,1997,5,19,0.2631578947368421
Charles Smith,1997,0,1,0
Charlie Ward,1997,48,154,0.3116883116883117
Cherokee Parks,1997,0,1,0
Chris Carr,1997,31,88,0.3522727272727273
Chris Childs,1997,70,181,0.3867403314917127
Chris Dudley,1997,0,0,NA
Chris Gatling,1997,1,6,0.16666666666666666
Chris Jent,1997,2,3,0.6666666666666666
Chris Mills,1997,86,220,0.39090909090909093
Chris Morris,1997,31,113,0.2743362831858407
Chris Mullin*,1997,83,202,0.41089108910891087
Chris Robinson,1997,34,89,0.38202247191011235
Chris Webber,1997,60,151,0.3973509933774834
Chris Whitney,1997,58,163,0.3558282208588957
Christian Laettner,1997,31,88,0.3522727272727273
Chucky Brown,1997,1,6,0.16666666666666666
Clarence Weatherspoon,1997,1,6,0.16666666666666666
Clifford Robinson,1997,121,350,0.3457142857142857
Clifford Rozier,1997,0,2,0
Clyde Drexler*,1997,119,335,0.35522388059701493
Corie Blount,1997,1,3,0.3333333333333333
Corliss Williamson,1997,0,3,0
Cory Alexander,1997,94,252,0.373015873015873
Craig Ehlo,1997,27,95,0.28421052631578947
Cuonzo Martin,1997,0,2,0
Dale Davis,1997,0,0,NA
Dale Ellis,1997,192,528,0.36363636363636365
Damon Stoudamire,1997,176,496,0.3548387096774194
Dan Majerle,1997,68,201,0.3383084577114428
Dana Barros,1997,43,105,0.4095238095238095
Danny Ferry,1997,114,284,0.4014084507042254
Danny Manning,1997,7,36,0.19444444444444445
Danny Schayes,1997,0,1,0
Darrell Armstrong,1997,55,181,0.30386740331491713
Darrick Martin,1997,91,234,0.3888888888888889
Darrin Hancock,1997,0,0,NA
Darvin Ham,1997,0,0,NA
David Robinson*,1997,0,0,NA
David Vaughn,1997,0,0,NA
David Wesley,1997,103,286,0.36013986013986016
David Wingate,1997,25,71,0.352112676056338
David Wood,1997,5,15,0.3333333333333333
Dean Garrett,1997,0,0,NA
Dee Brown,1997,20,65,0.3076923076923077
Dell Curry,1997,126,296,0.42567567567567566
Dell Demps,1997,0,1,0
Dennis Rodman*,1997,5,19,0.2631578947368421
Dennis Scott,1997,147,373,0.3941018766756032
Derek Fisher,1997,22,73,0.3013698630136986
Derek Harper,1997,60,176,0.3409090909090909
Derek Strong,1997,0,13,0
Derrick Alston,1997,0,0,NA
Derrick Coleman,1997,32,119,0.2689075630252101
Derrick McKey,1997,15,58,0.25862068965517243
Detlef Schrempf,1997,57,161,0.35403726708074534
Devin Gray,1997,0,0,NA
Dexter Boney,1997,1,6,0.16666666666666666
Dickey Simpkins,1997,1,4,0.25
Dikembe Mutombo*,1997,0,0,NA
Dino Radja,1997,0,1,0
Dominique Wilkins*,1997,70,239,0.2928870292887029
Don MacLean,1997,12,38,0.3157894736842105
Don Reid,1997,0,1,0
Donald Royal,1997,0,2,0
Donald Whiteside,1997,12,36,0.3333333333333333
Donnie Boyce,1997,2,16,0.125
Donny Marshall,1997,33,87,0.3793103448275862
Dontonio Wingfield,1997,26,77,0.33766233766233766
Donyell Marshall,1997,35,111,0.3153153153153153
Doug Christie,1997,147,383,0.3838120104438642
Doug Overton,1997,10,40,0.25
Doug West,1997,15,45,0.3333333333333333
Duane Causwell,1997,2,3,0.6666666666666666
Duane Ferrell,1997,18,44,0.4090909090909091
Dwayne Schintzius,1997,1,2,0.5
Earl Cureton,1997,0,0,NA
Ed O'Bannon,1997,18,70,0.2571428571428571
Ed Pinckney,1997,0,0,NA
Eddie Johnson,1997,49,131,0.37404580152671757
Eddie Jones,1997,152,389,0.390745501285347
Elden Campbell,1997,1,4,0.25
Eldridge Recasner,1997,58,140,0.4142857142857143
Elliot Perry,1997,49,137,0.35766423357664234
Elmer Bennett,1997,3,9,0.3333333333333333
Elmore Spencer,1997,0,0,NA
Emanual Davis,1997,12,27,0.4444444444444444
Ennis Whatley,1997,0,0,NA
Eric Leckner,1997,0,0,NA
Eric Mobley,1997,0,0,NA
Eric Montross,1997,0,0,NA
Eric Murdock,1997,4,10,0.4
Eric Piatkowski,1997,51,120,0.425
Eric Snow,1997,4,15,0.26666666666666666
Eric Williams,1997,2,8,0.25
Erick Dampier,1997,1,1,1
Erick Strickland,1997,28,92,0.30434782608695654
Ervin Johnson,1997,0,2,0
Evric Gray,1997,1,4,0.25
Felton Spencer,1997,0,0,NA
Frank Brickowski,1997,7,20,0.35
Frankie King,1997,1,2,0.5
Fred Hoiberg,1997,29,70,0.4142857142857143
Fred Roberts,1997,0,0,NA
Gary Grant,1997,14,46,0.30434782608695654
Gary Payton*,1997,119,380,0.3131578947368421
Gary Trent,1997,0,11,0
Gaylon Nickerson,1997,0,2,0
George Lynch,1997,8,31,0.25806451612903225
George McCloud,1997,99,254,0.38976377952755903
George Zidek,1997,0,2,0
Gerald Wilkins,1997,66,203,0.3251231527093596
Gheorghe Muresan,1997,0,0,NA
Glen Rice,1997,207,440,0.47045454545454546
Glenn Robinson,1997,63,180,0.35
Grant Hill,1997,10,33,0.30303030303030304
Grant Long,1997,17,47,0.3617021276595745
Greg Anderson,1997,0,1,0
Greg Anthony,1997,88,238,0.3697478991596639
Greg Dreiling,1997,1,1,1
Greg Foster,1997,2,3,0.6666666666666666
Greg Graham,1997,9,31,0.2903225806451613
Greg Minor,1997,1,8,0.125
Greg Ostertag,1997,0,4,0
Hakeem Olajuwon*,1997,5,16,0.3125
Harvey Grant,1997,28,89,0.3146067415730337
Haywoode Workman,1997,0,3,0
Henry James,1997,76,181,0.4198895027624309
Herb Williams,1997,0,1,0
Hersey Hawkins,1997,143,355,0.4028169014084507
Horace Grant,1997,1,6,0.16666666666666666
Horacio Llamas Grey,1997,0,0,NA
Hot Rod Williams,1997,0,2,0
Howard Eisley,1997,20,72,0.2777777777777778
Hubert Davis,1997,16,70,0.22857142857142856
Isaac Austin,1997,0,3,0
Isaiah Rider,1997,99,257,0.3852140077821012
Ivano Newbill,1997,0,0,NA
Jack Haley,1997,0,0,NA
Jalen Rose,1997,21,72,0.2916666666666667
Jamal Mashburn,1997,90,277,0.3249097472924188
James Robinson,1997,102,267,0.38202247191011235
James Scott,1997,0,4,0
Jamie Feick,1997,5,14,0.35714285714285715
Jamie Watson,1997,4,12,0.3333333333333333
Jaren Jackson,1997,53,158,0.33544303797468356
Jason Caffey,1997,0,1,0
Jason Kidd,1997,61,165,0.3696969696969697
Jason Sasser,1997,1,3,0.3333333333333333
Jayson Williams,1997,0,4,0
Jeff Grayer,1997,4,11,0.36363636363636365
Jeff Hornacek,1997,72,195,0.36923076923076925
Jeff McInnis,1997,12,26,0.46153846153846156
Jermaine O'Neal,1997,0,1,0
Jerome Allen,1997,30,93,0.3225806451612903
Jerome Kersey,1997,17,65,0.26153846153846155
Jerome Williams,1997,0,0,NA
Jerry Stackhouse,1997,102,342,0.2982456140350877
Jim Jackson,1997,86,247,0.3481781376518219
Jim McIlvaine,1997,1,7,0.14285714285714285
Jimmy Carruth,1997,0,0,NA
Jimmy King,1997,0,0,NA
Jimmy Oliver,1997,1,6,0.16666666666666666
Joe Courtney,1997,0,0,NA
Joe Dumars*,1997,166,384,0.4322916666666667
Joe Kleine,1997,2,3,0.6666666666666666
Joe Smith,1997,12,46,0.2608695652173913
Joe Stephens,1997,1,3,0.3333333333333333
Joe Wolf,1997,1,7,0.14285714285714285
John Crotty,1997,20,49,0.40816326530612246
John Long,1997,12,34,0.35294117647058826
John Starks,1997,150,407,0.36855036855036855
John Stockton*,1997,76,180,0.4222222222222222
John Wallace,1997,2,4,0.5
Johnny Newman,1997,34,98,0.3469387755102041
Jon Barry,1997,48,124,0.3870967741935484
Jud Buechler,1997,18,54,0.3333333333333333
Juwan Howard,1997,0,2,0
Karl Malone*,1997,0,13,0
Keith Askins,1997,69,172,0.4011627906976744
Keith Tower,1997,0,0,NA
Ken Norman,1997,6,38,0.15789473684210525
Kendall Gill,1997,74,220,0.33636363636363636
Kenny Anderson,1997,132,366,0.36065573770491804
Kenny Smith,1997,59,135,0.43703703703703706
Kerry Kittles,1997,158,419,0.37708830548926014
Kevin Duckworth,1997,3,4,0.75
Kevin Edwards,1997,15,43,0.3488372093023256
Kevin Gamble,1997,54,112,0.48214285714285715
Kevin Garnett,1997,6,21,0.2857142857142857
Kevin Johnson,1997,89,202,0.4405940594059406
Kevin Salvadori,1997,0,0,NA
Kevin Willis,1997,2,14,0.14285714285714285
Khalid Reeves,1997,83,227,0.3656387665198238
Kobe Bryant,1997,51,136,0.375
Kurt Thomas,1997,0,1,0
LaPhonso Ellis,1997,95,259,0.3667953667953668
LaSalle Thompson,1997,0,0,NA
Lamond Murray,1997,31,91,0.34065934065934067
Larry Johnson,1997,34,105,0.3238095238095238
Larry Krystkowiak,1997,0,0,NA
Larry Stewart,1997,9,37,0.24324324324324326
Latrell Sprewell,1997,147,415,0.3542168674698795
Lawrence Moten,1997,41,141,0.2907801418439716
Lee Mayberry,1997,83,221,0.3755656108597285
Lindsey Hunter,1997,166,468,0.3547008547008547
Lionel Simmons,1997,7,30,0.23333333333333334
Litterial Green,1997,0,10,0
Lloyd Daniels,1997,21,70,0.3
Loren Meyer,1997,4,7,0.5714285714285714
Lorenzen Wright,1997,1,4,0.25
Lorenzo Williams,1997,0,0,NA
Lou Roe,1997,3,11,0.2727272727272727
Loy Vaught,1997,2,12,0.16666666666666666
Luc Longley,1997,0,2,0
Lucious Harris,1997,36,99,0.36363636363636365
Mahmoud Abdul-Rauf,1997,94,246,0.3821138211382114
Malik Rose,1997,0,2,0
Malik Sealy,1997,79,222,0.35585585585585583
Marcus Brown,1997,13,32,0.40625
Marcus Camby,1997,2,14,0.14285714285714285
Mario Elie,1997,120,286,0.4195804195804196
Mark Bradtke,1997,0,0,NA
Mark Bryant,1997,0,0,NA
Mark Davis,1997,24,93,0.25806451612903225
Mark Hendrickson,1997,3,12,0.25
Mark Jackson,1997,66,178,0.3707865168539326
Mark Price,1997,112,283,0.3957597173144876
Mark Strickland,1997,0,1,0
Mark West,1997,0,0,NA
Martin Lewis,1997,1,3,0.3333333333333333
Martin Muursepp,1997,4,24,0.16666666666666666
Marty Conlon,1997,2,10,0.2
Matt Bullard,1997,67,183,0.366120218579235
Matt Fish,1997,0,0,NA
Matt Geiger,1997,6,20,0.3
Matt Maloney,1997,154,381,0.4041994750656168
Matt Steigenga,1997,0,2,0
Melvin Booker,1997,12,37,0.32432432432432434
Michael Cage,1997,0,0,NA
Michael Curry,1997,23,77,0.2987012987012987
Michael Finley,1997,101,280,0.3607142857142857
Michael Hawkins,1997,10,31,0.3225806451612903
Michael Jordan*,1997,111,297,0.37373737373737376
Michael Smith,1997,0,0,NA
Mike Brown,1997,0,0,NA
Mitch Richmond*,1997,204,477,0.4276729559748428
Mitchell Butler,1997,12,39,0.3076923076923077
Monty Williams,1997,0,1,0
Moochie Norris,1997,2,10,0.2
Mookie Blaylock,1997,221,604,0.3658940397350993
Muggsy Bogues,1997,60,144,0.4166666666666667
Nate Driggers,1997,0,9,0
Nate McMillan,1997,28,84,0.3333333333333333
Nick Anderson,1997,143,405,0.3530864197530864
Nick Van Exel,1997,177,468,0.3782051282051282
Olden Polynice,1997,0,6,0
Oliver Miller,1997,0,2,0
Othella Harrington,1997,0,3,0
Otis Thorpe,1997,0,2,0
P.J. Brown,1997,0,2,0
Patrick Ewing*,1997,2,9,0.2222222222222222
Pervis Ellison,1997,0,0,NA
Pete Chilcutt,1997,25,69,0.36231884057971014
Pooh Richardson,1997,42,128,0.328125
Popeye Jones,1997,1,13,0.07692307692307693
Priest Lauderdale,1997,0,1,0
Rafael Addison,1997,8,20,0.4
Randolph Childress,1997,5,19,0.2631578947368421
Randy Brown,1997,4,22,0.18181818181818182
Randy Livingston,1997,9,22,0.4090909090909091
Rasheed Wallace,1997,9,33,0.2727272727272727
Ray Allen,1997,117,298,0.3926174496644295
Ray Owes,1997,1,5,0.2
Reggie Geary,1997,8,21,0.38095238095238093
Reggie Jordan,1997,0,0,NA
Reggie Miller*,1997,229,536,0.42723880597014924
Reggie Slater,1997,0,2,0
Reggie Williams,1997,9,34,0.2647058823529412
Rex Chapman,1997,110,314,0.3503184713375796
Rex Walters,1997,57,148,0.38513513513513514
Rich Manning,1997,2,4,0.5
Rick Fox,1997,101,278,0.36330935251798563
Rick Mahorn,1997,0,1,0
Ricky Pierce,1997,42,95,0.4421052631578947
Rik Smits,1997,2,8,0.25
Robert Horry,1997,49,154,0.3181818181818182
Robert Pack,1997,31,112,0.2767857142857143
Robert Parish*,1997,0,0,NA
Robert Werdann,1997,0,0,NA
Rod Strickland,1997,13,77,0.16883116883116883
Rodney Rogers,1997,65,180,0.3611111111111111
Ron Harper,1997,68,188,0.3617021276595745
Rony Seikaly,1997,0,3,0
Roy Rogers,1997,1,1,1
Ruben Nembhard,1997,0,6,0
Rumeal Robinson,1997,18,56,0.32142857142857145
Sam Cassell,1997,81,231,0.35064935064935066
Sam Mack,1997,47,142,0.33098591549295775
Sam Mitchell,1997,4,25,0.16
Sam Perkins,1997,122,309,0.3948220064724919
Samaki Walker,1997,0,1,0
Sarunas Marciulionis*,1997,11,30,0.36666666666666664
Sasha Danilovic,1997,85,236,0.3601694915254237
Scott Brooks,1997,5,12,0.4166666666666667
Scott Burrell,1997,41,116,0.35344827586206895
Scott Williams,1997,0,2,0
Scottie Pippen*,1997,156,424,0.36792452830188677
Sean Elliott,1997,42,126,0.3333333333333333
Sean Rooks,1997,0,1,0
Sedale Threatt,1997,8,20,0.4
Shandon Anderson,1997,24,47,0.5106382978723404
Shane Heal,1997,20,65,0.3076923076923077
Shaquille O'Neal*,1997,0,4,0
Shareef Abdur-Rahim,1997,7,27,0.25925925925925924
Sharone Wright,1997,0,1,0
Shawn Bradley,1997,0,8,0
Shawn Kemp,1997,12,33,0.36363636363636365
Shawn Respert,1997,20,57,0.3508771929824561
Shawnelle Scott,1997,0,0,NA
Sherman Douglas,1997,38,114,0.3333333333333333
Stacey Augmon,1997,0,0,NA
Stacey King,1997,0,0,NA
Stanley Roberts,1997,0,0,NA
Stephen Howard,1997,0,0,NA
Stephon Marbury,1997,102,288,0.3541666666666667
Steve Hamer,1997,0,2,0
Steve Kerr,1997,110,237,0.4641350210970464
Steve Nash,1997,23,55,0.41818181818181815
Steve Scheffler,1997,0,0,NA
Steve Smith,1997,130,388,0.33505154639175255
Stevin Smith,1997,1,6,0.16666666666666666
Stojko Vrankovic,1997,0,0,NA
Terrell Brandon,1997,101,271,0.3726937269372694
Terry Cummings,1997,3,5,0.6
Terry Dehere,1997,52,160,0.325
Terry Mills,1997,175,415,0.42168674698795183
Terry Porter,1997,67,200,0.335
Theo Ratliff,1997,0,0,NA
Tim Hardaway,1997,203,590,0.3440677966101695
Tim Kempton,1997,0,0,NA
Tim Legler,1997,8,29,0.27586206896551724
Todd Day,1997,126,348,0.3620689655172414
Todd Fuller,1997,0,0,NA
Tom Chambers,1997,2,3,0.6666666666666666
Tom Gugliotta,1997,24,93,0.25806451612903225
Tom Hammonds,1997,0,2,0
Toni Kukoc,1997,50,151,0.33112582781456956
Tony Delk,1997,52,112,0.4642857142857143
Tony Dumas,1997,4,28,0.14285714285714285
Tony Massenburg,1997,0,1,0
Tony Smith,1997,32,99,0.32323232323232326
Tracy Moore,1997,11,43,0.2558139534883721
Tracy Murray,1997,106,300,0.35333333333333333
Travis Best,1997,57,155,0.36774193548387096
Travis Knight,1997,0,0,NA
Tyrone Corbin,1997,74,208,0.3557692307692308
Tyrone Hill,1997,0,1,0
Tyus Edney,1997,8,42,0.19047619047619047
Vernon Maxwell,1997,115,372,0.30913978494623656
Vin Baker,1997,15,54,0.2777777777777778
Vincent Askew,1997,7,24,0.2916666666666667
Vinny Del Negro,1997,44,140,0.3142857142857143
Vitaly Potapenko,1997,1,2,0.5
Vlade Divac,1997,11,47,0.23404255319148937
Voshon Lenard,1997,183,442,0.41402714932126694
Walt Williams,1997,175,437,0.40045766590389015
Walter McCarty,1997,4,14,0.2857142857142857
Wayman Tisdale,1997,0,0,NA
Wesley Person,1997,171,414,0.41304347826086957
Will Perdue,1997,0,0,NA
Willie Anderson,1997,8,19,0.42105263157894735
Willie Burton,1997,13,46,0.2826086956521739
Xavier McDaniel,1997,5,25,0.2
Yinka Dare,1997,0,0,NA
Zan Tabak,1997,0,0,NA
A.C. Green,1998,0,4,0
Aaron McKie,1998,12,63,0.19047619047619047
Aaron Williams,1998,0,1,0
Adam Keefe,1998,0,0,NA
Adonal Foyle,1998,0,1,0
Adrian Caldwell,1998,0,0,NA
Alan Henderson,1998,3,6,0.5
Allan Houston,1998,82,213,0.38497652582159625
Allen Iverson*,1998,70,235,0.2978723404255319
Alonzo Mourning*,1998,0,0,NA
Alton Lister,1998,0,0,NA
Alvin Williams,1998,9,28,0.32142857142857145
Andrew DeClercq,1998,0,1,0
Andrew Lang,1998,0,1,0
Anfernee Hardaway,1998,15,50,0.3
Anthony Bowie,1998,3,4,0.75
Anthony Goldwire,1998,63,164,0.38414634146341464
Anthony Johnson,1998,42,128,0.328125
Anthony Mason,1998,0,4,0
Anthony Miller,1998,0,0,NA
Anthony Parker,1998,9,28,0.32142857142857145
Anthony Peeler,1998,53,125,0.424
Antoine Carr,1998,0,0,NA
Antoine Walker,1998,91,292,0.3116438356164384
Antonio Daniels,1998,11,52,0.21153846153846154
Antonio Davis,1998,0,3,0
Antonio Lang,1998,0,0,NA
Antonio McDyess,1998,0,2,0
Armen Gilliam,1998,0,4,0
Arvydas Sabonis*,1998,30,115,0.2608695652173913
Austin Croshere,1998,4,13,0.3076923076923077
Avery Johnson,1998,2,13,0.15384615384615385
B.J. Armstrong,1998,9,35,0.2571428571428571
Ben Davis,1998,0,0,NA
Ben Wallace,1998,0,0,NA
Benoit Benjamin,1998,0,0,NA
Bill Curley,1998,0,1,0
Bill Wennington,1998,0,0,NA
Billy Owens,1998,26,70,0.37142857142857144
Bimbo Coles,1998,13,57,0.22807017543859648
Bison Dele,1998,1,3,0.3333333333333333
Blue Edwards,1998,40,120,0.3333333333333333
Bo Outlaw,1998,1,4,0.25
Bob McCann,1998,0,0,NA
Bob Sura,1998,19,60,0.31666666666666665
Bobby Hurley,1998,5,22,0.22727272727272727
Bobby Jackson,1998,21,81,0.25925925925925924
Bobby Phills,1998,44,114,0.38596491228070173
Brad Lohaus,1998,4,14,0.2857142857142857
Brandon Williams,1998,3,9,0.3333333333333333
Brent Barry,1998,90,229,0.3930131004366812
Brent Price,1998,73,187,0.39037433155080214
Brevin Knight,1998,0,7,0
Brian Evans,1998,29,87,0.3333333333333333
Brian Grant,1998,0,1,0
Brian Oliver,1998,0,0,NA
Brian Shaw,1998,28,95,0.29473684210526313
Brooks Thompson,1998,9,30,0.3
Bruce Bowen,1998,20,59,0.3389830508474576
Bryant Reeves,1998,0,4,0
Bryant Stith,1998,10,48,0.20833333333333334
Bryon Russell,1998,73,214,0.3411214953271028
Bubba Wells,1998,1,6,0.16666666666666666
Buck Williams,1998,0,0,NA
Calbert Cheaney,1998,15,53,0.2830188679245283
Carl Herrera,1998,0,1,0
Carl Thomas,1998,20,59,0.3389830508474576
Carlos Rogers,1998,0,2,0
Cedric Ceballos,1998,21,70,0.3
Cedric Henderson,1998,0,4,0
Charles Barkley*,1998,18,84,0.21428571428571427
Charles Jones,1998,0,0,NA
Charles O'Bannon,1998,0,3,0
Charles Oakley,1998,0,6,0
Charles Smith,1998,15,47,0.3191489361702128
Charlie Ward,1998,81,215,0.3767441860465116
Chauncey Billups,1998,107,325,0.3292307692307692
Cherokee Parks,1998,0,1,0
Chris Anstey,1998,3,16,0.1875
Chris Carr,1998,40,127,0.31496062992125984
Chris Childs,1998,27,87,0.3103448275862069
Chris Crawford,1998,1,3,0.3333333333333333
Chris Dudley,1998,0,0,NA
Chris Garner,1998,4,14,0.2857142857142857
Chris Gatling,1998,1,4,0.25
Chris Mills,1998,40,137,0.291970802919708
Chris Morris,1998,19,62,0.3064516129032258
Chris Mullin*,1998,107,243,0.4403292181069959
Chris Robinson,1998,24,66,0.36363636363636365
Chris Webber,1998,65,205,0.3170731707317073
Chris Whitney,1998,52,169,0.3076923076923077
Christian Laettner,1998,6,27,0.2222222222222222
Chuck Person,1998,95,276,0.3442028985507246
Chucky Brown,1998,2,8,0.25
Clarence Weatherspoon,1998,0,0,NA
Clifford Robinson,1998,27,84,0.32142857142857145
Clifford Rozier,1998,0,0,NA
Clyde Drexler*,1998,106,334,0.31736526946107785
Corey Beck,1998,2,4,0.5
Corie Blount,1998,0,4,0
Corliss Williamson,1998,0,9,0
Cory Alexander,1998,66,176,0.375
Dale Davis,1998,0,0,NA
Dale Ellis,1998,127,274,0.4635036496350365
Damon Stoudamire,1998,91,304,0.2993421052631579
Dan Majerle,1998,111,295,0.376271186440678
Dana Barros,1998,100,246,0.4065040650406504
Danny Ferry,1998,33,99,0.3333333333333333
Danny Fortson,1998,1,3,0.3333333333333333
Danny Manning,1998,0,7,0
Danny Schayes,1998,0,0,NA
Darrell Armstrong,1998,25,68,0.36764705882352944
Darrick Martin,1998,107,293,0.3651877133105802
Darvin Ham,1998,0,0,NA
David Benoit,1998,55,170,0.3235294117647059
David Robinson*,1998,1,4,0.25
David Vaughn,1998,0,1,0
David Wesley,1998,59,170,0.34705882352941175
David Wingate,1998,3,7,0.42857142857142855
DeJuan Wheat,1998,8,17,0.47058823529411764
Dean Garrett,1998,0,0,NA
Dee Brown,1998,108,271,0.3985239852398524
Dell Curry,1998,61,145,0.4206896551724138
Dennis Rodman*,1998,4,23,0.17391304347826086
Dennis Scott,1998,125,342,0.3654970760233918
Derek Anderson,1998,17,84,0.20238095238095238
Derek Fisher,1998,31,81,0.38271604938271603
Derek Grimm,1998,4,12,0.3333333333333333
Derek Harper,1998,59,164,0.3597560975609756
Derek Strong,1998,0,4,0
Derrick Coleman,1998,26,98,0.2653061224489796
Derrick McKey,1998,4,17,0.23529411764705882
Detlef Schrempf,1998,61,147,0.41496598639455784
Dickey Simpkins,1998,0,2,0
Dikembe Mutombo*,1998,0,0,NA
Don MacLean,1998,1,2,0.5
Don Reid,1998,0,0,NA
Donald Royal,1998,0,0,NA
Donald Whiteside,1998,0,1,0
Dontae' Jones,1998,6,23,0.2608695652173913
Dontonio Wingfield,1998,0,0,NA
Donyell Marshall,1998,63,201,0.31343283582089554
Doug Christie,1998,100,307,0.3257328990228013
Doug Overton,1998,0,3,0
Doug West,1998,0,2,0
Drew Barry,1998,9,21,0.42857142857142855
Duane Causwell,1998,0,0,NA
Duane Ferrell,1998,0,6,0
Ed Gray,1998,18,46,0.391304347826087
Ed Stokes,1998,0,0,NA
Eddie Johnson,1998,66,198,0.3333333333333333
Eddie Jones,1998,143,368,0.38858695652173914
Elden Campbell,1998,1,2,0.5
Eldridge Recasner,1998,62,148,0.4189189189189189
Elliot Perry,1998,17,50,0.34
Emanual Davis,1998,27,72,0.375
Eric Montross,1998,0,0,NA
Eric Murdock,1998,28,91,0.3076923076923077
Eric Piatkowski,1998,106,259,0.4092664092664093
Eric Riley,1998,0,1,0
Eric Snow,1998,2,17,0.11764705882352941
Eric Washington,1998,44,137,0.32116788321167883
Eric Williams,1998,0,0,NA
Erick Dampier,1998,0,2,0
Erick Strickland,1998,48,163,0.294478527607362
Ervin Johnson,1998,0,0,NA
Etdrick Bohannon,1998,0,0,NA
Felton Spencer,1998,0,0,NA
Fred Hoiberg,1998,32,85,0.3764705882352941
Gary Grant,1998,7,19,0.3684210526315789
Gary Payton*,1998,134,397,0.33753148614609574
Gary Trent,1998,4,12,0.3333333333333333
George Lynch,1998,9,30,0.3
George McCloud,1998,71,208,0.34134615384615385
George Zidek,1998,1,2,0.5
Gerald Madkins,1998,6,15,0.4
Gerald Wilkins,1998,29,109,0.26605504587155965
Glen Rice,1998,130,300,0.43333333333333335
Glenn Robinson,1998,25,65,0.38461538461538464
God Shammgod,1998,0,2,0
Grant Hill,1998,3,21,0.14285714285714285
Grant Long,1998,0,4,0
Greg Anderson,1998,0,5,0
Greg Anthony,1998,66,159,0.41509433962264153
Greg Foster,1998,2,9,0.2222222222222222
Greg Graham,1998,0,3,0
Greg Minor,1998,6,31,0.1935483870967742
Greg Ostertag,1998,0,0,NA
Hakeem Olajuwon*,1998,0,3,0
Harold Ellis,1998,0,4,0
Harvey Grant,1998,1,6,0.16666666666666666
Henry James,1998,11,25,0.44
Herb Williams,1998,0,0,NA
Hersey Hawkins,1998,125,301,0.4152823920265781
Horace Grant,1998,0,7,0
Horacio Llamas Grey,1998,1,3,0.3333333333333333
Hot Rod Williams,1998,0,0,NA
Howard Eisley,1998,48,118,0.4067796610169492
Hubert Davis,1998,101,230,0.4391304347826087
Isaac Austin,1998,0,8,0
Isaiah Rider,1998,135,420,0.32142857142857145
Ivano Newbill,1998,1,1,1
J.R. Reid,1998,3,8,0.375
Jack Haley,1998,0,1,0
Jacque Vaughn,1998,3,8,0.375
Jalen Rose,1998,25,73,0.3424657534246575
Jamal Mashburn,1998,37,122,0.30327868852459017
James Collins,1998,9,20,0.45
James Cotton,1998,0,4,0
James Robinson,1998,74,225,0.3288888888888889
Jamie Feick,1998,4,13,0.3076923076923077
Jaren Jackson,1998,112,297,0.3771043771043771
Jason Caffey,1998,0,2,0
Jason Kidd,1998,73,233,0.3133047210300429
Jason Lawson,1998,0,0,NA
Jayson Williams,1998,0,4,0
Jeff Grayer,1998,2,6,0.3333333333333333
Jeff Hornacek,1998,56,127,0.4409448818897638
Jeff Nordgaard,1998,0,0,NA
Jerald Honeycutt,1998,29,77,0.37662337662337664
Jermaine O'Neal,1998,0,2,0
Jerome Kersey,1998,1,10,0.1
Jerome Williams,1998,0,1,0
Jerry Stackhouse,1998,47,195,0.24102564102564103
Jim Jackson,1998,61,191,0.3193717277486911
Jim McIlvaine,1998,0,3,0
Jimmy Oliver,1998,1,2,0.5
Joe Dumars*,1998,158,426,0.37089201877934275
Joe Kleine,1998,0,0,NA
Joe Smith,1998,0,8,0
Joe Stephens,1998,3,10,0.3
Joe Wolf,1998,2,10,0.2
John Crotty,1998,6,20,0.3
John Starks,1998,130,398,0.32663316582914576
John Stockton*,1998,39,91,0.42857142857142855
John Thomas,1998,0,0,NA
John Wallace,1998,1,2,0.5
Johnny Newman,1998,36,105,0.34285714285714286
Johnny Taylor,1998,1,2,0.5
Jon Barry,1998,18,61,0.29508196721311475
Jud Buechler,1998,25,65,0.38461538461538464
Juwan Howard,1998,0,2,0
Karl Malone*,1998,2,6,0.3333333333333333
Kebu Stewart,1998,0,0,NA
Keith Askins,1998,21,74,0.28378378378378377
Keith Booth,1998,0,1,0
Keith Closs,1998,0,0,NA
Keith Van Horn,1998,69,224,0.3080357142857143
Kelvin Cato,1998,0,3,0
Kendall Gill,1998,26,101,0.25742574257425743
Kenny Anderson,1998,57,160,0.35625
Kerry Kittles,1998,110,263,0.41825095057034223
Kevin Edwards,1998,6,15,0.4
Kevin Garnett,1998,3,16,0.1875
Kevin Johnson,1998,4,26,0.15384615384615385
Kevin Ollie,1998,0,1,0
Kevin Salvadori,1998,0,0,NA
Kevin Willis,1998,1,7,0.14285714285714285
Khalid Reeves,1998,56,152,0.3684210526315789
Kiwane Garris,1998,5,14,0.35714285714285715
Kobe Bryant,1998,75,220,0.3409090909090909
Kurt Thomas,1998,0,0,NA
LaPhonso Ellis,1998,57,201,0.2835820895522388
Lamond Murray,1998,54,153,0.35294117647058826
Larry Johnson,1998,15,63,0.23809523809523808
Larry Robinson,1998,3,6,0.5
Latrell Sprewell,1998,9,48,0.1875
Lawrence Funderburke,1998,1,7,0.14285714285714285
Lawrence Moten,1998,0,1,0
Ledell Eackles,1998,16,46,0.34782608695652173
Lee Mayberry,1998,63,180,0.35
Lindsey Hunter,1998,85,265,0.32075471698113206
Litterial Green,1998,0,2,0
Lloyd Daniels,1998,2,9,0.2222222222222222
Lorenzen Wright,1998,0,2,0
Lorenzo Williams,1998,0,0,NA
Loy Vaught,1998,0,2,0
Luc Longley,1998,0,0,NA
Lucious Harris,1998,12,39,0.3076923076923077
Mahmoud Abdul-Rauf,1998,5,31,0.16129032258064516
Malik Rose,1998,1,3,0.3333333333333333
Malik Sealy,1998,9,41,0.21951219512195122
Marcus Camby,1998,0,2,0
Mario Bennett,1998,1,2,0.5
Mario Elie,1998,55,189,0.291005291005291
Mark Bryant,1998,0,1,0
Mark Davis,1998,0,6,0
Mark Hendrickson,1998,0,5,0
Mark Jackson,1998,43,137,0.31386861313868614
Mark Pope,1998,1,3,0.3333333333333333
Mark Price,1998,52,155,0.33548387096774196
Mark Strickland,1998,0,1,0
Mark West,1998,0,0,NA
Marko Milic,1998,3,6,0.5
Martin Muursepp,1998,16,38,0.42105263157894735
Marty Conlon,1998,0,0,NA
Matt Bullard,1998,96,231,0.4155844155844156
Matt Geiger,1998,1,11,0.09090909090909091
Matt Maloney,1998,126,346,0.36416184971098264
Maurice Taylor,1998,0,1,0
Michael Cage,1998,0,1,0
Michael Curry,1998,4,9,0.4444444444444444
Michael Finley,1998,87,244,0.35655737704918034
Michael Jordan*,1998,30,126,0.23809523809523808
Michael McDonald,1998,0,0,NA
Michael Smith,1998,0,1,0
Michael Stewart,1998,0,0,NA
Micheal Williams,1998,0,4,0
Mitch Richmond*,1998,130,334,0.38922155688622756
Mitchell Butler,1998,1,6,0.16666666666666666
Monty Williams,1998,1,2,0.5
Mookie Blaylock,1998,90,334,0.2694610778443114
Muggsy Bogues,1998,4,16,0.25
Nate McMillan,1998,15,34,0.4411764705882353
Nick Anderson,1998,77,214,0.3598130841121495
Nick Van Exel,1998,123,316,0.38924050632911394
Olden Polynice,1998,0,1,0
Oliver Miller,1998,0,4,0
Othella Harrington,1998,0,1,0
Otis Thorpe,1998,0,5,0
P.J. Brown,1998,0,0,NA
Patrick Ewing*,1998,0,2,0
Pervis Ellison,1998,0,0,NA
Pete Chilcutt,1998,54,130,0.4153846153846154
Pete Myers,1998,0,0,NA
Pooh Richardson,1998,11,57,0.19298245614035087
Popeye Jones,1998,2,3,0.6666666666666666
Priest Lauderdale,1998,0,0,NA
Randy Brown,1998,0,5,0
Randy Livingston,1998,0,0,NA
Rasheed Wallace,1998,8,39,0.20512820512820512
Ray Allen,1998,134,368,0.3641304347826087
Reggie Geary,1998,12,40,0.3
Reggie Hanson,1998,0,0,NA
Reggie Jordan,1998,0,1,0
Reggie Miller*,1998,164,382,0.4293193717277487
Reggie Slater,1998,0,0,NA
Rex Chapman,1998,120,311,0.3858520900321543
Rex Walters,1998,6,22,0.2727272727272727
Rick Brunson,1998,22,61,0.36065573770491804
Rick Fox,1998,86,265,0.32452830188679244
Rick Mahorn,1998,0,0,NA
Ricky Pierce,1998,4,13,0.3076923076923077
Rik Smits,1998,0,3,0
Robert Horry,1998,19,93,0.20430107526881722
Robert Pack,1998,3,6,0.5
Rod Strickland,1998,12,48,0.25
Rodney Rogers,1998,72,212,0.33962264150943394
Rodrick Rhodes,1998,2,8,0.25
Ron Harper,1998,16,84,0.19047619047619047
Ron Mercer,1998,3,28,0.10714285714285714
Rony Seikaly,1998,0,2,0
Roy Rogers,1998,0,0,NA
Rusty LaRue,1998,4,16,0.25
Sam Cassell,1998,15,80,0.1875
Sam Mack,1998,110,269,0.40892193308550184
Sam Mitchell,1998,15,43,0.3488372093023256
Sam Perkins,1998,87,222,0.3918918918918919
Samaki Walker,1998,0,1,0
Scot Pollard,1998,0,0,NA
Scott Brooks,1998,5,11,0.45454545454545453
Scott Burrell,1998,51,144,0.3541666666666667
Scott Williams,1998,0,5,0
Scottie Pippen*,1998,61,192,0.3177083333333333
Sean Elliott,1998,34,90,0.37777777777777777
Sean Higgins,1998,0,2,0
Sean Rooks,1998,0,0,NA
Shandon Anderson,1998,7,32,0.21875
Shaquille O'Neal*,1998,0,0,NA
Shareef Abdur-Rahim,1998,21,51,0.4117647058823529
Sharone Wright,1998,0,0,NA
Shawn Bradley,1998,1,3,0.3333333333333333
Shawn Kemp,1998,2,8,0.25
Shawn Respert,1998,31,93,0.3333333333333333
Shawnelle Scott,1998,0,0,NA
Shea Seals,1998,0,3,0
Sherman Douglas,1998,14,46,0.30434782608695654
Spud Webb,1998,0,1,0
Stacey Augmon,1998,1,7,0.14285714285714285
Stanley Roberts,1998,0,0,NA
Stephen Howard,1998,0,0,NA
Stephon Marbury,1998,95,304,0.3125
Steve Henson,1998,3,8,0.375
Steve Kerr,1998,57,130,0.43846153846153846
Steve Nash,1998,81,195,0.4153846153846154
Steve Smith,1998,97,276,0.35144927536231885
Stojko Vrankovic,1998,0,0,NA
Tariq Abdul-Wahad,1998,4,19,0.21052631578947367
Terrell Brandon,1998,31,93,0.3333333333333333
Terry Cummings,1998,0,1,0
Terry Davis,1998,0,1,0
Terry Dehere,1998,50,132,0.3787878787878788
Terry Mills,1998,25,81,0.30864197530864196
Terry Porter,1998,92,233,0.3948497854077253
Theo Ratliff,1998,0,0,NA
Tim Breaux,1998,1,3,0.3333333333333333
Tim Duncan,1998,0,10,0
Tim Hardaway,1998,155,442,0.3506787330316742
Tim Kempton,1998,0,0,NA
Tim Legler,1998,0,6,0
Tim Thomas,1998,62,171,0.36257309941520466
Todd Day,1998,2,12,0.16666666666666666
Todd Fuller,1998,0,4,0
Tom Chambers,1998,0,0,NA
Tom Gugliotta,1998,2,17,0.11764705882352941
Tom Hammonds,1998,0,1,0
Toni Kukoc,1998,63,174,0.3620689655172414
Tony Battie,1998,3,14,0.21428571428571427
Tony Delk,1998,42,157,0.267515923566879
Tony Dumas,1998,2,4,0.5
Tony Farmer,1998,2,9,0.2222222222222222
Tony Massenburg,1998,0,0,NA
Tony Smith,1998,0,4,0
Tracy McGrady,1998,14,41,0.34146341463414637
Tracy Murray,1998,158,403,0.3920595533498759
Travis Best,1998,21,70,0.3
Travis Knight,1998,15,55,0.2727272727272727
Travis Williams,1998,0,1,0
Troy Hudson,1998,0,3,0
Tyrone Corbin,1998,49,141,0.3475177304964539
Tyrone Hill,1998,0,1,0
Tyus Edney,1998,3,10,0.3
Vernon Maxwell,1998,37,112,0.33035714285714285
Vin Baker,1998,1,7,0.14285714285714285
Vincent Askew,1998,0,2,0
Vinny Del Negro,1998,17,39,0.4358974358974359
Vitaly Potapenko,1998,0,1,0
Vlade Divac,1998,3,14,0.21428571428571427
Voshon Lenard,1998,153,378,0.40476190476190477
Walt Williams,1998,80,219,0.365296803652968
Walter McCarty,1998,54,175,0.30857142857142855
Wesley Person,1998,192,447,0.42953020134228187
Will Perdue,1998,0,1,0
William Cunningham,1998,0,0,NA
Willie Burton,1998,3,9,0.3333333333333333
Xavier McDaniel,1998,0,0,NA
Yinka Dare,1998,0,0,NA
Zan Tabak,1998,0,1,0
Zydrunas Ilgauskas,1998,1,4,0.25
A.C. Green,1999,0,8,0
Aaron McKie,1999,6,31,0.1935483870967742
Aaron Williams,1999,0,1,0
Adam Keefe,1999,0,4,0
Adonal Foyle,1999,0,0,NA
Adonis Jordan,1999,0,2,0
Al Harrington,1999,0,5,0
Alan Henderson,1999,0,1,0
Allan Houston,1999,57,140,0.40714285714285714
Allen Iverson*,1999,58,199,0.2914572864321608
Alonzo Mourning*,1999,0,2,0
Alvin Sims,1999,1,1,1
Alvin Williams,1999,14,42,0.3333333333333333
Andrae Patterson,1999,0,5,0
Andrew DeClercq,1999,0,0,NA
Andrew Gaze,1999,5,16,0.3125
Andrew Lang,1999,0,0,NA
Anfernee Hardaway,1999,40,140,0.2857142857142857
Antawn Jamison,1999,3,10,0.3
Anthony Avent,1999,0,0,NA
Anthony Johnson,1999,5,19,0.2631578947368421
Anthony Miller,1999,0,1,0
Anthony Parker,1999,0,0,NA
Anthony Peeler,1999,34,114,0.2982456140350877
Antoine Carr,1999,0,1,0
Antoine Walker,1999,65,176,0.3693181818181818
Antonio Daniels,1999,5,17,0.29411764705882354
Antonio Davis,1999,0,0,NA
Antonio Lang,1999,0,0,NA
Antonio McDyess,1999,1,9,0.1111111111111111
Armen Gilliam,1999,0,1,0
Arvydas Sabonis*,1999,7,24,0.2916666666666667
Austin Croshere,1999,8,29,0.27586206896551724
Avery Johnson,1999,1,12,0.08333333333333333
B.J. Armstrong,1999,7,15,0.4666666666666667
Ben Davis,1999,0,0,NA
Ben Wallace,1999,0,0,NA
Benoit Benjamin,1999,0,0,NA
Bill Curley,1999,1,5,0.2
Bill Wennington,1999,1,1,1
Billy Owens,1999,5,11,0.45454545454545453
Bimbo Coles,1999,6,25,0.24
Bison Dele,1999,0,1,0
Blue Edwards,1999,4,10,0.4
Bo Outlaw,1999,0,3,0
Bob Sura,1999,9,45,0.2
Bobby Jackson,1999,10,27,0.37037037037037035
Bobby Phills,1999,68,172,0.3953488372093023
Bonzi Wells,1999,1,3,0.3333333333333333
Brad Miller,1999,1,2,0.5
Brandon Williams,1999,0,0,NA
Brent Barry,1999,52,172,0.3023255813953488
Brent Price,1999,46,112,0.4107142857142857
Brevin Knight,1999,0,5,0
Brian Evans,1999,4,13,0.3076923076923077
Brian Grant,1999,0,0,NA
Brian Shaw,1999,0,0,NA
Brian Skinner,1999,0,0,NA
Bruce Bowen,1999,7,26,0.2692307692307692
Bruno Sundov,1999,0,0,NA
Bryant Reeves,1999,0,1,0
Bryant Stith,1999,31,106,0.29245283018867924
Bryce Drew,1999,16,49,0.32653061224489793
Bryon Russell,1999,52,147,0.35374149659863946
Calbert Cheaney,1999,8,37,0.21621621621621623
Carl Herrera,1999,0,1,0
Carlos Rogers,1999,0,0,NA
Casey Shaw,1999,0,0,NA
Cedric Ceballos,1999,11,28,0.39285714285714285
Cedric Henderson,1999,2,12,0.16666666666666666
Charles Barkley*,1999,4,25,0.16
Charles Jones,1999,19,61,0.3114754098360656
Charles O'Bannon,1999,0,1,0
Charles Oakley,1999,1,5,0.2
Charles Shackleford,1999,0,0,NA
Charles Smith,1999,7,33,0.21212121212121213
Charlie Ward,1999,53,149,0.35570469798657717
Chauncey Billups,1999,85,235,0.3617021276595745
Cherokee Parks,1999,0,1,0
Chris Anstey,1999,0,7,0
Chris Carr,1999,28,75,0.37333333333333335
Chris Childs,1999,36,94,0.3829787234042553
Chris Crawford,1999,11,33,0.3333333333333333
Chris Dudley,1999,0,0,NA
Chris Gatling,1999,1,8,0.125
Chris King,1999,0,0,NA
Chris Mills,1999,32,115,0.2782608695652174
Chris Morris,1999,16,56,0.2857142857142857
Chris Mullin*,1999,73,157,0.46496815286624205
Chris Webber,1999,4,34,0.11764705882352941
Chris Whitney,1999,32,95,0.3368421052631579
Christian Laettner,1999,1,3,0.3333333333333333
Chuck Person,1999,55,157,0.3503184713375796
Chucky Brown,1999,15,40,0.375
Clarence Weatherspoon,1999,0,0,NA
Clifford Robinson,1999,58,139,0.4172661870503597
Corey Beck,1999,1,1,1
Corey Benjamin,1999,3,14,0.21428571428571427
Corie Blount,1999,0,1,0
Corliss Williamson,1999,1,5,0.2
Cory Alexander,1999,30,105,0.2857142857142857
Cory Carr,1999,5,30,0.16666666666666666
Cuttino Mobley,1999,53,148,0.3581081081081081
Dale Davis,1999,0,0,NA
Dale Ellis,1999,94,217,0.43317972350230416
Damon Jones,1999,25,62,0.4032258064516129
Damon Stoudamire,1999,44,142,0.30985915492957744
Dan Majerle,1999,68,203,0.33497536945812806
Dana Barros,1999,64,160,0.4
Danny Ferry,1999,38,97,0.3917525773195876
Danny Fortson,1999,0,3,0
Danny Manning,1999,1,9,0.1111111111111111
Danny Schayes,1999,0,0,NA
Darrell Armstrong,1999,69,189,0.36507936507936506
Darrick Martin,1999,31,106,0.29245283018867924
David Robinson*,1999,0,1,0
David Vaughn,1999,0,0,NA
David Wesley,1999,61,170,0.3588235294117647
David Wingate,1999,0,0,NA
DeJuan Wheat,1999,22,60,0.36666666666666664
Dean Garrett,1999,0,0,NA
Dee Brown,1999,135,349,0.3868194842406877
Dell Curry,1999,69,145,0.47586206896551725
Dennis Rodman*,1999,0,2,0
Dennis Scott,1999,37,97,0.38144329896907214
Derek Anderson,1999,21,69,0.30434782608695654
Derek Fisher,1999,38,97,0.3917525773195876
Derek Harper,1999,43,117,0.36752136752136755
Derek Strong,1999,0,2,0
Derrick Coleman,1999,7,33,0.21212121212121213
Derrick McKey,1999,0,1,0
Detlef Schrempf,1999,34,86,0.3953488372093023
Dickey Simpkins,1999,0,1,0
Dikembe Mutombo*,1999,0,0,NA
Dirk Nowitzki,1999,14,68,0.20588235294117646
Dominique Wilkins*,1999,5,19,0.2631578947368421
Don MacLean,1999,9,33,0.2727272727272727
Don Reid,1999,0,0,NA
Donyell Marshall,1999,26,72,0.3611111111111111
Doug Christie,1999,49,161,0.30434782608695654
Doug Overton,1999,2,7,0.2857142857142857
Doug West,1999,0,2,0
Drew Barry,1999,8,24,0.3333333333333333
Duane Causwell,1999,0,0,NA
Duane Ferrell,1999,0,0,NA
Dwayne Schintzius,1999,0,0,NA
Earl Boykins,1999,3,18,0.16666666666666666
Ed Gray,1999,12,42,0.2857142857142857
Eddie Johnson,1999,0,1,0
Eddie Jones,1999,48,142,0.3380281690140845
Elden Campbell,1999,0,1,0
Eldridge Recasner,1999,24,60,0.4
Elliot Perry,1999,10,24,0.4166666666666667
Eric Montross,1999,0,1,0
Eric Murdock,1999,8,22,0.36363636363636365
Eric Piatkowski,1999,65,165,0.3939393939393939
Eric Riley,1999,0,0,NA
Eric Snow,1999,5,21,0.23809523809523808
Eric Washington,1999,37,97,0.38144329896907214
Eric Williams,1999,6,26,0.23076923076923078
Erick Dampier,1999,0,0,NA
Erick Strickland,1999,18,59,0.3050847457627119
Ervin Johnson,1999,0,0,NA
Etdrick Bohannon,1999,0,0,NA
Felipe Lopez,1999,12,44,0.2727272727272727
Felton Spencer,1999,0,0,NA
Fred Hoiberg,1999,1,9,0.1111111111111111
Gary Grant,1999,0,0,NA
Gary Payton*,1999,83,281,0.29537366548042704
Gary Trent,1999,0,5,0
George Lynch,1999,9,23,0.391304347826087
George McCloud,1999,69,166,0.41566265060240964
Gerald Brown,1999,3,10,0.3
Gerald Wilkins,1999,0,0,NA
Gerard King,1999,0,0,NA
Gheorghe Muresan,1999,0,0,NA
Glen Rice,1999,53,135,0.3925925925925926
Glenn Robinson,1999,31,79,0.3924050632911392
Grant Hill,1999,0,14,0
Grant Long,1999,3,18,0.16666666666666666
Greg Anthony,1999,49,125,0.392
Greg Foster,1999,1,4,0.25
Greg Minor,1999,8,28,0.2857142857142857
Greg Ostertag,1999,0,0,NA
Hakeem Olajuwon*,1999,4,13,0.3076923076923077
Harvey Grant,1999,1,6,0.16666666666666666
Haywoode Workman,1999,17,47,0.3617021276595745
Herb Williams,1999,0,0,NA
Hersey Hawkins,1999,55,180,0.3055555555555556
Horace Grant,1999,0,2,0
Hot Rod Williams,1999,0,0,NA
Howard Eisley,1999,21,50,0.42
Hubert Davis,1999,65,144,0.4513888888888889
Isaac Austin,1999,2,7,0.2857142857142857
Isaiah Rider,1999,42,111,0.3783783783783784
J.R. Henderson,1999,2,5,0.4
J.R. Reid,1999,0,1,0
Jacque Vaughn,1999,2,8,0.25
Jahidi White,1999,0,0,NA
Jalen Rose,1999,17,65,0.26153846153846155
Jamal Mashburn,1999,13,30,0.43333333333333335
James Cotton,1999,0,3,0
James Robinson,1999,21,74,0.28378378378378377
Jamie Feick,1999,0,0,NA
Jamie Watson,1999,0,0,NA
Jaren Jackson,1999,53,147,0.36054421768707484
Jason Caffey,1999,0,1,0
Jason Kidd,1999,45,123,0.36585365853658536
Jason Sasser,1999,0,0,NA
Jason Williams,1999,100,323,0.30959752321981426
Jayson Williams,1999,0,2,0
Jeff Hornacek,1999,34,81,0.41975308641975306
Jeff McInnis,1999,9,35,0.2571428571428571
Jeffrey Sheppard,1999,2,7,0.2857142857142857
Jelani McCoy,1999,0,0,NA
Jerald Honeycutt,1999,5,17,0.29411764705882354
Jermaine O'Neal,1999,0,1,0
Jerome James,1999,0,0,NA
Jerome Kersey,1999,3,14,0.21428571428571427
Jerome Williams,1999,0,0,NA
Jerry Stackhouse,1999,35,126,0.2777777777777778
Jim Jackson,1999,25,90,0.2777777777777778
Jim McIlvaine,1999,0,0,NA
Jimmy Oliver,1999,1,1,1
Joe Dumars*,1999,89,221,0.40271493212669685
Joe Kleine,1999,0,2,0
Joe Smith,1999,0,3,0
Joe Wolf,1999,0,0,NA
John Coker,1999,0,0,NA
John Crotty,1999,14,36,0.3888888888888889
John Starks,1999,78,269,0.2899628252788104
John Stockton*,1999,16,50,0.32
John Thomas,1999,0,1,0
John Wallace,1999,0,0,NA
Johnny Newman,1999,23,61,0.3770491803278688
Johnny Taylor,1999,26,68,0.38235294117647056
Jon Barry,1999,24,79,0.3037974683544304
Jonathan Kerner,1999,0,0,NA
Jud Buechler,1999,61,148,0.41216216216216217
Juwan Howard,1999,0,3,0
Karl Malone*,1999,0,1,0
Keith Askins,1999,8,29,0.27586206896551724
Keith Booth,1999,1,10,0.1
Keith Closs,1999,0,1,0
Keith Van Horn,1999,16,53,0.3018867924528302
Kelly McCarty,1999,0,0,NA
Kelvin Cato,1999,1,1,1
Kendall Gill,1999,2,17,0.11764705882352941
Kenny Anderson,1999,6,24,0.25
Keon Clark,1999,0,1,0
Kerry Kittles,1999,50,158,0.31645569620253167
Kevin Garnett,1999,4,14,0.2857142857142857
Kevin Ollie,1999,0,0,NA
Kevin Willis,1999,0,2,0
Khalid Reeves,1999,1,3,0.3333333333333333
Kobe Bryant,1999,27,101,0.26732673267326734
Korleone Young,1999,1,4,0.25
Kornel David,1999,0,1,0
Kurt Thomas,1999,0,1,0
LaMark Baker,1999,0,0,NA
LaPhonso Ellis,1999,1,5,0.2
Lamond Murray,1999,34,103,0.3300970873786408
Larry Hughes,1999,8,52,0.15384615384615385
Larry Johnson,1999,33,92,0.358695652173913
Latrell Sprewell,1999,21,77,0.2727272727272727
Lawrence Funderburke,1999,1,5,0.2
Lee Mayberry,1999,2,10,0.2
Lindsey Hunter,1999,59,153,0.38562091503267976
Litterial Green,1999,0,0,NA
Loren Meyer,1999,1,5,0.2
Lorenzen Wright,1999,0,1,0
Loy Vaught,1999,0,1,0
Luc Longley,1999,0,0,NA
Lucious Harris,1999,11,50,0.22
Makhtar N'Diaye,1999,0,0,NA
Malik Rose,1999,0,1,0
Malik Sealy,1999,6,23,0.2608695652173913
Marcus Camby,1999,0,0,NA
Mario Bennett,1999,0,0,NA
Mario Elie,1999,40,107,0.37383177570093457
Mark Bryant,1999,0,1,0
Mark Davis,1999,0,0,NA
Mark Hendrickson,1999,0,1,0
Mark Jackson,1999,32,103,0.3106796116504854
Mark Macon,1999,1,3,0.3333333333333333
Mark Pope,1999,0,4,0
Mark Strickland,1999,0,1,0
Mark West,1999,0,0,NA
Marko Milic,1999,0,1,0
Marlon Garnett,1999,6,23,0.2608695652173913
Marty Conlon,1999,0,0,NA
Matt Bullard,1999,24,62,0.3870967741935484
Matt Geiger,1999,1,5,0.2
Matt Harpring,1999,10,25,0.4
Matt Maloney,1999,1,15,0.06666666666666667
Maurice Taylor,1999,1,6,0.16666666666666666
Michael Curry,1999,1,15,0.06666666666666667
Michael Dickerson,1999,71,164,0.4329268292682927
Michael Doleac,1999,0,0,NA
Michael Finley,1999,45,136,0.33088235294117646
Michael Hawkins,1999,5,19,0.2631578947368421
Michael Olowokandi,1999,0,0,NA
Michael Smith,1999,0,1,0
Michael Stewart,1999,0,0,NA
Micheal Williams,1999,0,0,NA
Mike Bibby,1999,15,74,0.20270270270270271
Mikki Moore,1999,0,0,NA
Miles Simon,1999,0,2,0
Mitch Richmond*,1999,70,221,0.3167420814479638
Mitchell Butler,1999,11,29,0.3793103448275862
Monty Williams,1999,0,0,NA
Moochie Norris,1999,6,15,0.4
Mookie Blaylock,1999,77,251,0.30677290836653387
Muggsy Bogues,1999,0,6,0
Nazr Mohammed,1999,0,0,NA
Negele Knight,1999,0,1,0
Nick Anderson,1999,96,277,0.34657039711191334
Nick Van Exel,1999,72,234,0.3076923076923077
Olden Polynice,1999,1,1,1
Oliver Miller,1999,0,0,NA
Othella Harrington,1999,0,0,NA
Otis Thorpe,1999,0,2,0
P.J. Brown,1999,0,0,NA
Pat Garrity,1999,7,18,0.3888888888888889
Patrick Ewing*,1999,0,2,0
Paul Grant,1999,0,0,NA
Paul Pierce,1999,84,204,0.4117647058823529
Peja Stojakovic,1999,57,178,0.3202247191011236
Pete Chilcutt,1999,26,68,0.38235294117647056
Peter Aluma,1999,0,0,NA
Pooh Richardson,1999,0,6,0
Popeye Jones,1999,0,1,0
Raef LaFrentz,1999,12,31,0.3870967741935484
Randell Jackson,1999,1,7,0.14285714285714285
Randy Brown,1999,0,10,0
Randy Livingston,1999,0,0,NA
Rashard Lewis,1999,1,6,0.16666666666666666
Rasheed Wallace,1999,13,31,0.41935483870967744
Rasho Nesterovic,1999,0,0,NA
Ray Allen,1999,74,208,0.3557692307692308
Reggie Jordan,1999,0,0,NA
Reggie Miller*,1999,106,275,0.38545454545454544
Reggie Slater,1999,0,0,NA
Rex Chapman,1999,53,151,0.3509933774834437
Rex Walters,1999,12,38,0.3157894736842105
Rick Brunson,1999,0,5,0
Rick Fox,1999,32,95,0.3368421052631579
Rick Mahorn,1999,0,0,NA
Ricky Davis,1999,2,12,0.16666666666666666
Rik Smits,1999,0,2,0
Robert Horry,1999,20,45,0.4444444444444444
Robert Pack,1999,0,4,0
Robert Traylor,1999,0,1,0
Rod Strickland,1999,12,42,0.2857142857142857
Rodney Rogers,1999,18,63,0.2857142857142857
Rodrick Rhodes,1999,1,7,0.14285714285714285
Ron Harper,1999,27,85,0.3176470588235294
Ron Mercer,1999,5,30,0.16666666666666666
Rony Seikaly,1999,0,0,NA
Roshown McLeod,1999,1,10,0.1
Ruben Patterson,1999,1,6,0.16666666666666666
Rusty LaRue,1999,30,89,0.33707865168539325
Ryan Stack,1999,0,0,NA
Sam Cassell,1999,2,10,0.2
Sam Jacobson,1999,0,1,0
Sam Mack,1999,87,219,0.3972602739726027
Sam Mitchell,1999,9,38,0.23684210526315788
Sam Perkins,1999,35,90,0.3888888888888889
Samaki Walker,1999,0,1,0
Scot Pollard,1999,0,0,NA
Scott Burrell,1999,28,72,0.3888888888888889
Scott Williams,1999,0,0,NA
Scottie Pippen*,1999,72,212,0.33962264150943394
Sean Elliott,1999,39,119,0.3277310924369748
Sean Marks,1999,0,0,NA
Sean Rooks,1999,0,2,0
Shammond Williams,1999,0,0,NA
Shandon Anderson,1999,14,41,0.34146341463414637
Shaquille O'Neal*,1999,0,1,0
Shareef Abdur-Rahim,1999,11,36,0.3055555555555556
Shawn Bradley,1999,0,4,0
Shawn Kemp,1999,1,2,0.5
Shawn Respert,1999,4,13,0.3076923076923077
Sherman Douglas,1999,0,11,0
Stacey Augmon,1999,0,2,0
Stanley Roberts,1999,0,0,NA
Stephon Marbury,1999,66,197,0.3350253807106599
Steve Henson,1999,0,0,NA
Steve Kerr,1999,25,80,0.3125
Steve Nash,1999,49,131,0.37404580152671757
Steve Smith,1999,47,139,0.3381294964028777
Stojko Vrankovic,1999,0,0,NA
Tariq Abdul-Wahad,1999,6,21,0.2857142857142857
Terrell Brandon,1999,12,47,0.2553191489361702
Terry Cummings,1999,1,1,1
Terry Davis,1999,0,0,NA
Terry Dehere,1999,16,39,0.41025641025641024
Terry Mills,1999,2,4,0.5
Terry Porter,1999,58,141,0.41134751773049644
Theo Ratliff,1999,0,0,NA
Thurl Bailey,1999,0,2,0
Tim Duncan,1999,1,7,0.14285714285714285
Tim Hardaway,1999,112,311,0.36012861736334406
Tim Legler,1999,14,35,0.4
Tim Thomas,1999,21,68,0.3088235294117647
Toby Bailey,1999,1,5,0.2
Todd Fuller,1999,0,0,NA
Tom Gugliotta,1999,2,7,0.2857142857142857
Tom Hammonds,1999,0,0,NA
Toni Kukoc,1999,39,137,0.2846715328467153
Tony Battie,1999,0,3,0
Tony Delk,1999,16,66,0.24242424242424243
Tony Massenburg,1999,0,2,0
Tracy McGrady,1999,8,35,0.22857142857142856
Tracy Murray,1999,33,103,0.32038834951456313
Travis Best,1999,22,59,0.3728813559322034
Travis Knight,1999,0,1,0
Travis Williams,1999,0,0,NA
Trevor Winter,1999,0,0,NA
Troy Hudson,1999,15,47,0.3191489361702128
Tyrone Corbin,1999,38,119,0.31932773109243695
Tyrone Hill,1999,0,0,NA
Tyrone Nesby,1999,35,96,0.3645833333333333
Tyronn Lue,1999,7,16,0.4375
Tyson Wheeler,1999,1,1,1
Vernon Maxwell,1999,80,231,0.3463203463203463
Vin Baker,1999,0,3,0
Vince Carter,1999,19,66,0.2878787878787879
Vinny Del Negro,1999,13,30,0.43333333333333335
Vitaly Potapenko,1999,0,1,0
Vlade Divac,1999,11,43,0.2558139534883721
Vladimir Stepania,1999,0,3,0
Voshon Lenard,1999,12,35,0.34285714285714286
Walt Williams,1999,63,144,0.4375
Walter McCarty,1999,13,50,0.26
Wesley Person,1999,75,200,0.375
Will Perdue,1999,0,0,NA
William Cunningham,1999,0,0,NA
Willie Burton,1999,0,1,0
Zydrunas Ilgauskas,1999,0,0,NA
A.C. Green,2000,1,4,0.25
A.J. Bramlett,2000,0,0,NA
Aaron McKie,2000,44,121,0.36363636363636365
Aaron Williams,2000,0,3,0
Adam Keefe,2000,0,1,0
Adonal Foyle,2000,0,0,NA
Adrian Griffin,2000,16,57,0.2807017543859649
Al Harrington,2000,8,34,0.23529411764705882
Alan Henderson,2000,1,10,0.1
Aleksandar Radojevic,2000,0,0,NA
Allan Houston,2000,106,243,0.43621399176954734
Allen Iverson*,2000,89,261,0.34099616858237547
Alonzo Mourning*,2000,0,4,0
Alvin Williams,2000,16,55,0.2909090909090909
Andrae Patterson,2000,0,0,NA
Andre Miller,2000,10,49,0.20408163265306123
Andrew DeClercq,2000,0,0,NA
Andrew Lang,2000,0,0,NA
Anfernee Hardaway,2000,33,102,0.3235294117647059
Antawn Jamison,2000,2,7,0.2857142857142857
Anthony Avent,2000,0,0,NA
Anthony Carter,2000,3,23,0.13043478260869565
Anthony Johnson,2000,2,11,0.18181818181818182
Anthony Mason,2000,0,1,0
Anthony Miller,2000,0,0,NA
Anthony Parker,2000,1,14,0.07142857142857142
Anthony Peeler,2000,85,255,0.3333333333333333
Antoine Carr,2000,0,0,NA
Antoine Walker,2000,73,285,0.256140350877193
Antonio Daniels,2000,22,66,0.3333333333333333
Antonio Davis,2000,0,0,NA
Antonio Harvey,2000,0,0,NA
Antonio Lang,2000,0,0,NA
Antonio McDyess,2000,0,2,0
Armen Gilliam,2000,0,1,0
Arvydas Sabonis*,2000,7,19,0.3684210526315789
Austin Croshere,2000,63,174,0.3620689655172414
Avery Johnson,2000,1,9,0.1111111111111111
B.J. Armstrong,2000,13,29,0.4482758620689655
Baron Davis,2000,25,111,0.22522522522522523
Ben Davis,2000,0,0,NA
Ben Wallace,2000,0,0,NA
Benoit Benjamin,2000,0,0,NA
Bill Curley,2000,0,1,0
Bill Wennington,2000,0,0,NA
Billy Owens,2000,11,34,0.3235294117647059
Bimbo Coles,2000,8,39,0.20512820512820512
Bo Outlaw,2000,0,3,0
Bob Sura,2000,122,332,0.3674698795180723
Bobby Jackson,2000,13,46,0.2826086956521739
Bobby Phills,2000,30,91,0.32967032967032966
Bonzi Wells,2000,20,53,0.37735849056603776
Brad Miller,2000,0,2,0
Brent Barry,2000,164,399,0.41102756892230574
Brent Price,2000,25,68,0.36764705882352944
Brevin Knight,2000,2,10,0.2
Brian Grant,2000,1,2,0.5
Brian Shaw,2000,18,58,0.3103448275862069
Brian Skinner,2000,0,0,NA
Bruce Bowen,2000,27,58,0.46551724137931033
Bruno Sundov,2000,0,0,NA
Bryant Reeves,2000,0,4,0
Bryant Stith,2000,17,56,0.30357142857142855
Bryce Drew,2000,59,163,0.3619631901840491
Bryon Russell,2000,106,268,0.39552238805970147
Cal Bowdler,2000,0,1,0
Calbert Cheaney,2000,18,54,0.3333333333333333
Calvin Booth,2000,0,0,NA
Carlos Rogers,2000,1,14,0.07142857142857142
Cedric Ceballos,2000,44,134,0.3283582089552239
Cedric Henderson,2000,1,15,0.06666666666666667
Charles Barkley*,2000,6,26,0.23076923076923078
Charles Jones,2000,39,118,0.3305084745762712
Charles Oakley,2000,14,41,0.34146341463414637
Charlie Ward,2000,102,264,0.38636363636363635
Chauncey Billups,2000,7,41,0.17073170731707318
Cherokee Parks,2000,0,1,0
Chris Anstey,2000,1,6,0.16666666666666666
Chris Carr,2000,32,101,0.31683168316831684
Chris Childs,2000,37,104,0.3557692307692308
Chris Crawford,2000,7,27,0.25925925925925924
Chris Dudley,2000,0,0,NA
Chris Gatling,2000,18,70,0.2571428571428571
Chris Herren,2000,24,67,0.3582089552238806
Chris Mills,2000,8,30,0.26666666666666666
Chris Mullin*,2000,45,110,0.4090909090909091
Chris Webber,2000,27,95,0.28421052631578947
Chris Whitney,2000,96,255,0.3764705882352941
Christian Laettner,2000,7,24,0.2916666666666667
Chuck Person,2000,24,95,0.25263157894736843
Chucky Atkins,2000,57,163,0.3496932515337423
Chucky Brown,2000,2,10,0.2
Clarence Weatherspoon,2000,0,0,NA
Clifford Robinson,2000,120,324,0.37037037037037035
Corey Benjamin,2000,31,89,0.34831460674157305
Corey Maggette,2000,2,11,0.18181818181818182
Corie Blount,2000,0,2,0
Corliss Williamson,2000,0,0,NA
Cory Alexander,2000,9,35,0.2571428571428571
Cuttino Mobley,2000,104,292,0.3561643835616438
Dale Davis,2000,0,0,NA
Dale Ellis,2000,37,100,0.37
Damon Jones,2000,41,114,0.35964912280701755
Damon Stoudamire,2000,80,212,0.37735849056603776
Dan Majerle,2000,110,304,0.3618421052631579
Dana Barros,2000,59,144,0.4097222222222222
Danny Ferry,2000,33,75,0.44
Danny Fortson,2000,0,0,NA
Danny Manning,2000,1,4,0.25
Darrell Armstrong,2000,137,403,0.3399503722084367
Darrick Martin,2000,38,124,0.3064516129032258
Darvin Ham,2000,0,1,0
David Robinson*,2000,0,2,0
David Wesley,2000,88,248,0.3548387096774194
David Wingate,2000,0,0,NA
DeMarco Johnson,2000,0,0,NA
Dean Garrett,2000,0,0,NA
Dedric Willoughby,2000,29,98,0.29591836734693877
Dee Brown,2000,67,187,0.3582887700534759
Dell Curry,2000,95,242,0.3925619834710744
Dennis Rodman*,2000,0,1,0
Dennis Scott,2000,71,189,0.37566137566137564
Derek Anderson,2000,55,178,0.3089887640449438
Derek Fisher,2000,52,166,0.3132530120481928
Derek Hood,2000,0,0,NA
Derek Strong,2000,1,4,0.25
Derrick Coleman,2000,51,141,0.3617021276595745
Derrick Dial,2000,3,12,0.25
Derrick McKey,2000,10,23,0.43478260869565216
Detlef Schrempf,2000,21,52,0.40384615384615385
Devean George,2000,16,47,0.3404255319148936
Devin Gray,2000,0,0,NA
Dickey Simpkins,2000,0,1,0
Dikembe Mutombo*,2000,0,0,NA
Dion Glover,2000,12,45,0.26666666666666666
Dirk Nowitzki,2000,116,306,0.3790849673202614
Don MacLean,2000,2,6,0.3333333333333333
Don Reid,2000,0,0,NA
Donny Marshall,2000,0,3,0
Donyell Marshall,2000,49,138,0.35507246376811596
Doug Christie,2000,99,275,0.36
Doug Overton,2000,10,28,0.35714285714285715
Doug West,2000,0,3,0
Drew Barry,2000,7,18,0.3888888888888889
Duane Causwell,2000,0,0,NA
Earl Boykins,2000,8,20,0.4
Eddie Jones,2000,128,341,0.375366568914956
Eddie Robinson,2000,0,4,0
Elden Campbell,2000,0,6,0
Eldridge Recasner,2000,1,4,0.25
Elliot Perry,2000,11,39,0.28205128205128205
Elton Brand,2000,0,2,0
Emanual Davis,2000,31,103,0.30097087378640774
Eric Montross,2000,0,0,NA
Eric Murdock,2000,16,42,0.38095238095238093
Eric Piatkowski,2000,93,243,0.38271604938271603
Eric Snow,2000,11,45,0.24444444444444444
Eric Williams,2000,25,72,0.3472222222222222
Erick Dampier,2000,0,0,NA
Erick Strickland,2000,73,186,0.3924731182795699
Ervin Johnson,2000,0,1,0
Etdrick Bohannon,2000,0,0,NA
Evan Eschmeyer,2000,0,0,NA
Felipe Lopez,2000,3,18,0.16666666666666666
Felton Spencer,2000,0,0,NA
Fred Hoiberg,2000,32,94,0.3404255319148936
Fred Vinson,2000,2,7,0.2857142857142857
Gary Grant,2000,0,0,NA
Gary Payton*,2000,177,520,0.3403846153846154
Gary Trent,2000,0,2,0
George Lynch,2000,15,36,0.4166666666666667
George McCloud,2000,107,283,0.37809187279151946
Gerard King,2000,0,0,NA
Gheorghe Muresan,2000,0,0,NA
Glen Rice,2000,84,229,0.36681222707423583
Glenn Robinson,2000,86,237,0.3628691983122363
Grant Hill,2000,34,98,0.3469387755102041
Grant Long,2000,0,4,0
Greg Anthony,2000,88,233,0.3776824034334764
Greg Buckner,2000,10,26,0.38461538461538464
Greg Foster,2000,3,15,0.2
Greg Ostertag,2000,0,1,0
Hakeem Olajuwon*,2000,0,2,0
Harold Jamison,2000,0,0,NA
Haywoode Workman,2000,14,43,0.32558139534883723
Hersey Hawkins,2000,55,141,0.3900709219858156
Horace Grant,2000,0,4,0
Howard Eisley,2000,60,163,0.36809815950920244
Hubert Davis,2000,82,167,0.49101796407185627
Ira Bowman,2000,0,0,NA
Isaac Austin,2000,1,4,0.25
Isaiah Rider,2000,56,180,0.3111111111111111
J.R. Reid,2000,1,7,0.14285714285714285
Jacque Vaughn,2000,14,34,0.4117647058823529
Jahidi White,2000,0,0,NA
Jalen Rose,2000,77,196,0.39285714285714285
Jamal Mashburn,2000,112,278,0.4028776978417266
Jamel Thomas,2000,0,3,0
James Posey,2000,82,220,0.37272727272727274
Jamie Feick,2000,3,3,1
Jaren Jackson,2000,108,306,0.35294117647058826
Jason Caffey,2000,0,2,0
Jason Kidd,2000,56,166,0.3373493975903614
Jason Miskiri,2000,0,1,0
Jason Terry,2000,46,157,0.2929936305732484
Jason Williams,2000,145,505,0.2871287128712871
Jeff Foster,2000,0,1,0
Jeff Hornacek,2000,66,138,0.4782608695652174
Jeff McInnis,2000,7,21,0.3333333333333333
Jelani McCoy,2000,0,0,NA
Jermaine Jackson,2000,0,1,0
Jermaine O'Neal,2000,0,1,0
Jerome Kersey,2000,0,9,0
Jerome Williams,2000,0,3,0
Jerry Stackhouse,2000,83,288,0.2881944444444444
Jim Jackson,2000,117,303,0.38613861386138615
Jim McIlvaine,2000,0,0,NA
Joe Kleine,2000,0,0,NA
Joe Smith,2000,1,1,1
Joe Stephens,2000,0,8,0
John Amaechi,2000,1,6,0.16666666666666666
John Celestand,2000,2,9,0.2222222222222222
John Crotty,2000,33,80,0.4125
John Salley,2000,0,0,NA
John Starks,2000,59,171,0.34502923976608185
John Stockton*,2000,43,121,0.35537190082644626
John Thomas,2000,0,1,0
John Wallace,2000,0,3,0
Johnny Newman,2000,72,190,0.37894736842105264
Johnny Taylor,2000,1,1,1
Jon Barry,2000,66,154,0.42857142857142855
Jonathan Bender,2000,2,12,0.16666666666666666
Jud Buechler,2000,18,83,0.21686746987951808
Jumaine Jones,2000,2,4,0.5
Juwan Howard,2000,0,7,0
Karl Malone*,2000,2,8,0.25
Keith Closs,2000,0,3,0
Keith Van Horn,2000,84,228,0.3684210526315789
Kelvin Cato,2000,0,4,0
Kendall Gill,2000,20,78,0.2564102564102564
Kenny Anderson,2000,85,220,0.38636363636363635
Kenny Thomas,2000,32,122,0.26229508196721313
Keon Clark,2000,1,8,0.125
Kerry Kittles,2000,96,240,0.4
Kevin Garnett,2000,30,81,0.37037037037037035
Kevin Johnson,2000,1,1,1
Kevin Ollie,2000,0,0,NA
Kevin Willis,2000,1,3,0.3333333333333333
Khalid Reeves,2000,0,3,0
Kiwane Garris,2000,0,1,0
Kobe Bryant,2000,46,144,0.3194444444444444
Kornel David,2000,0,3,0
Kurt Thomas,2000,1,3,0.3333333333333333
LaPhonso Ellis,2000,3,21,0.14285714285714285
Lamar Odom,2000,59,164,0.3597560975609756
Lamond Murray,2000,51,139,0.3669064748201439
Lari Ketner,2000,0,0,NA
Laron Profit,2000,3,17,0.17647058823529413
Larry Hughes,2000,29,125,0.232
Larry Johnson,2000,58,174,0.3333333333333333
Latrell Sprewell,2000,44,127,0.3464566929133858
Lawrence Funderburke,2000,0,2,0
Lazaro Borrell,2000,0,3,0
Lindsey Hunter,2000,168,389,0.4318766066838046
Lorenzen Wright,2000,1,3,0.3333333333333333
Lorenzo Williams,2000,0,0,NA
Loy Vaught,2000,0,3,0
Luc Longley,2000,0,0,NA
Lucious Harris,2000,38,115,0.33043478260869563
Malik Rose,2000,1,3,0.3333333333333333
Malik Sealy,2000,10,35,0.2857142857142857
Marcus Brown,2000,0,7,0
Marcus Camby,2000,1,2,0.5
Mario Bennett,2000,0,0,NA
Mario Elie,2000,74,186,0.3978494623655914
Mark Bryant,2000,0,0,NA
Mark Davis,2000,0,2,0
Mark Hendrickson,2000,0,0,NA
Mark Jackson,2000,89,221,0.40271493212669685
Mark Strickland,2000,0,0,NA
Mark West,2000,0,0,NA
Marty Conlon,2000,0,0,NA
Matt Bullard,2000,79,177,0.4463276836158192
Matt Geiger,2000,0,4,0
Matt Harpring,2000,2,2,1
Matt Maloney,2000,62,174,0.3563218390804598
Maurice Taylor,2000,1,8,0.125
Metta World Peace,2000,60,191,0.31413612565445026
Michael Cage,2000,0,0,NA
Michael Curry,2000,1,5,0.2
Michael Dickerson,2000,119,291,0.40893470790378006
Michael Doleac,2000,1,2,0.5
Michael Finley,2000,99,247,0.4008097165991903
Michael Hawkins,2000,1,5,0.2
Michael Olowokandi,2000,0,0,NA
Michael Ruffin,2000,0,0,NA
Michael Smith,2000,0,1,0
Michael Stewart,2000,0,0,NA
Mike Bibby,2000,77,212,0.3632075471698113
Mikki Moore,2000,0,0,NA
Milt Palacio,2000,0,2,0
Mirsad Turkcan,2000,0,6,0
Mitch Richmond*,2000,93,241,0.38589211618257263
Monty Williams,2000,2,5,0.4
Moochie Norris,2000,12,29,0.41379310344827586
Mookie Blaylock,2000,101,301,0.33554817275747506
Muggsy Bogues,2000,17,51,0.3333333333333333
Nazr Mohammed,2000,0,0,NA
Nick Anderson,2000,132,397,0.33249370277078083
Nick Van Exel,2000,133,401,0.3316708229426434
Obinna Ekezie,2000,0,0,NA
Olden Polynice,2000,1,2,0.5
Oliver Miller,2000,0,0,NA
Othella Harrington,2000,0,2,0
Otis Thorpe,2000,0,3,0
P.J. Brown,2000,0,1,0
Pat Garrity,2000,79,197,0.4010152284263959
Patrick Ewing*,2000,0,2,0
Paul Pierce,2000,96,280,0.34285714285714286
Peja Stojakovic,2000,100,267,0.37453183520599254
Pervis Ellison,2000,0,0,NA
Pete Chilcutt,2000,6,26,0.23076923076923078
Popeye Jones,2000,2,3,0.6666666666666666
Quincy Lewis,2000,23,63,0.36507936507936506
Raef LaFrentz,2000,60,183,0.32786885245901637
Rafer Alston,2000,3,14,0.21428571428571427
Randell Jackson,2000,0,0,NA
Randy Brown,2000,3,6,0.5
Randy Livingston,2000,19,55,0.34545454545454546
Rashard Lewis,2000,40,120,0.3333333333333333
Rasheed Wallace,2000,8,50,0.16
Rasho Nesterovic,2000,0,2,0
Ray Allen,2000,172,407,0.4226044226044226
Reggie Jordan,2000,0,1,0
Reggie Miller*,2000,165,404,0.4084158415841584
Rex Chapman,2000,41,123,0.3333333333333333
Rex Walters,2000,5,20,0.25
Richard Hamilton,2000,28,77,0.36363636363636365
Rick Brunson,2000,2,13,0.15384615384615385
Rick Fox,2000,59,181,0.3259668508287293
Rick Hughes,2000,0,1,0
Ricky Davis,2000,0,4,0
Rik Smits,2000,0,1,0
Robert Horry,2000,29,94,0.30851063829787234
Robert Pack,2000,4,11,0.36363636363636365
Robert Traylor,2000,0,4,0
Rod Strickland,2000,1,21,0.047619047619047616
Rodney Buford,2000,7,29,0.2413793103448276
Rodney Rogers,2000,115,262,0.4389312977099237
Rodrick Rhodes,2000,0,0,NA
Ron Harper,2000,33,106,0.3113207547169811
Ron Mercer,2000,15,48,0.3125
Roshown McLeod,2000,2,13,0.15384615384615385
Roy Rogers,2000,0,1,0
Ruben Patterson,2000,12,27,0.4444444444444444
Rusty LaRue,2000,2,14,0.14285714285714285
Ryan Bowen,2000,1,9,0.1111111111111111
Ryan Robertson,2000,0,2,0
Ryan Stack,2000,0,1,0
Sam Cassell,2000,26,90,0.28888888888888886
Sam Jacobson,2000,9,24,0.375
Sam Mack,2000,21,64,0.328125
Sam Mitchell,2000,10,23,0.43478260869565216
Sam Perkins,2000,89,218,0.40825688073394495
Samaki Walker,2000,0,0,NA
Scot Pollard,2000,0,0,NA
Scott Burrell,2000,82,232,0.35344827586206895
Scott Padgett,2000,13,44,0.29545454545454547
Scott Williams,2000,0,0,NA
Scottie Pippen*,2000,86,263,0.3269961977186312
Sean Elliott,2000,13,37,0.35135135135135137
Sean Marks,2000,0,1,0
Sean Rooks,2000,0,0,NA
Shammond Williams,2000,24,81,0.2962962962962963
Shandon Anderson,2000,79,225,0.3511111111111111
Shaquille O'Neal*,2000,0,1,0
Shareef Abdur-Rahim,2000,29,96,0.3020833333333333
Shawn Bradley,2000,1,5,0.2
Shawn Kemp,2000,2,6,0.3333333333333333
Shawn Marion,2000,4,22,0.18181818181818182
Sherman Douglas,2000,5,16,0.3125
Stacey Augmon,2000,0,2,0
Stanley Roberts,2000,0,1,0
Stephon Marbury,2000,66,233,0.2832618025751073
Steve Francis,2000,107,310,0.34516129032258064
Steve Kerr,2000,16,31,0.5161290322580645
Steve Nash,2000,60,149,0.40268456375838924
Steve Smith,2000,96,241,0.3983402489626556
Tariq Abdul-Wahad,2000,3,23,0.13043478260869565
Terrell Brandon,2000,53,132,0.4015151515151515
Terry Cummings,2000,0,0,NA
Terry Mills,2000,95,242,0.3925619834710744
Terry Porter,2000,90,207,0.43478260869565216
Theo Ratliff,2000,0,0,NA
Thomas Hamilton,2000,0,0,NA
Tim Duncan,2000,1,11,0.09090909090909091
Tim Hardaway,2000,94,256,0.3671875
Tim James,2000,0,0,NA
Tim Legler,2000,7,21,0.3333333333333333
Tim Thomas,2000,63,182,0.34615384615384615
Tim Young,2000,0,0,NA
Toby Bailey,2000,2,10,0.2
Todd Day,2000,64,165,0.3878787878787879
Todd Fuller,2000,0,0,NA
Todd MacCulloch,2000,0,0,NA
Tom Gugliotta,2000,1,8,0.125
Tom Hammonds,2000,0,0,NA
Toni Kukoc,2000,44,168,0.2619047619047619
Tony Battie,2000,1,8,0.125
Tony Delk,2000,9,40,0.225
Tony Farmer,2000,8,44,0.18181818181818182
Tony Massenburg,2000,0,0,NA
Tracy McGrady,2000,18,65,0.27692307692307694
Tracy Murray,2000,113,263,0.4296577946768061
Trajan Langdon,2000,8,19,0.42105263157894735
Travis Best,2000,35,93,0.3763440860215054
Travis Knight,2000,0,0,NA
Troy Hudson,2000,60,193,0.31088082901554404
Tyrone Corbin,2000,10,44,0.22727272727272727
Tyrone Hill,2000,0,1,0
Tyrone Nesby,2000,94,281,0.33451957295373663
Tyronn Lue,2000,4,8,0.5
Vernon Maxwell,2000,67,223,0.3004484304932735
Vin Baker,2000,2,8,0.25
Vince Carter,2000,95,236,0.4025423728813559
Vinny Del Negro,2000,8,24,0.3333333333333333
Vitaly Potapenko,2000,0,1,0
Vlade Divac,2000,7,26,0.2692307692307692
Vladimir Stepania,2000,0,6,0
Vonteego Cummings,2000,49,151,0.32450331125827814
Voshon Lenard,2000,89,228,0.39035087719298245
Wally Szczerbiak,2000,28,78,0.358974358974359
Walt Williams,2000,102,261,0.39080459770114945
Walter McCarty,2000,34,110,0.3090909090909091
Wayne Turner,2000,0,0,NA
Wesley Person,2000,106,250,0.424
Will Perdue,2000,0,0,NA
William Avery,2000,18,63,0.2857142857142857
Zan Tabak,2000,0,0,NA
A.C. Green,2001,0,6,0
A.J. Guyton,2001,27,69,0.391304347826087
Aaron McKie,2001,53,170,0.31176470588235294
Aaron Williams,2001,0,2,0
Adam Keefe,2001,1,3,0.3333333333333333
Adonal Foyle,2001,0,0,NA
Adrian Griffin,2001,9,26,0.34615384615384615
Al Harrington,2001,1,7,0.14285714285714285
Alan Henderson,2001,0,1,0
Allan Houston,2001,96,252,0.38095238095238093
Allen Iverson*,2001,98,306,0.3202614379084967
Alonzo Mourning*,2001,0,1,0
Alvin Williams,2001,33,108,0.3055555555555556
Andre Miller,2001,17,64,0.265625
Andrew DeClercq,2001,0,0,NA
Andy Panko,2001,0,0,NA
Anfernee Hardaway,2001,2,8,0.25
Antawn Jamison,2001,62,205,0.3024390243902439
Anthony Carter,2001,6,40,0.15
Anthony Goldwire,2001,9,34,0.2647058823529412
Anthony Johnson,2001,1,5,0.2
Anthony Mason,2001,0,0,NA
Anthony Miller,2001,0,0,NA
Anthony Peeler,2001,100,256,0.390625
Antoine Walker,2001,221,603,0.36650082918739635
Antonio Daniels,2001,74,183,0.40437158469945356
Antonio Davis,2001,0,1,0
Antonio Harvey,2001,0,0,NA
Antonio McDyess,2001,0,0,NA
Art Long,2001,0,0,NA
Arvydas Sabonis*,2001,1,15,0.06666666666666667
Austin Croshere,2001,70,207,0.33816425120772947
Avery Johnson,2001,1,6,0.16666666666666666
Baron Davis,2001,85,274,0.3102189781021898
Ben Wallace,2001,1,4,0.25
Bill Curley,2001,1,2,0.5
Billy Owens,2001,3,20,0.15
Bimbo Coles,2001,2,16,0.125
Bo Outlaw,2001,1,2,0.5
Bob Sura,2001,47,172,0.27325581395348836
Bobby Jackson,2001,39,104,0.375
Bonzi Wells,2001,17,50,0.34
Brad Miller,2001,1,5,0.2
Brent Barry,2001,109,229,0.4759825327510917
Brent Price,2001,1,4,0.25
Brevin Knight,2001,1,10,0.1
Brian Cardinal,2001,0,5,0
Brian Grant,2001,0,1,0
Brian Shaw,2001,42,135,0.3111111111111111
Brian Skinner,2001,0,0,NA
Bruce Bowen,2001,103,307,0.3355048859934853
Bruno Sundov,2001,0,4,0
Bryant Reeves,2001,1,4,0.25
Bryant Stith,2001,91,242,0.3760330578512397
Bryce Drew,2001,40,105,0.38095238095238093
Bryon Russell,2001,95,230,0.41304347826086957
Cal Bowdler,2001,1,5,0.2
Calbert Cheaney,2001,0,0,NA
Calvin Booth,2001,0,0,NA
Carlos Rogers,2001,0,1,0
Cedric Ceballos,2001,22,73,0.3013698630136986
Cedric Henderson,2001,1,8,0.125
Charles Oakley,2001,11,49,0.22448979591836735
Charlie Ward,2001,67,175,0.38285714285714284
Chauncey Billups,2001,73,194,0.37628865979381443
Cherokee Parks,2001,0,6,0
Chris Carr,2001,17,37,0.4594594594594595
Chris Childs,2001,32,106,0.3018867924528302
Chris Crawford,2001,6,22,0.2727272727272727
Chris Dudley,2001,0,0,NA
Chris Garner,2001,0,7,0
Chris Gatling,2001,28,92,0.30434782608695654
Chris Herren,2001,16,55,0.2909090909090909
Chris Mihm,2001,0,1,0
Chris Mills,2001,7,25,0.28
Chris Mullin*,2001,19,52,0.36538461538461536
Chris Porter,2001,0,5,0
Chris Webber,2001,2,28,0.07142857142857142
Chris Whitney,2001,93,248,0.375
Christian Laettner,2001,4,13,0.3076923076923077
Chucky Atkins,2001,121,339,0.35693215339233036
Chucky Brown,2001,0,3,0
Clarence Weatherspoon,2001,0,0,NA
Clifford Robinson,2001,90,249,0.3614457831325301
Corey Benjamin,2001,21,81,0.25925925925925924
Corey Maggette,2001,17,56,0.30357142857142855
Corie Blount,2001,2,8,0.25
Corliss Williamson,2001,0,2,0
Cory Alexander,2001,4,16,0.25
Courtney Alexander,2001,17,46,0.3695652173913043
Cuttino Mobley,2001,90,252,0.35714285714285715
Dale Davis,2001,0,4,0
Dalibor Bagaric,2001,0,1,0
Damon Jones,2001,84,231,0.36363636363636365
Damon Stoudamire,2001,82,219,0.3744292237442922
Dan Langhi,2001,0,1,0
Dan Majerle,2001,57,181,0.3149171270718232
Dan McClintock,2001,0,0,NA
Dana Barros,2001,44,105,0.41904761904761906
Daniel Santiago,2001,0,0,NA
Danny Ferry,2001,70,156,0.44871794871794873
Danny Fortson,2001,0,0,NA
Danny Manning,2001,7,28,0.25
Darius Miles,2001,1,19,0.05263157894736842
Darrell Armstrong,2001,143,403,0.3548387096774194
Darrick Martin,2001,14,27,0.5185185185185185
Darvin Ham,2001,2,3,0.6666666666666666
David Benoit,2001,5,13,0.38461538461538464
David Robinson*,2001,0,1,0
David Vanterpool,2001,0,6,0
David Wesley,2001,97,258,0.375968992248062
David Wingate,2001,0,0,NA
DeShawn Stevenson,2001,1,12,0.08333333333333333
Dean Garrett,2001,0,0,NA
Dee Brown,2001,12,32,0.375
Dell Curry,2001,62,145,0.42758620689655175
DerMarr Johnson,2001,41,127,0.3228346456692913
Derek Anderson,2001,101,253,0.39920948616600793
Derek Fisher,2001,25,63,0.3968253968253968
Derek Strong,2001,0,1,0
Derrick Coleman,2001,20,51,0.39215686274509803
Derrick Dial,2001,2,10,0.2
Derrick McKey,2001,4,20,0.2
Desmond Mason,2001,18,67,0.26865671641791045
Detlef Schrempf,2001,3,8,0.375
Devean George,2001,15,68,0.22058823529411764
Dikembe Mutombo*,2001,0,0,NA
Dion Glover,2001,9,46,0.1956521739130435
Dirk Nowitzki,2001,151,390,0.3871794871794872
Don MacLean,2001,2,2,1
Don Reid,2001,0,0,NA
Donnell Harvey,2001,0,0,NA
Donyell Marshall,2001,41,128,0.3203125
Doug Christie,2001,94,250,0.376
Doug Overton,2001,11,36,0.3055555555555556
Doug West,2001,0,2,0
Dragan Tarlac,2001,0,0,NA
Duane Causwell,2001,0,0,NA
Earl Boykins,2001,1,8,0.125
Eddie Gill,2001,3,9,0.3333333333333333
Eddie House,2001,19,55,0.34545454545454546
Eddie Jones,2001,90,238,0.37815126050420167
Eddie Robinson,2001,2,4,0.5
Eduardo Najera,2001,1,3,0.3333333333333333
Elden Campbell,2001,0,6,0
Eldridge Recasner,2001,13,39,0.3333333333333333
Elliot Perry,2001,1,5,0.2
Elton Brand,2001,0,2,0
Emanual Davis,2001,50,127,0.3937007874015748
Eric Montross,2001,0,0,NA
Eric Piatkowski,2001,120,297,0.40404040404040403
Eric Snow,2001,5,19,0.2631578947368421
Eric Williams,2001,46,139,0.33093525179856115
Erick Barkley,2001,3,8,0.375
Erick Dampier,2001,0,2,0
Erick Strickland,2001,30,95,0.3157894736842105
Ervin Johnson,2001,0,0,NA
Etdrick Bohannon,2001,0,0,NA
Evan Eschmeyer,2001,0,0,NA
Felipe Lopez,2001,19,52,0.36538461538461536
Felton Spencer,2001,0,0,NA
Fred Hoiberg,2001,103,250,0.412
Garth Joseph,2001,0,0,NA
Gary Grant,2001,0,0,NA
Gary Payton*,2001,102,272,0.375
Gary Trent,2001,0,1,0
George Lynch,2001,15,57,0.2631578947368421
George McCloud,2001,77,234,0.32905982905982906
Gerard King,2001,0,0,NA
Glen Rice,2001,82,211,0.3886255924170616
Glenn Robinson,2001,55,184,0.29891304347826086
Grant Hill,2001,1,1,1
Grant Long,2001,4,15,0.26666666666666666
Greg Anthony,2001,65,159,0.4088050314465409
Greg Buckner,2001,2,7,0.2857142857142857
Greg Foster,2001,3,9,0.3333333333333333
Greg Ostertag,2001,1,2,0.5
Hakeem Olajuwon*,2001,0,1,0
Hanno Mottola,2001,0,3,0
Hedo Turkoglu,2001,28,86,0.32558139534883723
Hersey Hawkins,2001,17,46,0.3695652173913043
Horace Grant,2001,0,3,0
Howard Eisley,2001,107,269,0.39776951672862454
Hubert Davis,2001,78,171,0.45614035087719296
Ira Bowman,2001,0,0,NA
Ira Newble,2001,4,9,0.4444444444444444
Isaac Austin,2001,6,24,0.25
Isaiah Rider,2001,34,92,0.3695652173913043
J.R. Reid,2001,0,0,NA
Jabari Smith,2001,0,0,NA
Jacque Vaughn,2001,30,78,0.38461538461538464
Jahidi White,2001,0,1,0
Jake Tsakalidis,2001,0,0,NA
Jake Voskuhl,2001,0,0,NA
Jalen Rose,2001,59,174,0.3390804597701149
Jamaal Magloire,2001,0,2,0
Jamal Crawford,2001,41,117,0.3504273504273504
Jamal Mashburn,2001,103,289,0.356401384083045
Jamal Robinson,2001,0,2,0
Jamel Thomas,2001,1,3,0.3333333333333333
James Posey,2001,65,217,0.2995391705069124
James Robinson,2001,2,5,0.4
Jamie Feick,2001,0,0,NA
Jaren Jackson,2001,7,18,0.3888888888888889
Jason Caffey,2001,0,0,NA
Jason Collier,2001,0,1,0
Jason Hart,2001,0,0,NA
Jason Kidd,2001,69,232,0.2974137931034483
Jason Terry,2001,124,314,0.39490445859872614
Jason Williams,2001,98,311,0.31511254019292606
Jeff Foster,2001,2,7,0.2857142857142857
Jeff McInnis,2001,52,144,0.3611111111111111
Jelani McCoy,2001,0,0,NA
Jermaine O'Neal,2001,0,5,0
Jerome Kersey,2001,0,1,0
Jerome Moiso,2001,0,1,0
Jerome Williams,2001,0,3,0
Jerry Stackhouse,2001,166,473,0.35095137420718814
Jim Jackson,2001,26,80,0.325
Jim McIlvaine,2001,0,0,NA
Joe Smith,2001,0,5,0
Joel Przybilla,2001,0,0,NA
John Amaechi,2001,0,7,0
John Coker,2001,0,0,NA
John Crotty,2001,4,7,0.5714285714285714
John Starks,2001,64,182,0.3516483516483517
John Stockton*,2001,61,132,0.4621212121212121
John Wallace,2001,2,15,0.13333333333333333
Johnny Newman,2001,59,176,0.3352272727272727
Jon Barry,2001,46,132,0.3484848484848485
Jonathan Bender,2001,11,41,0.2682926829268293
Jud Buechler,2001,32,77,0.4155844155844156
Jumaine Jones,2001,20,60,0.3333333333333333
Juwan Howard,2001,0,3,0
Karl Malone*,2001,2,5,0.4
Keith Van Horn,2001,65,170,0.38235294117647056
Kelvin Cato,2001,0,0,NA
Kendall Gill,2001,4,14,0.2857142857142857
Kenny Anderson,2001,11,33,0.3333333333333333
Kenny Thomas,2001,25,92,0.2717391304347826
Kenyon Martin,2001,1,11,0.09090909090909091
Keon Clark,2001,0,1,0
Kevin Edwards,2001,5,19,0.2631578947368421
Kevin Garnett,2001,19,66,0.2878787878787879
Kevin Ollie,2001,1,3,0.3333333333333333
Kevin Willis,2001,1,6,0.16666666666666666
Keyon Dooling,2001,28,80,0.35
Khalid El-Amin,2001,28,84,0.3333333333333333
Kobe Bryant,2001,61,200,0.305
Kornel David,2001,0,0,NA
Kurt Thomas,2001,1,3,0.3333333333333333
LaPhonso Ellis,2001,7,22,0.3181818181818182
Lamar Odom,2001,80,253,0.31620553359683795
Lamond Murray,2001,61,165,0.3696969696969697
Lari Ketner,2001,0,0,NA
Laron Profit,2001,7,26,0.2692307692307692
Larry Hughes,2001,14,75,0.18666666666666668
Larry Johnson,2001,51,163,0.3128834355828221
Larry Robinson,2001,44,116,0.3793103448275862
Latrell Sprewell,2001,41,135,0.3037037037037037
Lavor Postell,2001,3,11,0.2727272727272727
Lawrence Funderburke,2001,0,0,NA
Lee Nailon,2001,0,1,0
Lindsey Hunter,2001,152,407,0.37346437346437344
Lorenzen Wright,2001,0,2,0
Loy Vaught,2001,0,0,NA
Luc Longley,2001,0,0,NA
Lucious Harris,2001,46,132,0.3484848484848485
Mahmoud Abdul-Rauf,2001,4,14,0.2857142857142857
Malik Rose,2001,3,17,0.17647058823529413
Mamadou N'Diaye,2001,0,0,NA
Marc Jackson,2001,5,23,0.21739130434782608
Marcus Camby,2001,1,8,0.125
Marcus Fizer,2001,10,39,0.2564102564102564
Mario Elie,2001,36,100,0.36
Mark Blount,2001,0,0,NA
Mark Bryant,2001,0,0,NA
Mark Jackson,2001,70,207,0.33816425120772947
Mark Madsen,2001,1,1,1
Mark Pope,2001,5,24,0.20833333333333334
Mark Strickland,2001,1,2,0.5
Mateen Cleaves,2001,5,17,0.29411764705882354
Matt Bullard,2001,86,213,0.40375586854460094
Matt Geiger,2001,0,2,0
Matt Harpring,2001,13,52,0.25
Matt Maloney,2001,51,142,0.3591549295774648
Maurice Taylor,2001,0,4,0
Metta World Peace,2001,43,148,0.2905405405405405
Michael Curry,2001,4,9,0.4444444444444444
Michael Dickerson,2001,86,230,0.3739130434782609
Michael Doleac,2001,0,3,0
Michael Finley,2001,91,263,0.34600760456273766
Michael Hawkins,2001,2,4,0.5
Michael Olowokandi,2001,0,0,NA
Michael Redd,2001,0,3,0
Michael Ruffin,2001,0,0,NA
Michael Smith,2001,0,1,0
Michael Stewart,2001,0,0,NA
Mike Bibby,2001,108,285,0.37894736842105264
Mike Miller,2001,148,364,0.4065934065934066
Mike Penberthy,2001,55,139,0.39568345323741005
Mike Smith,2001,3,18,0.16666666666666666
Mikki Moore,2001,0,1,0
Milt Palacio,2001,12,36,0.3333333333333333
Mitch Richmond*,2001,45,133,0.3383458646616541
Monty Williams,2001,1,13,0.07692307692307693
Moochie Norris,2001,25,89,0.2808988764044944
Mookie Blaylock,2001,73,225,0.3244444444444444
Morris Peterson,2001,63,165,0.38181818181818183
Muggsy Bogues,2001,0,1,0
Nazr Mohammed,2001,0,1,0
Nick Anderson,2001,10,39,0.2564102564102564
Nick Van Exel,2001,135,358,0.3770949720670391
Obinna Ekezie,2001,0,0,NA
Olden Polynice,2001,0,1,0
Olumide Oyedeji,2001,0,0,NA
Othella Harrington,2001,0,3,0
Otis Thorpe,2001,0,0,NA
P.J. Brown,2001,0,4,0
Pat Garrity,2001,97,224,0.4330357142857143
Patrick Ewing*,2001,0,2,0
Paul McPherson,2001,2,12,0.16666666666666666
Paul Pierce,2001,147,384,0.3828125
Peja Stojakovic,2001,144,360,0.4
Pepe Sanchez,2001,0,1,0
Pervis Ellison,2001,0,0,NA
Popeye Jones,2001,1,6,0.16666666666666666
Quentin Richardson,2001,50,151,0.33112582781456956
Quincy Lewis,2001,9,25,0.36
Raef LaFrentz,2001,51,139,0.3669064748201439
Rafer Alston,2001,8,30,0.26666666666666666
Raja Bell,2001,1,3,0.3333333333333333
Randy Brown,2001,0,3,0
Randy Livingston,2001,0,1,0
Rashard Lewis,2001,123,285,0.43157894736842106
Rasheed Wallace,2001,52,162,0.32098765432098764
Rasho Nesterovic,2001,0,1,0
Ray Allen,2001,202,467,0.43254817987152033
Reggie Miller*,2001,170,464,0.36637931034482757
Reggie Slater,2001,0,0,NA
Richard Hamilton,2001,40,146,0.273972602739726
Rick Brunson,2001,2,14,0.14285714285714285
Rick Fox,2001,118,300,0.3933333333333333
Ricky Davis,2001,1,1,1
Robert Horry,2001,54,156,0.34615384615384615
Robert Pack,2001,12,31,0.3870967741935484
Robert Traylor,2001,0,2,0
Rod Strickland,2001,4,17,0.23529411764705882
Rodney Buford,2001,16,38,0.42105263157894735
Rodney Rogers,2001,56,189,0.2962962962962963
Ron Harper,2001,19,72,0.2638888888888889
Ron Mercer,2001,14,46,0.30434782608695654
Roshown McLeod,2001,2,22,0.09090909090909091
Ruben Garces,2001,0,0,NA
Ruben Patterson,2001,2,36,0.05555555555555555
Ruben Wolkowyski,2001,0,2,0
Ryan Bowen,2001,4,11,0.36363636363636365
Sam Cassell,2001,30,98,0.30612244897959184
Sam Jacobson,2001,0,0,NA
Sam Mitchell,2001,9,43,0.20930232558139536
Sam Perkins,2001,38,110,0.34545454545454546
Samaki Walker,2001,1,3,0.3333333333333333
Scot Pollard,2001,0,2,0
Scott Burrell,2001,2,6,0.3333333333333333
Scott Padgett,2001,5,9,0.5555555555555556
Scott Williams,2001,1,4,0.25
Scottie Pippen*,2001,64,186,0.34408602150537637
Sean Colson,2001,1,5,0.2
Sean Elliott,2001,55,129,0.4263565891472868
Sean Rooks,2001,1,2,0.5
Shammond Williams,2001,61,133,0.45864661654135336
Shandon Anderson,2001,46,170,0.27058823529411763
Shaquille O'Neal*,2001,0,2,0
Shareef Abdur-Rahim,2001,12,64,0.1875
Shawn Bradley,2001,1,6,0.16666666666666666
Shawn Kemp,2001,4,11,0.36363636363636365
Shawn Marion,2001,21,82,0.25609756097560976
Shawnelle Scott,2001,0,0,NA
Sherman Douglas,2001,8,40,0.2
Soumaila Samake,2001,0,0,NA
Stacey Augmon,2001,0,4,0
Stanislav Medvedenko,2001,1,1,1
Stephen Jackson,2001,52,155,0.33548387096774196
Stephon Marbury,2001,110,335,0.3283582089552239
Steve Francis,2001,133,336,0.3958333333333333
Steve Goodrich,2001,1,3,0.3333333333333333
Steve Kerr,2001,33,77,0.42857142857142855
Steve Nash,2001,89,219,0.4063926940639269
Steve Smith,2001,78,230,0.3391304347826087
Stromile Swift,2001,0,4,0
Tariq Abdul-Wahad,2001,4,10,0.4
Terrance Roberson,2001,0,1,0
Terrell Brandon,2001,33,91,0.3626373626373626
Terry Davis,2001,0,0,NA
Terry Mills,2001,3,17,0.17647058823529413
Terry Porter,2001,87,205,0.424390243902439
Theo Ratliff,2001,0,0,NA
Tim Duncan,2001,7,27,0.25925925925925924
Tim Hardaway,2001,189,517,0.3655705996131528
Tim James,2001,1,3,0.3333333333333333
Tim Thomas,2001,107,260,0.4115384615384615
Todd Day,2001,26,69,0.37681159420289856
Todd Fuller,2001,0,0,NA
Todd MacCulloch,2001,0,0,NA
Tom Gugliotta,2001,3,12,0.25
Tom Hammonds,2001,0,0,NA
Toni Kukoc,2001,70,157,0.445859872611465
Tony Battie,2001,0,3,0
Tony Delk,2001,54,168,0.32142857142857145
Tony Massenburg,2001,0,0,NA
Tony Smith,2001,0,2,0
Tracy McGrady,2001,59,166,0.35542168674698793
Tracy Murray,2001,36,103,0.34951456310679613
Trajan Langdon,2001,51,124,0.4112903225806452
Travis Best,2001,37,97,0.38144329896907214
Travis Knight,2001,0,1,0
Troy Hudson,2001,22,109,0.2018348623853211
Tyrone Corbin,2001,0,5,0
Tyrone Hill,2001,0,1,0
Tyrone Nesby,2001,49,180,0.2722222222222222
Tyronn Lue,2001,11,34,0.3235294117647059
Tyus Edney,2001,1,6,0.16666666666666666
Vernon Maxwell,2001,34,111,0.3063063063063063
Vin Baker,2001,1,16,0.0625
Vince Carter,2001,162,397,0.4080604534005038
Vinny Del Negro,2001,1,13,0.07692307692307693
Vitaly Potapenko,2001,0,0,NA
Vlade Divac,2001,4,14,0.2857142857142857
Vladimir Stepania,2001,1,4,0.25
Vonteego Cummings,2001,48,143,0.3356643356643357
Voshon Lenard,2001,147,382,0.38481675392670156
Wally Szczerbiak,2001,26,77,0.33766233766233766
Walt Williams,2001,98,248,0.3951612903225806
Walter McCarty,2001,19,56,0.3392857142857143
Wang Zhizhi,2001,0,2,0
Wesley Person,2001,34,84,0.40476190476190477
Will Perdue,2001,0,0,NA
William Avery,2001,16,59,0.2711864406779661
Zan Tabak,2001,0,0,NA
Zendon Hamilton,2001,0,0,NA
Zydrunas Ilgauskas,2001,0,2,0
A.J. Guyton,2002,46,123,0.37398373983739835
Aaron McKie,2002,51,128,0.3984375
Aaron Williams,2002,0,2,0
Adonal Foyle,2002,0,0,NA
Adrian Griffin,2002,16,54,0.2962962962962963
Al Harrington,2002,1,3,0.3333333333333333
Alan Henderson,2002,1,1,1
Allan Houston,2002,136,346,0.3930635838150289
Allen Iverson*,2002,78,268,0.291044776119403
Alonzo Mourning*,2002,1,3,0.3333333333333333
Alton Ford,2002,0,0,NA
Alvin Jones,2002,0,0,NA
Alvin Williams,2002,62,193,0.32124352331606215
Amal McCaskill,2002,0,0,NA
Andre Miller,2002,22,87,0.25287356321839083
Andrei Kirilenko,2002,25,100,0.25
Andrew DeClercq,2002,0,0,NA
Anfernee Hardaway,2002,23,83,0.27710843373493976
Ansu Sesay,2002,0,0,NA
Antawn Jamison,2002,68,210,0.3238095238095238
Anthony Carter,2002,1,19,0.05263157894736842
Anthony Johnson,2002,4,12,0.3333333333333333
Anthony Mason,2002,1,1,1
Anthony Peeler,2002,111,283,0.392226148409894
Antoine Walker,2002,222,645,0.34418604651162793
Antonio Daniels,2002,57,196,0.29081632653061223
Antonio Davis,2002,0,1,0
Antonio Harvey,2002,0,0,NA
Antonio McDyess,2002,0,0,NA
Antonis Fotsis,2002,7,23,0.30434782608695654
Art Long,2002,0,0,NA
Austin Croshere,2002,49,145,0.33793103448275863
Avery Johnson,2002,0,5,0
Baron Davis,2002,170,478,0.35564853556485354
Ben Wallace,2002,0,3,0
Bimbo Coles,2002,4,20,0.2
Bo Outlaw,2002,1,2,0.5
Bob Sura,2002,42,133,0.3157894736842105
Bobby Jackson,2002,79,219,0.3607305936073059
Bobby Simmons,2002,4,14,0.2857142857142857
Bonzi Wells,2002,66,172,0.38372093023255816
Brad Miller,2002,3,7,0.42857142857142855
Brandon Armstrong,2002,5,17,0.29411764705882354
Brendan Haywood,2002,0,0,NA
Brent Barry,2002,164,387,0.42377260981912146
Brent Price,2002,4,15,0.26666666666666666
Brevin Knight,2002,2,8,0.25
Brian Cardinal,2002,3,7,0.42857142857142855
Brian Grant,2002,0,2,0
Brian Scalabrine,2002,3,10,0.3
Brian Shaw,2002,29,88,0.32954545454545453
Brian Skinner,2002,0,0,NA
Bruce Bowen,2002,56,148,0.3783783783783784
Bruno Sundov,2002,0,1,0
Bryant Stith,2002,24,68,0.35294117647058826
Bryce Drew,2002,31,73,0.4246575342465753
Bryon Russell,2002,77,226,0.3407079646017699
Cal Bowdler,2002,1,5,0.2
Calbert Cheaney,2002,0,4,0
Calvin Booth,2002,0,0,NA
Carlos Arroyo,2002,0,2,0
Carlos Rogers,2002,1,6,0.16666666666666666
Cedric Henderson,2002,2,4,0.5
Charles Oakley,2002,1,6,0.16666666666666666
Charles Smith,2002,35,131,0.26717557251908397
Charlie Bell,2002,0,6,0
Charlie Ward,2002,53,164,0.3231707317073171
Chauncey Billups,2002,124,315,0.39365079365079364
Cherokee Parks,2002,0,0,NA
Chris Andersen,2002,0,4,0
Chris Childs,2002,33,120,0.275
Chris Crawford,2002,0,1,0
Chris Dudley,2002,0,2,0
Chris Gatling,2002,1,8,0.125
Chris Mihm,2002,3,7,0.42857142857142855
Chris Mills,2002,48,127,0.3779527559055118
Chris Webber,2002,5,19,0.2631578947368421
Chris Whitney,2002,131,323,0.4055727554179567
Christian Laettner,2002,2,10,0.2
Chucky Atkins,2002,138,336,0.4107142857142857
Chucky Brown,2002,0,0,NA
Clarence Weatherspoon,2002,0,0,NA
Clifford Robinson,2002,115,304,0.3782894736842105
Corey Maggette,2002,46,139,0.33093525179856115
Corie Blount,2002,0,1,0
Corliss Williamson,2002,1,5,0.2
Courtney Alexander,2002,5,18,0.2777777777777778
Cuttino Mobley,2002,149,377,0.3952254641909814
Dale Davis,2002,0,0,NA
Dalibor Bagaric,2002,0,1,0
Damon Jones,2002,69,186,0.3709677419354839
Damon Stoudamire,2002,104,295,0.3525423728813559
Damone Brown,2002,0,1,0
Dan Langhi,2002,1,4,0.25
Dan Majerle,2002,79,235,0.33617021276595743
Dana Barros,2002,24,71,0.3380281690140845
Daniel Santiago,2002,0,0,NA
Danny Ferry,2002,43,99,0.43434343434343436
Danny Fortson,2002,1,4,0.25
Danny Manning,2002,1,7,0.14285714285714285
Darius Miles,2002,3,19,0.15789473684210525
Darrell Armstrong,2002,139,398,0.3492462311557789
Darrick Martin,2002,0,2,0
Darvin Ham,2002,1,7,0.14285714285714285
David Robinson*,2002,0,0,NA
David Wesley,2002,85,256,0.33203125
DeSagana Diop,2002,0,0,NA
DeShawn Stevenson,2002,2,25,0.08
Dean Garrett,2002,0,0,NA
Dean Oliver,2002,2,13,0.15384615384615385
Dee Brown,2002,1,12,0.08333333333333333
Dell Curry,2002,45,131,0.3435114503816794
DerMarr Johnson,2002,89,247,0.3603238866396761
Derek Anderson,2002,85,228,0.37280701754385964
Derek Fisher,2002,144,349,0.41260744985673353
Derrick Coleman,2002,28,83,0.3373493975903614
Derrick Dial,2002,1,11,0.09090909090909091
Derrick McKey,2002,5,12,0.4166666666666667
Desmond Mason,2002,16,59,0.2711864406779661
Devean George,2002,66,178,0.3707865168539326
Dickey Simpkins,2002,0,0,NA
Dikembe Mutombo*,2002,0,0,NA
Dion Glover,2002,30,91,0.32967032967032966
Dirk Nowitzki,2002,139,350,0.39714285714285713
Don Reid,2002,0,0,NA
Donnell Harvey,2002,0,0,NA
Donny Marshall,2002,2,4,0.5
Donyell Marshall,2002,13,42,0.30952380952380953
Doug Christie,2002,90,256,0.3515625
Doug Overton,2002,7,27,0.25925925925925924
Earl Boykins,2002,13,42,0.30952380952380953
Earl Watson,2002,16,44,0.36363636363636365
Eddie Gill,2002,7,22,0.3181818181818182
Eddie Griffin,2002,90,273,0.32967032967032966
Eddie House,2002,54,157,0.34394904458598724
Eddie Jones,2002,149,382,0.3900523560209424
Eddie Robinson,2002,2,5,0.4
Eddy Curry,2002,0,0,NA
Eduardo Najera,2002,0,2,0
Elden Campbell,2002,0,2,0
Eldridge Recasner,2002,0,1,0
Elliot Perry,2002,0,0,NA
Elton Brand,2002,0,0,NA
Emanual Davis,2002,29,85,0.3411764705882353
Eric Montross,2002,0,1,0
Eric Piatkowski,2002,111,238,0.46638655462184875
Eric Snow,2002,3,27,0.1111111111111111
Eric Williams,2002,24,86,0.27906976744186046
Erick Barkley,2002,1,7,0.14285714285714285
Erick Dampier,2002,0,0,NA
Erick Strickland,2002,95,247,0.38461538461538464
Ernest Brown,2002,0,0,NA
Ervin Johnson,2002,0,1,0
Etan Thomas,2002,0,0,NA
Evan Eschmeyer,2002,0,0,NA
Felipe Lopez,2002,14,33,0.42424242424242425
Felton Spencer,2002,0,0,NA
Fred Hoiberg,2002,24,92,0.2608695652173913
Gary Payton*,2002,74,236,0.3135593220338983
Gary Trent,2002,0,2,0
George Lynch,2002,1,6,0.16666666666666666
George McCloud,2002,60,222,0.2702702702702703
Gerald Wallace,2002,0,7,0
Gilbert Arenas,2002,39,113,0.34513274336283184
Glen Rice,2002,18,64,0.28125
Glenn Robinson,2002,58,178,0.3258426966292135
Grant Hill,2002,0,2,0
Grant Long,2002,3,17,0.17647058823529413
Greg Anthony,2002,48,163,0.294478527607362
Greg Buckner,2002,5,16,0.3125
Greg Foster,2002,0,4,0
Greg Ostertag,2002,0,0,NA
Hakeem Olajuwon*,2002,0,2,0
Hanno Mottola,2002,1,13,0.07692307692307693
Harold Jamison,2002,0,0,NA
Hedo Turkoglu,2002,63,171,0.3684210526315789
Horace Grant,2002,0,0,NA
Howard Eisley,2002,14,58,0.2413793103448276
Hubert Davis,2002,57,126,0.4523809523809524
Ira Bowman,2002,0,1,0
Ira Newble,2002,1,7,0.14285714285714285
Isaac Austin,2002,0,3,0
Isaac Fontaine,2002,1,5,0.2
Isaiah Rider,2002,6,15,0.4
Jabari Smith,2002,0,3,0
Jacque Vaughn,2002,24,54,0.4444444444444444
Jahidi White,2002,0,0,NA
Jake Tsakalidis,2002,0,1,0
Jake Voskuhl,2002,0,0,NA
Jalen Rose,2002,89,246,0.3617886178861789
Jamaal Magloire,2002,0,1,0
Jamaal Tinsley,2002,42,175,0.24
Jamal Crawford,2002,26,58,0.4482758620689655
Jamal Mashburn,2002,41,112,0.36607142857142855
James Posey,2002,67,237,0.28270042194092826
Jamison Brewer,2002,0,1,0
Jaren Jackson,2002,7,20,0.35
Jarron Collins,2002,0,1,0
Jason Caffey,2002,0,1,0
Jason Collier,2002,0,1,0
Jason Collins,2002,1,2,0.5
Jason Hart,2002,0,2,0
Jason Kidd,2002,117,364,0.32142857142857145
Jason Richardson,2002,82,246,0.3333333333333333
Jason Terry,2002,172,444,0.38738738738738737
Jason Williams,2002,127,430,0.29534883720930233
Jeff Foster,2002,2,15,0.13333333333333333
Jeff McInnis,2002,75,234,0.32051282051282054
Jeff Trepagnier,2002,0,1,0
Jelani McCoy,2002,0,0,NA
Jermaine Jackson,2002,1,2,0.5
Jermaine O'Neal,2002,1,14,0.07142857142857142
Jerome James,2002,0,0,NA
Jerome Moiso,2002,0,0,NA
Jerome Williams,2002,0,0,NA
Jerry Stackhouse,2002,86,300,0.2866666666666667
Jeryl Sasser,2002,0,0,NA
Jim Jackson,2002,38,81,0.4691358024691358
Joe Crispin,2002,15,39,0.38461538461538464
Joe Johnson,2002,38,130,0.2923076923076923
Joe Smith,2002,2,3,0.6666666666666666
Joel Przybilla,2002,0,1,0
John Amaechi,2002,0,0,NA
John Crotty,2002,31,69,0.4492753623188406
John Starks,2002,29,95,0.30526315789473685
John Stockton*,2002,25,78,0.32051282051282054
John Wallace,2002,5,13,0.38461538461538464
Johnny Newman,2002,22,57,0.38596491228070173
Jon Barry,2002,121,258,0.4689922480620155
Jonathan Bender,2002,45,125,0.36
Joseph Forte,2002,0,3,0
Jud Buechler,2002,21,60,0.35
Jumaine Jones,2002,52,168,0.30952380952380953
Juwan Howard,2002,0,2,0
Karl Malone*,2002,9,25,0.36
Kedrick Brown,2002,5,27,0.18518518518518517
Keith Van Horn,2002,101,293,0.3447098976109215
Kelvin Cato,2002,0,1,0
Kendall Gill,2002,6,44,0.13636363636363635
Kenny Anderson,2002,9,33,0.2727272727272727
Kenny Satterfield,2002,7,27,0.25925925925925924
Kenny Thomas,2002,0,16,0
Kenyon Martin,2002,15,67,0.22388059701492538
Keon Clark,2002,0,5,0
Kerry Kittles,2002,98,242,0.4049586776859504
Kevin Garnett,2002,37,116,0.31896551724137934
Kevin Ollie,2002,1,2,0.5
Kevin Willis,2002,0,1,0
Keyon Dooling,2002,4,14,0.2857142857142857
Kirk Haston,2002,0,3,0
Kobe Bryant,2002,33,132,0.25
Kurt Thomas,2002,1,6,0.16666666666666666
Kwame Brown,2002,0,1,0
LaPhonso Ellis,2002,38,124,0.3064516129032258
Lamar Odom,2002,16,84,0.19047619047619047
Lamond Murray,2002,101,238,0.42436974789915966
Larry Hughes,2002,18,93,0.1935483870967742
Larry Robinson,2002,1,2,0.5
Latrell Sprewell,2002,145,403,0.3598014888337469
Lavor Postell,2002,6,26,0.23076923076923078
Lawrence Funderburke,2002,0,3,0
Lee Nailon,2002,1,2,0.5
Leon Smith,2002,0,0,NA
Lindsey Hunter,2002,79,208,0.3798076923076923
Loren Woods,2002,0,2,0
Lorenzen Wright,2002,0,2,0
Lucious Harris,2002,44,118,0.3728813559322034
Malik Allen,2002,0,1,0
Malik Rose,2002,1,12,0.08333333333333333
Mamadou N'Diaye,2002,0,0,NA
Marc Jackson,2002,0,1,0
Marcus Camby,2002,0,1,0
Marcus Fizer,2002,7,41,0.17073170731707318
Mark Blount,2002,0,0,NA
Mark Bryant,2002,0,0,NA
Mark Jackson,2002,79,195,0.40512820512820513
Mark Madsen,2002,0,2,0
Mark Pope,2002,4,25,0.16
Mark Strickland,2002,1,4,0.25
Mateen Cleaves,2002,2,8,0.25
Matt Bullard,2002,16,57,0.2807017543859649
Matt Geiger,2002,0,0,NA
Matt Harpring,2002,21,69,0.30434782608695654
Maurice Evans,2002,0,3,0
Mengke Bateer,2002,4,12,0.3333333333333333
Metta World Peace,2002,53,170,0.31176470588235294
Michael Bradley,2002,0,2,0
Michael Curry,2002,7,26,0.2692307692307692
Michael Dickerson,2002,8,21,0.38095238095238093
Michael Doleac,2002,0,0,NA
Michael Finley,2002,76,224,0.3392857142857143
Michael Jordan*,2002,10,53,0.18867924528301888
Michael Olowokandi,2002,0,0,NA
Michael Redd,2002,88,198,0.4444444444444444
Michael Ruffin,2002,0,0,NA
Michael Stewart,2002,0,0,NA
Mike Bibby,2002,51,138,0.3695652173913043
Mike James,2002,8,21,0.38095238095238093
Mike Miller,2002,116,303,0.38283828382838286
Mike Penberthy,2002,0,0,NA
Mikki Moore,2002,1,2,0.5
Milt Palacio,2002,13,41,0.3170731707317073
Mitch Richmond*,2002,18,62,0.2903225806451613
Mitchell Butler,2002,1,3,0.3333333333333333
Monty Williams,2002,0,4,0
Moochie Norris,2002,36,134,0.26865671641791045
Mookie Blaylock,2002,15,42,0.35714285714285715
Morris Peterson,2002,84,231,0.36363636363636365
Nazr Mohammed,2002,0,1,0
Nick Anderson,2002,13,48,0.2708333333333333
Nick Van Exel,2002,119,350,0.34
Norm Richardson,2002,4,8,0.5
Obinna Ekezie,2002,0,0,NA
Olumide Oyedeji,2002,0,0,NA
Oscar Torres,2002,37,126,0.29365079365079366
Othella Harrington,2002,0,2,0
P.J. Brown,2002,0,0,NA
Pat Garrity,2002,169,396,0.42676767676767674
Patrick Ewing*,2002,0,1,0
Pau Gasol,2002,1,5,0.2
Paul Pierce,2002,210,520,0.40384615384615385
Peja Stojakovic,2002,129,310,0.4161290322580645
Popeye Jones,2002,4,11,0.36363636363636365
Predrag Drobnjak,2002,0,2,0
Primoz Brezec,2002,0,0,NA
Quentin Richardson,2002,133,349,0.38108882521489973
Quincy Lewis,2002,3,18,0.16666666666666666
Raef LaFrentz,2002,104,268,0.3880597014925373
Rafer Alston,2002,27,71,0.38028169014084506
Raja Bell,2002,12,44,0.2727272727272727
Randy Brown,2002,0,0,NA
Randy Livingston,2002,1,8,0.125
Rashard Lewis,2002,123,316,0.38924050632911394
Rasheed Wallace,2002,114,317,0.35962145110410093
Rasho Nesterovic,2002,0,1,0
Ratko Varda,2002,0,0,NA
Ray Allen,2002,229,528,0.4337121212121212
Reggie Miller*,2002,180,443,0.40632054176072235
Reggie Slater,2002,0,0,NA
Richard Hamilton,2002,16,42,0.38095238095238093
Richard Jefferson,2002,13,56,0.23214285714285715
Rick Brunson,2002,6,11,0.5454545454545454
Rick Fox,2002,65,208,0.3125
Ricky Davis,2002,11,35,0.3142857142857143
Robert Horry,2002,76,203,0.37438423645320196
Robert Pack,2002,1,4,0.25
Robert Traylor,2002,1,1,1
Rod Strickland,2002,8,26,0.3076923076923077
Rodney Buford,2002,17,70,0.24285714285714285
Rodney Rogers,2002,88,235,0.37446808510638296
Rodney White,2002,2,9,0.2222222222222222
Ron Mercer,2002,18,62,0.2903225806451613
Ruben Boumtje-Boumtje,2002,0,0,NA
Ruben Patterson,2002,9,36,0.25
Rusty LaRue,2002,17,50,0.34
Ryan Bowen,2002,1,12,0.08333333333333333
Sam Cassell,2002,71,204,0.3480392156862745
Sam Mack,2002,7,28,0.25
Sam Mitchell,2002,10,35,0.2857142857142857
Samaki Walker,2002,0,0,NA
Samuel Dalembert,2002,0,0,NA
Scot Pollard,2002,0,0,NA
Scott Padgett,2002,49,113,0.4336283185840708
Scott Williams,2002,0,2,0
Scottie Pippen*,2002,54,177,0.3050847457627119
Sean Marks,2002,0,0,NA
Sean Rooks,2002,0,0,NA
Shammond Williams,2002,28,75,0.37333333333333335
Shandon Anderson,2002,39,141,0.2765957446808511
Shane Battier,2002,103,276,0.37318840579710144
Shaquille O'Neal*,2002,0,1,0
Shareef Abdur-Rahim,2002,21,70,0.3
Shawn Bradley,2002,0,1,0
Shawn Kemp,2002,0,4,0
Shawn Marion,2002,48,122,0.39344262295081966
Shawnelle Scott,2002,0,0,NA
Speedy Claxton,2002,4,33,0.12121212121212122
Stacey Augmon,2002,0,3,0
Stanislav Medvedenko,2002,0,4,0
Stephen Jackson,2002,9,36,0.25
Stephon Marbury,2002,71,248,0.2862903225806452
Steve Francis,2002,68,210,0.3238095238095238
Steve Goodrich,2002,0,0,NA
Steve Kerr,2002,26,66,0.3939393939393939
Steve Nash,2002,156,343,0.45481049562682213
Steve Smith,2002,116,246,0.4715447154471545
Steven Hunter,2002,0,0,NA
Stromile Swift,2002,0,3,0
Tang Hamilton,2002,0,1,0
Tariq Abdul-Wahad,2002,1,2,0.5
Terence Morris,2002,15,78,0.19230769230769232
Terrell Brandon,2002,4,23,0.17391304347826086
Terry Porter,2002,59,142,0.4154929577464789
Theo Ratliff,2002,0,0,NA
Tierre Brown,2002,4,12,0.3333333333333333
Tim Duncan,2002,1,10,0.1
Tim Hardaway,2002,123,354,0.3474576271186441
Tim James,2002,0,0,NA
Tim Thomas,2002,95,291,0.32646048109965636
Todd MacCulloch,2002,0,0,NA
Tom Gugliotta,2002,3,9,0.3333333333333333
Toni Kukoc,2002,53,171,0.30994152046783624
Tony Battie,2002,0,2,0
Tony Delk,2002,67,214,0.3130841121495327
Tony Massenburg,2002,1,1,1
Tony Parker,2002,61,189,0.32275132275132273
Tracy McGrady,2002,103,283,0.36395759717314485
Tracy Murray,2002,40,104,0.38461538461538464
Trajan Langdon,2002,27,74,0.36486486486486486
Travis Best,2002,21,59,0.3559322033898305
Travis Knight,2002,0,0,NA
Tremaine Fowlkes,2002,0,0,NA
Trenton Hassell,2002,60,165,0.36363636363636365
Troy Hudson,2002,66,187,0.35294117647058826
Troy Murphy,2002,3,9,0.3333333333333333
Tyrone Hill,2002,0,1,0
Tyrone Nesby,2002,13,47,0.2765957446808511
Tyronn Lue,2002,63,141,0.44680851063829785
Tyson Chandler,2002,0,0,NA
Victor Alexander,2002,0,2,0
Vin Baker,2002,1,8,0.125
Vince Carter,2002,121,313,0.3865814696485623
Vinny Del Negro,2002,0,0,NA
Vitaly Potapenko,2002,0,0,NA
Vlade Divac,2002,3,13,0.23076923076923078
Vladimir Radmanovic,2002,66,157,0.42038216560509556
Vladimir Stepania,2002,1,2,0.5
Vonteego Cummings,2002,12,46,0.2608695652173913
Voshon Lenard,2002,89,240,0.37083333333333335
Wally Szczerbiak,2002,87,191,0.45549738219895286
Walt Williams,2002,78,183,0.4262295081967213
Walter McCarty,2002,39,99,0.3939393939393939
Wang Zhizhi,2002,48,116,0.41379310344827586
Wesley Person,2002,143,322,0.4440993788819876
Will Solomon,2002,46,162,0.2839506172839506
William Avery,2002,6,35,0.17142857142857143
Zach Randolph,2002,0,0,NA
Zeljko Rebraca,2002,0,0,NA
Zendon Hamilton,2002,0,0,NA
Zydrunas Ilgauskas,2002,0,5,0
A.J. Guyton,2003,0,1,0
Aaron McKie,2003,37,112,0.33035714285714285
Aaron Williams,2003,0,1,0
Adam Harrington,2003,5,14,0.35714285714285715
Adonal Foyle,2003,0,1,0
Adrian Griffin,2003,6,24,0.25
Al Harrington,2003,13,46,0.2826086956521739
Alan Henderson,2003,0,2,0
Allan Houston,2003,178,450,0.39555555555555555
Allen Iverson*,2003,84,303,0.27722772277227725
Alton Ford,2003,0,0,NA
Alvin Williams,2003,48,146,0.3287671232876712
Amal McCaskill,2003,0,0,NA
Amar'e Stoudemire,2003,2,10,0.2
Andre Miller,2003,23,108,0.21296296296296297
Andrei Kirilenko,2003,37,114,0.32456140350877194
Andrew DeClercq,2003,0,0,NA
Anfernee Hardaway,2003,26,73,0.3561643835616438
Ansu Sesay,2003,0,0,NA
Antawn Jamison,2003,65,209,0.31100478468899523
Anthony Carter,2003,0,8,0
Anthony Goldwire,2003,3,9,0.3333333333333333
Anthony Johnson,2003,13,35,0.37142857142857144
Anthony Mason,2003,0,1,0
Anthony Peeler,2003,87,212,0.41037735849056606
Antoine Rigaudeau,2003,1,5,0.2
Antoine Walker,2003,188,582,0.3230240549828179
Antonio Daniels,2003,18,59,0.3050847457627119
Antonio Davis,2003,0,0,NA
Antonio Harvey,2003,0,0,NA
Art Long,2003,2,3,0.6666666666666666
Arvydas Sabonis*,2003,3,6,0.5
Austin Croshere,2003,27,69,0.391304347826087
Avery Johnson,2003,0,2,0
Baron Davis,2003,99,283,0.3498233215547703
Ben Wallace,2003,1,6,0.16666666666666666
Bimbo Coles,2003,7,32,0.21875
Bo Outlaw,2003,0,2,0
Bob Sura,2003,28,85,0.32941176470588235
Bobby Jackson,2003,89,235,0.37872340425531914
Bobby Simmons,2003,0,5,0
Bonzi Wells,2003,38,130,0.2923076923076923
Bostjan Nachbar,2003,2,10,0.2
Brad Miller,2003,5,16,0.3125
Brandon Armstrong,2003,1,6,0.16666666666666666
Brandon Williams,2003,0,1,0
Brendan Haywood,2003,0,0,NA
Brent Barry,2003,118,293,0.40273037542662116
Brevin Knight,2003,2,8,0.25
Brian Cardinal,2003,0,1,0
Brian Grant,2003,0,0,NA
Brian Scalabrine,2003,14,39,0.358974358974359
Brian Shaw,2003,38,109,0.3486238532110092
Brian Skinner,2003,0,0,NA
Bruce Bowen,2003,101,229,0.4410480349344978
Bruno Sundov,2003,4,16,0.25
Bryce Drew,2003,3,7,0.42857142857142855
Bryon Russell,2003,46,140,0.32857142857142857
Calbert Cheaney,2003,10,25,0.4
Calvin Booth,2003,0,2,0
Carlos Arroyo,2003,3,7,0.42857142857142855
Carlos Boozer,2003,0,1,0
Caron Butler,2003,34,107,0.3177570093457944
Casey Jacobsen,2003,52,165,0.3151515151515151
Cezary Trybanski,2003,0,0,NA
Charles Oakley,2003,0,0,NA
Charles Smith,2003,0,1,0
Charlie Ward,2003,101,267,0.3782771535580524
Chauncey Billups,2003,149,380,0.39210526315789473
Cherokee Parks,2003,1,2,0.5
Chris Andersen,2003,0,1,0
Chris Childs,2003,1,6,0.16666666666666666
Chris Crawford,2003,1,3,0.3333333333333333
Chris Dudley,2003,0,0,NA
Chris Jefferies,2003,18,54,0.3333333333333333
Chris Mihm,2003,0,3,0
Chris Mills,2003,7,25,0.28
Chris Owens,2003,0,0,NA
Chris Webber,2003,5,21,0.23809523809523808
Chris Whitney,2003,50,164,0.3048780487804878
Chris Wilcox,2003,0,0,NA
Christian Laettner,2003,2,16,0.125
Chucky Atkins,2003,86,242,0.35537190082644626
Clarence Weatherspoon,2003,0,0,NA
Clifford Robinson,2003,87,259,0.3359073359073359
Corey Benjamin,2003,2,13,0.15384615384615385
Corey Maggette,2003,62,177,0.3502824858757062
Corie Blount,2003,0,0,NA
Corliss Williamson,2003,2,11,0.18181818181818182
Courtney Alexander,2003,19,57,0.3333333333333333
Cuttino Mobley,2003,112,318,0.3522012578616352
Dajuan Wagner,2003,55,174,0.3160919540229885
Dale Davis,2003,0,0,NA
Dalibor Bagaric,2003,0,0,NA
Damon Jones,2003,44,121,0.36363636363636365
Damon Stoudamire,2003,44,114,0.38596491228070173
Damone Brown,2003,0,2,0
Dan Dickau,2003,22,61,0.36065573770491804
Dan Gadzuric,2003,0,1,0
Dan Langhi,2003,9,31,0.2903225806451613
Danny Ferry,2003,21,60,0.35
Danny Fortson,2003,0,1,0
Danny Manning,2003,3,8,0.375
Darius Miles,2003,0,14,0
Darrell Armstrong,2003,78,232,0.33620689655172414
Darvin Ham,2003,0,3,0
David Robinson*,2003,0,0,NA
David Wesley,2003,134,316,0.4240506329113924
DeSagana Diop,2003,0,0,NA
DeShawn Stevenson,2003,4,12,0.3333333333333333
Dean Oliver,2003,1,6,0.16666666666666666
Derek Anderson,2003,116,331,0.3504531722054381
Derek Fisher,2003,85,212,0.4009433962264151
Derrick Coleman,2003,22,67,0.3283582089552239
Desmond Mason,2003,21,72,0.2916666666666667
Devean George,2003,49,132,0.3712121212121212
Devin Brown,2003,0,1,0
Dikembe Mutombo*,2003,0,0,NA
Dion Glover,2003,56,158,0.35443037974683544
Dirk Nowitzki,2003,148,390,0.37948717948717947
Don Reid,2003,0,0,NA
Donnell Harvey,2003,1,7,0.14285714285714285
Donny Marshall,2003,0,1,0
Donyell Marshall,2003,33,87,0.3793103448275862
Doug Christie,2003,73,185,0.3945945945945946
Drew Gooden,2003,14,48,0.2916666666666667
Earl Boykins,2003,29,77,0.37662337662337664
Earl Watson,2003,31,91,0.34065934065934067
Eddie Griffin,2003,64,192,0.3333333333333333
Eddie House,2003,36,120,0.3
Eddie Jones,2003,98,241,0.4066390041493776
Eddie Robinson,2003,3,14,0.21428571428571427
Eddy Curry,2003,0,0,NA
Eduardo Najera,2003,0,1,0
Efthimi Rentzias,2003,4,8,0.5
Elden Campbell,2003,0,1,0
Elton Brand,2003,0,1,0
Emanual Davis,2003,7,29,0.2413793103448276
Eric Piatkowski,2003,80,201,0.39800995024875624
Eric Snow,2003,7,32,0.21875
Eric Williams,2003,37,110,0.33636363636363636
Erick Dampier,2003,0,2,0
Erick Strickland,2003,62,160,0.3875
Ervin Johnson,2003,0,0,NA
Etan Thomas,2003,0,0,NA
Evan Eschmeyer,2003,0,0,NA
Frank Williams,2003,6,16,0.375
Fred Hoiberg,2003,5,21,0.23809523809523808
Fred Jones,2003,2,7,0.2857142857142857
Gary Payton*,2003,54,182,0.2967032967032967
Gary Trent,2003,0,2,0
George Lynch,2003,28,79,0.35443037974683544
Gerald Wallace,2003,1,4,0.25
Gilbert Arenas,2003,109,313,0.34824281150159747
Glen Rice,2003,101,254,0.39763779527559057
Glenn Robinson,2003,90,263,0.34220532319391633
Gordan Giricek,2003,85,249,0.3413654618473896
Grant Hill,2003,1,4,0.25
Grant Long,2003,0,3,0
Greg Buckner,2003,15,55,0.2727272727272727
Greg Foster,2003,1,4,0.25
Greg Ostertag,2003,0,0,NA
Guy Rucker,2003,0,0,NA
Hedo Turkoglu,2003,29,78,0.3717948717948718
Horace Grant,2003,0,0,NA
Howard Eisley,2003,131,337,0.3887240356083086
Hubert Davis,2003,12,36,0.3333333333333333
Igor Rakocevic,2003,5,12,0.4166666666666667
Ira Newble,2003,32,84,0.38095238095238093
J.R. Bremer,2003,101,286,0.3531468531468531
Jacque Vaughn,2003,8,34,0.23529411764705882
Jahidi White,2003,0,0,NA
Jake Tsakalidis,2003,0,0,NA
Jake Voskuhl,2003,0,0,NA
Jalen Rose,2003,133,359,0.37047353760445684
Jamaal Magloire,2003,0,3,0
Jamaal Tinsley,2003,46,166,0.27710843373493976
Jamal Crawford,2003,86,242,0.35537190082644626
Jamal Mashburn,2003,119,306,0.3888888888888889
Jamal Sampson,2003,0,0,NA
James Posey,2003,70,229,0.3056768558951965
Jamison Brewer,2003,0,2,0
Jannero Pargo,2003,7,24,0.2916666666666667
Jared Jeffries,2003,3,6,0.5
Jarron Collins,2003,0,1,0
Jason Caffey,2003,0,0,NA
Jason Collier,2003,0,0,NA
Jason Collins,2003,0,4,0
Jason Kidd,2003,126,370,0.34054054054054056
Jason Richardson,2003,123,334,0.36826347305389223
Jason Terry,2003,160,431,0.37122969837587005
Jason Williams,2003,143,404,0.35396039603960394
Jay Williams,2003,65,202,0.3217821782178218
Jeff Foster,2003,0,2,0
Jeff McInnis,2003,6,35,0.17142857142857143
Jeff Trepagnier,2003,4,8,0.5
Jelani McCoy,2003,0,0,NA
Jermaine Jackson,2003,1,10,0.1
Jermaine O'Neal,2003,7,21,0.3333333333333333
Jerome James,2003,0,0,NA
Jerome Moiso,2003,0,0,NA
Jerome Williams,2003,1,6,0.16666666666666666
Jerry Stackhouse,2003,71,245,0.2897959183673469
Jeryl Sasser,2003,13,44,0.29545454545454547
Jim Jackson,2003,32,71,0.4507042253521127
Jiri Welsch,2003,1,4,0.25
Joe Johnson,2003,75,205,0.36585365853658536
Joe Smith,2003,0,2,0
Joel Przybilla,2003,0,0,NA
John Amaechi,2003,0,0,NA
John Crotty,2003,4,13,0.3076923076923077
John Salmons,2003,10,31,0.3225806451612903
John Stockton*,2003,29,80,0.3625
Jon Barry,2003,87,214,0.40654205607476634
Jonathan Bender,2003,19,53,0.3584905660377358
Joseph Forte,2003,0,3,0
Juan Dixon,2003,25,84,0.2976190476190476
Juaquin Hawkins,2003,10,24,0.4166666666666667
Jumaine Jones,2003,111,314,0.3535031847133758
Junior Harrington,2003,7,28,0.25
Juwan Howard,2003,2,4,0.5
Kareem Rush,2003,19,68,0.27941176470588236
Karl Malone*,2003,3,14,0.21428571428571427
Kedrick Brown,2003,3,39,0.07692307692307693
Keith Van Horn,2003,65,176,0.3693181818181818
Kelvin Cato,2003,0,4,0
Ken Johnson,2003,0,0,NA
Kendall Gill,2003,19,59,0.3220338983050847
Kenny Anderson,2003,1,7,0.14285714285714285
Kenny Satterfield,2003,5,28,0.17857142857142858
Kenny Thomas,2003,0,0,NA
Kenyon Martin,2003,9,43,0.20930232558139536
Keon Clark,2003,0,4,0
Kerry Kittles,2003,78,219,0.3561643835616438
Kevin Garnett,2003,20,71,0.28169014084507044
Kevin Ollie,2003,2,6,0.3333333333333333
Kevin Willis,2003,0,2,0
Keyon Dooling,2003,50,139,0.3597122302158273
Kirk Haston,2003,0,3,0
Kobe Bryant,2003,124,324,0.38271604938271603
Kurt Thomas,2003,2,3,0.6666666666666666
Kwame Brown,2003,0,3,0
LaPhonso Ellis,2003,27,107,0.2523364485981308
Lamar Odom,2003,42,129,0.32558139534883723
Larry Hughes,2003,29,79,0.3670886075949367
Latrell Sprewell,2003,134,360,0.37222222222222223
Lavor Postell,2003,2,7,0.2857142857142857
Lawrence Funderburke,2003,0,0,NA
Lee Nailon,2003,0,1,0
Lindsey Hunter,2003,34,107,0.3177570093457944
Lonny Baxter,2003,0,2,0
Loren Woods,2003,1,3,0.3333333333333333
Lorenzen Wright,2003,0,5,0
Lucious Harris,2003,47,136,0.34558823529411764
Maceo Baston,2003,0,0,NA
Malik Allen,2003,0,4,0
Malik Rose,2003,2,5,0.4
Mamadou N'Diaye,2003,0,0,NA
Manu Ginobili,2003,51,148,0.34459459459459457
Marc Jackson,2003,1,1,1
Marcus Camby,2003,2,5,0.4
Marcus Fizer,2003,1,6,0.16666666666666666
Marcus Haislip,2003,3,12,0.25
Mark Blount,2003,0,0,NA
Mark Bryant,2003,0,0,NA
Mark Jackson,2003,27,95,0.28421052631578947
Mark Madsen,2003,0,0,NA
Mark Strickland,2003,0,0,NA
Marko Jaric,2003,53,166,0.3192771084337349
Mateen Cleaves,2003,1,1,1
Matt Harpring,2003,66,160,0.4125
Matt Maloney,2003,5,15,0.3333333333333333
Maurice Taylor,2003,0,2,0
Mehmet Okur,2003,38,112,0.3392857142857143
Melvin Ely,2003,0,0,NA
Mengke Bateer,2003,1,3,0.3333333333333333
Metta World Peace,2003,71,211,0.33649289099526064
Michael Bradley,2003,1,6,0.16666666666666666
Michael Curry,2003,16,54,0.2962962962962963
Michael Dickerson,2003,4,11,0.36363636363636365
Michael Doleac,2003,0,0,NA
Michael Finley,2003,119,322,0.3695652173913043
Michael Jordan*,2003,16,55,0.2909090909090909
Michael Olowokandi,2003,0,0,NA
Michael Redd,2003,182,416,0.4375
Michael Stewart,2003,0,0,NA
Mike Batiste,2003,18,81,0.2222222222222222
Mike Bibby,2003,56,137,0.40875912408759124
Mike Dunleavy,2003,52,150,0.3466666666666667
Mike James,2003,67,228,0.29385964912280704
Mike Miller,2003,109,300,0.36333333333333334
Mike Wilks,2003,10,35,0.2857142857142857
Mikki Moore,2003,0,0,NA
Milt Palacio,2003,8,37,0.21621621621621623
Monty Williams,2003,0,2,0
Moochie Norris,2003,11,45,0.24444444444444444
Morris Peterson,2003,116,344,0.3372093023255814
Nate Huffman,2003,0,0,NA
Nazr Mohammed,2003,0,0,NA
Nene Hilario,2003,0,3,0
Nick Van Exel,2003,118,312,0.3782051282051282
Nikoloz Tskitishvili,2003,37,152,0.24342105263157895
Olumide Oyedeji,2003,0,0,NA
Oscar Torres,2003,7,13,0.5384615384615384
Othella Harrington,2003,0,0,NA
P.J. Brown,2003,0,3,0
Pat Burke,2003,1,7,0.14285714285714285
Pat Garrity,2003,161,407,0.3955773955773956
Pau Gasol,2003,1,10,0.1
Paul Pierce,2003,118,391,0.30179028132992325
Paul Shirley,2003,0,0,NA
Peja Stojakovic,2003,155,406,0.3817733990147783
Pepe Sanchez,2003,0,0,NA
Popeye Jones,2003,0,0,NA
Predrag Drobnjak,2003,30,85,0.35294117647058826
Predrag Savovic,2003,4,26,0.15384615384615385
Primoz Brezec,2003,0,1,0
Quentin Richardson,2003,61,198,0.30808080808080807
Qyntel Woods,2003,3,9,0.3333333333333333
Raef LaFrentz,2003,47,116,0.4051724137931034
Rafer Alston,2003,51,130,0.3923076923076923
Raja Bell,2003,21,51,0.4117647058823529
Randy Brown,2003,0,0,NA
Randy Livingston,2003,0,0,NA
Rashard Lewis,2003,75,217,0.3456221198156682
Rasheed Wallace,2003,110,307,0.3583061889250814
Rasho Nesterovic,2003,0,2,0
Rasual Butler,2003,50,171,0.29239766081871343
Ray Allen,2003,201,533,0.3771106941838649
Reggie Evans,2003,0,0,NA
Reggie Miller*,2003,113,318,0.3553459119496855
Reggie Slater,2003,0,0,NA
Richard Hamilton,2003,32,119,0.2689075630252101
Richard Jefferson,2003,6,24,0.25
Rick Brunson,2003,4,6,0.6666666666666666
Rick Fox,2003,105,280,0.375
Ricky Davis,2003,74,204,0.3627450980392157
Robert Archibald,2003,0,0,NA
Robert Horry,2003,51,177,0.288135593220339
Robert Pack,2003,0,5,0
Robert Traylor,2003,1,3,0.3333333333333333
Rod Strickland,2003,1,11,0.09090909090909091
Rodney Rogers,2003,44,132,0.3333333333333333
Rodney White,2003,32,134,0.23880597014925373
Roger Mason,2003,6,18,0.3333333333333333
Ron Mercer,2003,3,16,0.1875
Ronald Murray,2003,0,5,0
Ruben Boumtje-Boumtje,2003,0,0,NA
Ruben Patterson,2003,3,20,0.15
Ruben Wolkowyski,2003,0,1,0
Ryan Bowen,2003,2,7,0.2857142857142857
Ryan Humphrey,2003,0,0,NA
Sam Cassell,2003,59,163,0.3619631901840491
Samaki Walker,2003,0,1,0
Scot Pollard,2003,0,0,NA
Scott Padgett,2003,45,133,0.3383458646616541
Scott Williams,2003,0,2,0
Scottie Pippen*,2003,38,133,0.2857142857142857
Sean Lampley,2003,0,4,0
Sean Marks,2003,0,1,0
Sean Rooks,2003,0,1,0
Shammond Williams,2003,93,261,0.3563218390804598
Shandon Anderson,2003,52,140,0.37142857142857144
Shane Battier,2003,86,216,0.39814814814814814
Shaquille O'Neal*,2003,0,0,NA
Shareef Abdur-Rahim,2003,21,60,0.35
Shawn Bradley,2003,0,1,0
Shawn Kemp,2003,0,1,0
Shawn Marion,2003,141,364,0.3873626373626374
Smush Parker,2003,38,118,0.3220338983050847
Soumaila Samake,2003,0,0,NA
Speedy Claxton,2003,0,11,0
Stacey Augmon,2003,0,7,0
Stanislav Medvedenko,2003,0,2,0
Stephen Jackson,2003,95,297,0.31986531986531985
Stephon Marbury,2003,89,296,0.30067567567567566
Steve Francis,2003,85,240,0.3541666666666667
Steve Kerr,2003,49,124,0.3951612903225806
Steve Nash,2003,111,269,0.41263940520446096
Steve Smith,2003,39,118,0.3305084745762712
Steven Hunter,2003,0,0,NA
Stromile Swift,2003,0,2,0
Tamar Slay,2003,7,25,0.28
Tariq Abdul-Wahad,2003,0,1,0
Tayshaun Prince,2003,20,47,0.425531914893617
Terence Morris,2003,7,32,0.21875
Theo Ratliff,2003,0,0,NA
Tierre Brown,2003,0,1,0
Tim Duncan,2003,6,22,0.2727272727272727
Tim Hardaway,2003,11,31,0.3548387096774194
Tim Thomas,2003,97,265,0.3660377358490566
Tito Maddox,2003,0,3,0
Todd MacCulloch,2003,0,0,NA
Tom Gugliotta,2003,0,1,0
Toni Kukoc,2003,95,263,0.3612167300380228
Tony Battie,2003,1,5,0.2
Tony Delk,2003,120,304,0.39473684210526316
Tony Massenburg,2003,0,0,NA
Tony Parker,2003,82,243,0.3374485596707819
Tracy McGrady,2003,173,448,0.3861607142857143
Tracy Murray,2003,8,38,0.21052631578947367
Travis Best,2003,36,109,0.3302752293577982
Travis Knight,2003,0,1,0
Tremaine Fowlkes,2003,2,9,0.2222222222222222
Trenton Hassell,2003,13,40,0.325
Troy Hudson,2003,97,266,0.36466165413533835
Troy Murphy,2003,3,14,0.21428571428571427
Tyrone Hill,2003,0,0,NA
Tyronn Lue,2003,60,176,0.3409090909090909
Tyson Chandler,2003,0,0,NA
Vin Baker,2003,0,4,0
Vince Carter,2003,45,131,0.3435114503816794
Vincent Yarbrough,2003,21,78,0.2692307692307692
Vitaly Potapenko,2003,0,0,NA
Vlade Divac,2003,6,25,0.24
Vladimir Radmanovic,2003,104,293,0.35494880546075086
Vladimir Stepania,2003,0,0,NA
Voshon Lenard,2003,92,252,0.36507936507936506
Wally Szczerbiak,2003,61,145,0.4206896551724138
Walt Williams,2003,64,171,0.3742690058479532
Walter McCarty,2003,91,248,0.36693548387096775
Wang Zhizhi,2003,16,47,0.3404255319148936
Wesley Person,2003,100,231,0.4329004329004329
Yao Ming*,2003,1,2,0.5
Zach Randolph,2003,0,5,0
Zeljko Rebraca,2003,0,0,NA
Zendon Hamilton,2003,0,0,NA
Zydrunas Ilgauskas,2003,0,5,0
Aaron McKie,2004,75,172,0.436046511627907
Aaron Williams,2004,1,3,0.3333333333333333
Adonal Foyle,2004,0,0,NA
Adrian Griffin,2004,1,2,0.5
Al Harrington,2004,21,77,0.2727272727272727
Alan Henderson,2004,0,0,NA
Alex Garcia,2004,0,0,NA
Allan Houston,2004,87,202,0.4306930693069307
Allen Iverson*,2004,57,199,0.2864321608040201
Alonzo Mourning*,2004,0,0,NA
Alton Ford,2004,0,0,NA
Alvin Williams,2004,26,89,0.29213483146067415
Amal McCaskill,2004,0,1,0
Amar'e Stoudemire,2004,1,5,0.2
Andre Miller,2004,12,65,0.18461538461538463
Andrei Kirilenko,2004,68,201,0.3383084577114428
Andrew DeClercq,2004,0,0,NA
Anfernee Hardaway,2004,30,79,0.379746835443038
Ansu Sesay,2004,6,21,0.2857142857142857
Antawn Jamison,2004,16,40,0.4
Anthony Carter,2004,0,3,0
Anthony Goldwire,2004,2,8,0.25
Anthony Johnson,2004,41,122,0.3360655737704918
Anthony Peeler,2004,68,141,0.48226950354609927
Antoine Walker,2004,82,305,0.26885245901639343
Antonio Daniels,2004,42,116,0.3620689655172414
Antonio Davis,2004,0,0,NA
Antonio McDyess,2004,0,0,NA
Austin Croshere,2004,56,144,0.3888888888888889
Avery Johnson,2004,0,3,0
Baron Davis,2004,187,582,0.32130584192439865
Ben Handlogten,2004,0,0,NA
Ben Wallace,2004,1,8,0.125
Bimbo Coles,2004,0,0,NA
Bo Outlaw,2004,0,4,0
Bob Sura,2004,21,79,0.26582278481012656
Bobby Jackson,2004,81,219,0.3698630136986301
Bobby Simmons,2004,2,12,0.16666666666666666
Bonzi Wells,2004,22,69,0.3188405797101449
Boris Diaw,2004,6,26,0.23076923076923078
Bostjan Nachbar,2004,23,63,0.36507936507936506
Brad Miller,2004,12,38,0.3157894736842105
Brandon Armstrong,2004,19,52,0.36538461538461536
Brandon Hunter,2004,0,3,0
Brendan Haywood,2004,0,1,0
Brent Barry,2004,114,252,0.4523809523809524
Brevin Knight,2004,2,8,0.25
Brian Cardinal,2004,55,124,0.4435483870967742
Brian Cook,2004,0,5,0
Brian Grant,2004,0,1,0
Brian Scalabrine,2004,10,41,0.24390243902439024
Brian Skinner,2004,0,0,NA
Britton Johnsen,2004,1,12,0.08333333333333333
Bruce Bowen,2004,77,212,0.3632075471698113
Bruno Sundov,2004,0,0,NA
Bryce Drew,2004,1,7,0.14285714285714285
Bryon Russell,2004,43,112,0.38392857142857145
Calbert Cheaney,2004,0,10,0
Calvin Booth,2004,0,2,0
Carlos Arroyo,2004,38,117,0.3247863247863248
Carlos Boozer,2004,1,6,0.16666666666666666
Carmelo Anthony,2004,69,214,0.32242990654205606
Caron Butler,2004,10,42,0.23809523809523808
Casey Jacobsen,2004,75,180,0.4166666666666667
Cezary Trybanski,2004,0,0,NA
Charles Oakley,2004,0,0,NA
Charlie Ward,2004,84,206,0.4077669902912621
Chauncey Billups,2004,130,335,0.3880597014925373
Cherokee Parks,2004,0,0,NA
Chris Andersen,2004,0,1,0
Chris Bosh,2004,5,14,0.35714285714285715
Chris Crawford,2004,44,113,0.3893805309734513
Chris Jefferies,2004,17,42,0.40476190476190477
Chris Kaman,2004,0,2,0
Chris Mihm,2004,0,0,NA
Chris Webber,2004,1,5,0.2
Chris Whitney,2004,8,18,0.4444444444444444
Chris Wilcox,2004,0,1,0
Christian Laettner,2004,6,21,0.2857142857142857
Chucky Atkins,2004,81,241,0.3360995850622407
Clarence Weatherspoon,2004,0,1,0
Clifford Robinson,2004,112,314,0.35668789808917195
Corey Maggette,2004,76,231,0.329004329004329
Corie Blount,2004,0,3,0
Corliss Williamson,2004,0,0,NA
Curtis Borchardt,2004,0,1,0
Cuttino Mobley,2004,164,420,0.3904761904761905
Dahntay Jones,2004,1,4,0.25
Dajuan Wagner,2004,31,86,0.36046511627906974
Dale Davis,2004,0,0,NA
Damon Jones,2004,98,273,0.358974358974359
Damon Stoudamire,2004,156,427,0.36533957845433257
Damone Brown,2004,0,0,NA
Dan Dickau,2004,10,30,0.3333333333333333
Dan Gadzuric,2004,0,1,0
Dan Langhi,2004,1,2,0.5
Dana Barros,2004,0,0,NA
Daniel Santiago,2004,0,0,NA
Danny Fortson,2004,0,0,NA
Darius Miles,2004,7,40,0.175
Darius Songaila,2004,0,0,NA
Darko Milicic,2004,0,1,0
Darrell Armstrong,2004,135,429,0.3146853146853147
Darrick Martin,2004,6,26,0.23076923076923078
Darvin Ham,2004,1,2,0.5
David Wesley,2004,92,285,0.32280701754385965
David West,2004,0,2,0
DeSagana Diop,2004,0,0,NA
DeShawn Stevenson,2004,19,71,0.2676056338028169
DerMarr Johnson,2004,13,36,0.3611111111111111
Derek Anderson,2004,79,259,0.305019305019305
Derek Fisher,2004,52,179,0.2905027932960894
Derrick Coleman,2004,8,36,0.2222222222222222
Derrick Dial,2004,2,9,0.2222222222222222
Desmond Ferguson,2004,3,8,0.375
Desmond Mason,2004,9,39,0.23076923076923078
Desmond Penigar,2004,0,0,NA
Devean George,2004,65,186,0.34946236559139787
Devin Brown,2004,4,14,0.2857142857142857
Dikembe Mutombo*,2004,0,0,NA
Dion Glover,2004,40,119,0.33613445378151263
Dirk Nowitzki,2004,99,290,0.3413793103448276
Donnell Harvey,2004,0,3,0
Donyell Marshall,2004,131,325,0.40307692307692305
Doug Christie,2004,49,142,0.34507042253521125
Doug Overton,2004,3,23,0.13043478260869565
Drew Gooden,2004,9,42,0.21428571428571427
Dwyane Wade,2004,16,53,0.3018867924528302
Earl Boykins,2004,55,171,0.3216374269005848
Earl Watson,2004,26,106,0.24528301886792453
Eddie Gill,2004,3,8,0.375
Eddie House,2004,51,136,0.375
Eddie Jones,2004,177,479,0.3695198329853862
Eddie Robinson,2004,1,5,0.2
Eddy Curry,2004,1,1,1
Eduardo Najera,2004,2,4,0.5
Elden Campbell,2004,0,0,NA
Elton Brand,2004,0,1,0
Eric Piatkowski,2004,43,122,0.3524590163934426
Eric Snow,2004,2,18,0.1111111111111111
Eric Williams,2004,35,127,0.27559055118110237
Erick Dampier,2004,0,2,0
Erick Strickland,2004,29,66,0.4393939393939394
Ervin Johnson,2004,0,1,0
Etan Thomas,2004,0,0,NA
Francisco Elson,2004,0,1,0
Frank Williams,2004,18,60,0.3
Fred Hoiberg,2004,76,172,0.4418604651162791
Fred Jones,2004,27,89,0.30337078651685395
Gary Payton*,2004,55,165,0.3333333333333333
Gary Trent,2004,0,6,0
George Lynch,2004,43,139,0.30935251798561153
Gerald Wallace,2004,0,2,0
Gilbert Arenas,2004,125,333,0.37537537537537535
Glen Rice,2004,5,28,0.17857142857142858
Glenn Robinson,2004,34,100,0.34
Gordan Giricek,2004,60,152,0.39473684210526316
Greg Buckner,2004,12,44,0.2727272727272727
Greg Ostertag,2004,0,1,0
Hedo Turkoglu,2004,101,241,0.4190871369294606
Hiram Fuller,2004,0,0,NA
Horace Grant,2004,0,1,0
Howard Eisley,2004,52,163,0.31901840490797545
Hubert Davis,2004,0,1,0
Ime Udoka,2004,0,1,0
Ira Newble,2004,2,19,0.10526315789473684
J.R. Bremer,2004,19,74,0.25675675675675674
Jabari Smith,2004,0,3,0
Jacque Vaughn,2004,3,20,0.15
Jahidi White,2004,0,0,NA
Jake Tsakalidis,2004,0,0,NA
Jake Voskuhl,2004,0,0,NA
Jalen Rose,2004,69,202,0.3415841584158416
Jamaal Magloire,2004,0,1,0
Jamaal Tinsley,2004,77,207,0.3719806763285024
Jamal Crawford,2004,165,521,0.31669865642994244
Jamal Mashburn,2004,19,67,0.2835820895522388
Jamal Sampson,2004,0,0,NA
James Jones,2004,1,4,0.25
James Posey,2004,112,290,0.38620689655172413
Jamison Brewer,2004,5,14,0.35714285714285715
Jannero Pargo,2004,22,62,0.3548387096774194
Jared Jeffries,2004,5,30,0.16666666666666666
Jarron Collins,2004,0,1,0
Jarvis Hayes,2004,40,131,0.3053435114503817
Jason Collier,2004,1,4,0.25
Jason Collins,2004,0,2,0
Jason Hart,2004,2,9,0.2222222222222222
Jason Kapono,2004,21,44,0.4772727272727273
Jason Kidd,2004,94,293,0.32081911262798635
Jason Richardson,2004,77,273,0.28205128205128205
Jason Terry,2004,146,421,0.34679334916864607
Jason Williams,2004,120,364,0.32967032967032966
Jeff Foster,2004,0,4,0
Jeff McInnis,2004,46,127,0.36220472440944884
Jeff Trepagnier,2004,2,4,0.5
Jelani McCoy,2004,0,0,NA
Jermaine O'Neal,2004,2,18,0.1111111111111111
Jerome Beasley,2004,0,0,NA
Jerome James,2004,0,0,NA
Jerome Moiso,2004,0,1,0
Jerome Williams,2004,0,8,0
Jerry Stackhouse,2004,23,65,0.35384615384615387
Jim Jackson,2004,162,405,0.4
Jiri Welsch,2004,69,181,0.3812154696132597
Joe Johnson,2004,83,272,0.30514705882352944
Joe Smith,2004,1,5,0.2
Joel Przybilla,2004,0,0,NA
John Salmons,2004,50,147,0.3401360544217687
John Wallace,2004,5,13,0.38461538461538464
Jon Barry,2004,51,138,0.3695652173913043
Jonathan Bender,2004,9,22,0.4090909090909091
Josh Davis,2004,0,2,0
Josh Howard,2004,20,66,0.30303030303030304
Juan Dixon,2004,59,198,0.29797979797979796
Jumaine Jones,2004,13,44,0.29545454545454547
Juwan Howard,2004,0,1,0
Kaniel Dickens,2004,0,0,NA
Kareem Rush,2004,48,138,0.34782608695652173
Karl Malone*,2004,0,1,0
Kedrick Brown,2004,38,99,0.3838383838383838
Keith Bogans,2004,67,187,0.3582887700534759
Keith McLeod,2004,1,10,0.1
Keith Van Horn,2004,93,233,0.39914163090128757
Kelvin Cato,2004,0,0,NA
Kendall Gill,2004,9,38,0.23684210526315788
Kendrick Perkins,2004,0,0,NA
Kenny Anderson,2004,1,4,0.25
Kenny Thomas,2004,1,5,0.2
Kenyon Martin,2004,7,25,0.28
Keon Clark,2004,0,0,NA
Kerry Kittles,2004,97,276,0.35144927536231885
Kevin Garnett,2004,11,43,0.2558139534883721
Kevin Ollie,2004,4,9,0.4444444444444444
Kevin Willis,2004,0,1,0
Keyon Dooling,2004,8,46,0.17391304347826086
Kirk Hinrich,2004,144,369,0.3902439024390244
Kirk Penney,2004,1,3,0.3333333333333333
Kobe Bryant,2004,71,217,0.3271889400921659
Kurt Thomas,2004,0,3,0
Kwame Brown,2004,1,2,0.5
Kyle Korver,2004,81,207,0.391304347826087
Lamar Odom,2004,61,205,0.2975609756097561
Lamond Murray,2004,21,60,0.35
Larry Hughes,2004,79,232,0.34051724137931033
Latrell Sprewell,2004,99,299,0.3311036789297659
LeBron James,2004,63,217,0.2903225806451613
Leandro Barbosa,2004,83,210,0.3952380952380952
Lee Nailon,2004,0,3,0
Leon Smith,2004,0,0,NA
Lindsey Hunter,2004,14,50,0.28
Linton Johnson,2004,7,33,0.21212121212121213
Lonny Baxter,2004,1,3,0.3333333333333333
Loren Woods,2004,0,0,NA
Lorenzen Wright,2004,0,5,0
Lucious Harris,2004,38,101,0.37623762376237624
Luke Ridnour,2004,27,80,0.3375
Luke Walton,2004,13,39,0.3333333333333333
Maciej Lampe,2004,0,4,0
Malik Allen,2004,0,0,NA
Malik Rose,2004,0,3,0
Mamadou N'Diaye,2004,0,0,NA
Manu Ginobili,2004,88,245,0.35918367346938773
Marc Jackson,2004,0,1,0
Marcus Banks,2004,27,86,0.313953488372093
Marcus Camby,2004,0,2,0
Marcus Fizer,2004,2,17,0.11764705882352941
Marcus Haislip,2004,1,2,0.5
Mark Blount,2004,0,0,NA
Mark Jackson,2004,7,41,0.17073170731707318
Mark Madsen,2004,0,6,0
Mark Pope,2004,0,0,NA
Marko Jaric,2004,51,150,0.34
Marquis Daniels,2004,11,36,0.3055555555555556
Mateen Cleaves,2004,0,1,0
Matt Barnes,2004,2,13,0.15384615384615385
Matt Carroll,2004,1,3,0.3333333333333333
Matt Harpring,2004,8,33,0.24242424242424243
Maurice Carter,2004,4,11,0.36363636363636365
Maurice Taylor,2004,0,2,0
Mehmet Okur,2004,18,48,0.375
Melvin Ely,2004,0,1,0
Mengke Bateer,2004,0,0,NA
Metta World Peace,2004,75,242,0.30991735537190085
Michael Bradley,2004,0,0,NA
Michael Curry,2004,3,15,0.2
Michael Doleac,2004,0,0,NA
Michael Finley,2004,150,370,0.40540540540540543
Michael Olowokandi,2004,0,0,NA
Michael Redd,2004,127,363,0.349862258953168
Michael Ruffin,2004,0,0,NA
Michael Stewart,2004,0,0,NA
Mickael Pietrus,2004,35,105,0.3333333333333333
Mike Bibby,2004,148,378,0.3915343915343915
Mike Dunleavy,2004,94,254,0.3700787401574803
Mike James,2004,106,281,0.37722419928825623
Mike Miller,2004,80,215,0.37209302325581395
Mike Sweetney,2004,0,1,0
Mike Wilks,2004,6,10,0.6
Mikki Moore,2004,0,0,NA
Milt Palacio,2004,4,26,0.15384615384615385
Mitchell Butler,2004,11,30,0.36666666666666664
Mo Williams,2004,10,39,0.2564102564102564
Moochie Norris,2004,20,58,0.3448275862068966
Morris Peterson,2004,126,340,0.37058823529411766
Nazr Mohammed,2004,0,0,NA
Ndudi Ebi,2004,0,0,NA
Nene Hilario,2004,0,2,0
Nick Van Exel,2004,46,150,0.30666666666666664
Nikoloz Tskitishvili,2004,3,11,0.2727272727272727
Olden Polynice,2004,0,0,NA
Oliver Miller,2004,0,1,0
Omar Cook,2004,0,1,0
Othella Harrington,2004,0,0,NA
P.J. Brown,2004,0,1,0
Pat Garrity,2004,0,0,NA
Pau Gasol,2004,4,15,0.26666666666666666
Paul Grant,2004,0,0,NA
Paul Pierce,2004,115,384,0.2994791666666667
Paul Shirley,2004,0,1,0
Peja Stojakovic,2004,240,554,0.4332129963898917
Popeye Jones,2004,0,0,NA
Predrag Drobnjak,2004,11,36,0.3055555555555556
Primoz Brezec,2004,0,0,NA
Quentin Richardson,2004,120,341,0.3519061583577713
Quincy Lewis,2004,2,5,0.4
Qyntel Woods,2004,10,29,0.3448275862068966
Raef LaFrentz,2004,8,40,0.2
Rafer Alston,2004,161,434,0.3709677419354839
Raja Bell,2004,62,166,0.37349397590361444
Randy Livingston,2004,0,3,0
Rashard Lewis,2004,145,386,0.3756476683937824
Rasheed Wallace,2004,82,248,0.33064516129032256
Rasho Nesterovic,2004,0,0,NA
Rasual Butler,2004,50,108,0.46296296296296297
Raul Lopez,2004,25,85,0.29411764705882354
Ray Allen,2004,148,378,0.3915343915343915
Reece Gaines,2004,3,10,0.3
Reggie Evans,2004,0,3,0
Reggie Miller*,2004,134,334,0.40119760479041916
Richard Hamilton,2004,18,68,0.2647058823529412
Richard Jefferson,2004,48,132,0.36363636363636365
Richie Frahm,2004,34,92,0.3695652173913043
Rick Brunson,2004,11,23,0.4782608695652174
Rick Fox,2004,15,61,0.2459016393442623
Ricky Davis,2004,52,140,0.37142857142857144
Robert Archibald,2004,0,0,NA
Robert Horry,2004,41,108,0.37962962962962965
Robert Pack,2004,0,0,NA
Robert Traylor,2004,2,5,0.4
Rod Strickland,2004,10,36,0.2777777777777778
Rodney Buford,2004,0,2,0
Rodney Rogers,2004,50,152,0.32894736842105265
Rodney White,2004,33,87,0.3793103448275862
Roger Mason,2004,13,39,0.3333333333333333
Ron Mercer,2004,2,7,0.2857142857142857
Ronald Dupree,2004,4,9,0.4444444444444444
Ronald Murray,2004,67,229,0.2925764192139738
Ruben Boumtje-Boumtje,2004,0,0,NA
Ruben Patterson,2004,2,12,0.16666666666666666
Rusty LaRue,2004,1,1,1
Ryan Bowen,2004,0,0,NA
Ryan Humphrey,2004,0,1,0
Sam Cassell,2004,74,186,0.3978494623655914
Samaki Walker,2004,0,2,0
Samuel Dalembert,2004,0,1,0
Sasha Pavlovic,2004,19,70,0.2714285714285714
Scot Pollard,2004,0,0,NA
Scott Padgett,2004,28,65,0.4307692307692308
Scott Williams,2004,2,3,0.6666666666666666
Scottie Pippen*,2004,13,48,0.2708333333333333
Sean Lampley,2004,0,0,NA
Sean Rooks,2004,0,1,0
Shammond Williams,2004,30,100,0.3
Shandon Anderson,2004,36,128,0.28125
Shane Battier,2004,65,186,0.34946236559139787
Shane Heal,2004,4,18,0.2222222222222222
Shaquille O'Neal*,2004,0,0,NA
Shareef Abdur-Rahim,2004,9,34,0.2647058823529412
Shawn Bradley,2004,0,1,0
Shawn Marion,2004,90,265,0.33962264150943394
Slavko Vranes,2004,0,0,NA
Speedy Claxton,2004,4,22,0.18181818181818182
Stacey Augmon,2004,1,7,0.14285714285714285
Stanislav Medvedenko,2004,0,3,0
Stephen Jackson,2004,145,427,0.3395784543325527
Stephon Marbury,2004,87,274,0.3175182481751825
Steve Blake,2004,75,202,0.3712871287128713
Steve Francis,2004,73,250,0.292
Steve Nash,2004,104,257,0.4046692607003891
Steve Smith,2004,43,107,0.40186915887850466
Steven Hunter,2004,0,0,NA
Stromile Swift,2004,1,4,0.25
T.J. Ford,2004,5,21,0.23809523809523808
Tamar Slay,2004,4,12,0.3333333333333333
Tayshaun Prince,2004,57,157,0.3630573248407643
Theo Ratliff,2004,0,0,NA
Theron Smith,2004,6,12,0.5
Tierre Brown,2004,0,0,NA
Tim Duncan,2004,2,12,0.16666666666666666
Tim Thomas,2004,73,194,0.37628865979381443
Tom Gugliotta,2004,1,4,0.25
Toni Kukoc,2004,49,168,0.2916666666666667
Tony Battie,2004,2,9,0.2222222222222222
Tony Delk,2004,20,66,0.30303030303030304
Tony Massenburg,2004,0,1,0
Tony Parker,2004,62,199,0.31155778894472363
Torraye Braggs,2004,0,0,NA
Tracy McGrady,2004,174,513,0.3391812865497076
Tracy Murray,2004,2,5,0.4
Travis Best,2004,3,20,0.15
Travis Hansen,2004,9,30,0.3
Travis Outlaw,2004,0,0,NA
Tremaine Fowlkes,2004,1,8,0.125
Trenton Hassell,2004,4,13,0.3076923076923077
Troy Bell,2004,0,4,0
Troy Hudson,2004,31,77,0.4025974025974026
Troy Murphy,2004,5,17,0.29411764705882354
Tyrone Hill,2004,0,0,NA
Tyronn Lue,2004,80,209,0.3827751196172249
Tyson Chandler,2004,0,1,0
Udonis Haslem,2004,0,3,0
Vin Baker,2004,1,3,0.3333333333333333
Vince Carter,2004,93,243,0.38271604938271603
Vitaly Potapenko,2004,0,0,NA
Vlade Divac,2004,2,13,0.15384615384615385
Vladimir Radmanovic,2004,140,377,0.3713527851458886
Vladimir Stepania,2004,0,0,NA
Voshon Lenard,2004,106,289,0.36678200692041524
Wally Szczerbiak,2004,20,46,0.43478260869565216
Walter McCarty,2004,137,366,0.3743169398907104
Wang Zhizhi,2004,4,14,0.2857142857142857
Wesley Person,2004,55,138,0.39855072463768115
Willie Green,2004,19,61,0.3114754098360656
Yao Ming*,2004,0,2,0
Zach Randolph,2004,1,5,0.2
Zarko Cabarkapa,2004,6,32,0.1875
Zaza Pachulia,2004,0,0,NA
Zeljko Rebraca,2004,0,0,NA
Zendon Hamilton,2004,0,0,NA
Zoran Planinic,2004,9,32,0.28125
Zydrunas Ilgauskas,2004,2,7,0.2857142857142857
Aaron McKie,2005,20,62,0.3225806451612903
Aaron Williams,2005,0,0,NA
Adonal Foyle,2005,0,0,NA
Adrian Griffin,2005,2,9,0.2222222222222222
Al Harrington,2005,16,74,0.21621621621621623
Al Jefferson,2005,0,3,0
Alan Henderson,2005,0,2,0
Aleksandar Radojevic,2005,0,0,NA
Alex Garcia,2005,5,18,0.2777777777777778
Allan Houston,2005,31,80,0.3875
Allen Iverson*,2005,104,338,0.3076923076923077
Alonzo Mourning*,2005,0,0,NA
Amar'e Stoudemire,2005,3,16,0.1875
Anderson Varejao,2005,0,2,0
Andre Barrett,2005,14,52,0.2692307692307692
Andre Emmett,2005,0,0,NA
Andre Iguodala,2005,47,142,0.33098591549295775
Andre Miller,2005,6,39,0.15384615384615385
Andrei Kirilenko,2005,23,77,0.2987012987012987
Andres Nocioni,2005,25,97,0.25773195876288657
Andrew DeClercq,2005,0,0,NA
Andris Biedrins,2005,0,1,0
Anfernee Hardaway,2005,15,50,0.3
Ansu Sesay,2005,2,8,0.25
Antawn Jamison,2005,71,208,0.34134615384615385
Anthony Carter,2005,2,17,0.11764705882352941
Anthony Goldwire,2005,32,80,0.4
Anthony Johnson,2005,41,108,0.37962962962962965
Anthony Miller,2005,0,0,NA
Anthony Peeler,2005,25,65,0.38461538461538464
Antoine Walker,2005,110,341,0.3225806451612903
Antonio Burks,2005,3,11,0.2727272727272727
Antonio Daniels,2005,49,165,0.296969696969697
Antonio Davis,2005,0,0,NA
Antonio McDyess,2005,0,1,0
Austin Croshere,2005,45,174,0.25862068965517243
Awvee Storey,2005,1,2,0.5
Baron Davis,2005,118,354,0.3333333333333333
Ben Gordon,2005,134,331,0.40483383685800606
Ben Handlogten,2005,0,1,0
Ben Wallace,2005,1,9,0.1111111111111111
Beno Udrih,2005,58,142,0.4084507042253521
Bernard Robinson,2005,3,8,0.375
Billy Thomas,2005,17,56,0.30357142857142855
Bo Outlaw,2005,0,0,NA
Bob Sura,2005,55,155,0.3548387096774194
Bobby Jackson,2005,33,96,0.34375
Bobby Simmons,2005,50,115,0.43478260869565216
Bonzi Wells,2005,36,104,0.34615384615384615
Boris Diaw,2005,9,50,0.18
Bostjan Nachbar,2005,75,196,0.3826530612244898
Brad Miller,2005,5,19,0.2631578947368421
Brandin Knight,2005,0,0,NA
Brandon Hunter,2005,0,0,NA
Brendan Haywood,2005,0,0,NA
Brent Barry,2005,100,280,0.35714285714285715
Brevin Knight,2005,3,20,0.15
Brian Cardinal,2005,44,125,0.352
Brian Cook,2005,78,199,0.39195979899497485
Brian Grant,2005,0,0,NA
Brian Scalabrine,2005,22,68,0.3235294117647059
Brian Skinner,2005,0,1,0
Britton Johnsen,2005,0,4,0
Bruce Bowen,2005,102,253,0.4031620553359684
Bruno Sundov,2005,1,3,0.3333333333333333
Bryon Russell,2005,56,149,0.37583892617449666
Calbert Cheaney,2005,0,3,0
Calvin Booth,2005,0,1,0
Carlos Arroyo,2005,8,30,0.26666666666666666
Carlos Boozer,2005,0,1,0
Carlos Delfino,2005,9,35,0.2571428571428571
Carmelo Anthony,2005,42,158,0.26582278481012656
Caron Butler,2005,38,125,0.304
Casey Jacobsen,2005,66,177,0.3728813559322034
Charlie Ward,2005,16,51,0.3137254901960784
Chauncey Billups,2005,165,387,0.4263565891472868
Chris Andersen,2005,0,3,0
Chris Bosh,2005,3,10,0.3
Chris Duhon,2005,94,265,0.35471698113207545
Chris Kaman,2005,0,1,0
Chris Mihm,2005,0,2,0
Chris Webber,2005,15,44,0.3409090909090909
Chris Wilcox,2005,0,0,NA
Christian Laettner,2005,1,7,0.14285714285714285
Chucky Atkins,2005,176,455,0.3868131868131868
Clarence Weatherspoon,2005,0,0,NA
Clifford Robinson,2005,67,193,0.3471502590673575
Corey Maggette,2005,51,168,0.30357142857142855
Corliss Williamson,2005,0,2,0
Corsley Edwards,2005,0,0,NA
Cory Alexander,2005,8,19,0.42105263157894735
Curtis Borchardt,2005,0,0,NA
Cuttino Mobley,2005,150,342,0.43859649122807015
Dahntay Jones,2005,23,60,0.38333333333333336
Dajuan Wagner,2005,5,26,0.19230769230769232
Dale Davis,2005,0,0,NA
Damien Wilkins,2005,16,59,0.2711864406779661
Damon Jones,2005,225,521,0.43186180422264875
Damon Stoudamire,2005,181,490,0.3693877551020408
Damone Brown,2005,4,11,0.36363636363636365
Dan Dickau,2005,85,245,0.3469387755102041
Dan Gadzuric,2005,0,0,NA
Daniel Santiago,2005,0,0,NA
Danny Fortson,2005,0,0,NA
Darius Miles,2005,8,23,0.34782608695652173
Darius Songaila,2005,0,3,0
Darko Milicic,2005,0,0,NA
Darrell Armstrong,2005,28,111,0.25225225225225223
Darrick Martin,2005,5,18,0.2777777777777778
Darvin Ham,2005,0,0,NA
David Harrison,2005,0,0,NA
David Wesley,2005,118,315,0.3746031746031746
David West,2005,2,5,0.4
DeSagana Diop,2005,0,2,0
DeShawn Stevenson,2005,25,67,0.373134328358209
Delonte West,2005,24,67,0.3582089552238806
DerMarr Johnson,2005,53,148,0.3581081081081081
Derek Anderson,2005,58,151,0.3841059602649007
Derek Fisher,2005,108,291,0.3711340206185567
Derrick Coleman,2005,0,2,0
Desmond Mason,2005,1,8,0.125
Devean George,2005,21,58,0.3620689655172414
Devin Brown,2005,45,121,0.371900826446281
Devin Harris,2005,44,131,0.33587786259541985
Didier Ilunga-Mbenga,2005,0,0,NA
Dikembe Mutombo*,2005,0,0,NA
Dion Glover,2005,1,8,0.125
Dirk Nowitzki,2005,91,228,0.3991228070175439
Donnell Harvey,2005,0,0,NA
Donta Smith,2005,6,22,0.2727272727272727
Donyell Marshall,2005,151,363,0.41597796143250687
Dorell Wright,2005,0,4,0
Doug Christie,2005,15,62,0.24193548387096775
Drew Gooden,2005,5,28,0.17857142857142858
Dwight Howard,2005,0,2,0
Dwyane Wade,2005,13,45,0.28888888888888886
Earl Boykins,2005,56,166,0.3373493975903614
Earl Watson,2005,52,163,0.31901840490797545
Eddie Gill,2005,36,117,0.3076923076923077
Eddie Griffin,2005,67,204,0.3284313725490196
Eddie House,2005,44,97,0.4536082474226804
Eddie Jones,2005,142,382,0.3717277486910995
Eddy Curry,2005,0,0,NA
Eduardo Najera,2005,6,21,0.2857142857142857
Elden Campbell,2005,0,2,0
Elton Brand,2005,0,3,0
Emeka Okafor,2005,0,1,0
Eric Piatkowski,2005,57,134,0.4253731343283582
Eric Snow,2005,13,45,0.28888888888888886
Eric Williams,2005,28,73,0.3835616438356164
Erick Dampier,2005,0,3,0
Erick Strickland,2005,21,83,0.25301204819277107
Erik Daniels,2005,1,2,0.5
Ervin Johnson,2005,1,1,1
Etan Thomas,2005,0,0,NA
Francisco Elson,2005,1,3,0.3333333333333333
Frank Williams,2005,0,4,0
Fred Hoiberg,2005,70,145,0.4827586206896552
Fred Jones,2005,87,229,0.3799126637554585
Gary Payton*,2005,42,129,0.32558139534883723
Geno Carlisle,2005,0,0,NA
George Lynch,2005,11,37,0.2972972972972973
Gerald Wallace,2005,17,62,0.27419354838709675
Gilbert Arenas,2005,205,562,0.36476868327402134
Glenn Robinson,2005,2,6,0.3333333333333333
Gordan Giricek,2005,38,105,0.3619047619047619
Grant Hill,2005,3,13,0.23076923076923078
Greg Buckner,2005,49,121,0.4049586776859504
Greg Ostertag,2005,0,2,0
Ha Seung-Jin,2005,0,0,NA
Hedo Turkoglu,2005,93,245,0.3795918367346939
Horace Jenkins,2005,0,9,0
Howard Eisley,2005,27,103,0.2621359223300971
Ibo Kutluay,2005,0,0,NA
Ira Newble,2005,19,53,0.3584905660377358
J.R. Smith,2005,81,281,0.28825622775800713
Jabari Smith,2005,1,2,0.5
Jackie Butler,2005,0,0,NA
Jackson Vroman,2005,0,3,0
Jacque Vaughn,2005,5,15,0.3333333333333333
Jahidi White,2005,0,0,NA
Jake Tsakalidis,2005,0,0,NA
Jake Voskuhl,2005,0,0,NA
Jalen Rose,2005,108,274,0.39416058394160586
Jamaal Magloire,2005,0,0,NA
Jamaal Tinsley,2005,58,156,0.3717948717948718
Jamal Crawford,2005,185,512,0.361328125
Jamal Sampson,2005,0,0,NA
Jameer Nelson,2005,44,141,0.3120567375886525
James Jones,2005,66,166,0.39759036144578314
James Posey,2005,55,178,0.3089887640449438
James Thomas,2005,0,0,NA
Jamison Brewer,2005,3,15,0.2
Jannero Pargo,2005,23,66,0.3484848484848485
Jared Jeffries,2005,16,51,0.3137254901960784
Jared Reiner,2005,0,0,NA
Jarron Collins,2005,0,1,0
Jarvis Hayes,2005,42,123,0.34146341463414637
Jason Collier,2005,6,14,0.42857142857142855
Jason Collins,2005,2,6,0.3333333333333333
Jason Hart,2005,35,95,0.3684210526315789
Jason Kapono,2005,80,194,0.41237113402061853
Jason Kidd,2005,129,358,0.36033519553072624
Jason Richardson,2005,125,370,0.33783783783783783
Jason Terry,2005,103,245,0.4204081632653061
Jason Williams,2005,107,330,0.3242424242424242
Jeff Foster,2005,0,5,0
Jeff McInnis,2005,91,264,0.3446969696969697
Jelani McCoy,2005,0,0,NA
Jermaine Jackson,2005,0,2,0
Jermaine O'Neal,2005,1,6,0.16666666666666666
Jerome James,2005,0,2,0
Jerome Moiso,2005,0,1,0
Jerome Williams,2005,0,5,0
Jerry Stackhouse,2005,32,120,0.26666666666666666
Jim Jackson,2005,122,295,0.4135593220338983
Jiri Welsch,2005,34,110,0.3090909090909091
Joe Johnson,2005,177,370,0.4783783783783784
Joe Smith,2005,0,1,0
Joel Przybilla,2005,0,0,NA
John Edwards,2005,0,0,NA
John Salmons,2005,31,91,0.34065934065934067
John Thomas,2005,0,0,NA
Jon Barry,2005,71,165,0.4303030303030303
Jonathan Bender,2005,1,5,0.2
Josh Childress,2005,13,56,0.23214285714285715
Josh Davis,2005,19,53,0.3584905660377358
Josh Howard,2005,34,115,0.2956521739130435
Josh Smith,2005,4,23,0.17391304347826086
Juan Dixon,2005,48,147,0.32653061224489793
Jumaine Jones,2005,102,261,0.39080459770114945
Junior Harrington,2005,6,19,0.3157894736842105
Justin Reed,2005,0,3,0
Juwan Howard,2005,0,1,0
Kaniel Dickens,2005,3,9,0.3333333333333333
Kareem Rush,2005,51,137,0.3722627737226277
Kedrick Brown,2005,0,3,0
Keith Bogans,2005,57,173,0.32947976878612717
Keith McLeod,2005,18,72,0.25
Keith Van Horn,2005,54,142,0.38028169014084506
Kelvin Cato,2005,0,0,NA
Kendall Gill,2005,3,9,0.3333333333333333
Kendrick Perkins,2005,0,0,NA
Kenny Anderson,2005,6,13,0.46153846153846156
Kenny Thomas,2005,1,5,0.2
Kenyon Martin,2005,0,12,0
Kerry Kittles,2005,7,21,0.3333333333333333
Kevin Garnett,2005,6,25,0.24
Kevin Martin,2005,5,25,0.2
Kevin Ollie,2005,0,0,NA
Kevin Willis,2005,0,2,0
Keyon Dooling,2005,19,75,0.25333333333333335
Kirk Hinrich,2005,145,408,0.3553921568627451
Kirk Penney,2005,0,1,0
Kirk Snyder,2005,30,85,0.35294117647058826
Kobe Bryant,2005,131,387,0.3385012919896641
Kris Humphries,2005,2,6,0.3333333333333333
Kurt Thomas,2005,2,4,0.5
Kwame Brown,2005,0,0,NA
Kyle Korver,2005,226,558,0.4050179211469534
Lamar Odom,2005,36,117,0.3076923076923077
Lamond Murray,2005,46,105,0.4380952380952381
Laron Profit,2005,8,28,0.2857142857142857
Larry Hughes,2005,59,209,0.2822966507177033
Latrell Sprewell,2005,69,211,0.32701421800947866
Lawrence Funderburke,2005,0,0,NA
LeBron James,2005,108,308,0.35064935064935066
Leandro Barbosa,2005,51,139,0.3669064748201439
Lee Nailon,2005,0,2,0
Lindsey Hunter,2005,23,84,0.27380952380952384
Linton Johnson,2005,0,1,0
Lionel Chalmers,2005,12,49,0.24489795918367346
Lonny Baxter,2005,0,0,NA
Loren Woods,2005,0,1,0
Lorenzen Wright,2005,0,3,0
Lucious Harris,2005,21,65,0.3230769230769231
Luis Flores,2005,5,10,0.5
Luke Jackson,2005,4,6,0.6666666666666666
Luke Ridnour,2005,67,178,0.37640449438202245
Luke Walton,2005,16,61,0.26229508196721313
Luol Deng,2005,31,117,0.26495726495726496
Maciej Lampe,2005,2,4,0.5
Malik Allen,2005,0,0,NA
Malik Rose,2005,1,10,0.1
Mamadou N'Diaye,2005,0,1,0
Manu Ginobili,2005,97,258,0.375968992248062
Marc Jackson,2005,0,2,0
Marcus Banks,2005,21,59,0.3559322033898305
Marcus Camby,2005,0,4,0
Marcus Fizer,2005,0,6,0
Marcus Haislip,2005,0,1,0
Mario Kasun,2005,0,1,0
Mark Blount,2005,0,1,0
Mark Jones,2005,0,4,0
Mark Madsen,2005,0,0,NA
Mark Pope,2005,0,0,NA
Marko Jaric,2005,56,151,0.3708609271523179
Marquis Daniels,2005,7,35,0.2
Mateen Cleaves,2005,0,2,0
Matt Barnes,2005,5,22,0.22727272727272727
Matt Bonner,2005,39,92,0.42391304347826086
Matt Carroll,2005,13,39,0.3333333333333333
Matt Freije,2005,14,54,0.25925925925925924
Matt Harpring,2005,9,43,0.20930232558139536
Maurice Baker,2005,0,0,NA
Maurice Evans,2005,27,82,0.32926829268292684
Maurice Taylor,2005,3,9,0.3333333333333333
Mehmet Okur,2005,17,63,0.2698412698412698
Melvin Ely,2005,0,0,NA
Metta World Peace,2005,7,17,0.4117647058823529
Michael Bradley,2005,0,1,0
Michael Curry,2005,0,0,NA
Michael Doleac,2005,0,2,0
Michael Finley,2005,116,285,0.4070175438596491
Michael Olowokandi,2005,0,0,NA
Michael Redd,2005,104,293,0.35494880546075086
Michael Ruffin,2005,0,1,0
Michael Stewart,2005,0,0,NA
Mickael Pietrus,2005,67,195,0.3435897435897436
Mike Bibby,2005,131,364,0.3598901098901099
Mike Dunleavy,2005,107,276,0.38768115942028986
Mike James,2005,100,259,0.3861003861003861
Mike Miller,2005,140,323,0.43343653250773995
Mike Sweetney,2005,0,1,0
Mike Wilks,2005,5,16,0.3125
Mikki Moore,2005,1,5,0.2
Milt Palacio,2005,2,12,0.16666666666666666
Mo Williams,2005,32,99,0.32323232323232326
Moochie Norris,2005,0,12,0
Morris Peterson,2005,129,335,0.3850746268656716
Nazr Mohammed,2005,0,1,0
Ndudi Ebi,2005,0,1,0
Nenad Krstic,2005,0,2,0
Nene Hilario,2005,0,2,0
Nick Collison,2005,0,3,0
Nick Van Exel,2005,100,257,0.38910505836575876
Nikoloz Tskitishvili,2005,2,17,0.11764705882352941
Obinna Ekezie,2005,0,1,0
Omar Cook,2005,0,4,0
Othella Harrington,2005,0,0,NA
P.J. Brown,2005,0,0,NA
Pape Sow,2005,0,0,NA
Pat Garrity,2005,49,147,0.3333333333333333
Pau Gasol,2005,1,6,0.16666666666666666
Paul Pierce,2005,108,292,0.3698630136986301
Paul Shirley,2005,0,0,NA
Pavel Podkolzin,2005,0,0,NA
Peja Stojakovic,2005,174,433,0.4018475750577367
Peter John Ramos,2005,0,0,NA
Predrag Drobnjak,2005,25,71,0.352112676056338
Primoz Brezec,2005,0,0,NA
Quentin Richardson,2005,226,631,0.358161648177496
Quinton Ross,2005,1,4,0.25
Qyntel Woods,2005,0,0,NA
Raef LaFrentz,2005,82,225,0.36444444444444446
Rafael Araujo,2005,1,3,0.3333333333333333
Rafer Alston,2005,139,389,0.35732647814910024
Raja Bell,2005,54,134,0.40298507462686567
Randy Livingston,2005,5,8,0.625
Rashard Lewis,2005,173,432,0.40046296296296297
Rasheed Wallace,2005,75,236,0.3177966101694915
Rasho Nesterovic,2005,0,0,NA
Rasual Butler,2005,57,153,0.37254901960784315
Raul Lopez,2005,20,45,0.4444444444444444
Ray Allen,2005,209,556,0.37589928057553956
Reece Gaines,2005,4,14,0.2857142857142857
Reggie Evans,2005,0,2,0
Reggie Miller*,2005,96,298,0.3221476510067114
Richard Hamilton,2005,36,118,0.3050847457627119
Richard Jefferson,2005,30,89,0.33707865168539325
Richie Frahm,2005,31,80,0.3875
Rick Brunson,2005,48,130,0.36923076923076925
Ricky Davis,2005,61,180,0.3388888888888889
Robert Horry,2005,51,138,0.3695652173913043
Robert Swift,2005,0,0,NA
Robert Traylor,2005,0,8,0
Rod Strickland,2005,1,2,0.5
Rodney Buford,2005,34,108,0.3148148148148148
Rodney Rogers,2005,48,168,0.2857142857142857
Rodney White,2005,24,60,0.4
Ron Mercer,2005,0,3,0
Ronald Dupree,2005,1,2,0.5
Ronald Murray,2005,24,95,0.25263157894736843
Royal Ivey,2005,3,9,0.3333333333333333
Ruben Patterson,2005,2,25,0.08
Ryan Bowen,2005,3,6,0.5
Ryan Humphrey,2005,0,2,0
Sam Cassell,2005,27,103,0.2621359223300971
Samaki Walker,2005,0,0,NA
Samuel Dalembert,2005,0,0,NA
Sasha Pavlovic,2005,30,78,0.38461538461538464
Sasha Vujacic,2005,17,63,0.2698412698412698
Scot Pollard,2005,0,0,NA
Scott Padgett,2005,50,126,0.3968253968253968
Scott Williams,2005,0,1,0
Sean Marks,2005,0,3,0
Sebastian Telfair,2005,17,69,0.2463768115942029
Shandon Anderson,2005,5,29,0.1724137931034483
Shane Battier,2005,70,177,0.3954802259887006
Shaquille O'Neal*,2005,0,0,NA
Shareef Abdur-Rahim,2005,15,39,0.38461538461538464
Shaun Livingston,2005,0,2,0
Shawn Bradley,2005,0,0,NA
Shawn Marion,2005,114,341,0.3343108504398827
Smush Parker,2005,3,13,0.23076923076923078
Speedy Claxton,2005,11,61,0.18032786885245902
Stacey Augmon,2005,0,0,NA
Stanislav Medvedenko,2005,0,1,0
Stephen Jackson,2005,103,286,0.36013986013986016
Stephon Marbury,2005,115,325,0.35384615384615387
Steve Blake,2005,36,93,0.3870967741935484
Steve Francis,2005,38,127,0.2992125984251969
Steve Nash,2005,94,218,0.43119266055045874
Steve Smith,2005,41,105,0.3904761904761905
Steven Hunter,2005,0,1,0
Stromile Swift,2005,0,4,0
Tamar Slay,2005,2,12,0.16666666666666666
Tayshaun Prince,2005,47,138,0.34057971014492755
Theo Ratliff,2005,0,0,NA
Theron Smith,2005,3,12,0.25
Tierre Brown,2005,26,72,0.3611111111111111
Tim Duncan,2005,3,9,0.3333333333333333
Tim Thomas,2005,85,208,0.40865384615384615
Tom Gugliotta,2005,8,26,0.3076923076923077
Toni Kukoc,2005,42,116,0.3620689655172414
Tony Allen,2005,12,31,0.3870967741935484
Tony Battie,2005,0,6,0
Tony Bobbitt,2005,1,2,0.5
Tony Delk,2005,72,202,0.3564356435643564
Tony Massenburg,2005,0,0,NA
Tony Parker,2005,43,156,0.27564102564102566
Torraye Braggs,2005,0,0,NA
Tracy McGrady,2005,142,435,0.3264367816091954
Travis Best,2005,26,85,0.3058823529411765
Travis Outlaw,2005,4,10,0.4
Tremaine Fowlkes,2005,1,3,0.3333333333333333
Trenton Hassell,2005,1,11,0.09090909090909091
Trevor Ariza,2005,3,13,0.23076923076923078
Troy Hudson,2005,89,258,0.3449612403100775
Troy Murphy,2005,59,148,0.39864864864864863
Tyronn Lue,2005,55,155,0.3548387096774194
Tyson Chandler,2005,0,2,0
Udonis Haslem,2005,0,4,0
Viktor Khryapa,2005,4,11,0.36363636363636365
Vin Baker,2005,0,1,0
Vince Carter,2005,127,313,0.4057507987220447
Vitaly Potapenko,2005,0,1,0
Vlade Divac,2005,0,0,NA
Vladimir Radmanovic,2005,128,329,0.3890577507598784
Voshon Lenard,2005,4,12,0.3333333333333333
Wally Szczerbiak,2005,63,169,0.3727810650887574
Walter McCarty,2005,55,155,0.3548387096774194
Wang Zhizhi,2005,2,3,0.6666666666666666
Wesley Person,2005,41,89,0.4606741573033708
Willie Green,2005,30,105,0.2857142857142857
Yao Ming*,2005,0,0,NA
Yuta Tabuse,2005,1,1,1
Zach Randolph,2005,0,6,0
Zarko Cabarkapa,2005,13,36,0.3611111111111111
Zaza Pachulia,2005,0,1,0
Zeljko Rebraca,2005,0,0,NA
Zendon Hamilton,2005,0,0,NA
Zoran Planinic,2005,15,40,0.375
Zydrunas Ilgauskas,2005,2,7,0.2857142857142857
Aaron McKie,2006,0,2,0
Aaron Miles,2006,0,0,NA
Aaron Williams,2006,0,0,NA
Adonal Foyle,2006,0,0,NA
Adrian Griffin,2006,0,2,0
Al Harrington,2006,66,191,0.34554973821989526
Al Jefferson,2006,0,4,0
Alan Anderson,2006,24,58,0.41379310344827586
Alan Henderson,2006,0,0,NA
Alex Acker,2006,1,5,0.2
Alex Scales,2006,0,0,NA
Allen Iverson*,2006,72,223,0.32286995515695066
Alonzo Mourning*,2006,0,1,0
Alvin Williams,2006,0,2,0
Amar'e Stoudemire,2006,0,1,0
Amir Johnson,2006,2,3,0.6666666666666666
Anderson Varejao,2006,0,1,0
Andray Blatche,2006,3,13,0.23076923076923078
Andre Barrett,2006,2,14,0.14285714285714285
Andre Iguodala,2006,56,158,0.35443037974683544
Andre Miller,2006,5,27,0.18518518518518517
Andre Owens,2006,3,16,0.1875
Andrei Kirilenko,2006,36,117,0.3076923076923077
Andres Nocioni,2006,93,238,0.3907563025210084
Andrew Bogut,2006,0,3,0
Andrew Bynum,2006,0,0,NA
Andris Biedrins,2006,0,0,NA
Anfernee Hardaway,2006,0,1,0
Antawn Jamison,2006,147,373,0.3941018766756032
Anthony Carter,2006,4,15,0.26666666666666666
Anthony Goldwire,2006,0,2,0
Anthony Grundy,2006,5,15,0.3333333333333333
Anthony Johnson,2006,51,155,0.32903225806451614
Anthony Roberson,2006,5,10,0.5
Antoine Walker,2006,137,383,0.3577023498694517
Antoine Wright,2006,1,15,0.06666666666666667
Antonio Burks,2006,1,6,0.16666666666666666
Antonio Daniels,2006,23,101,0.22772277227722773
Antonio Davis,2006,0,1,0
Antonio McDyess,2006,0,2,0
Arvydas Macijauskas,2006,3,12,0.25
Austin Croshere,2006,54,140,0.38571428571428573
Awvee Storey,2006,3,7,0.42857142857142855
Baron Davis,2006,102,324,0.3148148148148148
Ben Gordon,2006,166,382,0.43455497382198954
Ben Wallace,2006,0,4,0
Beno Udrih,2006,24,70,0.34285714285714286
Bernard Robinson,2006,2,21,0.09523809523809523
Billy Thomas,2006,10,30,0.3333333333333333
Bo Outlaw,2006,0,0,NA
Bobby Jackson,2006,129,332,0.3885542168674699
Bobby Simmons,2006,105,250,0.42
Boniface N'Dong,2006,0,1,0
Bonzi Wells,2006,10,45,0.2222222222222222
Boris Diaw,2006,8,30,0.26666666666666666
Bostjan Nachbar,2006,19,71,0.2676056338028169
Bracey Wright,2006,6,17,0.35294117647058826
Brad Miller,2006,34,88,0.38636363636363635
Brandon Bass,2006,0,0,NA
Brendan Haywood,2006,0,0,NA
Brent Barry,2006,80,202,0.39603960396039606
Brevin Knight,2006,3,13,0.23076923076923078
Brian Cardinal,2006,13,29,0.4482758620689655
Brian Cook,2006,36,84,0.42857142857142855
Brian Grant,2006,0,0,NA
Brian Scalabrine,2006,31,87,0.3563218390804598
Brian Skinner,2006,0,0,NA
Bruce Bowen,2006,104,245,0.42448979591836733
Bryon Russell,2006,0,0,NA
C.J. Miles,2006,5,20,0.25
Calbert Cheaney,2006,0,8,0
Calvin Booth,2006,1,2,0.5
Carlos Arroyo,2006,7,20,0.35
Carlos Boozer,2006,0,0,NA
Carlos Delfino,2006,20,60,0.3333333333333333
Carmelo Anthony,2006,37,152,0.24342105263157895
Caron Butler,2006,41,120,0.3416666666666667
Channing Frye,2006,3,9,0.3333333333333333
Charles Smith,2006,15,38,0.39473684210526316
Charlie Bell,2006,71,168,0.4226190476190476
Charlie Villanueva,2006,70,214,0.32710280373831774
Chauncey Billups,2006,184,425,0.4329411764705882
Chris Andersen,2006,0,0,NA
Chris Bosh,2006,0,13,0
Chris Duhon,2006,100,278,0.3597122302158273
Chris Kaman,2006,0,2,0
Chris Mihm,2006,0,0,NA
Chris Paul,2006,50,177,0.2824858757062147
Chris Taft,2006,0,0,NA
Chris Webber,2006,21,77,0.2727272727272727
Chris Wilcox,2006,0,2,0
Chuck Hayes,2006,0,1,0
Chucky Atkins,2006,97,274,0.354014598540146
Clifford Robinson,2006,60,175,0.34285714285714286
Corey Maggette,2006,24,71,0.3380281690140845
Corliss Williamson,2006,2,2,1
Cuttino Mobley,2006,83,245,0.33877551020408164
Dahntay Jones,2006,3,21,0.14285714285714285
Dale Davis,2006,0,1,0
Damien Wilkins,2006,14,56,0.25
Damon Jones,2006,140,371,0.37735849056603776
Damon Stoudamire,2006,36,104,0.34615384615384615
Dan Dickau,2006,10,20,0.5
Dan Gadzuric,2006,0,1,0
Daniel Ewing,2006,22,78,0.28205128205128205
Danny Fortson,2006,0,0,NA
Danny Granger,2006,30,93,0.3225806451612903
Darius Miles,2006,2,10,0.2
Darius Songaila,2006,2,5,0.4
Darko Milicic,2006,0,2,0
Darrell Armstrong,2006,11,48,0.22916666666666666
Darrick Martin,2006,16,40,0.4
David Harrison,2006,0,0,NA
David Lee,2006,0,0,NA
David Wesley,2006,99,271,0.36531365313653136
David West,2006,3,11,0.2727272727272727
DeSagana Diop,2006,1,2,0.5
DeShawn Stevenson,2006,2,15,0.13333333333333333
Delonte West,2006,84,218,0.3853211009174312
Deng Gai,2006,0,0,NA
DerMarr Johnson,2006,56,160,0.35
Derek Anderson,2006,40,134,0.29850746268656714
Derek Fisher,2006,117,295,0.39661016949152544
Deron Williams,2006,91,219,0.4155251141552511
Derrick Zimmerman,2006,0,0,NA
Desmond Mason,2006,1,6,0.16666666666666666
Devean George,2006,50,160,0.3125
Devin Brown,2006,39,118,0.3305084745762712
Devin Green,2006,0,2,0
Devin Harris,2006,5,21,0.23809523809523808
Didier Ilunga-Mbenga,2006,0,1,0
Dijon Thompson,2006,4,11,0.36363636363636365
Dikembe Mutombo*,2006,0,0,NA
Dirk Nowitzki,2006,110,271,0.4059040590405904
Donell Taylor,2006,4,17,0.23529411764705882
Donta Smith,2006,2,4,0.5
Donyell Marshall,2006,128,395,0.3240506329113924
Dorell Wright,2006,3,6,0.5
Doug Christie,2006,0,1,0
Drew Gooden,2006,1,3,0.3333333333333333
Dwayne Jones,2006,0,0,NA
Dwight Howard,2006,0,2,0
Dwyane Wade,2006,13,76,0.17105263157894737
Earl Barron,2006,0,0,NA
Earl Boykins,2006,62,179,0.3463687150837989
Earl Watson,2006,110,272,0.40441176470588236
Eddie Basden,2006,1,7,0.14285714285714285
Eddie Gill,2006,7,23,0.30434782608695654
Eddie Griffin,2006,16,82,0.1951219512195122
Eddie House,2006,123,316,0.38924050632911394
Eddie Jones,2006,133,374,0.35561497326203206
Eddy Curry,2006,0,0,NA
Eduardo Najera,2006,4,12,0.3333333333333333
Elton Brand,2006,1,3,0.3333333333333333
Emeka Okafor,2006,0,0,NA
Eric Piatkowski,2006,9,33,0.2727272727272727
Eric Snow,2006,1,10,0.1
Eric Williams,2006,5,18,0.2777777777777778
Erick Dampier,2006,0,0,NA
Ervin Johnson,2006,0,0,NA
Esteban Batista,2006,0,1,0
Etan Thomas,2006,0,0,NA
Fabricio Oberto,2006,0,2,0
Francisco Elson,2006,1,5,0.2
Francisco Garcia,2006,39,137,0.2846715328467153
Fred Jones,2006,63,187,0.33689839572192515
Gary Payton*,2006,66,230,0.28695652173913044
Gerald Fitch,2006,7,26,0.2692307692307692
Gerald Green,2006,6,20,0.3
Gerald Wallace,2006,14,50,0.28
Gilbert Arenas,2006,199,540,0.3685185185185185
Gordan Giricek,2006,18,59,0.3050847457627119
Grant Hill,2006,2,8,0.25
Greg Buckner,2006,86,243,0.35390946502057613
Greg Ostertag,2006,0,0,NA
Ha Seung-Jin,2006,0,0,NA
Hakim Warrick,2006,0,0,NA
Hedo Turkoglu,2006,114,283,0.4028268551236749
Howard Eisley,2006,13,42,0.30952380952380953
Ike Diogu,2006,0,0,NA
Ime Udoka,2006,1,3,0.3333333333333333
Ira Newble,2006,3,13,0.23076923076923078
J.R. Smith,2006,52,140,0.37142857142857144
Jackie Butler,2006,0,0,NA
Jackson Vroman,2006,0,0,NA
Jacque Vaughn,2006,1,6,0.16666666666666666
Jake Tsakalidis,2006,0,0,NA
Jake Voskuhl,2006,1,3,0.3333333333333333
Jalen Rose,2006,59,172,0.3430232558139535
Jamaal Magloire,2006,0,0,NA
Jamaal Tinsley,2006,16,70,0.22857142857142856
Jamal Crawford,2006,101,293,0.3447098976109215
Jamal Sampson,2006,0,0,NA
Jameer Nelson,2006,70,165,0.42424242424242425
James Jones,2006,110,285,0.38596491228070173
James Posey,2006,117,290,0.40344827586206894
James Singleton,2006,10,20,0.5
James Thomas,2006,0,0,NA
Jannero Pargo,2006,39,103,0.3786407766990291
Jared Jeffries,2006,16,50,0.32
Jarrett Jack,2006,20,76,0.2631578947368421
Jarron Collins,2006,0,0,NA
Jarvis Hayes,2006,17,47,0.3617021276595745
Jason Collins,2006,3,12,0.25
Jason Hart,2006,9,31,0.2903225806451613
Jason Kapono,2006,21,53,0.39622641509433965
Jason Kidd,2006,139,395,0.3518987341772152
Jason Maxiell,2006,0,0,NA
Jason Richardson,2006,183,477,0.3836477987421384
Jason Terry,2006,171,416,0.4110576923076923
Jason Williams,2006,107,288,0.3715277777777778
Jeff Foster,2006,0,4,0
Jeff McInnis,2006,3,16,0.1875
Jermaine Jackson,2006,1,4,0.25
Jermaine O'Neal,2006,3,10,0.3
Jerome James,2006,0,0,NA
Jerry Stackhouse,2006,36,130,0.27692307692307694
Jim Jackson,2006,18,74,0.24324324324324326
Jiri Welsch,2006,14,49,0.2857142857142857
Joe Johnson,2006,128,360,0.35555555555555557
Joe Smith,2006,0,2,0
Joel Przybilla,2006,0,0,NA
Joey Graham,2006,29,87,0.3333333333333333
Johan Petro,2006,0,0,NA
John Edwards,2006,0,0,NA
John Lucas III,2006,2,9,0.2222222222222222
John Salmons,2006,26,87,0.2988505747126437
John Thomas,2006,0,0,NA
Jon Barry,2006,12,32,0.375
Jonathan Bender,2006,0,0,NA
Jose Calderon,2006,7,43,0.16279069767441862
Josh Childress,2006,32,65,0.49230769230769234
Josh Davis,2006,0,2,0
Josh Howard,2006,27,63,0.42857142857142855
Josh Powell,2006,0,0,NA
Josh Smith,2006,34,110,0.3090909090909091
Juan Dixon,2006,65,170,0.38235294117647056
Julius Hodge,2006,0,0,NA
Jumaine Jones,2006,115,335,0.34328358208955223
Justin Reed,2006,0,1,0
Juwan Howard,2006,0,4,0
Kareem Rush,2006,57,164,0.3475609756097561
Keith Bogans,2006,65,200,0.325
Keith McLeod,2006,24,82,0.2926829268292683
Keith Van Horn,2006,50,136,0.36764705882352944
Kelvin Cato,2006,0,0,NA
Kendrick Perkins,2006,0,2,0
Kenny Thomas,2006,0,1,0
Kenyon Martin,2006,5,22,0.22727272727272727
Kevin Burleson,2006,10,54,0.18518518518518517
Kevin Garnett,2006,8,30,0.26666666666666666
Kevin Martin,2006,66,179,0.3687150837988827
Kevin Ollie,2006,1,3,0.3333333333333333
Keyon Dooling,2006,13,43,0.3023255813953488
Kirk Hinrich,2006,126,341,0.36950146627565983
Kirk Snyder,2006,46,129,0.35658914728682173
Kobe Bryant,2006,180,518,0.3474903474903475
Kris Humphries,2006,0,5,0
Kurt Thomas,2006,0,0,NA
Kwame Brown,2006,0,1,0
Kyle Korver,2006,184,438,0.4200913242009132
Lamar Odom,2006,80,215,0.37209302325581395
Lamond Murray,2006,27,78,0.34615384615384615
Laron Profit,2006,3,18,0.16666666666666666
Larry Hughes,2006,28,76,0.3684210526315789
Lawrence Roberts,2006,0,2,0
LeBron James,2006,127,379,0.33509234828496043
Leandro Barbosa,2006,87,196,0.44387755102040816
Lee Nailon,2006,0,0,NA
Linas Kleiza,2006,2,13,0.15384615384615385
Lindsey Hunter,2006,11,43,0.2558139534883721
Linton Johnson,2006,13,36,0.3611111111111111
Lonny Baxter,2006,0,0,NA
Loren Woods,2006,0,1,0
Lorenzen Wright,2006,0,2,0
Lou Williams,2006,2,9,0.2222222222222222
Luke Jackson,2006,12,36,0.3333333333333333
Luke Ridnour,2006,43,149,0.28859060402684567
Luke Schenscher,2006,0,0,NA
Luke Walton,2006,18,55,0.32727272727272727
Luol Deng,2006,21,78,0.2692307692307692
Luther Head,2006,113,313,0.3610223642172524
Maciej Lampe,2006,0,0,NA
Malik Allen,2006,1,1,1
Malik Rose,2006,1,1,1
Manu Ginobili,2006,83,217,0.3824884792626728
Marc Jackson,2006,1,2,0.5
Marcus Banks,2006,22,63,0.3492063492063492
Marcus Camby,2006,1,11,0.09090909090909091
Marcus Fizer,2006,1,1,1
Mario Kasun,2006,0,0,NA
Mark Blount,2006,0,0,NA
Mark Madsen,2006,0,7,0
Marko Jaric,2006,40,133,0.3007518796992481
Marquis Daniels,2006,4,19,0.21052631578947367
Martell Webster,2006,65,182,0.35714285714285715
Martynas Andriuskevicius,2006,0,0,NA
Marvin Williams,2006,13,53,0.24528301886792453
Mateen Cleaves,2006,4,16,0.25
Matt Barnes,2006,3,15,0.2
Matt Bonner,2006,102,243,0.41975308641975306
Matt Carroll,2006,72,185,0.3891891891891892
Matt Harpring,2006,14,39,0.358974358974359
Matt Walsh,2006,0,0,NA
Maurice Evans,2006,43,116,0.3706896551724138
Maurice Taylor,2006,0,1,0
Mehmet Okur,2006,80,234,0.3418803418803419
Melvin Ely,2006,0,2,0
Melvin Sanders,2006,2,3,0.6666666666666666
Metta World Peace,2006,78,253,0.308300395256917
Michael Bradley,2006,1,5,0.2
Michael Doleac,2006,0,0,NA
Michael Finley,2006,110,279,0.3942652329749104
Michael Olowokandi,2006,0,0,NA
Michael Redd,2006,163,413,0.3946731234866828
Michael Ruffin,2006,0,2,0
Mickael Pietrus,2006,56,176,0.3181818181818182
Mike Bibby,2006,192,497,0.386317907444668
Mike Dunleavy,2006,74,260,0.2846153846153846
Mike James,2006,169,382,0.4424083769633508
Mike Miller,2006,138,339,0.40707964601769914
Mike Sweetney,2006,0,0,NA
Mike Wilks,2006,3,19,0.15789473684210525
Mikki Moore,2006,0,2,0
Milt Palacio,2006,1,16,0.0625
Mo Williams,2006,73,191,0.38219895287958117
Monta Ellis,2006,28,82,0.34146341463414637
Moochie Norris,2006,4,14,0.2857142857142857
Morris Peterson,2006,177,448,0.3950892857142857
Nate Robinson,2006,58,146,0.3972602739726027
Nazr Mohammed,2006,0,0,NA
Nenad Krstic,2006,1,4,0.25
Nene Hilario,2006,0,0,NA
Nick Collison,2006,0,3,0
Nick Van Exel,2006,55,154,0.35714285714285715
Nikoloz Tskitishvili,2006,1,3,0.3333333333333333
Noel Felix,2006,1,3,0.3333333333333333
Orien Greene,2006,9,40,0.225
Othella Harrington,2006,0,0,NA
P.J. Brown,2006,0,0,NA
Pape Sow,2006,0,0,NA
Pat Burke,2006,2,7,0.2857142857142857
Pat Garrity,2006,50,129,0.3875968992248062
Pau Gasol,2006,3,12,0.25
Paul Pierce,2006,111,314,0.3535031847133758
Pavel Podkolzin,2006,0,0,NA
Peja Stojakovic,2006,162,404,0.400990099009901
Primoz Brezec,2006,0,2,0
Quentin Richardson,2006,64,188,0.3404255319148936
Quinton Ross,2006,0,7,0
Qyntel Woods,2006,22,60,0.36666666666666664
Raef LaFrentz,2006,112,286,0.3916083916083916
Rafael Araujo,2006,0,1,0
Rafer Alston,2006,102,312,0.3269230769230769
Raja Bell,2006,197,446,0.44170403587443946
Randy Holcomb,2006,0,0,NA
Randy Livingston,2006,0,0,NA
Rashad McCants,2006,67,180,0.37222222222222223
Rashard Lewis,2006,142,370,0.3837837837837838
Rasheed Wallace,2006,155,434,0.35714285714285715
Rasho Nesterovic,2006,0,2,0
Rasual Butler,2006,92,242,0.38016528925619836
Rawle Marshall,2006,1,3,0.3333333333333333
Ray Allen,2006,269,653,0.4119448698315467
Raymond Felton,2006,97,271,0.35793357933579334
Reece Gaines,2006,0,2,0
Reggie Evans,2006,0,1,0
Richard Hamilton,2006,55,120,0.4583333333333333
Richard Jefferson,2006,60,188,0.3191489361702128
Richie Frahm,2006,23,70,0.32857142857142857
Rick Brunson,2006,5,13,0.38461538461538464
Ricky Davis,2006,73,242,0.30165289256198347
Robert Horry,2006,53,144,0.3680555555555556
Robert Swift,2006,0,0,NA
Robert Whaley,2006,0,0,NA
Ronald Dupree,2006,0,1,0
Ronald Murray,2006,37,141,0.2624113475177305
Ronnie Price,2006,6,27,0.2222222222222222
Ronny Turiaf,2006,0,0,NA
Royal Ivey,2006,4,10,0.4
Ruben Patterson,2006,1,13,0.07692307692307693
Ryan Bowen,2006,3,22,0.13636363636363635
Ryan Gomes,2006,3,9,0.3333333333333333
Salim Stoudamire,2006,82,216,0.37962962962962965
Sam Cassell,2006,70,190,0.3684210526315789
Samaki Walker,2006,0,0,NA
Samuel Dalembert,2006,0,1,0
Sarunas Jasikevicius,2006,86,236,0.3644067796610169
Sasha Pavlovic,2006,35,96,0.3645833333333333
Sasha Vujacic,2006,59,172,0.3430232558139535
Scot Pollard,2006,0,0,NA
Scott Padgett,2006,42,121,0.34710743801652894
Sean Marks,2006,0,3,0
Sean May,2006,0,5,0
Sebastian Telfair,2006,57,162,0.35185185185185186
Sergei Monia,2006,9,34,0.2647058823529412
Shandon Anderson,2006,5,19,0.2631578947368421
Shane Battier,2006,65,165,0.3939393939393939
Shaquille O'Neal*,2006,0,0,NA
Shareef Abdur-Rahim,2006,5,22,0.22727272727272727
Sharrod Ford,2006,0,0,NA
Shaun Livingston,2006,1,8,0.125
Shavlik Randolph,2006,0,0,NA
Shawn Marion,2006,96,290,0.3310344827586207
Smush Parker,2006,120,328,0.36585365853658536
Speedy Claxton,2006,17,63,0.2698412698412698
Stacey Augmon,2006,0,0,NA
Stanislav Medvedenko,2006,0,0,NA
Stephen Graham,2006,2,10,0.2
Stephen Jackson,2006,117,339,0.34513274336283184
Stephon Marbury,2006,33,104,0.3173076923076923
Steve Blake,2006,76,184,0.41304347826086957
Steve Francis,2006,25,83,0.30120481927710846
Steve Nash,2006,150,342,0.43859649122807015
Steven Hunter,2006,0,0,NA
Stromile Swift,2006,0,2,0
T.J. Ford,2006,35,104,0.33653846153846156
Tayshaun Prince,2006,64,183,0.34972677595628415
Terence Morris,2006,0,2,0
Theo Ratliff,2006,0,0,NA
Tim Duncan,2006,2,5,0.4
Tim Thomas,2006,46,111,0.4144144144144144
Toni Kukoc,2006,45,147,0.30612244897959184
Tony Allen,2006,11,34,0.3235294117647059
Tony Battie,2006,0,6,0
Tony Delk,2006,20,47,0.425531914893617
Tony Parker,2006,11,36,0.3055555555555556
Tracy McGrady,2006,73,234,0.31196581196581197
Travis Diener,2006,25,57,0.43859649122807015
Travis Outlaw,2006,14,53,0.2641509433962264
Trenton Hassell,2006,7,23,0.30434782608695654
Trevor Ariza,2006,1,5,0.2
Troy Hudson,2006,40,101,0.39603960396039606
Troy Murphy,2006,58,181,0.32044198895027626
Tyronn Lue,2006,58,127,0.4566929133858268
Tyson Chandler,2006,0,1,0
Udonis Haslem,2006,0,2,0
Viktor Khryapa,2006,10,30,0.3333333333333333
Vin Baker,2006,0,0,NA
Vince Carter,2006,125,367,0.3405994550408719
Vitaly Potapenko,2006,0,0,NA
Vladimir Radmanovic,2006,138,354,0.3898305084745763
Von Wafer,2006,2,17,0.11764705882352941
Voshon Lenard,2006,25,78,0.32051282051282054
Wally Szczerbiak,2006,102,255,0.4
Walter McCarty,2006,10,45,0.2222222222222222
Wayne Simien,2006,0,0,NA
Will Bynum,2006,2,9,0.2222222222222222
Willie Green,2006,10,19,0.5263157894736842
Yao Ming*,2006,0,1,0
Yaroslav Korolev,2006,2,7,0.2857142857142857
Zach Randolph,2006,16,55,0.2909090909090909
Zarko Cabarkapa,2006,5,20,0.25
Zaza Pachulia,2006,0,2,0
Zeljko Rebraca,2006,0,0,NA
Zendon Hamilton,2006,0,0,NA
Zoran Planinic,2006,13,56,0.23214285714285715
Zydrunas Ilgauskas,2006,0,5,0
Aaron McKie,2007,0,0,NA
Aaron Williams,2007,0,1,0
Adam Morrison,2007,87,258,0.3372093023255814
Adonal Foyle,2007,0,0,NA
Adrian Griffin,2007,0,6,0
Al Harrington,2007,127,293,0.4334470989761092
Al Jefferson,2007,0,1,0
Alan Anderson,2007,5,20,0.25
Alan Henderson,2007,0,0,NA
Alexander Johnson,2007,0,0,NA
Allan Ray,2007,48,116,0.41379310344827586
Allen Iverson*,2007,62,197,0.3147208121827411
Alonzo Mourning*,2007,0,0,NA
Alvin Williams,2007,0,1,0
Amar'e Stoudemire,2007,0,3,0
Amir Johnson,2007,0,3,0
Anderson Varejao,2007,0,9,0
Andray Blatche,2007,4,27,0.14814814814814814
Andre Barrett,2007,0,0,NA
Andre Brown,2007,0,1,0
Andre Iguodala,2007,48,155,0.3096774193548387
Andre Miller,2007,5,35,0.14285714285714285
Andrea Bargnani,2007,100,268,0.373134328358209
Andreas Glyniadakis,2007,0,0,NA
Andrei Kirilenko,2007,16,75,0.21333333333333335
Andres Nocioni,2007,80,209,0.3827751196172249
Andrew Bogut,2007,1,5,0.2
Andrew Bynum,2007,0,3,0
Andris Biedrins,2007,0,0,NA
Antawn Jamison,2007,138,379,0.3641160949868074
Anthony Carter,2007,0,2,0
Anthony Johnson,2007,25,73,0.3424657534246575
Anthony Parker,2007,115,261,0.44061302681992337
Anthony Roberson,2007,21,55,0.38181818181818183
Antoine Walker,2007,84,305,0.2754098360655738
Antoine Wright,2007,19,59,0.3220338983050847
Antonio Daniels,2007,19,63,0.30158730158730157
Antonio McDyess,2007,0,0,NA
Austin Croshere,2007,26,91,0.2857142857142857
Baron Davis,2007,85,280,0.30357142857142855
Ben Gordon,2007,155,375,0.41333333333333333
Ben Wallace,2007,1,5,0.2
Beno Udrih,2007,33,115,0.28695652173913044
Bernard Robinson,2007,0,2,0
Bo Outlaw,2007,0,0,NA
Bobby Jackson,2007,54,165,0.32727272727272727
Bobby Jones,2007,1,9,0.1111111111111111
Bonzi Wells,2007,1,7,0.14285714285714285
Boris Diaw,2007,15,45,0.3333333333333333
Bostjan Nachbar,2007,112,265,0.4226415094339623
Bracey Wright,2007,6,20,0.3
Brad Miller,2007,5,33,0.15151515151515152
Brandon Bass,2007,0,1,0
Brandon Roy,2007,55,146,0.3767123287671233
Brendan Haywood,2007,0,0,NA
Brent Barry,2007,128,287,0.445993031358885
Brevin Knight,2007,1,18,0.05555555555555555
Brian Cardinal,2007,18,44,0.4090909090909091
Brian Cook,2007,46,115,0.4
Brian Scalabrine,2007,44,110,0.4
Brian Skinner,2007,0,0,NA
Bruce Bowen,2007,89,232,0.38362068965517243
C.J. Miles,2007,7,32,0.21875
Calvin Booth,2007,1,2,0.5
Carlos Arroyo,2007,14,51,0.27450980392156865
Carlos Boozer,2007,0,0,NA
Carlos Delfino,2007,46,138,0.3333333333333333
Carmelo Anthony,2007,40,149,0.2684563758389262
Caron Butler,2007,18,72,0.25
Cedric Bozeman,2007,2,13,0.15384615384615385
Cedric Simmons,2007,0,0,NA
Channing Frye,2007,3,18,0.16666666666666666
Charlie Bell,2007,127,361,0.3518005540166205
Charlie Villanueva,2007,29,86,0.3372093023255814
Chauncey Billups,2007,109,316,0.3449367088607595
Chris Bosh,2007,12,35,0.34285714285714286
Chris Duhon,2007,88,245,0.35918367346938773
Chris Kaman,2007,0,1,0
Chris McCray,2007,0,0,NA
Chris Paul,2007,50,143,0.34965034965034963
Chris Quinn,2007,20,57,0.3508771929824561
Chris Webber,2007,4,11,0.36363636363636365
Chris Wilcox,2007,0,6,0
Chuck Hayes,2007,0,0,NA
Chucky Atkins,2007,116,306,0.3790849673202614
Clifford Robinson,2007,25,66,0.3787878787878788
Corey Maggette,2007,13,65,0.2
Corliss Williamson,2007,0,2,0
Craig Smith,2007,0,6,0
Cuttino Mobley,2007,101,246,0.4105691056910569
Dahntay Jones,2007,5,12,0.4166666666666667
Dajuan Wagner,2007,1,1,1
Dale Davis,2007,0,0,NA
Damien Wilkins,2007,50,122,0.4098360655737705
Damir Markota,2007,6,16,0.375
Damon Jones,2007,89,231,0.3852813852813853
Damon Stoudamire,2007,59,175,0.33714285714285713
Dan Dickau,2007,16,61,0.26229508196721313
Dan Gadzuric,2007,0,1,0
Daniel Ewing,2007,14,44,0.3181818181818182
Daniel Gibson,2007,52,124,0.41935483870967744
Danny Fortson,2007,0,1,0
Danny Granger,2007,110,288,0.3819444444444444
Darius Songaila,2007,0,2,0
Darko Milicic,2007,0,1,0
Darrell Armstrong,2007,72,214,0.3364485981308411
Darrick Martin,2007,13,37,0.35135135135135137
David Harrison,2007,0,0,NA
David Lee,2007,0,0,NA
David Noel,2007,17,53,0.32075471698113206
David Wesley,2007,9,38,0.23684210526315788
David West,2007,8,25,0.32
DeSagana Diop,2007,0,1,0
DeShawn Stevenson,2007,74,183,0.40437158469945356
Dee Brown,2007,6,28,0.21428571428571427
Delonte West,2007,65,178,0.3651685393258427
DerMarr Johnson,2007,19,88,0.2159090909090909
Derek Anderson,2007,54,152,0.35526315789473684
Derek Fisher,2007,48,156,0.3076923076923077
Deron Williams,2007,82,255,0.3215686274509804
Desmon Farmer,2007,2,8,0.25
Desmond Mason,2007,0,0,NA
Devean George,2007,53,150,0.35333333333333333
Devin Brown,2007,81,227,0.3568281938325991
Devin Harris,2007,14,50,0.28
Didier Ilunga-Mbenga,2007,0,0,NA
Dijon Thompson,2007,0,2,0
Dikembe Mutombo*,2007,0,0,NA
Dirk Nowitzki,2007,72,173,0.4161849710982659
Donell Taylor,2007,3,17,0.17647058823529413
Donyell Marshall,2007,95,271,0.3505535055350554
Dorell Wright,2007,5,34,0.14705882352941177
Doug Christie,2007,1,6,0.16666666666666666
Drew Gooden,2007,1,6,0.16666666666666666
Dwayne Jones,2007,0,0,NA
Dwight Howard,2007,1,2,0.5
Dwyane Wade,2007,21,79,0.26582278481012656
Earl Barron,2007,0,1,0
Earl Boykins,2007,95,239,0.39748953974895396
Earl Watson,2007,92,280,0.32857142857142857
Eddie Griffin,2007,0,1,0
Eddie House,2007,75,175,0.42857142857142855
Eddie Jones,2007,78,222,0.35135135135135137
Eddy Curry,2007,1,1,1
Eduardo Najera,2007,1,12,0.08333333333333333
Elton Brand,2007,1,1,1
Emeka Okafor,2007,0,0,NA
Eric Piatkowski,2007,7,18,0.3888888888888889
Eric Snow,2007,0,4,0
Eric Williams,2007,8,19,0.42105263157894735
Erick Dampier,2007,0,0,NA
Ersan Ilyasova,2007,54,148,0.36486486486486486
Esteban Batista,2007,0,0,NA
Etan Thomas,2007,0,0,NA
Fabricio Oberto,2007,0,0,NA
Francisco Elson,2007,0,2,0
Francisco Garcia,2007,53,149,0.35570469798657717
Fred Jones,2007,39,128,0.3046875
Gary Payton*,2007,32,123,0.2601626016260163
Gerald Green,2007,95,258,0.3682170542635659
Gerald Wallace,2007,39,120,0.325
Gilbert Arenas,2007,205,584,0.351027397260274
Gordan Giricek,2007,52,122,0.4262295081967213
Grant Hill,2007,2,12,0.16666666666666666
Greg Buckner,2007,32,103,0.3106796116504854
Hakim Warrick,2007,0,8,0
Hassan Adams,2007,0,1,0
Hedo Turkoglu,2007,109,281,0.3879003558718861
Hilton Armstrong,2007,0,0,NA
Ike Diogu,2007,0,0,NA
Ime Udoka,2007,89,219,0.4063926940639269
Ira Newble,2007,8,15,0.5333333333333333
Ivan McFarlin,2007,0,1,0
J.J. Barea,2007,6,21,0.2857142857142857
J.J. Redick,2007,38,98,0.3877551020408163
J.R. Smith,2007,149,382,0.3900523560209424
Jackie Butler,2007,0,0,NA
Jacque Vaughn,2007,1,2,0.5
Jake Tsakalidis,2007,0,0,NA
Jake Voskuhl,2007,0,0,NA
Jalen Rose,2007,21,47,0.44680851063829785
Jamaal Magloire,2007,0,0,NA
Jamaal Tinsley,2007,61,193,0.3160621761658031
Jamal Crawford,2007,103,322,0.3198757763975155
Jamal Sampson,2007,0,1,0
Jameer Nelson,2007,65,194,0.33505154639175255
James Augustine,2007,0,0,NA
James Jones,2007,90,238,0.37815126050420167
James Lang,2007,0,0,NA
James Posey,2007,97,259,0.3745173745173745
James Singleton,2007,3,14,0.21428571428571427
James White,2007,2,7,0.2857142857142857
Jannero Pargo,2007,81,209,0.3875598086124402
Jared Jeffries,2007,2,20,0.1
Jared Reiner,2007,0,0,NA
Jarrett Jack,2007,63,180,0.35
Jarron Collins,2007,0,0,NA
Jarvis Hayes,2007,66,183,0.36065573770491804
Jason Collins,2007,0,2,0
Jason Hart,2007,7,29,0.2413793103448276
Jason Kapono,2007,108,210,0.5142857142857142
Jason Kidd,2007,124,361,0.34349030470914127
Jason Maxiell,2007,0,0,NA
Jason Richardson,2007,110,301,0.3654485049833887
Jason Terry,2007,162,370,0.43783783783783786
Jason Williams,2007,100,295,0.3389830508474576
Jeff Foster,2007,0,1,0
Jeff McInnis,2007,1,8,0.125
Jeremy Richardson,2007,2,3,0.6666666666666666
Jermaine O'Neal,2007,0,7,0
Jerome James,2007,0,0,NA
Jerry Stackhouse,2007,62,162,0.38271604938271603
Joe Johnson,2007,119,312,0.3814102564102564
Joe Smith,2007,0,5,0
Joel Przybilla,2007,0,0,NA
Joey Graham,2007,9,31,0.2903225806451613
Johan Petro,2007,0,0,NA
John Lucas III,2007,15,59,0.2542372881355932
John Salmons,2007,40,112,0.35714285714285715
Jordan Farmar,2007,45,137,0.3284671532846715
Jorge Garbajosa,2007,66,193,0.34196891191709844
Jose Calderon,2007,25,75,0.3333333333333333
Josh Boone,2007,0,0,NA
Josh Childress,2007,26,77,0.33766233766233766
Josh Howard,2007,92,239,0.38493723849372385
Josh Powell,2007,0,0,NA
Josh Smith,2007,38,152,0.25
Juan Dixon,2007,79,226,0.3495575221238938
Julius Hodge,2007,0,0,NA
Jumaine Jones,2007,10,32,0.3125
Junior Harrington,2007,7,26,0.2692307692307692
Justin Reed,2007,0,0,NA
Justin Williams,2007,0,1,0
Juwan Howard,2007,0,0,NA
Keith Bogans,2007,53,137,0.38686131386861317
Keith McLeod,2007,16,45,0.35555555555555557
Kelenna Azubuike,2007,34,79,0.43037974683544306
Kelvin Cato,2007,0,0,NA
Kendrick Perkins,2007,0,3,0
Kenny Thomas,2007,0,1,0
Kenyon Martin,2007,0,1,0
Kevin Garnett,2007,12,56,0.21428571428571427
Kevin Martin,2007,127,333,0.3813813813813814
Kevin Ollie,2007,0,2,0
Kevin Willis,2007,0,0,NA
Kevinn Pinkney,2007,1,2,0.5
Keyon Dooling,2007,31,96,0.3229166666666667
Kirk Hinrich,2007,140,337,0.41543026706231456
Kirk Snyder,2007,11,44,0.25
Kobe Bryant,2007,137,398,0.3442211055276382
Kris Humphries,2007,0,0,NA
Kurt Thomas,2007,0,1,0
Kwame Brown,2007,0,1,0
Kyle Korver,2007,132,307,0.42996742671009774
Kyle Lowry,2007,3,8,0.375
LaMarcus Aldridge,2007,0,2,0
Lamar Odom,2007,54,182,0.2967032967032967
Larry Hughes,2007,74,222,0.3333333333333333
Lawrence Roberts,2007,0,2,0
LeBron James,2007,99,310,0.3193548387096774
Leandro Barbosa,2007,190,438,0.4337899543378995
Leon Powe,2007,0,2,0
Linas Kleiza,2007,83,221,0.3755656108597285
Lindsey Hunter,2007,38,119,0.31932773109243695
Linton Johnson,2007,10,30,0.3333333333333333
Lorenzen Wright,2007,0,0,NA
Lou Amundson,2007,0,0,NA
Lou Williams,2007,12,37,0.32432432432432434
Luke Jackson,2007,5,17,0.29411764705882354
Luke Ridnour,2007,49,139,0.35251798561151076
Luke Schenscher,2007,0,0,NA
Luke Walton,2007,48,124,0.3870967741935484
Luol Deng,2007,1,7,0.14285714285714285
Luther Head,2007,177,401,0.44139650872817954
Lynn Greer,2007,18,52,0.34615384615384615
Maceo Baston,2007,3,7,0.42857142857142855
Malik Allen,2007,0,1,0
Malik Rose,2007,2,8,0.25
Manu Ginobili,2007,128,323,0.39628482972136225
Marc Jackson,2007,0,1,0
Marcus Banks,2007,5,29,0.1724137931034483
Marcus Camby,2007,0,2,0
Marcus Vinicius,2007,3,7,0.42857142857142855
Marcus Williams,2007,46,163,0.2822085889570552
Mardy Collins,2007,13,47,0.2765957446808511
Mark Blount,2007,9,31,0.2903225806451613
Mark Madsen,2007,0,0,NA
Marko Jaric,2007,32,85,0.3764705882352941
Marquis Daniels,2007,6,26,0.23076923076923078
Martell Webster,2007,91,250,0.364
Marvin Williams,2007,11,45,0.24444444444444444
Matt Barnes,2007,106,290,0.36551724137931035
Matt Bonner,2007,36,94,0.3829787234042553
Matt Carroll,2007,111,267,0.4157303370786517
Matt Freije,2007,3,22,0.13636363636363635
Matt Harpring,2007,13,39,0.3333333333333333
Maurice Ager,2007,5,15,0.3333333333333333
Maurice Evans,2007,48,133,0.3609022556390977
Maurice Taylor,2007,0,0,NA
Mehmet Okur,2007,129,336,0.38392857142857145
Melvin Ely,2007,0,0,NA
Metta World Peace,2007,93,260,0.3576923076923077
Michael Doleac,2007,0,1,0
Michael Finley,2007,104,286,0.36363636363636365
Michael Olowokandi,2007,0,0,NA
Michael Redd,2007,117,306,0.38235294117647056
Michael Ruffin,2007,0,0,NA
Mickael Gelabale,2007,11,47,0.23404255319148937
Mickael Pietrus,2007,93,240,0.3875
Mike Bibby,2007,173,481,0.3596673596673597
Mike Dunleavy,2007,70,224,0.3125
Mike Hall,2007,0,0,NA
Mike James,2007,80,215,0.37209302325581395
Mike Miller,2007,202,498,0.40562248995983935
Mike Sweetney,2007,0,0,NA
Mike Wilks,2007,5,15,0.3333333333333333
Mikki Moore,2007,0,1,0
Mile Ilic,2007,0,0,NA
Mo Williams,2007,79,228,0.34649122807017546
Monta Ellis,2007,39,143,0.2727272727272727
Morris Peterson,2007,106,295,0.3593220338983051
Mouhamed Sene,2007,0,0,NA
Nate Robinson,2007,83,213,0.38967136150234744
Nazr Mohammed,2007,0,0,NA
Nenad Krstic,2007,0,1,0
Nene Hilario,2007,0,1,0
Nick Collison,2007,0,2,0
Orien Greene,2007,2,11,0.18181818181818182
Othella Harrington,2007,0,0,NA
P.J. Brown,2007,0,2,0
P.J. Tucker,2007,0,0,NA
Pape Sow,2007,0,0,NA
Pat Burke,2007,6,22,0.2727272727272727
Pat Garrity,2007,11,32,0.34375
Patrick O'Bryant,2007,0,0,NA
Pau Gasol,2007,3,11,0.2727272727272727
Paul Davis,2007,0,0,NA
Paul Millsap,2007,1,3,0.3333333333333333
Paul Pierce,2007,107,275,0.3890909090909091
Peja Stojakovic,2007,34,84,0.40476190476190477
Pops Mensah-Bonsu,2007,0,0,NA
Primoz Brezec,2007,1,3,0.3333333333333333
Quentin Richardson,2007,97,258,0.375968992248062
Quincy Douby,2007,12,50,0.24
Quinton Ross,2007,2,10,0.2
Raef LaFrentz,2007,2,23,0.08695652173913043
Rafael Araujo,2007,0,0,NA
Rafer Alston,2007,192,529,0.3629489603024575
Raja Bell,2007,205,496,0.41330645161290325
Rajon Rondo,2007,6,29,0.20689655172413793
Randolph Morris,2007,0,0,NA
Randy Foye,2007,68,185,0.3675675675675676
Randy Livingston,2007,0,0,NA
Rashad McCants,2007,20,75,0.26666666666666666
Rashard Lewis,2007,151,387,0.39018087855297157
Rasheed Wallace,2007,104,296,0.35135135135135137
Rasho Nesterovic,2007,0,1,0
Rasual Butler,2007,134,363,0.3691460055096419
Rawle Marshall,2007,4,18,0.2222222222222222
Ray Allen,2007,165,443,0.3724604966139955
Raymond Felton,2007,103,312,0.3301282051282051
Reggie Evans,2007,0,0,NA
Renaldo Balkman,2007,5,27,0.18518518518518517
Renaldo Major,2007,0,0,NA
Richard Hamilton,2007,44,129,0.34108527131782945
Richard Jefferson,2007,52,145,0.3586206896551724
Ricky Davis,2007,123,310,0.3967741935483871
Robert Hite,2007,5,23,0.21739130434782608
Robert Horry,2007,50,149,0.33557046979865773
Rodney Carney,2007,25,72,0.3472222222222222
Roger Mason,2007,33,102,0.3235294117647059
Roger Powell,2007,0,1,0
Ronald Dupree,2007,0,0,NA
Ronald Murray,2007,24,83,0.2891566265060241
Ronnie Brewer,2007,0,9,0
Ronnie Price,2007,21,65,0.3230769230769231
Ronny Turiaf,2007,0,1,0
Royal Ivey,2007,5,16,0.3125
Ruben Patterson,2007,3,19,0.15789473684210525
Rudy Gay,2007,52,143,0.36363636363636365
Ryan Gomes,2007,16,42,0.38095238095238093
Ryan Hollins,2007,0,0,NA
Salim Stoudamire,2007,56,155,0.36129032258064514
Sam Cassell,2007,32,109,0.29357798165137616
Samuel Dalembert,2007,0,2,0
Sarunas Jasikevicius,2007,44,130,0.3384615384615385
Sasha Pavlovic,2007,60,148,0.40540540540540543
Sasha Vujacic,2007,60,161,0.37267080745341613
Scot Pollard,2007,0,0,NA
Scott Padgett,2007,8,33,0.24242424242424243
Sean Marks,2007,0,1,0
Sean May,2007,2,3,0.6666666666666666
Sebastian Telfair,2007,37,128,0.2890625
Sergio Rodriguez,2007,24,85,0.2823529411764706
Shammond Williams,2007,20,50,0.4
Shane Battier,2007,157,373,0.42091152815013405
Shannon Brown,2007,7,25,0.28
Shaquille O'Neal*,2007,0,0,NA
Shareef Abdur-Rahim,2007,3,20,0.15
Shaun Livingston,2007,5,16,0.3125
Shavlik Randolph,2007,0,0,NA
Shawn Marion,2007,80,252,0.31746031746031744
Shawne Williams,2007,19,52,0.36538461538461536
Shelden Williams,2007,2,4,0.5
Smush Parker,2007,110,301,0.3654485049833887
Solomon Jones,2007,0,1,0
Speedy Claxton,2007,6,28,0.21428571428571427
Stanislav Medvedenko,2007,1,2,0.5
Stephen Graham,2007,3,11,0.2727272727272727
Stephen Jackson,2007,100,311,0.3215434083601286
Stephon Marbury,2007,123,345,0.3565217391304348
Steve Blake,2007,67,208,0.32211538461538464
Steve Francis,2007,42,111,0.3783783783783784
Steve Nash,2007,156,343,0.45481049562682213
Steve Novak,2007,13,39,0.3333333333333333
Steven Hunter,2007,0,0,NA
Steven Smith,2007,0,0,NA
Stromile Swift,2007,0,5,0
T.J. Ford,2007,21,69,0.30434782608695654
Tarence Kinsey,2007,13,46,0.2826086956521739
Tayshaun Prince,2007,81,210,0.38571428571428573
Thabo Sefolosha,2007,15,42,0.35714285714285715
Theo Ratliff,2007,0,0,NA
Tim Duncan,2007,1,9,0.1111111111111111
Tim Thomas,2007,136,356,0.38202247191011235
Tony Allen,2007,8,33,0.24242424242424243
Tony Battie,2007,0,1,0
Tony Parker,2007,15,38,0.39473684210526316
Tracy McGrady,2007,126,381,0.33070866141732286
Travis Diener,2007,18,50,0.36
Travis Outlaw,2007,10,37,0.2702702702702703
Trenton Hassell,2007,6,25,0.24
Trevor Ariza,2007,0,7,0
Troy Hudson,2007,28,80,0.35
Troy Murphy,2007,58,147,0.3945578231292517
Tyronn Lue,2007,56,161,0.34782608695652173
Tyrus Thomas,2007,0,2,0
Tyson Chandler,2007,0,1,0
Udonis Haslem,2007,0,4,0
Uros Slokar,2007,1,2,0.5
Vassilis Spanoulis,2007,5,29,0.1724137931034483
Viktor Khryapa,2007,0,6,0
Vince Carter,2007,156,437,0.35697940503432496
Vitaly Potapenko,2007,0,0,NA
Vladimir Radmanovic,2007,40,118,0.3389830508474576
Von Wafer,2007,0,1,0
Wally Szczerbiak,2007,44,106,0.41509433962264153
Walter Herrmann,2007,53,115,0.4608695652173913
Wayne Simien,2007,0,0,NA
Will Blalock,2007,1,5,0.2
Will Conroy,2007,0,0,NA
Willie Green,2007,51,157,0.3248407643312102
Yakhouba Diawara,2007,49,170,0.28823529411764703
Yao Ming*,2007,0,2,0
Yaroslav Korolev,2007,1,5,0.2
Zach Randolph,2007,14,48,0.2916666666666667
Zaza Pachulia,2007,0,1,0
Zydrunas Ilgauskas,2007,0,1,0
Aaron Brooks,2008,36,109,0.3302752293577982
Aaron Gray,2008,0,1,0
Aaron Williams,2008,0,0,NA
Acie Law,2008,7,34,0.20588235294117646
Adonal Foyle,2008,0,0,NA
Adrian Griffin,2008,0,0,NA
Al Harrington,2008,153,408,0.375
Al Horford,2008,0,5,0
Al Jefferson,2008,0,5,0
Al Thornton,2008,43,130,0.33076923076923076
Alando Tucker,2008,1,4,0.25
Alexander Johnson,2008,0,0,NA
Allen Iverson*,2008,95,275,0.34545454545454546
Alonzo Mourning*,2008,0,0,NA
Amar'e Stoudemire,2008,5,31,0.16129032258064516
Amir Johnson,2008,0,0,NA
Anderson Varejao,2008,0,2,0
Andray Blatche,2008,3,13,0.23076923076923078
Andre Barrett,2008,1,3,0.3333333333333333
Andre Brown,2008,0,0,NA
Andre Iguodala,2008,101,307,0.3289902280130293
Andre Miller,2008,3,34,0.08823529411764706
Andre Owens,2008,18,40,0.45
Andrea Bargnani,2008,90,261,0.3448275862068966
Andrei Kirilenko,2008,44,116,0.3793103448275862
Andres Nocioni,2008,126,346,0.36416184971098264
Andrew Bogut,2008,0,7,0
Andrew Bynum,2008,0,0,NA
Andris Biedrins,2008,0,0,NA
Anfernee Hardaway,2008,8,19,0.42105263157894735
Antawn Jamison,2008,120,354,0.3389830508474576
Anthony Carter,2008,45,129,0.3488372093023256
Anthony Johnson,2008,42,93,0.45161290322580644
Anthony Parker,2008,133,304,0.4375
Antoine Walker,2008,61,188,0.324468085106383
Antoine Wright,2008,32,110,0.2909090909090909
Antonio Daniels,2008,17,74,0.22972972972972974
Antonio McDyess,2008,0,2,0
Arron Afflalo,2008,10,48,0.20833333333333334
Austin Croshere,2008,22,61,0.36065573770491804
Awvee Storey,2008,0,7,0
Baron Davis,2008,173,525,0.3295238095238095
Ben Gordon,2008,142,346,0.41040462427745666
Ben Wallace,2008,0,4,0
Beno Udrih,2008,53,137,0.38686131386861317
Billy Thomas,2008,4,16,0.25
Blake Ahearn,2008,10,34,0.29411764705882354
Bo Outlaw,2008,0,0,NA
Bobby Jackson,2008,81,226,0.3584070796460177
Bobby Jones,2008,18,53,0.33962264150943394
Bobby Simmons,2008,60,171,0.3508771929824561
Bonzi Wells,2008,12,50,0.24
Boris Diaw,2008,13,41,0.3170731707317073
Bostjan Nachbar,2008,94,262,0.35877862595419846
Brad Miller,2008,28,90,0.3111111111111111
Brandan Wright,2008,0,0,NA
Brandon Bass,2008,0,4,0
Brandon Roy,2008,73,215,0.3395348837209302
Brendan Haywood,2008,0,0,NA
Brent Barry,2008,48,112,0.42857142857142855
Brevin Knight,2008,0,6,0
Brian Cardinal,2008,25,81,0.30864197530864196
Brian Cook,2008,43,115,0.3739130434782609
Brian Scalabrine,2008,15,46,0.32608695652173914
Brian Skinner,2008,2,3,0.6666666666666666
Bruce Bowen,2008,90,215,0.4186046511627907
C.J. Miles,2008,30,77,0.38961038961038963
C.J. Watson,2008,9,26,0.34615384615384615
Calvin Booth,2008,0,0,NA
Carl Landry,2008,0,1,0
Carlos Arroyo,2008,29,84,0.34523809523809523
Carlos Boozer,2008,0,1,0
Carlos Delfino,2008,120,314,0.3821656050955414
Carmelo Anthony,2008,58,164,0.35365853658536583
Caron Butler,2008,66,185,0.3567567567567568
Casey Jacobsen,2008,16,72,0.2222222222222222
Cedric Simmons,2008,0,0,NA
Channing Frye,2008,3,10,0.3
Charlie Bell,2008,74,217,0.34101382488479265
Charlie Villanueva,2008,55,185,0.2972972972972973
Chauncey Billups,2008,137,342,0.40058479532163743
Cheikh Samb,2008,0,0,NA
Chris Andersen,2008,0,0,NA
Chris Bosh,2008,10,25,0.4
Chris Duhon,2008,54,155,0.34838709677419355
Chris Kaman,2008,0,4,0
Chris Mihm,2008,0,0,NA
Chris Paul,2008,92,249,0.36947791164658633
Chris Quinn,2008,64,159,0.4025157232704403
Chris Richard,2008,0,0,NA
Chris Webber,2008,0,0,NA
Chris Wilcox,2008,0,3,0
Chuck Hayes,2008,0,3,0
Chucky Atkins,2008,25,79,0.31645569620253167
Coby Karl,2008,4,13,0.3076923076923077
Corey Brewer,2008,7,36,0.19444444444444445
Corey Maggette,2008,78,203,0.3842364532019704
Courtney Sims,2008,0,0,NA
Craig Smith,2008,0,9,0
Cuttino Mobley,2008,67,192,0.3489583333333333
D.J. Strawberry,2008,6,25,0.24
Daequan Cook,2008,79,238,0.3319327731092437
Dahntay Jones,2008,1,6,0.16666666666666666
Damien Wilkins,2008,50,155,0.3225806451612903
Damon Jones,2008,115,276,0.4166666666666667
Damon Stoudamire,2008,50,149,0.33557046979865773
Dan Dickau,2008,36,108,0.3333333333333333
Dan Gadzuric,2008,0,1,0
Daniel Gibson,2008,118,268,0.44029850746268656
Danny Granger,2008,171,423,0.40425531914893614
Darius Songaila,2008,0,2,0
Darius Washington,2008,4,12,0.3333333333333333
Darko Milicic,2008,0,1,0
Darrell Armstrong,2008,23,69,0.3333333333333333
Darrick Martin,2008,2,16,0.125
Darryl Watkins,2008,0,0,NA
David Harrison,2008,0,0,NA
David Lee,2008,0,2,0
David West,2008,6,25,0.24
DeSagana Diop,2008,0,0,NA
DeShawn Stevenson,2008,158,413,0.38256658595641646
Delonte West,2008,48,135,0.35555555555555557
Demetris Nichols,2008,3,13,0.23076923076923078
DerMarr Johnson,2008,3,9,0.3333333333333333
Derek Anderson,2008,19,52,0.36538461538461536
Derek Fisher,2008,112,276,0.4057971014492754
Deron Williams,2008,83,210,0.3952380952380952
Desmond Mason,2008,0,0,NA
Devean George,2008,22,68,0.3235294117647059
Devin Brown,2008,45,146,0.3082191780821918
Devin Harris,2008,56,167,0.33532934131736525
Didier Ilunga-Mbenga,2008,0,0,NA
Dikembe Mutombo*,2008,0,0,NA
Dirk Nowitzki,2008,79,220,0.35909090909090907
Dominic McGuire,2008,1,6,0.16666666666666666
Donyell Marshall,2008,15,53,0.2830188679245283
Dorell Wright,2008,4,11,0.36363636363636365
Drew Gooden,2008,0,6,0
Dwayne Jones,2008,0,1,0
Dwight Howard,2008,0,4,0
Dwyane Wade,2008,22,77,0.2857142857142857
Earl Barron,2008,1,13,0.07692307692307693
Earl Boykins,2008,14,44,0.3181818181818182
Earl Watson,2008,49,132,0.3712121212121212
Eddie Gill,2008,5,15,0.3333333333333333
Eddie House,2008,117,298,0.3926174496644295
Eddie Jones,2008,34,116,0.29310344827586204
Eddy Curry,2008,0,0,NA
Eduardo Najera,2008,53,147,0.36054421768707484
Elton Brand,2008,0,0,NA
Emeka Okafor,2008,0,0,NA
Eric Piatkowski,2008,11,26,0.4230769230769231
Eric Snow,2008,0,2,0
Erick Dampier,2008,0,0,NA
Fabricio Oberto,2008,0,1,0
Francisco Elson,2008,0,1,0
Francisco Garcia,2008,113,289,0.39100346020761245
Fred Jones,2008,74,192,0.3854166666666667
Gabe Pruitt,2008,3,12,0.25
Gerald Green,2008,15,39,0.38461538461538464
Gerald Wallace,2008,71,221,0.3212669683257919
Gilbert Arenas,2008,22,78,0.28205128205128205
Glen Davis,2008,0,0,NA
Gordan Giricek,2008,36,99,0.36363636363636365
Grant Hill,2008,33,104,0.3173076923076923
Greg Buckner,2008,15,50,0.3
Guillermo Diaz,2008,0,1,0
Hakim Warrick,2008,13,48,0.2708333333333333
Hedo Turkoglu,2008,166,415,0.4
Hilton Armstrong,2008,0,0,NA
Ian Mahinmi,2008,0,0,NA
Ike Diogu,2008,0,0,NA
Ime Udoka,2008,61,165,0.3696969696969697
Ira Newble,2008,16,49,0.32653061224489793
J.J. Barea,2008,21,54,0.3888888888888889
J.J. Redick,2008,17,43,0.3953488372093023
J.R. Smith,2008,157,390,0.4025641025641026
Jacque Vaughn,2008,3,10,0.3
Jake Voskuhl,2008,0,0,NA
Jamaal Magloire,2008,0,0,NA
Jamaal Tinsley,2008,40,141,0.28368794326241137
Jamal Crawford,2008,176,494,0.3562753036437247
Jamario Moon,2008,40,122,0.32786885245901637
Jameer Nelson,2008,64,154,0.4155844155844156
James Augustine,2008,0,0,NA
James Jones,2008,91,205,0.44390243902439025
James Posey,2008,106,279,0.37992831541218636
Jannero Pargo,2008,65,186,0.34946236559139787
Jared Dudley,2008,9,41,0.21951219512195122
Jared Jeffries,2008,4,25,0.16
Jarrett Jack,2008,65,190,0.34210526315789475
Jarron Collins,2008,0,1,0
Jarvis Hayes,2008,73,194,0.37628865979381443
Jason Collins,2008,0,1,0
Jason Hart,2008,11,31,0.3548387096774194
Jason Kapono,2008,57,118,0.4830508474576271
Jason Kidd,2008,119,312,0.3814102564102564
Jason Maxiell,2008,0,1,0
Jason Richardson,2008,243,599,0.4056761268781302
Jason Smith,2008,4,14,0.2857142857142857
Jason Terry,2008,136,363,0.3746556473829201
Jason Williams,2008,97,275,0.3527272727272727
Javaris Crittenton,2008,10,37,0.2702702702702703
Jeff Foster,2008,0,3,0
Jeff Green,2008,21,76,0.27631578947368424
Jeff McInnis,2008,3,19,0.15789473684210525
Jelani McCoy,2008,0,0,NA
Jeremy Richardson,2008,7,19,0.3684210526315789
Jermaine O'Neal,2008,0,5,0
Jermareo Davidson,2008,0,0,NA
Jerome James,2008,0,0,NA
Jerry Stackhouse,2008,60,184,0.32608695652173914
Joakim Noah,2008,0,1,0
Joe Johnson,2008,169,444,0.38063063063063063
Joe Smith,2008,0,3,0
Joel Anthony,2008,0,0,NA
Joel Przybilla,2008,0,1,0
Joey Graham,2008,2,3,0.6666666666666666
Johan Petro,2008,0,1,0
John Salmons,2008,39,120,0.325
Jordan Farmar,2008,114,307,0.3713355048859935
Jorge Garbajosa,2008,6,16,0.375
Jose Calderon,2008,79,184,0.42934782608695654
Josh Boone,2008,0,0,NA
Josh Childress,2008,22,60,0.36666666666666664
Josh Howard,2008,67,210,0.319047619047619
Josh McRoberts,2008,0,1,0
Josh Powell,2008,0,3,0
Josh Smith,2008,25,99,0.25252525252525254
Juan Carlos Navarro,2008,156,432,0.3611111111111111
Juan Dixon,2008,30,72,0.4166666666666667
Julian Wright,2008,10,24,0.4166666666666667
Justin Williams,2008,0,0,NA
Juwan Howard,2008,0,0,NA
Kaniel Dickens,2008,0,0,NA
Kareem Rush,2008,102,262,0.3893129770992366
Kasib Powell,2008,8,33,0.24242424242424243
Keith Bogans,2008,148,409,0.36185819070904646
Keith Langford,2008,0,0,NA
Kelenna Azubuike,2008,71,195,0.3641025641025641
Kendrick Perkins,2008,0,1,0
Kenny Thomas,2008,0,0,NA
Kenyon Martin,2008,2,11,0.18181818181818182
Kevin Durant,2008,59,205,0.28780487804878047
Kevin Garnett,2008,0,11,0
Kevin Martin,2008,107,266,0.40225563909774437
Kevin Ollie,2008,0,1,0
Keyon Dooling,2008,22,65,0.3384615384615385
Kirk Hinrich,2008,84,240,0.35
Kirk Snyder,2008,5,23,0.21739130434782608
Kobe Bryant,2008,150,415,0.3614457831325301
Kosta Perovic,2008,0,0,NA
Kris Humphries,2008,0,2,0
Kurt Thomas,2008,0,1,0
Kwame Brown,2008,0,0,NA
Kyle Korver,2008,111,296,0.375
Kyle Lowry,2008,36,140,0.2571428571428571
Kyrylo Fesenko,2008,0,0,NA
LaMarcus Aldridge,2008,1,7,0.14285714285714285
Lamar Odom,2008,31,113,0.2743362831858407
Lance Allred,2008,0,0,NA
Larry Hughes,2008,67,194,0.34536082474226804
LeBron James,2008,113,359,0.3147632311977716
Leandro Barbosa,2008,164,422,0.3886255924170616
Leon Powe,2008,0,1,0
Linas Kleiza,2008,94,277,0.33935018050541516
Lindsey Hunter,2008,7,26,0.2692307692307692
Linton Johnson,2008,1,3,0.3333333333333333
Loren Woods,2008,0,0,NA
Lorenzen Wright,2008,0,0,NA
Lou Amundson,2008,0,0,NA
Lou Williams,2008,55,153,0.35947712418300654
Luis Scola,2008,0,3,0
Luke Jackson,2008,11,30,0.36666666666666664
Luke Ridnour,2008,21,71,0.29577464788732394
Luke Walton,2008,28,84,0.3333333333333333
Luol Deng,2008,8,22,0.36363636363636365
Luther Head,2008,79,225,0.3511111111111111
Maceo Baston,2008,0,0,NA
Malik Allen,2008,1,2,0.5
Malik Rose,2008,2,7,0.2857142857142857
Manu Ginobili,2008,156,389,0.40102827763496146
Marcin Gortat,2008,0,0,NA
Marco Belinelli,2008,16,41,0.3902439024390244
Marcus Banks,2008,40,102,0.39215686274509803
Marcus Camby,2008,6,20,0.3
Marcus Vinicius,2008,5,12,0.4166666666666667
Marcus Williams,2008,54,142,0.38028169014084506
Mardy Collins,2008,8,32,0.25
Mario West,2008,0,4,0
Mark Blount,2008,17,44,0.38636363636363635
Mark Madsen,2008,0,0,NA
Marko Jaric,2008,46,127,0.36220472440944884
Marquis Daniels,2008,27,102,0.2647058823529412
Martell Webster,2008,123,317,0.38801261829652994
Marvin Williams,2008,1,10,0.1
Matt Barnes,2008,53,181,0.292817679558011
Matt Bonner,2008,46,137,0.3357664233576642
Matt Carroll,2008,105,241,0.43568464730290457
Matt Harpring,2008,2,10,0.2
Maurice Ager,2008,3,19,0.15789473684210525
Maurice Evans,2008,81,209,0.3875598086124402
Mehmet Okur,2008,114,294,0.3877551020408163
Melvin Ely,2008,0,0,NA
Metta World Peace,2008,84,221,0.38009049773755654
Michael Doleac,2008,0,0,NA
Michael Finley,2008,132,357,0.3697478991596639
Michael Redd,2008,130,359,0.362116991643454
Michael Ruffin,2008,0,0,NA
Mickael Gelabale,2008,16,37,0.43243243243243246
Mickael Pietrus,2008,66,183,0.36065573770491804
Mike Bibby,2008,93,248,0.375
Mike Conley,2008,30,91,0.32967032967032966
Mike Dunleavy,2008,165,389,0.4241645244215938
Mike Harris,2008,0,2,0
Mike James,2008,31,97,0.31958762886597936
Mike Miller,2008,155,359,0.43175487465181056
Mike Wilks,2008,3,8,0.375
Mikki Moore,2008,0,2,0
Mo Williams,2008,89,231,0.3852813852813853
Monta Ellis,2008,12,52,0.23076923076923078
Morris Almond,2008,1,4,0.25
Morris Peterson,2008,113,287,0.39372822299651566
Mouhamed Sene,2008,0,0,NA
Nate Robinson,2008,97,292,0.3321917808219178
Nazr Mohammed,2008,0,1,0
Nenad Krstic,2008,0,2,0
Nene Hilario,2008,0,1,0
Nick Collison,2008,0,2,0
Nick Fazekas,2008,0,2,0
Nick Young,2008,40,100,0.4
Oleksiy Pecherov,2008,17,60,0.2833333333333333
Orien Greene,2008,0,1,0
Othella Harrington,2008,0,0,NA
P.J. Brown,2008,0,1,0
Pat Garrity,2008,8,37,0.21621621621621623
Patrick O'Bryant,2008,0,0,NA
Pau Gasol,2008,4,16,0.25
Paul Davis,2008,0,0,NA
Paul Millsap,2008,0,4,0
Paul Pierce,2008,143,365,0.3917808219178082
Peja Stojakovic,2008,231,524,0.44083969465648853
Primoz Brezec,2008,0,0,NA
Quentin Richardson,2008,69,214,0.32242990654205606
Quincy Douby,2008,42,122,0.3442622950819672
Quinton Ross,2008,9,21,0.42857142857142855
Raef LaFrentz,2008,0,4,0
Rafer Alston,2008,143,407,0.35135135135135137
Raja Bell,2008,176,439,0.4009111617312073
Rajon Rondo,2008,5,19,0.2631578947368421
Ramon Sessions,2008,3,7,0.42857142857142855
Randolph Morris,2008,0,0,NA
Randy Foye,2008,61,148,0.41216216216216217
Rashad McCants,2008,142,349,0.4068767908309456
Rashard Lewis,2008,226,553,0.40867992766726946
Rasheed Wallace,2008,112,315,0.35555555555555557
Rasho Nesterovic,2008,1,3,0.3333333333333333
Rasual Butler,2008,44,133,0.3308270676691729
Ray Allen,2008,180,452,0.39823008849557523
Raymond Felton,2008,56,200,0.28
Reggie Evans,2008,1,1,1
Renaldo Balkman,2008,1,12,0.08333333333333333
Richard Hamilton,2008,62,141,0.4397163120567376
Richard Jefferson,2008,77,213,0.3615023474178404
Richie Frahm,2008,7,25,0.28
Ricky Davis,2008,135,333,0.40540540540540543
Robert Horry,2008,18,70,0.2571428571428571
Robert Swift,2008,0,0,NA
Rodney Carney,2008,38,120,0.31666666666666665
Rodney Stuckey,2008,3,16,0.1875
Roger Mason,2008,130,327,0.39755351681957185
Ronald Dupree,2008,0,0,NA
Ronald Murray,2008,20,63,0.31746031746031744
Ronnie Brewer,2008,11,50,0.22
Ronnie Price,2008,26,75,0.3466666666666667
Ronny Turiaf,2008,0,1,0
Royal Ivey,2008,35,107,0.32710280373831774
Ruben Patterson,2008,0,2,0
Rudy Gay,2008,134,387,0.3462532299741602
Ryan Bowen,2008,0,1,0
Ryan Gomes,2008,59,179,0.329608938547486
Ryan Hollins,2008,0,0,NA
Salim Stoudamire,2008,29,85,0.3411764705882353
Sam Cassell,2008,23,76,0.3026315789473684
Samuel Dalembert,2008,0,1,0
Sasha Pavlovic,2008,34,114,0.2982456140350877
Sasha Vujacic,2008,118,270,0.43703703703703706
Scot Pollard,2008,0,0,NA
Sean Marks,2008,1,4,0.25
Sean Williams,2008,0,0,NA
Sebastian Telfair,2008,32,114,0.2807017543859649
Sergio Rodriguez,2008,17,58,0.29310344827586204
Shane Battier,2008,139,369,0.37669376693766937
Shannon Brown,2008,9,30,0.3
Shaquille O'Neal*,2008,0,0,NA
Shareef Abdur-Rahim,2008,0,0,NA
Shavlik Randolph,2008,0,0,NA
Shawn Marion,2008,66,198,0.3333333333333333
Shawne Williams,2008,43,137,0.31386861313868614
Shelden Williams,2008,0,2,0
Smush Parker,2008,18,78,0.23076923076923078
Solomon Jones,2008,0,2,0
Spencer Hawes,2008,4,21,0.19047619047619047
Stephane Lasme,2008,0,0,NA
Stephen Graham,2008,7,14,0.5
Stephen Jackson,2008,182,501,0.36327345309381237
Stephon Marbury,2008,28,74,0.3783783783783784
Steve Blake,2008,121,298,0.40604026845637586
Steve Francis,2008,4,17,0.23529411764705882
Steve Nash,2008,179,381,0.46981627296587924
Steve Novak,2008,34,71,0.4788732394366197
Steven Hunter,2008,0,0,NA
Stromile Swift,2008,0,2,0
T.J. Ford,2008,15,51,0.29411764705882354
Tarence Kinsey,2008,3,7,0.42857142857142855
Taurean Green,2008,2,11,0.18181818181818182
Tayshaun Prince,2008,53,146,0.363013698630137
Thabo Sefolosha,2008,29,88,0.32954545454545453
Thaddeus Young,2008,6,19,0.3157894736842105
Theo Ratliff,2008,0,1,0
Thomas Gardner,2008,3,12,0.25
Tim Duncan,2008,0,4,0
Tim Thomas,2008,83,271,0.3062730627306273
Tony Allen,2008,18,57,0.3157894736842105
Tony Parker,2008,17,66,0.25757575757575757
Tracy McGrady,2008,86,295,0.29152542372881357
Travis Diener,2008,74,233,0.31759656652360513
Travis Outlaw,2008,40,101,0.39603960396039606
Trenton Hassell,2008,2,9,0.2222222222222222
Trevor Ariza,2008,5,18,0.2777777777777778
Troy Hudson,2008,4,12,0.3333333333333333
Troy Murphy,2008,94,236,0.3983050847457627
Tyronn Lue,2008,39,86,0.45348837209302323
Tyrus Thomas,2008,1,6,0.16666666666666666
Tyson Chandler,2008,0,1,0
Udonis Haslem,2008,0,0,NA
Viktor Khryapa,2008,0,1,0
Vince Carter,2008,98,273,0.358974358974359
Vladimir Radmanovic,2008,95,234,0.405982905982906
Von Wafer,2008,4,26,0.15384615384615385
Wally Szczerbiak,2008,90,218,0.41284403669724773
Walter Herrmann,2008,20,64,0.3125
Willie Green,2008,51,179,0.2849162011173184
Wilson Chandler,2008,9,30,0.3
Yakhouba Diawara,2008,21,66,0.3181818181818182
Yao Ming*,2008,0,2,0
Yi Jianlian,2008,6,21,0.2857142857142857
Zach Randolph,2008,22,80,0.275
Zaza Pachulia,2008,0,3,0
Zydrunas Ilgauskas,2008,0,1,0
Aaron Brooks,2009,113,309,0.3656957928802589
Aaron Gray,2009,0,1,0
Acie Law,2009,9,29,0.3103448275862069
Adam Morrison,2009,32,96,0.3333333333333333
Adonal Foyle,2009,0,0,NA
Al Harrington,2009,171,470,0.3638297872340426
Al Horford,2009,0,1,0
Al Jefferson,2009,0,4,0
Al Thornton,2009,20,79,0.25316455696202533
Alando Tucker,2009,8,23,0.34782608695652173
Alex Acker,2009,7,20,0.35
Alexis Ajinca,2009,0,2,0
Allen Iverson*,2009,28,99,0.2828282828282828
Amar'e Stoudemire,2009,3,7,0.42857142857142855
Amir Johnson,2009,0,0,NA
Anderson Varejao,2009,0,2,0
Andray Blatche,2009,5,21,0.23809523809523808
Andre Brown,2009,0,0,NA
Andre Iguodala,2009,80,261,0.3065134099616858
Andre Miller,2009,15,53,0.2830188679245283
Andrea Bargnani,2009,119,291,0.40893470790378006
Andrei Kirilenko,2009,20,73,0.273972602739726
Andres Nocioni,2009,124,311,0.3987138263665595
Andrew Bogut,2009,0,0,NA
Andrew Bynum,2009,0,0,NA
Andris Biedrins,2009,0,1,0
Antawn Jamison,2009,112,319,0.3510971786833856
Anthony Carter,2009,21,88,0.23863636363636365
Anthony Johnson,2009,52,133,0.39097744360902253
Anthony Morrow,2009,86,184,0.4673913043478261
Anthony Parker,2009,94,241,0.3900414937759336
Anthony Randolph,2009,0,4,0
Anthony Roberson,2009,26,81,0.32098765432098764
Anthony Tolliver,2009,9,41,0.21951219512195122
Antoine Wright,2009,45,149,0.30201342281879195
Antonio Daniels,2009,22,60,0.36666666666666664
Antonio McDyess,2009,0,0,NA
Arron Afflalo,2009,43,107,0.40186915887850466
Austin Croshere,2009,5,15,0.3333333333333333
Baron Davis,2009,99,328,0.3018292682926829
Ben Gordon,2009,173,422,0.4099526066350711
Ben Wallace,2009,0,0,NA
Beno Udrih,2009,35,113,0.30973451327433627
Blake Ahearn,2009,2,4,0.5
Bobby Brown,2009,45,130,0.34615384615384615
Bobby Jackson,2009,60,197,0.30456852791878175
Bobby Simmons,2009,117,262,0.44656488549618323
Boris Diaw,2009,75,181,0.4143646408839779
Brad Miller,2009,23,56,0.4107142857142857
Brandan Wright,2009,0,4,0
Brandon Bass,2009,0,6,0
Brandon Roy,2009,83,220,0.37727272727272726
Brandon Rush,2009,78,209,0.37320574162679426
Brendan Haywood,2009,0,0,NA
Brent Barry,2009,49,131,0.37404580152671757
Brevin Knight,2009,0,6,0
Brian Cardinal,2009,30,92,0.32608695652173914
Brian Cook,2009,13,30,0.43333333333333335
Brian Scalabrine,2009,24,61,0.39344262295081966
Brian Skinner,2009,0,2,0
Brook Lopez,2009,0,2,0
Bruce Bowen,2009,42,98,0.42857142857142855
C.J. Miles,2009,63,179,0.35195530726256985
C.J. Watson,2009,48,120,0.4
Calvin Booth,2009,0,0,NA
Carl Landry,2009,1,3,0.3333333333333333
Carlos Boozer,2009,0,0,NA
Carmelo Anthony,2009,63,170,0.37058823529411766
Caron Butler,2009,65,210,0.30952380952380953
Cartier Martin,2009,10,33,0.30303030303030304
Cedric Simmons,2009,0,0,NA
Channing Frye,2009,11,33,0.3333333333333333
Charlie Bell,2009,87,240,0.3625
Charlie Villanueva,2009,89,258,0.3449612403100775
Chauncey Billups,2009,162,397,0.4080604534005038
Cheikh Samb,2009,0,3,0
Chris Andersen,2009,2,10,0.2
Chris Bosh,2009,12,49,0.24489795918367346
Chris Douglas-Roberts,2009,3,12,0.25
Chris Duhon,2009,127,325,0.39076923076923076
Chris Kaman,2009,0,0,NA
Chris Mihm,2009,0,0,NA
Chris Paul,2009,64,176,0.36363636363636365
Chris Quinn,2009,56,137,0.40875912408759124
Chris Wilcox,2009,0,4,0
Chuck Hayes,2009,0,4,0
Chucky Atkins,2009,15,57,0.2631578947368421
Corey Brewer,2009,5,12,0.4166666666666667
Corey Maggette,2009,24,95,0.25263157894736843
Courtney Lee,2009,82,203,0.4039408866995074
Courtney Sims,2009,0,0,NA
Craig Smith,2009,0,1,0
Cuttino Mobley,2009,12,35,0.34285714285714286
D.J. Augustin,2009,108,246,0.43902439024390244
D.J. White,2009,0,0,NA
Daequan Cook,2009,153,395,0.38734177215189874
Dahntay Jones,2009,11,17,0.6470588235294118
Damien Wilkins,2009,27,72,0.375
Damon Jones,2009,11,28,0.39285714285714285
Dan Gadzuric,2009,0,2,0
Daniel Gibson,2009,108,283,0.38162544169611307
Danilo Gallinari,2009,32,72,0.4444444444444444
Danny Granger,2009,182,450,0.40444444444444444
Darius Miles,2009,1,6,0.16666666666666666
Darius Songaila,2009,0,1,0
Darko Milicic,2009,0,0,NA
Darnell Jackson,2009,0,2,0
Darrell Arthur,2009,0,2,0
David Lee,2009,0,3,0
David West,2009,6,25,0.24
DeAndre Jordan,2009,0,0,NA
DeMarcus Nelson,2009,0,3,0
DeSagana Diop,2009,0,0,NA
DeShawn Stevenson,2009,35,129,0.2713178294573643
Dee Brown,2009,7,24,0.2916666666666667
Delonte West,2009,91,228,0.3991228070175439
Demetris Nichols,2009,0,2,0
Derek Fisher,2009,120,302,0.3973509933774834
Deron Williams,2009,70,226,0.30973451327433627
Derrick Rose,2009,16,72,0.2222222222222222
Desmon Farmer,2009,3,12,0.25
Desmond Mason,2009,0,3,0
Devean George,2009,22,76,0.2894736842105263
Devin Brown,2009,28,97,0.28865979381443296
Devin Harris,2009,64,220,0.2909090909090909
Didier Ilunga-Mbenga,2009,0,1,0
Dikembe Mutombo*,2009,0,0,NA
Dirk Nowitzki,2009,61,170,0.3588235294117647
Dominic McGuire,2009,2,4,0.5
Donte Greene,2009,26,100,0.26
Dontell Jefferson,2009,1,2,0.5
Donyell Marshall,2009,25,55,0.45454545454545453
Dorell Wright,2009,0,0,NA
Drew Gooden,2009,0,4,0
Dwayne Jones,2009,0,0,NA
Dwight Howard,2009,0,2,0
Dwyane Wade,2009,88,278,0.31654676258992803
Earl Watson,2009,20,85,0.23529411764705882
Eddie Gill,2009,2,3,0.6666666666666666
Eddie House,2009,151,340,0.4441176470588235
Eddy Curry,2009,0,0,NA
Eduardo Najera,2009,5,25,0.2
Elton Brand,2009,0,0,NA
Emeka Okafor,2009,0,0,NA
Eric Gordon,2009,131,337,0.3887240356083086
Erick Dampier,2009,0,0,NA
Etan Thomas,2009,0,0,NA
Fabricio Oberto,2009,0,1,0
Francisco Elson,2009,1,4,0.25
Francisco Garcia,2009,88,221,0.39819004524886875
Fred Jones,2009,54,147,0.3673469387755102
Gabe Pruitt,2009,14,48,0.2916666666666667
George Hill,2009,24,73,0.3287671232876712
Gerald Green,2009,14,46,0.30434782608695654
Gerald Wallace,2009,39,131,0.29770992366412213
Gilbert Arenas,2009,2,7,0.2857142857142857
Glen Davis,2009,2,5,0.4
Goran Dragic,2009,20,54,0.37037037037037035
Grant Hill,2009,24,76,0.3157894736842105
Greg Buckner,2009,13,51,0.2549019607843137
Greg Oden,2009,0,0,NA
Hakim Warrick,2009,5,23,0.21739130434782608
Hamed Haddadi,2009,0,0,NA
Hassan Adams,2009,0,0,NA
Hedo Turkoglu,2009,134,376,0.35638297872340424
Henry Walker,2009,0,1,0
Hilton Armstrong,2009,0,2,0
Ike Diogu,2009,1,2,0.5
Ime Udoka,2009,41,125,0.328
J.J. Barea,2009,55,154,0.35714285714285715
J.J. Hickson,2009,0,0,NA
J.J. Redick,2009,67,179,0.3743016759776536
J.R. Giddens,2009,0,0,NA
J.R. Smith,2009,180,453,0.3973509933774834
JaVale McGee,2009,0,0,NA
Jacque Vaughn,2009,1,1,1
Jake Voskuhl,2009,0,0,NA
Jamaal Magloire,2009,0,0,NA
Jamal Crawford,2009,142,394,0.3604060913705584
Jamario Moon,2009,65,183,0.3551912568306011
Jameer Nelson,2009,82,181,0.4530386740331492
James Jones,2009,33,96,0.34375
James Posey,2009,116,314,0.36942675159235666
James Singleton,2009,13,40,0.325
James White,2009,1,2,0.5
Jared Dudley,2009,29,74,0.3918918918918919
Jared Jeffries,2009,1,12,0.08333333333333333
Jarrett Jack,2009,78,221,0.35294117647058826
Jarron Collins,2009,0,0,NA
Jarvis Hayes,2009,94,244,0.38524590163934425
Jason Collins,2009,0,0,NA
Jason Hart,2009,0,6,0
Jason Kapono,2009,98,229,0.4279475982532751
Jason Kidd,2009,131,323,0.4055727554179567
Jason Maxiell,2009,0,1,0
Jason Richardson,2009,129,325,0.39692307692307693
Jason Terry,2009,167,456,0.36622807017543857
Jason Thompson,2009,0,8,0
Javaris Crittenton,2009,2,15,0.13333333333333333
Jawad Williams,2009,2,6,0.3333333333333333
Jeff Foster,2009,2,7,0.2857142857142857
Jeff Green,2009,96,247,0.38866396761133604
Jeremy Richardson,2009,6,17,0.35294117647058826
Jermaine O'Neal,2009,0,1,0
Jermareo Davidson,2009,0,0,NA
Jerome James,2009,0,0,NA
Jerry Stackhouse,2009,3,19,0.15789473684210525
Jerryd Bayless,2009,7,27,0.25925925925925924
Joakim Noah,2009,0,1,0
Joe Alexander,2009,16,46,0.34782608695652173
Joe Crawford,2009,1,4,0.25
Joe Johnson,2009,149,414,0.35990338164251207
Joe Smith,2009,3,7,0.42857142857142855
Joel Anthony,2009,0,0,NA
Joel Przybilla,2009,0,1,0
Joey Dorsey,2009,0,0,NA
Joey Graham,2009,3,16,0.1875
Johan Petro,2009,0,2,0
John Salmons,2009,126,302,0.41721854304635764
Jordan Farmar,2009,49,146,0.3356164383561644
Jose Calderon,2009,82,202,0.40594059405940597
Josh Boone,2009,0,0,NA
Josh Howard,2009,58,168,0.34523809523809523
Josh McRoberts,2009,0,10,0
Josh Powell,2009,0,0,NA
Josh Smith,2009,26,87,0.2988505747126437
Juan Dixon,2009,25,75,0.3333333333333333
Julian Wright,2009,2,21,0.09523809523809523
Juwan Howard,2009,0,0,NA
Kareem Rush,2009,10,33,0.30303030303030304
Keith Bogans,2009,74,218,0.3394495412844037
Kelenna Azubuike,2009,94,210,0.44761904761904764
Kendrick Perkins,2009,0,2,0
Kenny Thomas,2009,0,0,NA
Kenyon Martin,2009,14,38,0.3684210526315789
Kevin Durant,2009,97,230,0.4217391304347826
Kevin Garnett,2009,2,8,0.25
Kevin Love,2009,2,19,0.10526315789473684
Kevin Martin,2009,115,277,0.4151624548736462
Kevin Ollie,2009,0,1,0
Keyon Dooling,2009,99,235,0.42127659574468085
Kirk Hinrich,2009,69,169,0.40828402366863903
Kobe Bryant,2009,118,336,0.35119047619047616
Kosta Koufos,2009,0,0,NA
Kris Humphries,2009,0,0,NA
Kurt Thomas,2009,0,2,0
Kwame Brown,2009,0,0,NA
Kyle Korver,2009,103,267,0.3857677902621723
Kyle Lowry,2009,25,98,0.25510204081632654
Kyle Weaver,2009,32,93,0.34408602150537637
Kyrylo Fesenko,2009,0,0,NA
LaMarcus Aldridge,2009,7,28,0.25
Lamar Odom,2009,33,103,0.32038834951456313
Larry Hughes,2009,75,193,0.38860103626943004
LeBron James,2009,132,384,0.34375
Leandro Barbosa,2009,90,240,0.375
Leon Powe,2009,0,0,NA
Linas Kleiza,2009,87,267,0.3258426966292135
Lindsey Hunter,2009,16,48,0.3333333333333333
Linton Johnson,2009,1,2,0.5
Lorenzen Wright,2009,0,0,NA
Lou Amundson,2009,0,1,0
Lou Williams,2009,63,220,0.2863636363636364
Luc Mbah a Moute,2009,0,4,0
Luis Scola,2009,0,3,0
Luke Ridnour,2009,55,157,0.3503184713375796
Luke Walton,2009,17,57,0.2982456140350877
Luol Deng,2009,8,20,0.4
Luther Head,2009,20,54,0.37037037037037035
Maceo Baston,2009,0,1,0
Malik Allen,2009,0,1,0
Malik Hairston,2009,0,1,0
Malik Rose,2009,0,7,0
Manu Ginobili,2009,69,209,0.33014354066985646
Marc Gasol,2009,0,1,0
Marcin Gortat,2009,1,1,1
Marco Belinelli,2009,52,131,0.3969465648854962
Marcus Banks,2009,3,19,0.15789473684210525
Marcus Camby,2009,1,4,0.25
Marcus Williams,2009,2,6,0.3333333333333333
Mardy Collins,2009,13,31,0.41935483870967744
Mario Chalmers,2009,114,311,0.3665594855305466
Mario West,2009,1,1,1
Mark Blount,2009,11,27,0.4074074074074074
Mark Madsen,2009,0,0,NA
Marko Jaric,2009,11,28,0.39285714285714285
Marquis Daniels,2009,18,90,0.2
Marreese Speights,2009,2,8,0.25
Martell Webster,2009,0,1,0
Marvin Williams,2009,55,155,0.3548387096774194
Matt Barnes,2009,117,341,0.34310850439882695
Matt Bonner,2009,118,268,0.44029850746268656
Matt Carroll,2009,13,53,0.24528301886792453
Matt Harpring,2009,0,2,0
Maurice Ager,2009,0,6,0
Maurice Evans,2009,98,248,0.3951612903225806
Mehmet Okur,2009,90,202,0.44554455445544555
Melvin Ely,2009,0,0,NA
Metta World Peace,2009,153,383,0.39947780678851175
Michael Beasley,2009,33,81,0.4074074074074074
Michael Finley,2009,131,319,0.4106583072100313
Michael Redd,2009,70,191,0.36649214659685864
Michael Ruffin,2009,0,0,NA
Mickael Pietrus,2009,80,223,0.35874439461883406
Mike Bibby,2009,167,428,0.3901869158878505
Mike Conley,2009,88,217,0.4055299539170507
Mike Dunleavy,2009,32,90,0.35555555555555557
Mike James,2009,69,184,0.375
Mike Miller,2009,85,225,0.37777777777777777
Mike Taylor,2009,13,40,0.325
Mikki Moore,2009,0,0,NA
Mo Williams,2009,183,420,0.4357142857142857
Monta Ellis,2009,8,26,0.3076923076923077
Morris Almond,2009,5,17,0.29411764705882354
Morris Peterson,2009,33,85,0.38823529411764707
Mouhamed Sene,2009,0,0,NA
Nate Robinson,2009,125,385,0.3246753246753247
Nathan Jawai,2009,0,0,NA
Nazr Mohammed,2009,0,0,NA
Nenad Krstic,2009,0,0,NA
Nene Hilario,2009,1,5,0.2
Nick Collison,2009,0,2,0
Nick Young,2009,56,164,0.34146341463414637
Nicolas Batum,2009,62,168,0.36904761904761907
O.J. Mayo,2009,145,378,0.3835978835978836
Oleksiy Pecherov,2009,14,43,0.32558139534883723
Othello Hunter,2009,0,0,NA
Patrick O'Bryant,2009,0,2,0
Pau Gasol,2009,1,2,0.5
Paul Davis,2009,0,1,0
Paul Millsap,2009,0,4,0
Paul Pierce,2009,119,304,0.39144736842105265
Peja Stojakovic,2009,145,384,0.3776041666666667
Pops Mensah-Bonsu,2009,0,2,0
Quentin Richardson,2009,120,329,0.364741641337386
Quincy Douby,2009,14,46,0.30434782608695654
Quinton Ross,2009,33,88,0.375
Rafer Alston,2009,112,331,0.338368580060423
Raja Bell,2009,114,271,0.42066420664206644
Rajon Rondo,2009,15,48,0.3125
Ramon Sessions,2009,6,34,0.17647058823529413
Randolph Morris,2009,0,0,NA
Randy Foye,2009,111,308,0.36038961038961037
Rashad McCants,2009,63,189,0.3333333333333333
Rashard Lewis,2009,220,554,0.3971119133574007
Rasheed Wallace,2009,113,319,0.3542319749216301
Rasho Nesterovic,2009,0,1,0
Rasual Butler,2009,140,359,0.38997214484679665
Ray Allen,2009,199,486,0.4094650205761317
Raymond Felton,2009,59,207,0.28502415458937197
Reggie Evans,2009,0,1,0
Renaldo Balkman,2009,2,7,0.2857142857142857
Richard Hamilton,2009,70,190,0.3684210526315789
Richard Jefferson,2009,116,292,0.3972602739726027
Ricky Davis,2009,35,111,0.3153153153153153
Rob Kurz,2009,15,38,0.39473684210526316
Robert Swift,2009,0,0,NA
Robin Lopez,2009,0,1,0
Rodney Carney,2009,79,226,0.3495575221238938
Rodney Stuckey,2009,23,78,0.2948717948717949
Roger Mason,2009,166,394,0.4213197969543147
Roko Ukic,2009,11,62,0.1774193548387097
Ronald Murray,2009,87,242,0.359504132231405
Ronnie Brewer,2009,22,85,0.25882352941176473
Ronnie Price,2009,19,61,0.3114754098360656
Ronny Turiaf,2009,0,3,0
Roy Hibbert,2009,0,0,NA
Royal Ivey,2009,39,114,0.34210526315789475
Rudy Fernandez,2009,159,398,0.39949748743718594
Rudy Gay,2009,85,242,0.3512396694214876
Russell Westbrook,2009,35,129,0.2713178294573643
Ryan Anderson,2009,69,189,0.36507936507936506
Ryan Bowen,2009,0,0,NA
Ryan Gomes,2009,106,285,0.3719298245614035
Ryan Hollins,2009,0,0,NA
Samuel Dalembert,2009,0,2,0
Sasha Pavlovic,2009,48,117,0.41025641025641024
Sasha Vujacic,2009,81,223,0.3632286995515695
Sean Marks,2009,2,10,0.2
Sean May,2009,1,1,1
Sean Singletary,2009,10,25,0.4
Sean Williams,2009,0,0,NA
Sebastian Telfair,2009,73,211,0.3459715639810427
Sergio Rodriguez,2009,37,114,0.32456140350877194
Shane Battier,2009,91,237,0.38396624472573837
Shannon Brown,2009,14,37,0.3783783783783784
Shaquille O'Neal*,2009,0,1,0
Shaun Livingston,2009,0,0,NA
Shavlik Randolph,2009,1,1,1
Shawn Marion,2009,10,53,0.18867924528301888
Shawne Williams,2009,1,17,0.058823529411764705
Shelden Williams,2009,0,2,0
Solomon Jones,2009,1,2,0.5
Sonny Weems,2009,0,3,0
Speedy Claxton,2009,0,0,NA
Spencer Hawes,2009,40,115,0.34782608695652173
Stephen Graham,2009,20,66,0.30303030303030304
Stephen Jackson,2009,103,305,0.3377049180327869
Stephon Marbury,2009,6,25,0.24
Steve Blake,2009,140,328,0.4268292682926829
Steve Nash,2009,108,246,0.43902439024390244
Steve Novak,2009,119,286,0.4160839160839161
Steven Hill,2009,0,0,NA
Stromile Swift,2009,1,1,1
Sun Yue,2009,0,6,0
T.J. Ford,2009,35,104,0.33653846153846156
Tarence Kinsey,2009,7,18,0.3888888888888889
Tayshaun Prince,2009,56,141,0.3971631205673759
Thabo Sefolosha,2009,24,87,0.27586206896551724
Thaddeus Young,2009,56,164,0.34146341463414637
Theo Ratliff,2009,0,0,NA
Thomas Gardner,2009,4,23,0.17391304347826086
Tim Duncan,2009,0,2,0
Tim Thomas,2009,78,189,0.4126984126984127
Tony Allen,2009,6,27,0.2222222222222222
Tony Battie,2009,2,9,0.2222222222222222
Tony Parker,2009,19,65,0.2923076923076923
Tracy McGrady,2009,44,117,0.37606837606837606
Travis Diener,2009,46,118,0.3898305084745763
Travis Outlaw,2009,89,236,0.3771186440677966
Trenton Hassell,2009,2,8,0.25
Trevor Ariza,2009,61,191,0.3193717277486911
Trey Johnson,2009,0,0,NA
Troy Murphy,2009,161,358,0.44972067039106145
Tyronn Lue,2009,27,62,0.43548387096774194
Tyrus Thomas,2009,3,9,0.3333333333333333
Tyson Chandler,2009,0,0,NA
Udonis Haslem,2009,0,0,NA
Vince Carter,2009,151,392,0.3852040816326531
Vladimir Radmanovic,2009,105,262,0.40076335877862596
Von Wafer,2009,64,164,0.3902439024390244
Wally Szczerbiak,2009,69,168,0.4107142857142857
Walter Herrmann,2009,41,120,0.3416666666666667
Walter Sharpe,2009,0,2,0
Will Bynum,2009,3,19,0.15789473684210525
Will Solomon,2009,28,86,0.32558139534883723
Willie Green,2009,51,161,0.3167701863354037
Wilson Chandler,2009,103,314,0.32802547770700635
Yakhouba Diawara,2009,51,163,0.3128834355828221
Yao Ming*,2009,1,1,1
Yi Jianlian,2009,48,140,0.34285714285714286
Zach Randolph,2009,32,97,0.32989690721649484
Zaza Pachulia,2009,0,3,0
Zydrunas Ilgauskas,2009,15,39,0.38461538461538464
A.J. Price,2010,60,174,0.3448275862068966
Aaron Brooks,2010,209,525,0.3980952380952381
Aaron Gray,2010,0,0,NA
Acie Law,2010,5,16,0.3125
Adam Morrison,2010,5,21,0.23809523809523808
Al Harrington,2010,140,409,0.3422982885085575
Al Horford,2010,1,1,1
Al Jefferson,2010,0,4,0
Al Thornton,2010,11,31,0.3548387096774194
Alando Tucker,2010,1,7,0.14285714285714285
Alexis Ajinca,2010,0,0,NA
Allen Iverson*,2010,9,25,0.36
Alonzo Gee,2010,7,9,0.7777777777777778
Amar'e Stoudemire,2010,1,6,0.16666666666666666
Amir Johnson,2010,0,4,0
Anderson Varejao,2010,1,5,0.2
Andray Blatche,2010,13,44,0.29545454545454547
Andre Iguodala,2010,94,303,0.3102310231023102
Andre Miller,2010,16,80,0.2
Andrea Bargnani,2010,121,325,0.3723076923076923
Andrei Kirilenko,2010,26,89,0.29213483146067415
Andres Nocioni,2010,96,249,0.3855421686746988
Andrew Bogut,2010,0,2,0
Andrew Bynum,2010,0,1,0
Andris Biedrins,2010,0,0,NA
Antawn Jamison,2010,85,247,0.3441295546558704
Anthony Carter,2010,17,63,0.2698412698412698
Anthony Johnson,2010,13,39,0.3333333333333333
Anthony Morrow,2010,140,307,0.4560260586319218
Anthony Parker,2010,108,261,0.41379310344827586
Anthony Randolph,2010,1,5,0.2
Anthony Tolliver,2010,50,152,0.32894736842105265
Antoine Wright,2010,58,173,0.3352601156069364
Antonio Anderson,2010,0,0,NA
Antonio McDyess,2010,0,2,0
Arron Afflalo,2010,108,249,0.43373493975903615
Austin Daye,2010,29,95,0.30526315789473685
Baron Davis,2010,82,296,0.27702702702702703
Ben Gordon,2010,75,234,0.32051282051282054
Ben Wallace,2010,0,2,0
Beno Udrih,2010,75,199,0.3768844221105528
Bobby Brown,2010,26,98,0.2653061224489796
Bobby Simmons,2010,20,63,0.31746031746031744
Boris Diaw,2010,66,206,0.32038834951456313
Brad Miller,2010,37,132,0.2803030303030303
Brandon Bass,2010,0,0,NA
Brandon Jennings,2010,145,388,0.37371134020618557
Brandon Roy,2010,73,221,0.33031674208144796
Brandon Rush,2010,124,302,0.4105960264900662
Brendan Haywood,2010,0,1,0
Brian Cardinal,2010,3,9,0.3333333333333333
Brian Cook,2010,2,9,0.2222222222222222
Brian Scalabrine,2010,16,49,0.32653061224489793
Brian Skinner,2010,0,0,NA
Brook Lopez,2010,0,2,0
Byron Mullens,2010,0,0,NA
C.J. Miles,2010,74,217,0.34101382488479265
C.J. Watson,2010,45,145,0.3103448275862069
Carl Landry,2010,1,3,0.3333333333333333
Carlos Arroyo,2010,7,25,0.28
Carlos Boozer,2010,0,0,NA
Carlos Delfino,2010,134,365,0.36712328767123287
Carmelo Anthony,2010,59,187,0.3155080213903743
Caron Butler,2010,42,145,0.2896551724137931
Cartier Martin,2010,17,49,0.3469387755102041
Cedric Jackson,2010,1,6,0.16666666666666666
Channing Frye,2010,172,392,0.4387755102040816
Charlie Bell,2010,73,200,0.365
Charlie Villanueva,2010,99,282,0.35106382978723405
Chase Budinger,2010,92,249,0.36947791164658633
Chauncey Billups,2010,157,407,0.3857493857493858
Chris Andersen,2010,0,3,0
Chris Bosh,2010,8,22,0.36363636363636365
Chris Douglas-Roberts,2010,14,54,0.25925925925925924
Chris Duhon,2010,90,258,0.3488372093023256
Chris Hunter,2010,0,4,0
Chris Kaman,2010,0,6,0
Chris Paul,2010,52,127,0.4094488188976378
Chris Quinn,2010,10,32,0.3125
Chris Richard,2010,0,0,NA
Chris Wilcox,2010,0,0,NA
Chuck Hayes,2010,0,0,NA
Chucky Atkins,2010,22,73,0.3013698630136986
Coby Karl,2010,2,11,0.18181818181818182
Corey Brewer,2010,82,237,0.3459915611814346
Corey Maggette,2010,13,50,0.26
Courtney Lee,2010,76,225,0.3377777777777778
Craig Smith,2010,1,5,0.2
D.J. Augustin,2010,70,178,0.39325842696629215
D.J. White,2010,0,0,NA
DaJuan Summers,2010,15,42,0.35714285714285715
Daequan Cook,2010,40,126,0.31746031746031744
Dahntay Jones,2010,4,32,0.125
Damien Wilkins,2010,18,61,0.29508196721311475
Dan Gadzuric,2010,0,0,NA
Daniel Gibson,2010,71,149,0.47651006711409394
Danilo Gallinari,2010,186,488,0.38114754098360654
Danny Granger,2010,158,438,0.3607305936073059
Danny Green,2010,6,22,0.2727272727272727
Dante Cunningham,2010,0,2,0
Darius Songaila,2010,1,6,0.16666666666666666
Darko Milicic,2010,0,1,0
Darnell Jackson,2010,1,4,0.25
Darrell Arthur,2010,0,1,0
Darren Collison,2010,46,115,0.4
David Andersen,2010,27,78,0.34615384615384615
David Lee,2010,0,8,0
David West,2010,7,27,0.25925925925925924
DeAndre Jordan,2010,0,2,0
DeJuan Blair,2010,0,2,0
DeMar DeRozan,2010,4,16,0.25
DeMarre Carroll,2010,0,6,0
DeSagana Diop,2010,0,0,NA
DeShawn Stevenson,2010,19,87,0.21839080459770116
Delonte West,2010,25,77,0.3246753246753247
Derek Fisher,2010,78,224,0.3482142857142857
Deron Williams,2010,96,259,0.37065637065637064
Derrick Brown,2010,2,7,0.2857142857142857
Derrick Rose,2010,16,60,0.26666666666666666
Desmond Mason,2010,0,0,NA
Devean George,2010,48,123,0.3902439024390244
Devin Brown,2010,58,164,0.35365853658536583
Devin Harris,2010,60,217,0.2764976958525346
Didier Ilunga-Mbenga,2010,0,0,NA
Dirk Nowitzki,2010,51,121,0.4214876033057851
Dominic McGuire,2010,0,0,NA
Donte Greene,2010,69,183,0.3770491803278688
Dorell Wright,2010,61,157,0.3885350318471338
Drew Gooden,2010,1,8,0.125
Dwayne Jones,2010,0,0,NA
Dwight Howard,2010,0,7,0
Dwyane Wade,2010,73,243,0.3004115226337449
Earl Barron,2010,0,0,NA
Earl Boykins,2010,19,60,0.31666666666666665
Earl Clark,2010,2,5,0.4
Earl Watson,2010,53,184,0.28804347826086957
Eddie House,2010,79,227,0.34801762114537443
Eddy Curry,2010,0,0,NA
Eduardo Najera,2010,19,64,0.296875
Elton Brand,2010,0,1,0
Emeka Okafor,2010,0,0,NA
Eric Gordon,2010,119,321,0.3707165109034268
Eric Maynor,2010,22,71,0.30985915492957744
Erick Dampier,2010,1,3,0.3333333333333333
Ersan Ilyasova,2010,81,241,0.3360995850622407
Etan Thomas,2010,0,0,NA
Fabricio Oberto,2010,0,0,NA
Francisco Elson,2010,0,0,NA
Francisco Garcia,2010,23,59,0.3898305084745763
Garrett Temple,2010,13,37,0.35135135135135137
George Hill,2010,75,188,0.39893617021276595
Gerald Henderson,2010,4,19,0.21052631578947367
Gerald Wallace,2010,52,140,0.37142857142857144
Gilbert Arenas,2010,63,181,0.34806629834254144
Glen Davis,2010,0,4,0
Goran Dragic,2010,74,188,0.39361702127659576
Grant Hill,2010,35,80,0.4375
Greg Oden,2010,0,0,NA
Hakim Warrick,2010,1,7,0.14285714285714285
Hamed Haddadi,2010,0,3,0
Hasheem Thabeet,2010,0,0,NA
Hedo Turkoglu,2010,108,289,0.3737024221453287
Henry Walker,2010,50,116,0.43103448275862066
Hilton Armstrong,2010,0,1,0
Ian Mahinmi,2010,0,0,NA
Ime Udoka,2010,26,91,0.2857142857142857
J.J. Barea,2010,56,157,0.35668789808917195
J.J. Hickson,2010,0,1,0
J.J. Redick,2010,111,274,0.4051094890510949
J.R. Giddens,2010,0,10,0
J.R. Smith,2010,158,467,0.33832976445396146
JaVale McGee,2010,0,1,0
Jamaal Magloire,2010,0,0,NA
Jamaal Tinsley,2010,7,39,0.1794871794871795
Jamal Crawford,2010,163,427,0.38173302107728335
Jamario Moon,2010,32,100,0.32
Jameer Nelson,2010,86,226,0.3805309734513274
James Harden,2010,93,248,0.375
James Johnson,2010,15,46,0.32608695652173914
James Jones,2010,37,90,0.4111111111111111
James Posey,2010,81,242,0.3347107438016529
James Singleton,2010,7,37,0.1891891891891892
JamesOn Curry,2010,0,0,NA
Jannero Pargo,2010,38,138,0.2753623188405797
Jared Dudley,2010,120,262,0.4580152671755725
Jared Jeffries,2010,21,71,0.29577464788732394
Jarrett Jack,2010,82,199,0.4120603015075377
Jarron Collins,2010,0,0,NA
Jarvis Hayes,2010,60,179,0.33519553072625696
Jason Collins,2010,0,1,0
Jason Hart,2010,0,0,NA
Jason Kapono,2010,63,171,0.3684210526315789
Jason Kidd,2010,176,414,0.4251207729468599
Jason Maxiell,2010,0,1,0
Jason Richardson,2010,157,400,0.3925
Jason Smith,2010,10,29,0.3448275862068966
Jason Terry,2010,136,373,0.3646112600536193
Jason Thompson,2010,1,10,0.1
Jason Williams,2010,84,221,0.38009049773755654
Jawad Williams,2010,30,93,0.3225806451612903
Jeff Ayres,2010,0,0,NA
Jeff Foster,2010,0,1,0
Jeff Green,2010,104,312,0.3333333333333333
Jeff Teague,2010,7,32,0.21875
Jermaine O'Neal,2010,0,2,0
Jermaine Taylor,2010,5,22,0.22727272727272727
Jerry Stackhouse,2010,45,130,0.34615384615384615
Jerryd Bayless,2010,29,92,0.31521739130434784
Joakim Noah,2010,0,0,NA
Jodie Meeks,2010,42,132,0.3181818181818182
Joe Alexander,2010,0,1,0
Joe Johnson,2010,129,350,0.36857142857142855
Joe Smith,2010,1,7,0.14285714285714285
Joel Anthony,2010,0,0,NA
Joel Przybilla,2010,0,0,NA
Joey Dorsey,2010,0,0,NA
Joey Graham,2010,2,13,0.15384615384615385
Johan Petro,2010,0,1,0
John Salmons,2010,118,309,0.3818770226537217
Jon Brockman,2010,0,0,NA
Jonas Jerebko,2010,36,115,0.3130434782608696
Jonathan Bender,2010,14,39,0.358974358974359
Jonny Flynn,2010,77,215,0.3581395348837209
Jordan Farmar,2010,86,229,0.37554585152838427
Jordan Hill,2010,0,2,0
Jose Calderon,2010,68,171,0.39766081871345027
Josh Boone,2010,0,0,NA
Josh Howard,2010,23,86,0.26744186046511625
Josh McRoberts,2010,8,23,0.34782608695652173
Josh Powell,2010,7,16,0.4375
Josh Smith,2010,0,7,0
Jrue Holiday,2010,62,159,0.389937106918239
Julian Wright,2010,2,6,0.3333333333333333
Juwan Howard,2010,0,1,0
Kareem Rush,2010,1,3,0.3333333333333333
Keith Bogans,2010,70,196,0.35714285714285715
Kelenna Azubuike,2010,10,27,0.37037037037037035
Kendrick Perkins,2010,0,3,0
Kenny Thomas,2010,0,0,NA
Kenyon Martin,2010,8,29,0.27586206896551724
Kevin Durant,2010,128,351,0.3646723646723647
Kevin Garnett,2010,1,5,0.2
Kevin Love,2010,35,106,0.330188679245283
Kevin Martin,2010,70,210,0.3333333333333333
Kevin Ollie,2010,0,1,0
Keyon Dooling,2010,59,157,0.37579617834394907
Kirk Hinrich,2010,104,280,0.37142857142857144
Kobe Bryant,2010,99,301,0.3289036544850498
Kosta Koufos,2010,0,0,NA
Kris Humphries,2010,0,1,0
Kurt Thomas,2010,0,0,NA
Kwame Brown,2010,0,1,0
Kyle Korver,2010,59,110,0.5363636363636364
Kyle Lowry,2010,37,136,0.27205882352941174
Kyle Weaver,2010,7,19,0.3684210526315789
Kyrylo Fesenko,2010,0,1,0
LaMarcus Aldridge,2010,5,16,0.3125
Lamar Odom,2010,58,182,0.31868131868131866
Larry Hughes,2010,43,139,0.30935251798561153
LeBron James,2010,129,387,0.3333333333333333
Leandro Barbosa,2010,44,136,0.3235294117647059
Leon Powe,2010,0,0,NA
Lester Hudson,2010,5,16,0.3125
Lindsey Hunter,2010,1,13,0.07692307692307693
Lou Amundson,2010,0,1,0
Lou Williams,2010,70,206,0.33980582524271846
Luc Mbah a Moute,2010,6,17,0.35294117647058826
Luis Scola,2010,1,5,0.2
Luke Ridnour,2010,69,181,0.3812154696132597
Luke Walton,2010,7,17,0.4117647058823529
Luol Deng,2010,32,83,0.3855421686746988
Luther Head,2010,37,105,0.3523809523809524
Malik Allen,2010,1,6,0.16666666666666666
Malik Hairston,2010,2,11,0.18181818181818182
Manu Ginobili,2010,132,350,0.37714285714285717
Marc Gasol,2010,0,1,0
Marcin Gortat,2010,0,3,0
Marco Belinelli,2010,60,158,0.379746835443038
Marcus Banks,2010,7,24,0.2916666666666667
Marcus Camby,2010,2,7,0.2857142857142857
Marcus Haislip,2010,3,5,0.6
Marcus Landry,2010,9,28,0.32142857142857145
Marcus Thornton,2010,117,313,0.3738019169329074
Marcus Williams,2010,24,81,0.2962962962962963
Mardy Collins,2010,4,17,0.23529411764705882
Mario Chalmers,2010,75,236,0.3177966101694915
Mario West,2010,0,1,0
Marquis Daniels,2010,6,28,0.21428571428571427
Marreese Speights,2010,0,5,0
Martell Webster,2010,124,332,0.37349397590361444
Marvin Williams,2010,40,132,0.30303030303030304
Matt Barnes,2010,66,207,0.3188405797101449
Matt Bonner,2010,90,231,0.38961038961038963
Matt Carroll,2010,4,19,0.21052631578947367
Maurice Evans,2010,57,169,0.33727810650887574
Mehmet Okur,2010,82,213,0.38497652582159625
Metta World Peace,2010,105,296,0.3547297297297297
Michael Beasley,2010,28,102,0.27450980392156865
Michael Finley,2010,32,82,0.3902439024390244
Michael Redd,2010,18,60,0.3
Mickael Pietrus,2010,116,306,0.3790849673202614
Mike Bibby,2010,126,324,0.3888888888888889
Mike Conley,2010,82,212,0.3867924528301887
Mike Dunleavy,2010,75,236,0.3177966101694915
Mike Harris,2010,0,1,0
Mike James,2010,2,6,0.3333333333333333
Mike Miller,2010,82,171,0.47953216374269003
Mike Wilks,2010,2,3,0.6666666666666666
Mikki Moore,2010,0,0,NA
Mo Williams,2010,159,371,0.42857142857142855
Monta Ellis,2010,77,228,0.33771929824561403
Morris Peterson,2010,62,171,0.36257309941520466
Nate Robinson,2010,87,223,0.3901345291479821
Nathan Jawai,2010,0,1,0
Nazr Mohammed,2010,0,0,NA
Nenad Krstic,2010,1,5,0.2
Nene Hilario,2010,0,2,0
Nick Collison,2010,1,4,0.25
Nick Young,2010,69,170,0.40588235294117647
Nicolas Batum,2010,54,132,0.4090909090909091
O.J. Mayo,2010,136,355,0.38309859154929576
Oleksiy Pecherov,2010,14,52,0.2692307692307692
Oliver Lafayette,2010,1,2,0.5
Omri Casspi,2010,75,203,0.3694581280788177
Othello Hunter,2010,0,0,NA
Othyus Jeffers,2010,0,0,NA
Patrick O'Bryant,2010,0,1,0
Patty Mills,2010,2,4,0.5
Pau Gasol,2010,0,5,0
Paul Davis,2010,0,0,NA
Paul Millsap,2010,1,9,0.1111111111111111
Paul Pierce,2010,109,263,0.4144486692015209
Peja Stojakovic,2010,132,352,0.375
Pops Mensah-Bonsu,2010,0,0,NA
Primoz Brezec,2010,0,0,NA
Quentin Richardson,2010,142,358,0.39664804469273746
Quinton Ross,2010,4,21,0.19047619047619047
Rafer Alston,2010,58,168,0.34523809523809523
Raja Bell,2010,12,27,0.4444444444444444
Rajon Rondo,2010,17,80,0.2125
Ramon Sessions,2010,1,15,0.06666666666666667
Randolph Morris,2010,0,0,NA
Randy Foye,2010,63,182,0.34615384615384615
Rashard Lewis,2010,168,423,0.3971631205673759
Rasheed Wallace,2010,82,290,0.2827586206896552
Rasho Nesterovic,2010,0,0,NA
Rasual Butler,2010,145,432,0.33564814814814814
Ray Allen,2010,145,399,0.3634085213032581
Raymond Felton,2010,60,156,0.38461538461538464
Reggie Evans,2010,0,0,NA
Reggie Williams,2010,33,92,0.358695652173913
Renaldo Balkman,2010,0,7,0
Richard Hamilton,2010,41,138,0.2971014492753623
Richard Jefferson,2010,59,187,0.3155080213903743
Ricky Davis,2010,16,42,0.38095238095238093
Robin Lopez,2010,0,0,NA
Rodney Carney,2010,41,135,0.3037037037037037
Rodney Stuckey,2010,18,79,0.22784810126582278
Rodrigue Beaubois,2010,45,110,0.4090909090909091
Roger Mason,2010,88,264,0.3333333333333333
Roko Ukic,2010,3,12,0.25
Ronald Murray,2010,69,221,0.31221719457013575
Ronnie Brewer,2010,8,31,0.25806451612903225
Ronnie Price,2010,18,63,0.2857142857142857
Ronny Turiaf,2010,0,1,0
Roy Hibbert,2010,3,6,0.5
Royal Ivey,2010,14,35,0.4
Rudy Fernandez,2010,98,266,0.3684210526315789
Rudy Gay,2010,66,202,0.32673267326732675
Russell Westbrook,2010,23,104,0.22115384615384615
Ryan Anderson,2010,78,211,0.3696682464454976
Ryan Bowen,2010,0,0,NA
Ryan Gomes,2010,74,199,0.37185929648241206
Ryan Hollins,2010,0,1,0
Sam Young,2010,11,56,0.19642857142857142
Samuel Dalembert,2010,0,0,NA
Sasha Pavlovic,2010,35,118,0.2966101694915254
Sasha Vujacic,2010,25,81,0.30864197530864196
Sean Marks,2010,0,0,NA
Sean May,2010,0,4,0
Sean Williams,2010,0,1,0
Sebastian Telfair,2010,13,56,0.23214285714285715
Serge Ibaka,2010,1,2,0.5
Sergio Rodriguez,2010,32,91,0.3516483516483517
Shane Battier,2010,101,279,0.36200716845878134
Shannon Brown,2010,62,189,0.328042328042328
Shaquille O'Neal*,2010,0,1,0
Shaun Livingston,2010,0,6,0
Shavlik Randolph,2010,0,0,NA
Shawn Marion,2010,3,19,0.15789473684210525
Shelden Williams,2010,0,1,0
Solomon Jones,2010,0,3,0
Sonny Weems,2010,2,15,0.13333333333333333
Spencer Hawes,2010,26,87,0.2988505747126437
Stephen Curry,2010,166,380,0.4368421052631579
Stephen Graham,2010,16,50,0.32
Stephen Jackson,2010,129,393,0.3282442748091603
Steve Blake,2010,116,294,0.3945578231292517
Steve Nash,2010,124,291,0.4261168384879725
Steve Novak,2010,22,71,0.30985915492957744
Steven Hunter,2010,0,0,NA
Sundiata Gaines,2010,7,26,0.2692307692307692
T.J. Ford,2010,8,50,0.16
Taj Gibson,2010,0,0,NA
Taylor Griffin,2010,0,2,0
Tayshaun Prince,2010,27,73,0.3698630136986301
Terrence Williams,2010,31,100,0.31
Thabo Sefolosha,2010,41,131,0.31297709923664124
Thaddeus Young,2010,48,138,0.34782608695652173
Theo Ratliff,2010,0,0,NA
Tim Duncan,2010,2,11,0.18181818181818182
Tim Thomas,2010,16,43,0.37209302325581395
Toney Douglas,2010,68,175,0.38857142857142857
Tony Allen,2010,0,5,0
Tony Battie,2010,1,4,0.25
Tony Parker,2010,10,34,0.29411764705882354
Tracy McGrady,2010,16,64,0.25
Travis Diener,2010,1,7,0.14285714285714285
Travis Outlaw,2010,40,105,0.38095238095238093
Trenton Hassell,2010,0,5,0
Trevor Ariza,2010,136,407,0.33415233415233414
Trey Gilder,2010,0,0,NA
Troy Murphy,2010,128,333,0.3843843843843844
Ty Lawson,2010,34,83,0.40963855421686746
Tyler Hansbrough,2010,0,4,0
Tyreke Evans,2010,36,141,0.2553191489361702
Tyrus Thomas,2010,0,3,0
Tyson Chandler,2010,0,0,NA
Udonis Haslem,2010,0,0,NA
Vince Carter,2010,119,324,0.36728395061728397
Vladimir Radmanovic,2010,30,108,0.2777777777777778
Wayne Ellington,2010,64,162,0.3950617283950617
Wesley Matthews,2010,63,165,0.38181818181818183
Will Bynum,2010,12,55,0.21818181818181817
Will Conroy,2010,0,3,0
Willie Green,2010,47,136,0.34558823529411764
Wilson Chandler,2010,40,150,0.26666666666666666
Yakhouba Diawara,2010,1,6,0.16666666666666666
Yi Jianlian,2010,15,41,0.36585365853658536
Zach Randolph,2010,15,52,0.28846153846153844
Zaza Pachulia,2010,0,4,0
Zydrunas Ilgauskas,2010,11,23,0.4782608695652174
A.J. Price,2011,41,149,0.2751677852348993
Aaron Brooks,2011,70,236,0.2966101694915254
Aaron Gray,2011,0,0,NA
Acie Law,2011,6,36,0.16666666666666666
Al Harrington,2011,117,328,0.3567073170731707
Al Horford,2011,2,4,0.5
Al Jefferson,2011,0,0,NA
Al Thornton,2011,4,26,0.15384615384615385
Al-Farouq Aminu,2011,45,143,0.3146853146853147
Alexis Ajinca,2011,12,34,0.35294117647058826
Alonzo Gee,2011,17,51,0.3333333333333333
Amar'e Stoudemire,2011,10,23,0.43478260869565216
Amir Johnson,2011,0,1,0
Anderson Varejao,2011,0,2,0
Andray Blatche,2011,4,18,0.2222222222222222
Andre Iguodala,2011,61,181,0.3370165745856354
Andre Miller,2011,4,37,0.10810810810810811
Andrea Bargnani,2011,77,223,0.3452914798206278
Andrei Kirilenko,2011,36,98,0.3673469387755102
Andres Nocioni,2011,42,118,0.3559322033898305
Andrew Bogut,2011,0,4,0
Andrew Bynum,2011,0,0,NA
Andris Biedrins,2011,0,0,NA
Andy Rautins,2011,1,4,0.25
Antawn Jamison,2011,91,263,0.34600760456273766
Anthony Carter,2011,12,40,0.3
Anthony Morrow,2011,110,260,0.4230769230769231
Anthony Parker,2011,86,227,0.3788546255506608
Anthony Randolph,2011,1,4,0.25
Anthony Tolliver,2011,47,115,0.40869565217391307
Antoine Wright,2011,0,4,0
Antonio Daniels,2011,0,2,0
Antonio McDyess,2011,0,1,0
Armon Johnson,2011,5,12,0.4166666666666667
Arron Afflalo,2011,105,248,0.42338709677419356
Austin Daye,2011,69,172,0.4011627906976744
Avery Bradley,2011,0,5,0
Baron Davis,2011,81,239,0.3389121338912134
Ben Gordon,2011,107,266,0.40225563909774437
Ben Uzoh,2011,3,8,0.375
Ben Wallace,2011,1,2,0.5
Beno Udrih,2011,65,182,0.35714285714285715
Blake Griffin,2011,7,24,0.2916666666666667
Bobby Simmons,2011,0,3,0
Boris Diaw,2011,78,226,0.34513274336283184
Brad Miller,2011,40,107,0.37383177570093457
Brandan Wright,2011,0,0,NA
Brandon Bass,2011,0,2,0
Brandon Jennings,2011,98,303,0.3234323432343234
Brandon Roy,2011,38,114,0.3333333333333333
Brandon Rush,2011,93,223,0.4170403587443946
Brendan Haywood,2011,0,1,0
Brian Cardinal,2011,42,87,0.4827586206896552
Brian Cook,2011,34,79,0.43037974683544306
Brian Scalabrine,2011,0,5,0
Brian Skinner,2011,0,0,NA
Brook Lopez,2011,0,1,0
Byron Mullens,2011,0,0,NA
C.J. Miles,2011,109,339,0.3215339233038348
C.J. Watson,2011,44,112,0.39285714285714285
Carl Landry,2011,0,4,0
Carlos Arroyo,2011,31,69,0.4492753623188406
Carlos Boozer,2011,0,0,NA
Carlos Delfino,2011,105,284,0.36971830985915494
Carmelo Anthony,2011,95,251,0.3784860557768924
Caron Butler,2011,28,65,0.4307692307692308
Cartier Martin,2011,39,99,0.3939393939393939
Channing Frye,2011,171,439,0.3895216400911162
Charlie Bell,2011,6,21,0.2857142857142857
Charlie Villanueva,2011,125,323,0.38699690402476783
Chase Budinger,2011,89,274,0.3248175182481752
Chauncey Billups,2011,146,363,0.4022038567493113
Chris Andersen,2011,0,1,0
Chris Bosh,2011,6,25,0.24
Chris Douglas-Roberts,2011,15,46,0.32608695652173914
Chris Duhon,2011,13,52,0.25
Chris Johnson,2011,0,0,NA
Chris Kaman,2011,0,0,NA
Chris Paul,2011,71,183,0.3879781420765027
Chris Quinn,2011,11,37,0.2972972972972973
Chris Wilcox,2011,0,1,0
Christian Eyenga,2011,25,91,0.27472527472527475
Chuck Hayes,2011,0,2,0
Cole Aldrich,2011,0,0,NA
Corey Brewer,2011,30,112,0.26785714285714285
Corey Maggette,2011,28,78,0.358974358974359
Courtney Lee,2011,71,174,0.40804597701149425
Craig Brackins,2011,0,5,0
Craig Smith,2011,0,5,0
D.J. Augustin,2011,111,333,0.3333333333333333
D.J. White,2011,0,2,0
DaJuan Summers,2011,9,21,0.42857142857142855
Daequan Cook,2011,65,154,0.42207792207792205
Dahntay Jones,2011,14,39,0.358974358974359
Damien Wilkins,2011,2,10,0.2
Damion James,2011,0,3,0
Dan Gadzuric,2011,0,1,0
Daniel Gibson,2011,118,293,0.40273037542662116
Danilo Gallinari,2011,103,293,0.3515358361774744
Danny Granger,2011,157,407,0.3857493857493858
Danny Green,2011,7,19,0.3684210526315789
Dante Cunningham,2011,1,13,0.07692307692307693
Darius Songaila,2011,0,0,NA
Darko Milicic,2011,0,0,NA
Darnell Jackson,2011,3,11,0.2727272727272727
Darrell Arthur,2011,0,6,0
Darren Collison,2011,41,124,0.33064516129032256
David Andersen,2011,8,23,0.34782608695652173
David Lee,2011,1,3,0.3333333333333333
David West,2011,2,9,0.2222222222222222
DeAndre Jordan,2011,0,1,0
DeJuan Blair,2011,0,2,0
DeMar DeRozan,2011,5,52,0.09615384615384616
DeMarcus Cousins,2011,3,18,0.16666666666666666
DeMarre Carroll,2011,0,0,NA
DeSagana Diop,2011,0,0,NA
DeShawn Stevenson,2011,94,249,0.37751004016064255
Delonte West,2011,12,33,0.36363636363636365
Derek Fisher,2011,63,159,0.39622641509433965
Deron Williams,2011,105,317,0.3312302839116719
Derrick Brown,2011,5,10,0.5
Derrick Caracter,2011,0,0,NA
Derrick Favors,2011,0,0,NA
Derrick Rose,2011,128,385,0.33246753246753247
Devin Ebanks,2011,2,5,0.4
Devin Harris,2011,58,180,0.32222222222222224
Dexter Pittman,2011,0,0,NA
Didier Ilunga-Mbenga,2011,0,0,NA
Dirk Nowitzki,2011,66,168,0.39285714285714285
Dominic McGuire,2011,0,2,0
Dominique Jones,2011,0,4,0
Donte Greene,2011,45,154,0.2922077922077922
Dorell Wright,2011,194,516,0.375968992248062
Drew Gooden,2011,3,20,0.15
Dwight Howard,2011,0,7,0
Dwyane Wade,2011,63,206,0.3058252427184466
Earl Barron,2011,0,0,NA
Earl Boykins,2011,27,71,0.38028169014084506
Earl Clark,2011,0,5,0
Earl Watson,2011,36,107,0.3364485981308411
Ed Davis,2011,0,0,NA
Eddie House,2011,68,175,0.38857142857142857
Eduardo Najera,2011,11,34,0.3235294117647059
Ekpe Udoh,2011,0,0,NA
Elton Brand,2011,0,1,0
Emeka Okafor,2011,0,1,0
Eric Bledsoe,2011,32,116,0.27586206896551724
Eric Gordon,2011,106,291,0.3642611683848797
Eric Maynor,2011,37,96,0.3854166666666667
Erick Dampier,2011,0,1,0
Ersan Ilyasova,2011,36,121,0.2975206611570248
Etan Thomas,2011,0,0,NA
Eugene Jeter,2011,6,30,0.2
Evan Turner,2011,14,44,0.3181818181818182
Fabricio Oberto,2011,0,0,NA
Francisco Elson,2011,0,0,NA
Francisco Garcia,2011,81,224,0.36160714285714285
Gani Lawal,2011,0,0,NA
Garret Siler,2011,0,0,NA
Garrett Temple,2011,10,37,0.2702702702702703
Gary Forbes,2011,19,58,0.3275862068965517
Gary Neal,2011,129,308,0.41883116883116883
George Hill,2011,77,204,0.37745098039215685
Gerald Henderson,2011,7,36,0.19444444444444445
Gerald Wallace,2011,62,186,0.3333333333333333
Gilbert Arenas,2011,97,327,0.2966360856269113
Glen Davis,2011,2,15,0.13333333333333333
Goran Dragic,2011,56,155,0.36129032258064514
Gordon Hayward,2011,35,74,0.47297297297297297
Grant Hill,2011,45,114,0.39473684210526316
Greg Monroe,2011,0,1,0
Greivis Vasquez,2011,25,86,0.29069767441860467
Hakim Warrick,2011,1,11,0.09090909090909091
Hamady N'Diaye,2011,0,0,NA
Hamed Haddadi,2011,0,1,0
Hasheem Thabeet,2011,0,0,NA
Hassan Whiteside,2011,0,0,NA
Hedo Turkoglu,2011,127,310,0.4096774193548387
Henry Walker,2011,59,153,0.38562091503267976
Hilton Armstrong,2011,2,4,0.5
Ian Mahinmi,2011,0,2,0
Ike Diogu,2011,0,0,NA
Ime Udoka,2011,0,8,0
Ish Smith,2011,3,10,0.3
J.J. Barea,2011,66,189,0.3492063492063492
J.J. Hickson,2011,0,5,0
J.J. Redick,2011,87,219,0.3972602739726027
J.R. Smith,2011,124,318,0.389937106918239
JaVale McGee,2011,0,3,0
Jamaal Magloire,2011,0,0,NA
Jamal Crawford,2011,119,349,0.34097421203438394
Jamario Moon,2011,38,123,0.3089430894308943
Jameer Nelson,2011,119,297,0.4006734006734007
James Anderson,2011,18,46,0.391304347826087
James Harden,2011,113,324,0.3487654320987654
James Johnson,2011,8,34,0.23529411764705882
James Jones,2011,123,287,0.42857142857142855
James Posey,2011,67,212,0.3160377358490566
Jared Dudley,2011,105,253,0.4150197628458498
Jared Jeffries,2011,2,9,0.2222222222222222
Jarrett Jack,2011,33,108,0.3055555555555556
Jarron Collins,2011,0,0,NA
Jason Collins,2011,1,1,1
Jason Kapono,2011,1,8,0.125
Jason Kidd,2011,133,391,0.340153452685422
Jason Maxiell,2011,0,0,NA
Jason Richardson,2011,189,479,0.3945720250521921
Jason Smith,2011,0,2,0
Jason Terry,2011,127,351,0.36182336182336183
Jason Thompson,2011,0,3,0
Jason Williams,2011,10,38,0.2631578947368421
Jawad Williams,2011,13,45,0.28888888888888886
Jeff Adrien,2011,0,0,NA
Jeff Foster,2011,0,3,0
Jeff Green,2011,64,211,0.3033175355450237
Jeff Teague,2011,18,48,0.375
Jeremy Evans,2011,0,1,0
Jeremy Lin,2011,1,5,0.2
Jermaine O'Neal,2011,0,1,0
Jermaine Taylor,2011,14,45,0.3111111111111111
Jerry Stackhouse,2011,1,4,0.25
Jerryd Bayless,2011,49,146,0.3356164383561644
Joakim Noah,2011,0,1,0
Jodie Meeks,2011,138,348,0.39655172413793105
Joe Johnson,2011,89,300,0.2966666666666667
Joe Smith,2011,0,0,NA
Joel Anthony,2011,0,0,NA
Joel Przybilla,2011,0,0,NA
Joey Dorsey,2011,0,0,NA
Joey Graham,2011,9,30,0.3
Johan Petro,2011,0,4,0
John Lucas III,2011,0,1,0
John Salmons,2011,83,219,0.3789954337899543
John Wall,2011,34,115,0.2956521739130435
Jon Brockman,2011,0,0,NA
Jonny Flynn,2011,31,100,0.31
Jordan Crawford,2011,33,128,0.2578125
Jordan Farmar,2011,109,304,0.35855263157894735
Jordan Hill,2011,0,2,0
Jose Calderon,2011,57,156,0.36538461538461536
Josh Childress,2011,1,16,0.0625
Josh Howard,2011,7,29,0.2413793103448276
Josh McRoberts,2011,23,60,0.38333333333333336
Josh Powell,2011,0,1,0
Josh Smith,2011,51,154,0.33116883116883117
Jrue Holiday,2011,81,222,0.36486486486486486
Julian Wright,2011,2,10,0.2
Juwan Howard,2011,0,0,NA
Keith Bogans,2011,90,237,0.379746835443038
Kendrick Perkins,2011,0,0,NA
Kenyon Martin,2011,2,9,0.2222222222222222
Kevin Durant,2011,145,414,0.3502415458937198
Kevin Garnett,2011,1,5,0.2
Kevin Love,2011,88,211,0.41706161137440756
Kevin Martin,2011,176,459,0.38344226579520696
Kevin Seraphin,2011,0,0,NA
Keyon Dooling,2011,81,234,0.34615384615384615
Kirk Hinrich,2011,75,188,0.39893617021276595
Kobe Bryant,2011,115,356,0.32303370786516855
Kosta Koufos,2011,0,2,0
Kris Humphries,2011,0,1,0
Kurt Thomas,2011,1,1,1
Kwame Brown,2011,0,0,NA
Kyle Korver,2011,120,289,0.41522491349480967
Kyle Lowry,2011,129,343,0.3760932944606414
Kyle Weaver,2011,3,7,0.42857142857142855
Kyrylo Fesenko,2011,0,1,0
LaMarcus Aldridge,2011,4,23,0.17391304347826086
Lamar Odom,2011,68,178,0.38202247191011235
Lance Stephenson,2011,0,5,0
Landry Fields,2011,86,219,0.3926940639269406
Larry Owens,2011,6,13,0.46153846153846156
Larry Sanders,2011,0,0,NA
Lazar Hayward,2011,17,60,0.2833333333333333
LeBron James,2011,92,279,0.32974910394265233
Leandro Barbosa,2011,72,213,0.3380281690140845
Leon Powe,2011,0,2,0
Lester Hudson,2011,4,15,0.26666666666666666
Linas Kleiza,2011,39,131,0.29770992366412213
Lou Amundson,2011,0,0,NA
Lou Williams,2011,88,253,0.34782608695652173
Luc Mbah a Moute,2011,0,7,0
Luis Scola,2011,0,3,0
Luke Babbitt,2011,3,16,0.1875
Luke Harangody,2011,16,66,0.24242424242424243
Luke Ridnour,2011,81,184,0.44021739130434784
Luke Walton,2011,8,34,0.23529411764705882
Luol Deng,2011,115,333,0.34534534534534533
Luther Head,2011,25,64,0.390625
Malik Allen,2011,0,0,NA
Manny Harris,2011,34,92,0.3695652173913043
Manu Ginobili,2011,154,441,0.3492063492063492
Marc Gasol,2011,3,7,0.42857142857142855
Marcin Gortat,2011,1,4,0.25
Marco Belinelli,2011,134,324,0.41358024691358025
Marcus Banks,2011,0,0,NA
Marcus Camby,2011,0,1,0
Marcus Cousin,2011,0,0,NA
Marcus Thornton,2011,88,240,0.36666666666666664
Mario Chalmers,2011,83,231,0.3593073593073593
Mario West,2011,1,4,0.25
Marquis Daniels,2011,4,21,0.19047619047619047
Marreese Speights,2011,1,4,0.25
Martell Webster,2011,55,132,0.4166666666666667
Marvin Williams,2011,37,110,0.33636363636363636
Matt Barnes,2011,34,107,0.3177570093457944
Matt Bonner,2011,105,230,0.45652173913043476
Matt Carroll,2011,17,46,0.3695652173913043
Maurice Ager,2011,3,4,0.75
Maurice Evans,2011,55,167,0.32934131736526945
Mehmet Okur,2011,5,16,0.3125
Melvin Ely,2011,0,0,NA
Metta World Peace,2011,83,233,0.3562231759656652
Michael Beasley,2011,60,164,0.36585365853658536
Michael Redd,2011,4,17,0.23529411764705882
Mickael Pietrus,2011,85,236,0.3601694915254237
Mike Bibby,2011,153,348,0.4396551724137931
Mike Conley,2011,80,217,0.3686635944700461
Mike Dunleavy,2011,102,254,0.4015748031496063
Mike Harris,2011,0,0,NA
Mike Miller,2011,43,118,0.3644067796610169
Mo Williams,2011,79,244,0.3237704918032787
Monta Ellis,2011,137,379,0.36147757255936674
Morris Peterson,2011,0,1,0
Mustafa Shakur,2011,1,10,0.1
Nate Robinson,2011,65,200,0.325
Nazr Mohammed,2011,0,1,0
Nenad Krstic,2011,0,0,NA
Nene Hilario,2011,1,5,0.2
Nick Collison,2011,0,0,NA
Nick Young,2011,105,271,0.3874538745387454
Nicolas Batum,2011,118,342,0.34502923976608185
Nikola Pekovic,2011,0,0,NA
O.J. Mayo,2011,96,264,0.36363636363636365
Omer Asik,2011,0,0,NA
Omri Casspi,2011,92,247,0.3724696356275304
Orien Greene,2011,0,0,NA
Othyus Jeffers,2011,1,4,0.25
Pape Sy,2011,0,1,0
Patrick Ewing,2011,0,2,0
Patrick Patterson,2011,0,2,0
Patty Mills,2011,47,133,0.3533834586466165
Pau Gasol,2011,1,3,0.3333333333333333
Paul George,2011,41,138,0.2971014492753623
Paul Millsap,2011,9,23,0.391304347826087
Paul Pierce,2011,111,297,0.37373737373737376
Peja Stojakovic,2011,57,136,0.41911764705882354
Pops Mensah-Bonsu,2011,0,0,NA
Quentin Richardson,2011,42,146,0.2876712328767123
Quincy Pondexter,2011,18,50,0.36
Quinton Ross,2011,0,3,0
Raja Bell,2011,68,193,0.35233160621761656
Rajon Rondo,2011,10,43,0.23255813953488372
Ramon Sessions,2011,3,15,0.2
Randy Foye,2011,71,217,0.3271889400921659
Rashard Lewis,2011,87,244,0.35655737704918034
Rasual Butler,2011,46,136,0.3382352941176471
Ray Allen,2011,168,378,0.4444444444444444
Raymond Felton,2011,116,329,0.3525835866261398
Reggie Evans,2011,0,1,0
Reggie Williams,2011,102,241,0.42323651452282157
Renaldo Balkman,2011,1,2,0.5
Richard Hamilton,2011,55,144,0.3819444444444444
Richard Jefferson,2011,135,307,0.43973941368078173
Robin Lopez,2011,0,0,NA
Rodney Carney,2011,17,38,0.4473684210526316
Rodney Stuckey,2011,26,90,0.28888888888888886
Rodrigue Beaubois,2011,25,83,0.30120481927710846
Roger Mason,2011,16,44,0.36363636363636365
Ronald Dupree,2011,0,1,0
Ronnie Brewer,2011,6,27,0.2222222222222222
Ronnie Price,2011,20,69,0.2898550724637681
Ronny Turiaf,2011,0,0,NA
Roy Hibbert,2011,0,4,0
Royal Ivey,2011,7,16,0.4375
Rudy Fernandez,2011,116,361,0.32132963988919666
Rudy Gay,2011,57,144,0.3958333333333333
Russell Westbrook,2011,34,103,0.3300970873786408
Ryan Anderson,2011,134,341,0.39296187683284456
Ryan Gomes,2011,72,211,0.3412322274881517
Ryan Hollins,2011,0,0,NA
Sam Young,2011,17,50,0.34
Samardo Samuels,2011,0,3,0
Samuel Dalembert,2011,0,2,0
Sasha Pavlovic,2011,12,31,0.3870967741935484
Sasha Vujacic,2011,97,262,0.3702290076335878
Sean Marks,2011,2,2,1
Sebastian Telfair,2011,28,78,0.358974358974359
Semih Erden,2011,0,0,NA
Serge Ibaka,2011,0,1,0
Shane Battier,2011,102,267,0.38202247191011235
Shannon Brown,2011,74,212,0.3490566037735849
Shaquille O'Neal*,2011,0,0,NA
Shaun Livingston,2011,1,4,0.25
Shawn Marion,2011,5,33,0.15151515151515152
Shawne Williams,2011,85,212,0.4009433962264151
Shelden Williams,2011,0,0,NA
Sherron Collins,2011,2,10,0.2
Solomon Alabi,2011,0,0,NA
Solomon Jones,2011,0,1,0
Sonny Weems,2011,17,61,0.2786885245901639
Spencer Hawes,2011,9,37,0.24324324324324326
Stephen Curry,2011,151,342,0.4415204678362573
Stephen Graham,2011,5,21,0.23809523809523808
Stephen Jackson,2011,121,359,0.3370473537604457
Steve Blake,2011,73,193,0.37823834196891193
Steve Nash,2011,81,205,0.3951219512195122
Steve Novak,2011,26,46,0.5652173913043478
Sundiata Gaines,2011,9,38,0.23684210526315788
T.J. Ford,2011,6,32,0.1875
Taj Gibson,2011,1,8,0.125
Tayshaun Prince,2011,34,98,0.3469387755102041
Terrence Williams,2011,6,22,0.2727272727272727
Thabo Sefolosha,2011,28,102,0.27450980392156865
Thaddeus Young,2011,6,22,0.2727272727272727
Theo Ratliff,2011,0,0,NA
Tiago Splitter,2011,0,1,0
Tim Duncan,2011,0,4,0
Timofey Mozgov,2011,0,0,NA
Toney Douglas,2011,143,383,0.3733681462140992
Tony Allen,2011,4,23,0.17391304347826086
Tony Battie,2011,2,3,0.6666666666666666
Tony Parker,2011,25,70,0.35714285714285715
Tracy McGrady,2011,30,88,0.3409090909090909
Travis Outlaw,2011,76,252,0.30158730158730157
Trevor Ariza,2011,82,271,0.3025830258302583
Trevor Booker,2011,0,1,0
Trey Johnson,2011,1,3,0.3333333333333333
Troy Murphy,2011,5,33,0.15151515151515152
Ty Lawson,2011,69,171,0.40350877192982454
Tyler Hansbrough,2011,0,2,0
Tyreke Evans,2011,43,148,0.2905405405405405
Tyrus Thomas,2011,0,3,0
Tyson Chandler,2011,0,0,NA
Udonis Haslem,2011,0,0,NA
Vince Carter,2011,116,321,0.3613707165109034
Vladimir Radmanovic,2011,70,173,0.4046242774566474
Von Wafer,2011,18,67,0.26865671641791045
Wayne Ellington,2011,48,121,0.39669421487603307
Wesley Johnson,2011,103,289,0.356401384083045
Wesley Matthews,2011,154,378,0.4074074074074074
Will Bynum,2011,16,50,0.32
Willie Green,2011,54,155,0.34838709677419355
Willie Warren,2011,5,15,0.3333333333333333
Wilson Chandler,2011,112,320,0.35
Xavier Henry,2011,2,17,0.11764705882352941
Yao Ming*,2011,0,0,NA
Yi Jianlian,2011,3,13,0.23076923076923078
Zabian Dowdell,2011,3,10,0.3
Zach Randolph,2011,8,43,0.18604651162790697
Zaza Pachulia,2011,0,0,NA
Zydrunas Ilgauskas,2011,0,1,0
A.J. Price,2012,26,88,0.29545454545454547
Aaron Gray,2012,0,0,NA
Al Harrington,2012,101,303,0.3333333333333333
Al Horford,2012,0,1,0
Al Jefferson,2012,1,4,0.25
Al-Farouq Aminu,2012,13,47,0.2765957446808511
Alan Anderson,2012,24,61,0.39344262295081966
Alec Burks,2012,15,45,0.3333333333333333
Alonzo Gee,2012,44,137,0.32116788321167883
Amar'e Stoudemire,2012,5,21,0.23809523809523808
Amir Johnson,2012,2,5,0.4
Anderson Varejao,2012,0,4,0
Andray Blatche,2012,2,7,0.2857142857142857
Andre Emmett,2012,0,1,0
Andre Iguodala,2012,76,193,0.39378238341968913
Andre Miller,2012,18,83,0.21686746987951808
Andrea Bargnani,2012,34,115,0.2956521739130435
Andres Nocioni,2012,1,6,0.16666666666666666
Andrew Bogut,2012,0,1,0
Andrew Bynum,2012,1,5,0.2
Andrew Goudelock,2012,28,75,0.37333333333333335
Andris Biedrins,2012,0,0,NA
Antawn Jamison,2012,91,267,0.3408239700374532
Anthony Carter,2012,5,17,0.29411764705882354
Anthony Morrow,2012,106,286,0.3706293706293706
Anthony Parker,2012,50,138,0.36231884057971014
Anthony Randolph,2012,0,1,0
Anthony Tolliver,2012,25,101,0.24752475247524752
Armon Johnson,2012,1,3,0.3333333333333333
Arron Afflalo,2012,88,221,0.39819004524886875
Austin Daye,2012,13,62,0.20967741935483872
Avery Bradley,2012,22,54,0.4074074074074074
Baron Davis,2012,26,85,0.3058823529411765
Ben Gordon,2012,63,147,0.42857142857142855
Ben Uzoh,2012,0,1,0
Ben Wallace,2012,1,4,0.25
Beno Udrih,2012,17,59,0.288135593220339
Bismack Biyombo,2012,0,0,NA
Blake Ahearn,2012,2,9,0.2222222222222222
Blake Griffin,2012,2,16,0.125
Bobby Simmons,2012,20,60,0.3333333333333333
Boris Diaw,2012,31,99,0.31313131313131315
Brad Miller,2012,7,15,0.4666666666666667
Brandan Wright,2012,0,1,0
Brandon Bass,2012,0,0,NA
Brandon Jennings,2012,129,388,0.3324742268041237
Brandon Knight,2012,105,276,0.3804347826086957
Brandon Rush,2012,99,219,0.4520547945205479
Brendan Haywood,2012,0,0,NA
Brian Cardinal,2012,10,49,0.20408163265306123
Brian Cook,2012,10,50,0.2
Brian Scalabrine,2012,1,7,0.14285714285714285
Brian Skinner,2012,0,0,NA
Brook Lopez,2012,0,0,NA
Byron Mullens,2012,12,51,0.23529411764705882
C.J. Miles,2012,46,150,0.30666666666666664
C.J. Watson,2012,68,173,0.3930635838150289
Carl Landry,2012,0,3,0
Carldell Johnson,2012,4,15,0.26666666666666666
Carlos Boozer,2012,0,1,0
Carlos Delfino,2012,86,239,0.3598326359832636
Carmelo Anthony,2012,68,203,0.33497536945812806
Caron Butler,2012,92,257,0.35797665369649806
Cartier Martin,2012,29,75,0.38666666666666666
Chandler Parsons,2012,60,178,0.33707865168539325
Channing Frye,2012,91,263,0.34600760456273766
Charles Jenkins,2012,3,20,0.15
Charlie Villanueva,2012,15,45,0.3333333333333333
Chase Budinger,2012,88,219,0.4018264840182648
Chauncey Billups,2012,48,125,0.384
Chris Andersen,2012,0,0,NA
Chris Bosh,2012,10,35,0.2857142857142857
Chris Duhon,2012,50,119,0.42016806722689076
Chris Johnson,2012,0,0,NA
Chris Kaman,2012,0,0,NA
Chris Paul,2012,79,213,0.37089201877934275
Chris Singleton,2012,44,127,0.3464566929133858
Chris Wilcox,2012,0,0,NA
Chris Wright,2012,0,0,NA
Christian Eyenga,2012,1,3,0.3333333333333333
Chuck Hayes,2012,0,2,0
Cole Aldrich,2012,0,0,NA
Corey Brewer,2012,33,127,0.25984251968503935
Corey Maggette,2012,24,66,0.36363636363636365
Cory Higgins,2012,4,20,0.2
Cory Joseph,2012,3,15,0.2
Courtney Fortson,2012,3,13,0.23076923076923078
Courtney Lee,2012,87,217,0.4009216589861751
Craig Brackins,2012,3,9,0.3333333333333333
Craig Smith,2012,0,1,0
D.J. Augustin,2012,61,179,0.3407821229050279
D.J. Kennedy,2012,2,4,0.5
D.J. White,2012,1,1,1
DaJuan Summers,2012,5,16,0.3125
Daequan Cook,2012,79,228,0.34649122807017546
Dahntay Jones,2012,33,77,0.42857142857142855
Damien Wilkins,2012,7,23,0.30434782608695654
Damion James,2012,0,1,0
Dan Gadzuric,2012,0,0,NA
Daniel Gibson,2012,55,139,0.39568345323741005
Daniel Orton,2012,0,1,0
Danilo Gallinari,2012,60,183,0.32786885245901637
Danny Granger,2012,123,323,0.38080495356037153
Danny Green,2012,102,234,0.4358974358974359
Dante Cunningham,2012,0,2,0
Darington Hobson,2012,0,6,0
Darius Morris,2012,4,9,0.4444444444444444
Darko Milicic,2012,0,0,NA
Darren Collison,2012,34,94,0.3617021276595745
Darryl Watkins,2012,0,0,NA
David Lee,2012,0,5,0
David West,2012,2,9,0.2222222222222222
DeAndre Jordan,2012,0,1,0
DeAndre Liggins,2012,0,4,0
DeJuan Blair,2012,0,1,0
DeMar DeRozan,2012,24,92,0.2608695652173913
DeMarcus Cousins,2012,2,14,0.14285714285714285
DeMarre Carroll,2012,7,19,0.3684210526315789
DeSagana Diop,2012,0,0,NA
DeShawn Stevenson,2012,41,145,0.2827586206896552
Delonte West,2012,27,76,0.35526315789473684
Dennis Horner,2012,0,1,0
Derek Fisher,2012,35,109,0.3211009174311927
Deron Williams,2012,115,342,0.3362573099415205
Derrick Brown,2012,6,24,0.25
Derrick Byars,2012,0,6,0
Derrick Favors,2012,0,0,NA
Derrick Rose,2012,54,173,0.31213872832369943
Derrick Williams,2012,37,138,0.26811594202898553
Devin Ebanks,2012,0,9,0
Devin Harris,2012,77,213,0.3615023474178404
Dexter Pittman,2012,0,0,NA
Dirk Nowitzki,2012,78,212,0.36792452830188677
Dominic McGuire,2012,0,4,0
Dominique Jones,2012,1,8,0.125
Donald Sloan,2012,2,25,0.08
Donte Greene,2012,25,105,0.23809523809523808
Dorell Wright,2012,105,292,0.3595890410958904
Drew Gooden,2012,16,55,0.2909090909090909
Dwight Howard,2012,0,7,0
Dwyane Wade,2012,15,56,0.26785714285714285
E'Twaun Moore,2012,17,45,0.37777777777777777
Earl Barron,2012,0,0,NA
Earl Boykins,2012,2,9,0.2222222222222222
Earl Clark,2012,0,0,NA
Earl Watson,2012,10,52,0.19230769230769232
Ed Davis,2012,0,1,0
Eddy Curry,2012,0,0,NA
Eduardo Najera,2012,8,29,0.27586206896551724
Edwin Ubiles,2012,1,5,0.2
Ekpe Udoh,2012,0,2,0
Elliot Williams,2012,8,27,0.2962962962962963
Elton Brand,2012,0,1,0
Emeka Okafor,2012,0,0,NA
Enes Kanter,2012,0,1,0
Eric Bledsoe,2012,6,30,0.2
Eric Dawson,2012,0,0,NA
Eric Gordon,2012,10,40,0.25
Eric Maynor,2012,6,17,0.35294117647058826
Erick Dampier,2012,0,0,NA
Ersan Ilyasova,2012,51,112,0.45535714285714285
Evan Turner,2012,11,49,0.22448979591836735
Francisco Elson,2012,0,0,NA
Francisco Garcia,2012,38,131,0.2900763358778626
Gary Forbes,2012,29,83,0.3493975903614458
Gary Neal,2012,83,198,0.41919191919191917
George Hill,2012,54,147,0.3673469387755102
Gerald Green,2012,43,110,0.39090909090909093
Gerald Henderson,2012,11,47,0.23404255319148937
Gerald Wallace,2012,46,150,0.30666666666666664
Gilbert Arenas,2012,13,39,0.3333333333333333
Glen Davis,2012,2,14,0.14285714285714285
Goran Dragic,2012,68,202,0.33663366336633666
Gordon Hayward,2012,55,159,0.34591194968553457
Grant Hill,2012,14,53,0.2641509433962264
Greg Monroe,2012,0,1,0
Greg Smith,2012,0,0,NA
Greg Stiemsma,2012,0,0,NA
Greivis Vasquez,2012,43,135,0.31851851851851853
Gustavo Ayon,2012,0,1,0
Hakim Warrick,2012,1,10,0.1
Hamady N'Diaye,2012,0,0,NA
Hamed Haddadi,2012,0,1,0
Hasheem Thabeet,2012,0,0,NA
Hassan Whiteside,2012,0,0,NA
Hedo Turkoglu,2012,91,258,0.35271317829457366
Henry Walker,2012,36,113,0.3185840707964602
Ian Mahinmi,2012,0,1,0
Ike Diogu,2012,0,0,NA
Iman Shumpert,2012,48,157,0.3057324840764331
Isaiah Thomas,2012,83,219,0.3789954337899543
Ish Smith,2012,3,9,0.3333333333333333
Ivan Johnson,2012,2,6,0.3333333333333333
J.J. Barea,2012,53,143,0.3706293706293706
J.J. Hickson,2012,0,2,0
J.J. Redick,2012,112,268,0.417910447761194
J.R. Smith,2012,67,193,0.3471502590673575
JaJuan Johnson,2012,0,0,NA
JaVale McGee,2012,0,0,NA
Jamaal Magloire,2012,0,0,NA
Jamaal Tinsley,2012,10,37,0.2702702702702703
Jamal Crawford,2012,80,260,0.3076923076923077
Jamario Moon,2012,2,10,0.2
Jameer Nelson,2012,87,231,0.37662337662337664
James Anderson,2012,19,68,0.27941176470588236
James Harden,2012,114,292,0.3904109589041096
James Johnson,2012,19,60,0.31666666666666665
James Jones,2012,46,114,0.40350877192982454
James Singleton,2012,2,9,0.2222222222222222
Jan Vesely,2012,0,1,0
Jannero Pargo,2012,53,138,0.38405797101449274
Jared Dudley,2012,80,209,0.3827751196172249
Jared Jeffries,2012,3,16,0.1875
Jarrett Jack,2012,39,112,0.3482142857142857
Jason Collins,2012,0,0,NA
Jason Kapono,2012,8,27,0.2962962962962963
Jason Kidd,2012,79,223,0.3542600896860987
Jason Maxiell,2012,0,2,0
Jason Richardson,2012,102,277,0.36823104693140796
Jason Smith,2012,1,9,0.1111111111111111
Jason Terry,2012,138,365,0.3780821917808219
Jason Thompson,2012,0,2,0
Jeff Adrien,2012,0,0,NA
Jeff Ayres,2012,0,0,NA
Jeff Foote,2012,0,0,NA
Jeff Foster,2012,1,1,1
Jeff Teague,2012,51,149,0.3422818791946309
Jeremy Evans,2012,0,1,0
Jeremy Lin,2012,24,75,0.32
Jeremy Pargo,2012,10,38,0.2631578947368421
Jeremy Tyler,2012,0,1,0
Jermaine O'Neal,2012,0,0,NA
Jerome Dyson,2012,1,8,0.125
Jerome Jordan,2012,0,0,NA
Jerry Smith,2012,1,6,0.16666666666666666
Jerry Stackhouse,2012,13,38,0.34210526315789475
Jerryd Bayless,2012,44,104,0.4230769230769231
Jimmer Fredette,2012,78,216,0.3611111111111111
Jimmy Butler,2012,2,11,0.18181818181818182
Joakim Noah,2012,0,1,0
Jodie Meeks,2012,97,266,0.36466165413533835
Joe Johnson,2012,125,322,0.38819875776397517
Joel Anthony,2012,0,0,NA
Joel Przybilla,2012,0,0,NA
Johan Petro,2012,1,1,1
John Lucas III,2012,55,140,0.39285714285714285
John Salmons,2012,33,112,0.29464285714285715
John Wall,2012,3,42,0.07142857142857142
Jon Brockman,2012,0,1,0
Jon Leuer,2012,3,9,0.3333333333333333
Jonas Jerebko,2012,32,106,0.3018867924528302
Jonny Flynn,2012,10,34,0.29411764705882354
Jordan Crawford,2012,79,273,0.2893772893772894
Jordan Farmar,2012,55,125,0.44
Jordan Hamilton,2012,17,47,0.3617021276595745
Jordan Hill,2012,0,3,0
Jordan Williams,2012,0,0,NA
Jose Calderon,2012,59,159,0.3710691823899371
Josh Childress,2012,4,24,0.16666666666666666
Josh Davis,2012,4,13,0.3076923076923077
Josh Harrellson,2012,20,59,0.3389830508474576
Josh Howard,2012,9,37,0.24324324324324326
Josh McRoberts,2012,3,7,0.42857142857142855
Josh Selby,2012,2,15,0.13333333333333333
Josh Smith,2012,28,109,0.25688073394495414
Jrue Holiday,2012,65,171,0.38011695906432746
Julyan Stone,2012,2,11,0.18181818181818182
Justin Dentmon,2012,2,14,0.14285714285714285
Justin Harper,2012,2,13,0.15384615384615385
Juwan Howard,2012,0,0,NA
Kawhi Leonard,2012,41,109,0.3761467889908257
Keith Benson,2012,0,0,NA
Keith Bogans,2012,3,12,0.25
Kelenna Azubuike,2012,1,3,0.3333333333333333
Kemba Walker,2012,69,226,0.3053097345132743
Kendrick Perkins,2012,0,0,NA
Kenneth Faried,2012,0,0,NA
Kenyon Martin,2012,3,13,0.23076923076923078
Kevin Durant,2012,133,344,0.3866279069767442
Kevin Garnett,2012,3,9,0.3333333333333333
Kevin Love,2012,105,282,0.3723404255319149
Kevin Martin,2012,78,225,0.3466666666666667
Kevin Seraphin,2012,0,1,0
Keyon Dooling,2012,27,81,0.3333333333333333
Kirk Hinrich,2012,47,136,0.34558823529411764
Klay Thompson,2012,111,268,0.4141791044776119
Kobe Bryant,2012,87,287,0.30313588850174217
Kosta Koufos,2012,0,0,NA
Kris Humphries,2012,0,0,NA
Kurt Thomas,2012,0,0,NA
Kwame Brown,2012,0,0,NA
Kyle Korver,2012,118,271,0.4354243542435424
Kyle Lowry,2012,79,211,0.3744075829383886
Kyrie Irving,2012,73,183,0.3989071038251366
Kyrylo Fesenko,2012,0,0,NA
LaMarcus Aldridge,2012,2,11,0.18181818181818182
Lamar Odom,2012,28,111,0.25225225225225223
Lance Stephenson,2012,4,30,0.13333333333333333
Lance Thomas,2012,0,1,0
Landry Fields,2012,31,121,0.256198347107438
Larry Hughes,2012,1,7,0.14285714285714285
Larry Owens,2012,2,5,0.4
Larry Sanders,2012,0,2,0
Lavoy Allen,2012,0,0,NA
Lazar Hayward,2012,4,14,0.2857142857142857
LeBron James,2012,54,149,0.3624161073825503
Leandro Barbosa,2012,65,170,0.38235294117647056
Lester Hudson,2012,16,64,0.25
Linas Kleiza,2012,62,179,0.3463687150837989
Lou Amundson,2012,0,0,NA
Lou Williams,2012,83,229,0.3624454148471616
Luc Mbah a Moute,2012,1,4,0.25
Luis Scola,2012,0,3,0
Luke Babbitt,2012,43,100,0.43
Luke Harangody,2012,5,21,0.23809523809523808
Luke Ridnour,2012,49,152,0.3223684210526316
Luke Walton,2012,7,20,0.35
Luol Deng,2012,79,215,0.3674418604651163
Malcolm Lee,2012,2,10,0.2
Malcolm Thomas,2012,0,0,NA
Manny Harris,2012,12,36,0.3333333333333333
Manu Ginobili,2012,52,126,0.4126984126984127
MarShon Brooks,2012,47,150,0.31333333333333335
Marc Gasol,2012,1,12,0.08333333333333333
Marcin Gortat,2012,0,2,0
Marco Belinelli,2012,107,284,0.3767605633802817
Marcus Camby,2012,2,5,0.4
Marcus Morris,2012,2,17,0.11764705882352941
Marcus Thornton,2012,107,310,0.34516129032258064
Mario Chalmers,2012,101,260,0.38846153846153847
Markieff Morris,2012,43,124,0.3467741935483871
Marquis Daniels,2012,0,10,0
Marreese Speights,2012,0,3,0
Martell Webster,2012,37,109,0.3394495412844037
Marvin Williams,2012,58,149,0.38926174496644295
Matt Barnes,2012,46,138,0.3333333333333333
Matt Bonner,2012,105,250,0.42
Matt Carroll,2012,8,43,0.18604651162790697
Maurice Evans,2012,17,45,0.37777777777777777
Mehmet Okur,2012,23,72,0.3194444444444444
Metta World Peace,2012,56,189,0.2962962962962963
Michael Beasley,2012,38,101,0.37623762376237624
Michael Redd,2012,42,132,0.3181818181818182
Mickael Pietrus,2012,61,182,0.33516483516483514
Mickell Gladness,2012,0,0,NA
Mike Bibby,2012,27,85,0.3176470588235294
Mike Conley,2012,60,159,0.37735849056603776
Mike Dunleavy,2012,83,208,0.39903846153846156
Mike James,2012,6,10,0.6
Mike Miller,2012,53,117,0.452991452991453
Mikki Moore,2012,0,0,NA
Mo Williams,2012,93,239,0.3891213389121339
Monta Ellis,2012,62,201,0.30845771144278605
Morris Almond,2012,1,3,0.3333333333333333
Mychel Thompson,2012,4,11,0.36363636363636365
Nate Robinson,2012,66,181,0.36464088397790057
Nazr Mohammed,2012,0,1,0
Nene Hilario,2012,0,4,0
Nick Collison,2012,0,1,0
Nick Young,2012,103,282,0.36524822695035464
Nicolas Batum,2012,107,274,0.3905109489051095
Nikola Pekovic,2012,0,0,NA
Nikola Vucevic,2012,3,8,0.375
Nolan Smith,2012,13,45,0.28888888888888886
Norris Cole,2012,21,76,0.27631578947368424
O.J. Mayo,2012,100,275,0.36363636363636365
Omer Asik,2012,0,0,NA
Omri Casspi,2012,53,168,0.31547619047619047
Patrick Patterson,2012,0,3,0
Patty Mills,2012,24,56,0.42857142857142855
Pau Gasol,2012,7,27,0.25925925925925924
Paul George,2012,90,234,0.38461538461538464
Paul Millsap,2012,7,31,0.22580645161290322
Paul Pierce,2012,100,273,0.3663003663003663
Quentin Richardson,2012,42,121,0.34710743801652894
Quincy Pondexter,2012,22,73,0.3013698630136986
Raja Bell,2012,34,87,0.39080459770114945
Rajon Rondo,2012,10,42,0.23809523809523808
Ramon Sessions,2012,43,97,0.44329896907216493
Randy Foye,2012,127,329,0.3860182370820669
Rashard Lewis,2012,16,67,0.23880597014925373
Rasual Butler,2012,21,77,0.2727272727272727
Ray Allen,2012,106,234,0.452991452991453
Raymond Felton,2012,62,203,0.3054187192118227
Reggie Evans,2012,0,0,NA
Reggie Jackson,2012,13,62,0.20967741935483872
Reggie Williams,2012,33,107,0.308411214953271
Renaldo Balkman,2012,2,9,0.2222222222222222
Richard Hamilton,2012,17,46,0.3695652173913043
Richard Jefferson,2012,113,269,0.4200743494423792
Ricky Rubio,2012,32,94,0.3404255319148936
Robin Lopez,2012,0,0,NA
Rodney Stuckey,2012,33,104,0.3173076923076923
Rodrigue Beaubois,2012,38,132,0.2878787878787879
Roger Mason,2012,59,154,0.38311688311688313
Ronnie Brewer,2012,19,69,0.2753623188405797
Ronnie Price,2012,13,44,0.29545454545454547
Ronny Turiaf,2012,0,1,0
Roy Hibbert,2012,0,1,0
Royal Ivey,2012,18,53,0.33962264150943394
Rudy Fernandez,2012,40,122,0.32786885245901637
Rudy Gay,2012,54,173,0.31213872832369943
Russell Westbrook,2012,62,196,0.3163265306122449
Ryan Anderson,2012,166,422,0.3933649289099526
Ryan Gomes,2012,4,29,0.13793103448275862
Ryan Hollins,2012,0,0,NA
Ryan Reid,2012,0,0,NA
Sam Young,2012,5,17,0.29411764705882354
Samardo Samuels,2012,0,0,NA
Samuel Dalembert,2012,0,1,0
Sasha Pavlovic,2012,17,58,0.29310344827586204
Sean Williams,2012,0,0,NA
Sebastian Telfair,2012,33,105,0.3142857142857143
Semih Erden,2012,0,0,NA
Serge Ibaka,2012,1,3,0.3333333333333333
Shane Battier,2012,62,183,0.33879781420765026
Shannon Brown,2012,68,188,0.3617021276595745
Shaun Livingston,2012,2,3,0.6666666666666666
Shawn Marion,2012,20,68,0.29411764705882354
Shawne Williams,2012,21,87,0.2413793103448276
Shelden Williams,2012,0,0,NA
Shelvin Mack,2012,12,42,0.2857142857142857
Solomon Alabi,2012,0,0,NA
Solomon Jones,2012,0,0,NA
Spencer Hawes,2012,3,12,0.25
Stephen Curry,2012,55,121,0.45454545454545453
Stephen Jackson,2012,49,170,0.28823529411764703
Steve Blake,2012,53,158,0.33544303797468356
Steve Nash,2012,55,141,0.3900709219858156
Steve Novak,2012,133,282,0.4716312056737589
Sundiata Gaines,2012,28,82,0.34146341463414637
T.J. Ford,2012,2,8,0.25
Taj Gibson,2012,0,0,NA
Tayshaun Prince,2012,37,104,0.3557692307692308
Terrel Harris,2012,8,39,0.20512820512820512
Terrence Williams,2012,16,46,0.34782608695652173
Thabo Sefolosha,2012,31,71,0.43661971830985913
Thaddeus Young,2012,1,4,0.25
Tiago Splitter,2012,0,0,NA
Tim Duncan,2012,0,4,0
Timofey Mozgov,2012,0,0,NA
Tobias Harris,2012,6,23,0.2608695652173913
Toney Douglas,2012,27,117,0.23076923076923078
Tony Allen,2012,8,26,0.3076923076923077
Tony Battie,2012,0,1,0
Tony Parker,2012,14,61,0.22950819672131148
Tracy McGrady,2012,15,33,0.45454545454545453
Travis Leslie,2012,0,0,NA
Travis Outlaw,2012,16,60,0.26666666666666666
Trevor Ariza,2012,29,87,0.3333333333333333
Trevor Booker,2012,1,2,0.5
Trey Johnson,2012,0,0,NA
Trey Thompkins,2012,4,13,0.3076923076923077
Tristan Thompson,2012,0,2,0
Troy Murphy,2012,28,67,0.417910447761194
Ty Lawson,2012,73,200,0.365
Tyler Hansbrough,2012,0,1,0
Tyler Honeycutt,2012,1,3,0.3333333333333333
Tyreke Evans,2012,20,99,0.20202020202020202
Tyrus Thomas,2012,1,3,0.3333333333333333
Tyson Chandler,2012,0,2,0
Udonis Haslem,2012,0,0,NA
Vernon Macklin,2012,0,0,NA
Vince Carter,2012,74,205,0.36097560975609755
Vladimir Radmanovic,2012,50,135,0.37037037037037035
Von Wafer,2012,14,39,0.358974358974359
Walker Russell,2012,4,13,0.3076923076923077
Wayne Ellington,2012,35,108,0.32407407407407407
Wesley Johnson,2012,53,169,0.3136094674556213
Wesley Matthews,2012,129,337,0.3827893175074184
Will Bynum,2012,7,29,0.2413793103448276
Willie Green,2012,50,113,0.4424778761061947
Wilson Chandler,2012,3,12,0.25
Xavier Henry,2012,7,17,0.4117647058823529
Xavier Silas,2012,1,6,0.16666666666666666
Yi Jianlian,2012,3,10,0.3
Zach Randolph,2012,2,8,0.25
Zaza Pachulia,2012,0,0,NA
A.J. Price,2013,70,200,0.35
Aaron Brooks,2013,50,134,0.373134328358209
Aaron Gray,2013,0,0,NA
Al Harrington,2013,8,30,0.26666666666666666
Al Horford,2013,3,6,0.5
Al Jefferson,2013,2,17,0.11764705882352941
Al-Farouq Aminu,2013,4,19,0.21052631578947367
Alan Anderson,2013,95,285,0.3333333333333333
Alec Burks,2013,33,92,0.358695652173913
Alexey Shved,2013,85,288,0.2951388888888889
Alonzo Gee,2013,69,219,0.3150684931506849
Amar'e Stoudemire,2013,0,0,NA
Amir Johnson,2013,5,13,0.38461538461538464
Anderson Varejao,2013,0,5,0
Andray Blatche,2013,3,22,0.13636363636363635
Andre Drummond,2013,1,2,0.5
Andre Iguodala,2013,91,287,0.3170731707317073
Andre Miller,2013,17,64,0.265625
Andrea Bargnani,2013,38,123,0.3089430894308943
Andrei Kirilenko,2013,35,120,0.2916666666666667
Andrew Bogut,2013,1,1,1
Andrew Goudelock,2013,0,0,NA
Andrew Nicholson,2013,0,0,NA
Andris Biedrins,2013,0,0,NA
Antawn Jamison,2013,84,233,0.3605150214592275
Anthony Davis,2013,0,6,0
Anthony Morrow,2013,16,43,0.37209302325581395
Anthony Randolph,2013,0,8,0
Anthony Tolliver,2013,45,133,0.3383458646616541
Arnett Moultrie,2013,0,0,NA
Aron Baynes,2013,0,1,0
Arron Afflalo,2013,72,240,0.3
Austin Daye,2013,41,98,0.41836734693877553
Austin Rivers,2013,28,86,0.32558139534883723
Avery Bradley,2013,40,126,0.31746031746031744
Ben Gordon,2013,113,292,0.386986301369863
Ben Hansbrough,2013,6,23,0.2608695652173913
Beno Udrih,2013,34,102,0.3333333333333333
Bernard James,2013,0,2,0
Bismack Biyombo,2013,0,0,NA
Blake Griffin,2013,5,28,0.17857142857142858
Boris Diaw,2013,30,78,0.38461538461538464
Bradley Beal,2013,91,236,0.3855932203389831
Brandan Wright,2013,0,3,0
Brandon Bass,2013,0,2,0
Brandon Jennings,2013,173,461,0.3752711496746204
Brandon Knight,2013,120,327,0.3669724770642202
Brandon Roy,2013,0,9,0
Brandon Rush,2013,0,2,0
Brendan Haywood,2013,0,1,0
Brian Roberts,2013,59,153,0.38562091503267976
Brook Lopez,2013,0,1,0
Byron Mullens,2013,66,208,0.3173076923076923
C.J. Miles,2013,126,328,0.38414634146341464
C.J. Watson,2013,88,214,0.411214953271028
Carl Landry,2013,1,3,0.3333333333333333
Carlos Boozer,2013,0,2,0
Carlos Delfino,2013,158,421,0.3752969121140142
Carmelo Anthony,2013,157,414,0.37922705314009664
Caron Butler,2013,128,330,0.3878787878787879
Cartier Martin,2013,58,146,0.3972602739726027
Chandler Parsons,2013,152,395,0.3848101265822785
Charles Jenkins,2013,1,2,0.5
Charlie Villanueva,2013,90,259,0.3474903474903475
Chase Budinger,2013,26,81,0.32098765432098764
Chauncey Billups,2013,33,90,0.36666666666666664
Chris Andersen,2013,2,3,0.6666666666666666
Chris Bosh,2013,21,74,0.28378378378378377
Chris Copeland,2013,59,140,0.42142857142857143
Chris Douglas-Roberts,2013,0,4,0
Chris Duhon,2013,33,91,0.3626373626373626
Chris Johnson,2013,6,18,0.3333333333333333
Chris Kaman,2013,0,1,0
Chris Paul,2013,76,232,0.3275862068965517
Chris Quinn,2013,0,5,0
Chris Singleton,2013,7,36,0.19444444444444445
Chris Wilcox,2013,0,1,0
Chris Wright,2013,0,0,NA
Chuck Hayes,2013,0,1,0
Cole Aldrich,2013,0,0,NA
Corey Brewer,2013,91,307,0.2964169381107492
Corey Maggette,2013,5,21,0.23809523809523808
Cory Higgins,2013,1,5,0.2
Cory Joseph,2013,6,21,0.2857142857142857
Courtney Lee,2013,58,156,0.3717948717948718
D.J. Augustin,2013,67,190,0.3526315789473684
D.J. White,2013,0,0,NA
DaJuan Summers,2013,0,0,NA
Daequan Cook,2013,26,91,0.2857142857142857
Dahntay Jones,2013,11,49,0.22448979591836735
Damian Lillard,2013,185,503,0.36779324055666
Damien Wilkins,2013,17,51,0.3333333333333333
Damion James,2013,0,0,NA
Daniel Gibson,2013,56,163,0.34355828220858897
Daniel Orton,2013,0,0,NA
Danilo Gallinari,2013,135,362,0.3729281767955801
Danny Granger,2013,2,10,0.2
Danny Green,2013,177,413,0.42857142857142855
Dante Cunningham,2013,0,6,0
Darius Johnson-Odom,2013,0,1,0
Darius Miller,2013,22,56,0.39285714285714285
Darius Morris,2013,24,66,0.36363636363636365
Darko Milicic,2013,0,0,NA
Darrell Arthur,2013,5,18,0.2777777777777778
Darren Collison,2013,48,136,0.35294117647058826
David Lee,2013,0,4,0
David West,2013,4,19,0.21052631578947367
DeAndre Jordan,2013,0,0,NA
DeAndre Liggins,2013,7,19,0.3684210526315789
DeJuan Blair,2013,0,1,0
DeMar DeRozan,2013,34,120,0.2833333333333333
DeMarcus Cousins,2013,4,22,0.18181818181818182
DeMarre Carroll,2013,20,70,0.2857142857142857
DeQuan Jones,2013,9,35,0.2571428571428571
DeSagana Diop,2013,0,1,0
DeShawn Stevenson,2013,76,209,0.36363636363636365
Derek Fisher,2013,30,80,0.375
Deron Williams,2013,169,447,0.378076062639821
Derrick Favors,2013,0,5,0
Derrick Williams,2013,65,196,0.33163265306122447
Devin Ebanks,2013,6,22,0.2727272727272727
Devin Harris,2013,77,230,0.3347826086956522
Dexter Pittman,2013,0,0,NA
Diante Garrett,2013,3,15,0.2
Dion Waiters,2013,63,203,0.3103448275862069
Dirk Nowitzki,2013,65,157,0.4140127388535032
Dominic McGuire,2013,0,0,NA
Dominique Jones,2013,1,9,0.1111111111111111
Donald Sloan,2013,7,19,0.3684210526315789
Donatas Motiejunas,2013,24,83,0.2891566265060241
Dorell Wright,2013,135,361,0.3739612188365651
Doron Lamb,2013,14,37,0.3783783783783784
Draymond Green,2013,14,67,0.208955223880597
Drew Gooden,2013,1,5,0.2
Dwight Howard,2013,1,6,0.16666666666666666
Dwyane Wade,2013,17,66,0.25757575757575757
E'Twaun Moore,2013,67,197,0.3401015228426396
Earl Barron,2013,0,0,NA
Earl Clark,2013,35,104,0.33653846153846156
Earl Watson,2013,5,28,0.17857142857142858
Ed Davis,2013,0,0,NA
Eddy Curry,2013,0,0,NA
Ekpe Udoh,2013,0,1,0
Elton Brand,2013,0,1,0
Emeka Okafor,2013,0,0,NA
Enes Kanter,2013,1,1,1
Eric Bledsoe,2013,31,78,0.3974358974358974
Eric Gordon,2013,56,173,0.3236994219653179
Eric Maynor,2013,34,96,0.3541666666666667
Ersan Ilyasova,2013,95,214,0.4439252336448598
Evan Fournier,2013,22,54,0.4074074074074074
Evan Turner,2013,58,159,0.36477987421383645
Fab Melo,2013,0,0,NA
Festus Ezeli,2013,0,0,NA
Francisco Garcia,2013,67,179,0.3743016759776536
Garrett Temple,2013,26,80,0.325
Gary Neal,2013,89,251,0.3545816733067729
George Hill,2013,130,353,0.36827195467422097
Gerald Green,2013,59,188,0.31382978723404253
Gerald Henderson,2013,33,100,0.33
Gerald Wallace,2013,46,163,0.2822085889570552
Glen Davis,2013,0,2,0
Goran Dragic,2013,88,276,0.3188405797101449
Gordon Hayward,2013,102,246,0.4146341463414634
Grant Hill,2013,3,11,0.2727272727272727
Greg Monroe,2013,0,4,0
Greg Smith,2013,0,1,0
Greg Stiemsma,2013,0,0,NA
Greivis Vasquez,2013,83,243,0.34156378600823045
Gustavo Ayon,2013,0,0,NA
Hakim Warrick,2013,0,3,0
Hamed Haddadi,2013,0,0,NA
Harrison Barnes,2013,52,145,0.3586206896551724
Hasheem Thabeet,2013,0,0,NA
Hedo Turkoglu,2013,1,24,0.041666666666666664
Henry Sims,2013,0,0,NA
Ian Mahinmi,2013,0,2,0
Iman Shumpert,2013,51,127,0.4015748031496063
Isaiah Thomas,2013,115,321,0.3582554517133956
Ish Smith,2013,8,27,0.2962962962962963
Ivan Johnson,2013,1,13,0.07692307692307693
J.J. Barea,2013,97,280,0.3464285714285714
J.J. Hickson,2013,0,2,0
J.J. Redick,2013,165,451,0.36585365853658536
J.R. Smith,2013,155,436,0.3555045871559633
JaVale McGee,2013,1,1,1
Jae Crowder,2013,63,192,0.328125
Jamaal Tinsley,2013,39,127,0.30708661417322836
Jamal Crawford,2013,149,396,0.37626262626262624
Jameer Nelson,2013,121,355,0.3408450704225352
James Anderson,2013,21,60,0.35
James Harden,2013,179,486,0.3683127572016461
James Johnson,2013,2,21,0.09523809523809523
James Jones,2013,16,53,0.3018867924528302
James White,2013,14,41,0.34146341463414637
Jan Vesely,2013,0,1,0
Jannero Pargo,2013,39,116,0.33620689655172414
Jared Cunningham,2013,2,3,0.6666666666666666
Jared Dudley,2013,106,271,0.39114391143911437
Jared Jeffries,2013,0,2,0
Jared Sullinger,2013,1,5,0.2
Jarrett Jack,2013,82,203,0.4039408866995074
Jarvis Varnado,2013,0,0,NA
Jason Collins,2013,0,0,NA
Jason Kidd,2013,114,325,0.3507692307692308
Jason Maxiell,2013,0,0,NA
Jason Richardson,2013,57,167,0.3413173652694611
Jason Smith,2013,0,4,0
Jason Terry,2013,123,331,0.3716012084592145
Jason Thompson,2013,0,3,0
Jeff Adrien,2013,0,2,0
Jeff Ayres,2013,2,4,0.5
Jeff Green,2013,70,182,0.38461538461538464
Jeff Teague,2013,89,248,0.3588709677419355
Jeffery Taylor,2013,53,154,0.34415584415584416
Jeremy Evans,2013,0,1,0
Jeremy Lamb,2013,9,30,0.3
Jeremy Lin,2013,87,257,0.33852140077821014
Jeremy Pargo,2013,25,74,0.33783783783783783
Jeremy Tyler,2013,0,0,NA
Jermaine O'Neal,2013,0,0,NA
Jerry Stackhouse,2013,30,89,0.33707865168539325
Jerryd Bayless,2013,71,201,0.35323383084577115
Jimmer Fredette,2013,65,156,0.4166666666666667
Jimmy Butler,2013,40,105,0.38095238095238093
Joakim Noah,2013,0,5,0
Jodie Meeks,2013,122,342,0.3567251461988304
Joe Johnson,2013,148,395,0.37468354430379747
Joel Anthony,2013,0,0,NA
Joel Freeland,2013,0,0,NA
Joel Przybilla,2013,0,0,NA
Johan Petro,2013,1,4,0.25
John Henson,2013,0,3,0
John Jenkins,2013,53,138,0.38405797101449274
John Lucas III,2013,57,151,0.37748344370860926
John Salmons,2013,99,267,0.3707865168539326
John Wall,2013,12,45,0.26666666666666666
Jon Leuer,2013,0,3,0
Jonas Jerebko,2013,25,83,0.30120481927710846
Jonas Valanciunas,2013,0,0,NA
Jordan Crawford,2013,83,246,0.33739837398373984
Jordan Hamilton,2013,27,73,0.3698630136986301
Jordan Hill,2013,0,2,0
Jose Calderon,2013,130,282,0.46099290780141844
Josh Akognon,2013,1,2,0.5
Josh Childress,2013,1,3,0.3333333333333333
Josh Harrellson,2013,1,5,0.2
Josh Howard,2013,5,16,0.3125
Josh McRoberts,2013,24,84,0.2857142857142857
Josh Selby,2013,1,6,0.16666666666666666
Josh Smith,2013,61,201,0.3034825870646766
Jrue Holiday,2013,91,247,0.3684210526315789
Julyan Stone,2013,0,0,NA
Justin Dentmon,2013,0,0,NA
Justin Holiday,2013,4,16,0.25
Juwan Howard,2013,0,0,NA
Kawhi Leonard,2013,65,174,0.3735632183908046
Keith Bogans,2013,84,245,0.34285714285714286
Kemba Walker,2013,107,332,0.32228915662650603
Kendall Marshall,2013,23,73,0.3150684931506849
Kendrick Perkins,2013,0,1,0
Kenneth Faried,2013,0,0,NA
Kent Bazemore,2013,10,34,0.29411764705882354
Kenyon Martin,2013,0,0,NA
Kevin Durant,2013,139,334,0.4161676646706587
Kevin Garnett,2013,2,16,0.125
Kevin Jones,2013,0,0,NA
Kevin Love,2013,20,92,0.21739130434782608
Kevin Martin,2013,158,371,0.42587601078167114
Kevin Murphy,2013,1,5,0.2
Kevin Seraphin,2013,0,0,NA
Keyon Dooling,2013,5,12,0.4166666666666667
Khris Middleton,2013,14,45,0.3111111111111111
Kim English,2013,14,50,0.28
Kirk Hinrich,2013,71,182,0.3901098901098901
Klay Thompson,2013,211,526,0.4011406844106464
Kobe Bryant,2013,132,407,0.32432432432432434
Kosta Koufos,2013,0,1,0
Kris Humphries,2013,0,2,0
Kris Joseph,2013,0,3,0
Kurt Thomas,2013,1,1,1
Kwame Brown,2013,0,0,NA
Kyle Korver,2013,189,414,0.45652173913043476
Kyle Lowry,2013,101,279,0.36200716845878134
Kyle O'Quinn,2013,0,1,0
Kyle Singler,2013,70,200,0.35
Kyrie Irving,2013,109,279,0.3906810035842294
LaMarcus Aldridge,2013,2,14,0.14285714285714285
Lamar Odom,2013,18,90,0.2
Lance Stephenson,2013,62,188,0.32978723404255317
Lance Thomas,2013,0,0,NA
Landry Fields,2013,2,14,0.14285714285714285
Larry Sanders,2013,0,2,0
Lavoy Allen,2013,0,1,0
Lazar Hayward,2013,0,4,0
LeBron James,2013,103,254,0.40551181102362205
Leandro Barbosa,2013,18,47,0.3829787234042553
Linas Kleiza,2013,20,66,0.30303030303030304
Lou Amundson,2013,0,0,NA
Lou Williams,2013,72,196,0.3673469387755102
Luc Mbah a Moute,2013,13,37,0.35135135135135137
Luis Scola,2013,3,16,0.1875
Luke Babbitt,2013,62,178,0.34831460674157305
Luke Ridnour,2013,66,212,0.3113207547169811
Luke Walton,2013,20,67,0.29850746268656714
Luke Zeller,2013,1,5,0.2
Luol Deng,2013,75,233,0.3218884120171674
Maalik Wayns,2013,7,31,0.22580645161290322
Malcolm Lee,2013,8,24,0.3333333333333333
Malcolm Thomas,2013,0,0,NA
Manu Ginobili,2013,83,235,0.35319148936170214
MarShon Brooks,2013,15,55,0.2727272727272727
Marc Gasol,2013,1,14,0.07142857142857142
Marcin Gortat,2013,0,3,0
Marco Belinelli,2013,79,221,0.3574660633484163
Marcus Camby,2013,0,0,NA
Marcus Morris,2013,86,233,0.36909871244635195
Marcus Thornton,2013,141,379,0.3720316622691293
Mario Chalmers,2013,123,301,0.40863787375415284
Markieff Morris,2013,45,134,0.3358208955223881
Marquis Daniels,2013,20,72,0.2777777777777778
Marquis Teague,2013,4,23,0.17391304347826086
Marreese Speights,2013,3,10,0.3
Martell Webster,2013,139,329,0.42249240121580545
Marvin Williams,2013,54,166,0.3253012048192771
Matt Barnes,2013,111,325,0.3415384615384615
Matt Bonner,2013,53,120,0.44166666666666665
Matt Carroll,2013,0,0,NA
Maurice Harkless,2013,32,117,0.27350427350427353
Metta World Peace,2013,141,412,0.3422330097087379
Meyers Leonard,2013,3,7,0.42857142857142855
Michael Beasley,2013,45,144,0.3125
Michael Kidd-Gilchrist,2013,2,9,0.2222222222222222
Mickael Gelabale,2013,16,52,0.3076923076923077
Mickael Pietrus,2013,20,64,0.3125
Mike Conley,2013,106,293,0.36177474402730375
Mike Dunleavy,2013,128,299,0.4280936454849498
Mike James,2013,48,125,0.384
Mike Miller,2013,73,175,0.41714285714285715
Mike Scott,2013,0,1,0
Miles Plumlee,2013,0,0,NA
Mirza Teletovic,2013,37,108,0.3425925925925926
Mo Williams,2013,59,154,0.38311688311688313
Monta Ellis,2013,94,328,0.2865853658536585
Nando De Colo,2013,31,82,0.3780487804878049
Nate Robinson,2013,141,348,0.4051724137931034
Nazr Mohammed,2013,0,2,0
Nene Hilario,2013,0,1,0
Nick Collison,2013,0,4,0
Nick Young,2013,75,210,0.35714285714285715
Nicolas Batum,2013,165,444,0.3716216216216216
Nikola Pekovic,2013,0,0,NA
Nikola Vucevic,2013,0,3,0
Nolan Smith,2013,6,28,0.21428571428571427
Norris Cole,2013,35,98,0.35714285714285715
O.J. Mayo,2013,142,349,0.4068767908309456
Omer Asik,2013,0,1,0
Omri Casspi,2013,25,76,0.32894736842105265
Orlando Johnson,2013,36,94,0.3829787234042553
P.J. Tucker,2013,22,70,0.3142857142857143
Pablo Prigioni,2013,53,134,0.39552238805970147
Patrick Beverley,2013,36,96,0.375
Patrick Patterson,2013,51,132,0.38636363636363635
Patty Mills,2013,52,130,0.4
Pau Gasol,2013,8,28,0.2857142857142857
Paul George,2013,170,469,0.3624733475479744
Paul Millsap,2013,13,39,0.3333333333333333
Paul Pierce,2013,145,382,0.3795811518324607
Perry Jones,2013,0,2,0
Quentin Richardson,2013,1,4,0.25
Quincy Acy,2013,1,2,0.5
Quincy Miller,2013,0,1,0
Quincy Pondexter,2013,60,152,0.39473684210526316
Rajon Rondo,2013,12,50,0.24
Ramon Sessions,2013,33,107,0.308411214953271
Randy Foye,2013,178,434,0.41013824884792627
Rashard Lewis,2013,51,131,0.3893129770992366
Rasheed Wallace,2013,22,69,0.3188405797101449
Ray Allen,2013,139,332,0.4186746987951807
Raymond Felton,2013,93,258,0.36046511627906974
Reggie Evans,2013,0,0,NA
Reggie Jackson,2013,24,104,0.23076923076923078
Reggie Williams,2013,22,72,0.3055555555555556
Richard Hamilton,2013,16,52,0.3076923076923077
Richard Jefferson,2013,14,45,0.3111111111111111
Ricky Rubio,2013,27,92,0.29347826086956524
Robert Sacre,2013,0,0,NA
Robin Lopez,2013,0,0,NA
Rodney Stuckey,2013,55,182,0.3021978021978022
Rodrigue Beaubois,2013,21,72,0.2916666666666667
Roger Mason,2013,66,159,0.41509433962264153
Ronnie Brewer,2013,23,76,0.3026315789473684
Ronnie Price,2013,10,39,0.2564102564102564
Ronny Turiaf,2013,0,0,NA
Roy Hibbert,2013,1,4,0.25
Royal Ivey,2013,37,88,0.42045454545454547
Rudy Gay,2013,84,260,0.3230769230769231
Russell Westbrook,2013,97,300,0.3233333333333333
Ryan Anderson,2013,213,557,0.38240574506283664
Ryan Hollins,2013,0,0,NA
Sam Young,2013,16,52,0.3076923076923077
Samardo Samuels,2013,0,1,0
Samuel Dalembert,2013,1,1,1
Sasha Pavlovic,2013,18,60,0.3
Scott Machado,2013,0,1,0
Sebastian Telfair,2013,53,150,0.35333333333333333
Serge Ibaka,2013,20,57,0.3508771929824561
Shane Battier,2013,136,316,0.43037974683544306
Shannon Brown,2013,39,141,0.2765957446808511
Shaun Livingston,2013,0,4,0
Shavlik Randolph,2013,0,0,NA
Shawn Marion,2013,23,73,0.3150684931506849
Shelvin Mack,2013,18,49,0.3673469387755102
Solomon Jones,2013,0,0,NA
Spencer Hawes,2013,31,87,0.3563218390804598
Stephen Curry,2013,272,600,0.4533333333333333
Stephen Jackson,2013,46,170,0.27058823529411763
Steve Blake,2013,72,171,0.42105263157894735
Steve Nash,2013,57,130,0.43846153846153846
Steve Novak,2013,149,351,0.42450142450142453
Taj Gibson,2013,0,4,0
Tayshaun Prince,2013,38,94,0.40425531914893614
Terrel Harris,2013,0,8,0
Terrence Jones,2013,5,19,0.2631578947368421
Terrence Ross,2013,65,196,0.33163265306122447
Terrence Williams,2013,5,15,0.3333333333333333
Thabo Sefolosha,2013,108,258,0.4186046511627907
Thaddeus Young,2013,1,8,0.125
Thomas Robinson,2013,0,1,0
Tiago Splitter,2013,0,2,0
Tim Duncan,2013,2,7,0.2857142857142857
Tim Ohlbrecht,2013,0,0,NA
Timofey Mozgov,2013,0,2,0
Tobias Harris,2013,34,108,0.3148148148148148
Toney Douglas,2013,82,216,0.37962962962962965
Tony Allen,2013,3,24,0.125
Tony Parker,2013,24,68,0.35294117647058826
Tony Wroten,2013,4,16,0.25
Tornike Shengelia,2013,1,2,0.5
Travis Outlaw,2013,14,50,0.28
Trevor Ariza,2013,76,209,0.36363636363636365
Trevor Booker,2013,0,5,0
Tristan Thompson,2013,0,3,0
Troy Murphy,2013,11,35,0.3142857142857143
Ty Lawson,2013,85,232,0.36637931034482757
Tyler Hansbrough,2013,0,3,0
Tyler Honeycutt,2013,0,2,0
Tyler Zeller,2013,0,4,0
Tyreke Evans,2013,45,133,0.3383458646616541
Tyrus Thomas,2013,3,8,0.375
Tyshawn Taylor,2013,6,13,0.46153846153846156
Tyson Chandler,2013,0,0,NA
Udonis Haslem,2013,0,0,NA
Viacheslav Kravtsov,2013,0,0,NA
Victor Claver,2013,25,87,0.28735632183908044
Vince Carter,2013,162,399,0.40601503759398494
Vladimir Radmanovic,2013,5,27,0.18518518518518517
Wayne Ellington,2013,94,240,0.39166666666666666
Wesley Johnson,2013,50,155,0.3225806451612903
Wesley Matthews,2013,169,425,0.3976470588235294
Will Barton,2013,9,65,0.13846153846153847
Will Bynum,2013,24,76,0.3157894736842105
Will Conroy,2013,0,3,0
Willie Green,2013,71,166,0.42771084337349397
Wilson Chandler,2013,52,126,0.4126984126984127
Xavier Henry,2013,4,11,0.36363636363636365
Zach Randolph,2013,2,23,0.08695652173913043
Zaza Pachulia,2013,0,3,0
A.J. Price,2014,6,22,0.2727272727272727
Aaron Brooks,2014,96,248,0.3870967741935484
Aaron Gray,2014,0,1,0
Adonis Thomas,2014,1,5,0.2
Al Harrington,2014,34,100,0.34
Al Horford,2014,4,11,0.36363636363636365
Al Jefferson,2014,3,15,0.2
Al-Farouq Aminu,2014,13,48,0.2708333333333333
Alan Anderson,2014,84,248,0.3387096774193548
Alec Burks,2014,50,143,0.34965034965034963
Alex Len,2014,0,0,NA
Alexey Shved,2014,30,102,0.29411764705882354
Alexis Ajinca,2014,0,1,0
Allen Crabbe,2014,6,14,0.42857142857142855
Alonzo Gee,2014,19,58,0.3275862068965517
Amar'e Stoudemire,2014,0,0,NA
Amir Johnson,2014,20,66,0.30303030303030304
Anderson Varejao,2014,0,7,0
Andray Blatche,2014,15,54,0.2777777777777778
Andre Drummond,2014,0,2,0
Andre Iguodala,2014,62,175,0.35428571428571426
Andre Miller,2014,11,21,0.5238095238095238
Andre Roberson,2014,2,13,0.15384615384615385
Andrea Bargnani,2014,30,108,0.2777777777777778
Andrei Kirilenko,2014,1,5,0.2
Andrew Bogut,2014,0,0,NA
Andrew Bynum,2014,0,0,NA
Andrew Nicholson,2014,28,89,0.3146067415730337
Andris Biedrins,2014,0,0,NA
Antawn Jamison,2014,8,41,0.1951219512195122
Anthony Bennett,2014,13,53,0.24528301886792453
Anthony Davis,2014,2,9,0.2222222222222222
Anthony Morrow,2014,88,195,0.4512820512820513
Anthony Randolph,2014,18,61,0.29508196721311475
Anthony Tolliver,2014,102,247,0.41295546558704455
Archie Goodwin,2014,5,36,0.1388888888888889
Arinze Onuaku,2014,0,0,NA
Arnett Moultrie,2014,0,0,NA
Aron Baynes,2014,0,0,NA
Arron Afflalo,2014,128,300,0.4266666666666667
Austin Daye,2014,12,37,0.32432432432432434
Austin Rivers,2014,36,99,0.36363636363636365
Avery Bradley,2014,79,200,0.395
Ben Gordon,2014,8,29,0.27586206896551724
Ben McLemore,2014,95,297,0.31986531986531985
Beno Udrih,2014,19,42,0.4523809523809524
Bernard James,2014,0,1,0
Bismack Biyombo,2014,0,0,NA
Blake Griffin,2014,12,44,0.2727272727272727
Boris Diaw,2014,45,112,0.4017857142857143
Bradley Beal,2014,138,343,0.40233236151603496
Brandan Wright,2014,0,0,NA
Brandon Bass,2014,2,6,0.3333333333333333
Brandon Davies,2014,2,10,0.2
Brandon Jennings,2014,154,457,0.33698030634573306
Brandon Knight,2014,110,338,0.3254437869822485
Brandon Rush,2014,16,47,0.3404255319148936
Brian Roberts,2014,64,178,0.3595505617977528
Brook Lopez,2014,0,1,0
Byron Mullens,2014,33,89,0.3707865168539326
C.J. McCollum,2014,30,80,0.375
C.J. Miles,2014,83,211,0.3933649289099526
C.J. Watson,2014,53,145,0.36551724137931035
Carl Landry,2014,0,0,NA
Carlos Boozer,2014,0,2,0
Carmelo Anthony,2014,167,415,0.40240963855421685
Caron Butler,2014,98,249,0.39357429718875503
Carrick Felix,2014,2,5,0.4
Cartier Martin,2014,59,151,0.39072847682119205
Casper Ware,2014,7,21,0.3333333333333333
Chandler Parsons,2014,130,351,0.37037037037037035
Channing Frye,2014,160,432,0.37037037037037035
Charlie Villanueva,2014,14,56,0.25
Chase Budinger,2014,42,120,0.35
Chauncey Billups,2014,14,48,0.2916666666666667
Chris Andersen,2014,3,12,0.25
Chris Babb,2014,6,27,0.2222222222222222
Chris Bosh,2014,74,218,0.3394495412844037
Chris Copeland,2014,33,79,0.4177215189873418
Chris Douglas-Roberts,2014,51,132,0.38636363636363635
Chris Johnson,2014,43,127,0.33858267716535434
Chris Kaman,2014,0,3,0
Chris Paul,2014,78,212,0.36792452830188677
Chris Singleton,2014,7,19,0.3684210526315789
Chris Smith,2014,0,0,NA
Chris Wright,2014,0,1,0
Chuck Hayes,2014,0,1,0
Cody Zeller,2014,0,1,0
Cole Aldrich,2014,0,0,NA
Corey Brewer,2014,59,211,0.2796208530805687
Cory Joseph,2014,12,38,0.3157894736842105
Courtney Lee,2014,72,194,0.3711340206185567
D.J. Augustin,2014,133,332,0.4006024096385542
D.J. Stephens,2014,0,0,NA
D.J. White,2014,0,0,NA
Damian Lillard,2014,218,554,0.3935018050541516
Damion James,2014,0,2,0
Daniel Orton,2014,0,0,NA
Danny Granger,2014,43,128,0.3359375
Danny Green,2014,132,318,0.41509433962264153
Dante Cunningham,2014,0,5,0
Darius Johnson-Odom,2014,0,3,0
Darius Miller,2014,25,77,0.3246753246753247
Darius Morris,2014,12,38,0.3157894736842105
Darrell Arthur,2014,24,64,0.375
Darren Collison,2014,71,189,0.37566137566137564
David Lee,2014,0,1,0
David West,2014,4,15,0.26666666666666666
DeAndre Jordan,2014,0,0,NA
DeAndre Liggins,2014,0,0,NA
DeJuan Blair,2014,0,2,0
DeMar DeRozan,2014,64,210,0.3047619047619048
DeMarcus Cousins,2014,0,7,0
DeMarre Carroll,2014,97,268,0.3619402985074627
Dennis Schroder,2014,10,42,0.23809523809523808
Derek Fisher,2014,88,229,0.38427947598253276
Deron Williams,2014,98,268,0.3656716417910448
Derrick Favors,2014,0,1,0
Derrick Rose,2014,16,47,0.3404255319148936
Derrick Williams,2014,26,99,0.26262626262626265
Devin Harris,2014,31,101,0.3069306930693069
Dewayne Dedmon,2014,0,0,NA
Dexter Pittman,2014,0,0,NA
Diante Garrett,2014,36,96,0.375
Dion Waiters,2014,92,250,0.368
Dionte Christmas,2014,9,31,0.2903225806451613
Dirk Nowitzki,2014,131,329,0.3981762917933131
Donald Sloan,2014,10,42,0.23809523809523808
Donatas Motiejunas,2014,21,84,0.25
Dorell Wright,2014,69,202,0.3415841584158416
Doron Lamb,2014,36,90,0.4
Draymond Green,2014,55,165,0.3333333333333333
Drew Gooden,2014,7,17,0.4117647058823529
Dwight Buycks,2014,5,17,0.29411764705882354
Dwight Howard,2014,2,7,0.2857142857142857
Dwyane Wade,2014,9,32,0.28125
E'Twaun Moore,2014,57,161,0.35403726708074534
Earl Clark,2014,41,122,0.3360655737704918
Earl Watson,2014,2,7,0.2857142857142857
Ed Davis,2014,0,0,NA
Ekpe Udoh,2014,0,0,NA
Elias Harris,2014,0,0,NA
Elliot Williams,2014,37,125,0.296
Elton Brand,2014,0,2,0
Enes Kanter,2014,0,1,0
Eric Bledsoe,2014,50,140,0.35714285714285715
Eric Gordon,2014,101,258,0.39147286821705424
Eric Maynor,2014,12,37,0.32432432432432434
Erik Murphy,2014,0,3,0
Ersan Ilyasova,2014,37,131,0.2824427480916031
Evan Fournier,2014,89,237,0.3755274261603376
Evan Turner,2014,50,156,0.32051282051282054
Francisco Garcia,2014,69,193,0.35751295336787564
Gal Mekel,2014,5,20,0.25
Garrett Temple,2014,6,29,0.20689655172413793
Gary Neal,2014,68,180,0.37777777777777777
George Hill,2014,95,260,0.36538461538461536
Gerald Green,2014,204,510,0.4
Gerald Henderson,2014,40,115,0.34782608695652173
Gerald Wallace,2014,19,64,0.296875
Giannis Antetokounmpo,2014,41,118,0.3474576271186441
Glen Davis,2014,4,11,0.36363636363636365
Glen Rice,2014,5,17,0.29411764705882354
Goran Dragic,2014,122,299,0.4080267558528428
Gordon Hayward,2014,85,280,0.30357142857142855
Gorgui Dieng,2014,1,1,1
Greg Monroe,2014,0,1,0
Greg Oden,2014,0,0,NA
Greg Smith,2014,0,0,NA
Greg Stiemsma,2014,0,1,0
Greivis Vasquez,2014,109,289,0.3771626297577855
Gustavo Ayon,2014,0,0,NA
Hamady N'Diaye,2014,0,0,NA
Harrison Barnes,2014,66,190,0.3473684210526316
Hasheem Thabeet,2014,0,0,NA
Hedo Turkoglu,2014,22,50,0.44
Henry Sims,2014,0,1,0
Hilton Armstrong,2014,0,0,NA
Hollis Thompson,2014,67,167,0.40119760479041916
Ian Clark,2014,11,31,0.3548387096774194
Ian Mahinmi,2014,0,1,0
Iman Shumpert,2014,76,228,0.3333333333333333
Isaiah Canaan,2014,18,55,0.32727272727272727
Isaiah Thomas,2014,127,364,0.3489010989010989
Ish Smith,2014,1,23,0.043478260869565216
J.J. Barea,2014,73,231,0.31601731601731603
J.J. Hickson,2014,0,8,0
J.J. Redick,2014,73,185,0.3945945945945946
J.R. Smith,2014,189,480,0.39375
JaVale McGee,2014,0,0,NA
Jae Crowder,2014,50,151,0.33112582781456956
Jamaal Franklin,2014,5,11,0.45454545454545453
Jamaal Tinsley,2014,1,15,0.06666666666666667
Jamal Crawford,2014,161,446,0.3609865470852018
Jameer Nelson,2014,136,391,0.34782608695652173
James Anderson,2014,115,351,0.32763532763532766
James Harden,2014,177,483,0.36645962732919257
James Johnson,2014,22,87,0.25287356321839083
James Jones,2014,28,54,0.5185185185185185
James Nunnally,2014,8,25,0.32
James Southerland,2014,3,6,0.5
Jan Vesely,2014,0,0,NA
Jannero Pargo,2014,24,60,0.4
Jared Cunningham,2014,1,7,0.14285714285714285
Jared Dudley,2014,81,225,0.36
Jared Sullinger,2014,56,208,0.2692307692307692
Jarrett Jack,2014,63,185,0.34054054054054056
Jarvis Varnado,2014,0,0,NA
Jason Collins,2014,0,3,0
Jason Maxiell,2014,0,0,NA
Jason Smith,2014,0,0,NA
Jason Terry,2014,39,103,0.3786407766990291
Jason Thompson,2014,0,0,NA
Jeff Adrien,2014,0,0,NA
Jeff Ayres,2014,0,0,NA
Jeff Green,2014,135,396,0.3409090909090909
Jeff Teague,2014,74,225,0.3288888888888889
Jeff Withey,2014,0,1,0
Jeffery Taylor,2014,18,67,0.26865671641791045
Jeremy Evans,2014,0,2,0
Jeremy Lamb,2014,88,247,0.3562753036437247
Jeremy Lin,2014,82,229,0.35807860262008734
Jeremy Tyler,2014,0,0,NA
Jermaine O'Neal,2014,0,0,NA
Jerryd Bayless,2014,76,212,0.3584905660377358
Jimmer Fredette,2014,40,84,0.47619047619047616
Jimmy Butler,2014,68,240,0.2833333333333333
Joakim Noah,2014,0,2,0
Jodie Meeks,2014,162,404,0.400990099009901
Joe Johnson,2014,162,404,0.400990099009901
Joel Anthony,2014,0,0,NA
Joel Freeland,2014,0,2,0
John Henson,2014,0,1,0
John Jenkins,2014,4,18,0.2222222222222222
John Lucas III,2014,25,84,0.2976190476190476
John Salmons,2014,63,163,0.38650306748466257
John Wall,2014,108,308,0.35064935064935066
Jon Leuer,2014,23,49,0.46938775510204084
Jonas Jerebko,2014,31,74,0.4189189189189189
Jonas Valanciunas,2014,0,1,0
Jordan Crawford,2014,90,285,0.3157894736842105
Jordan Farmar,2014,70,160,0.4375
Jordan Hamilton,2014,70,198,0.35353535353535354
Jordan Hill,2014,0,1,0
Jorge Gutierrez,2014,3,12,0.25
Jose Calderon,2014,191,425,0.44941176470588234
Josh Childress,2014,0,0,NA
Josh Harrellson,2014,12,31,0.3870967741935484
Josh McRoberts,2014,105,291,0.36082474226804123
Josh Powell,2014,0,0,NA
Josh Smith,2014,70,265,0.2641509433962264
Jrue Holiday,2014,30,77,0.38961038961038963
Julyan Stone,2014,2,8,0.25
Justin Hamilton,2014,3,9,0.3333333333333333
Kawhi Leonard,2014,69,182,0.3791208791208791
Keith Bogans,2014,3,6,0.5
Kelly Olynyk,2014,40,114,0.3508771929824561
Kemba Walker,2014,109,327,0.3333333333333333
Kendall Marshall,2014,71,178,0.398876404494382
Kendrick Perkins,2014,0,1,0
Kenneth Faried,2014,0,3,0
Kent Bazemore,2014,43,128,0.3359375
Kentavious Caldwell-Pope,2014,59,185,0.31891891891891894
Kenyon Martin,2014,0,1,0
Kevin Durant,2014,192,491,0.3910386965376782
Kevin Garnett,2014,0,3,0
Kevin Love,2014,190,505,0.37623762376237624
Kevin Martin,2014,115,297,0.3872053872053872
Kevin Seraphin,2014,0,0,NA
Khris Middleton,2014,120,290,0.41379310344827586
Kirk Hinrich,2014,85,242,0.3512396694214876
Klay Thompson,2014,223,535,0.41682242990654206
Kobe Bryant,2014,3,16,0.1875
Kosta Koufos,2014,0,0,NA
Kris Humphries,2014,0,2,0
Kyle Korver,2014,185,392,0.4719387755102041
Kyle Lowry,2014,190,500,0.38
Kyle O'Quinn,2014,0,3,0
Kyle Singler,2014,94,246,0.3821138211382114
Kyrie Irving,2014,123,344,0.35755813953488375
LaMarcus Aldridge,2014,3,15,0.2
Lance Stephenson,2014,86,244,0.3524590163934426
Lance Thomas,2014,0,0,NA
Landry Fields,2014,0,5,0
Larry Sanders,2014,0,1,0
Lavoy Allen,2014,2,13,0.15384615384615385
LeBron James,2014,116,306,0.3790849673202614
Leandro Barbosa,2014,7,25,0.28
Lorenzo Brown,2014,3,30,0.1
Lou Amundson,2014,0,0,NA
Lou Williams,2014,79,231,0.341991341991342
Luc Mbah a Moute,2014,4,17,0.23529411764705882
Luigi Datome,2014,7,39,0.1794871794871795
Luis Scola,2014,1,7,0.14285714285714285
Luke Babbitt,2014,36,95,0.37894736842105264
Luke Ridnour,2014,37,108,0.3425925925925926
Luol Deng,2014,57,189,0.30158730158730157
Maalik Wayns,2014,0,0,NA
Malcolm Thomas,2014,1,4,0.25
Manny Harris,2014,7,20,0.35
Manu Ginobili,2014,90,258,0.3488372093023256
MarShon Brooks,2014,13,25,0.52
Marc Gasol,2014,2,11,0.18181818181818182
Marcin Gortat,2014,1,1,1
Marco Belinelli,2014,126,293,0.4300341296928328
Marcus Morris,2014,99,260,0.38076923076923075
Marcus Thornton,2014,109,316,0.3449367088607595
Mario Chalmers,2014,87,226,0.38495575221238937
Markieff Morris,2014,34,108,0.3148148148148148
Marquis Teague,2014,5,18,0.2777777777777778
Marreese Speights,2014,8,31,0.25806451612903225
Martell Webster,2014,146,372,0.3924731182795699
Marvin Williams,2014,84,234,0.358974358974359
Mason Plumlee,2014,0,3,0
Matt Barnes,2014,97,283,0.34275618374558303
Matt Bonner,2014,42,98,0.42857142857142855
Matthew Dellavedova,2014,57,155,0.36774193548387096
Maurice Harkless,2014,59,154,0.38311688311688313
Melvin Ely,2014,0,0,NA
Metta World Peace,2014,17,54,0.3148148148148148
Meyers Leonard,2014,0,6,0
Michael Beasley,2014,21,54,0.3888888888888889
Michael Carter-Williams,2014,55,208,0.2644230769230769
Michael Kidd-Gilchrist,2014,1,9,0.1111111111111111
Mike Conley,2014,105,291,0.36082474226804123
Mike Dunleavy,2014,123,324,0.37962962962962965
Mike Harris,2014,0,2,0
Mike James,2014,1,5,0.2
Mike Miller,2014,107,233,0.4592274678111588
Mike Muscala,2014,0,3,0
Mike Scott,2014,62,200,0.31
Miles Plumlee,2014,0,0,NA
Miroslav Raduljica,2014,0,0,NA
Mirza Teletovic,2014,136,349,0.38968481375358166
Mo Williams,2014,83,225,0.3688888888888889
Monta Ellis,2014,69,209,0.33014354066985646
Mustafa Shakur,2014,0,1,0
Nando De Colo,2014,18,53,0.33962264150943394
Nate Robinson,2014,58,154,0.37662337662337664
Nate Wolters,2014,18,62,0.2903225806451613
Nazr Mohammed,2014,0,0,NA
Nemanja Nedovic,2014,3,18,0.16666666666666666
Nene Hilario,2014,1,5,0.2
Nick Calathes,2014,19,61,0.3114754098360656
Nick Collison,2014,4,17,0.23529411764705882
Nick Young,2014,135,350,0.38571428571428573
Nicolas Batum,2014,145,402,0.36069651741293535
Nikola Pekovic,2014,0,0,NA
Nikola Vucevic,2014,0,0,NA
Norris Cole,2014,60,174,0.3448275862068966
O.J. Mayo,2014,84,227,0.3700440528634361
Ognjen Kuzmic,2014,0,0,NA
Omer Asik,2014,0,0,NA
Omri Casspi,2014,61,176,0.3465909090909091
Orlando Johnson,2014,9,47,0.19148936170212766
Othyus Jeffers,2014,0,2,0
Otto Porter,2014,4,21,0.19047619047619047
P.J. Tucker,2014,74,191,0.387434554973822
Pablo Prigioni,2014,65,140,0.4642857142857143
Patrick Beverley,2014,92,255,0.3607843137254902
Patrick Patterson,2014,55,151,0.36423841059602646
Patty Mills,2014,135,318,0.42452830188679247
Pau Gasol,2014,4,14,0.2857142857142857
Paul George,2014,182,500,0.364
Paul Millsap,2014,76,212,0.3584905660377358
Paul Pierce,2014,112,300,0.37333333333333335
Pero Antic,2014,56,171,0.32748538011695905
Perry Jones,2014,22,61,0.36065573770491804
Peyton Siva,2014,7,25,0.28
Phil Pressey,2014,28,106,0.2641509433962264
Quincy Acy,2014,4,15,0.26666666666666666
Quincy Miller,2014,30,94,0.3191489361702128
Quincy Pondexter,2014,11,34,0.3235294117647059
Rajon Rondo,2014,26,90,0.28888888888888886
Ramon Sessions,2014,35,124,0.28225806451612906
Randy Foye,2014,189,498,0.3795180722891566
Rashard Lewis,2014,46,134,0.34328358208955223
Rasual Butler,2014,26,62,0.41935483870967744
Ray Allen,2014,116,309,0.37540453074433655
Ray McCallum,2014,22,59,0.3728813559322034
Raymond Felton,2014,62,195,0.31794871794871793
Reggie Bullock,2014,22,73,0.3013698630136986
Reggie Evans,2014,0,0,NA
Reggie Jackson,2014,83,245,0.33877551020408164
Reggie Williams,2014,1,3,0.3333333333333333
Richard Jefferson,2014,123,301,0.40863787375415284
Ricky Ledo,2014,3,8,0.375
Ricky Rubio,2014,44,133,0.3308270676691729
Robbie Hummel,2014,32,89,0.3595505617977528
Robert Covington,2014,4,11,0.36363636363636365
Robert Sacre,2014,0,0,NA
Robin Lopez,2014,0,1,0
Rodney Stuckey,2014,24,88,0.2727272727272727
Roger Mason,2014,17,48,0.3541666666666667
Ronnie Brewer,2014,1,8,0.125
Ronnie Price,2014,9,43,0.20930232558139536
Ronny Turiaf,2014,0,0,NA
Roy Hibbert,2014,2,5,0.4
Royal Ivey,2014,0,1,0
Royce White,2014,0,0,NA
Rudy Gay,2014,65,197,0.3299492385786802
Rudy Gobert,2014,0,0,NA
Russell Westbrook,2014,68,214,0.3177570093457944
Ryan Anderson,2014,67,164,0.40853658536585363
Ryan Gomes,2014,0,2,0
Ryan Hollins,2014,0,0,NA
Ryan Kelly,2014,48,142,0.3380281690140845
Samuel Dalembert,2014,0,1,0
Sasha Vujacic,2014,1,2,0.5
Scotty Hopson,2014,0,2,0
Serge Ibaka,2014,23,60,0.38333333333333336
Sergey Karasev,2014,4,19,0.21052631578947367
Seth Curry,2014,1,1,1
Shabazz Muhammad,2014,3,11,0.2727272727272727
Shane Battier,2014,73,210,0.3476190476190476
Shane Edwards,2014,0,0,NA
Shane Larkin,2014,12,38,0.3157894736842105
Shannon Brown,2014,0,2,0
Shaun Livingston,2014,1,6,0.16666666666666666
Shavlik Randolph,2014,0,0,NA
Shawn Marion,2014,58,162,0.35802469135802467
Shawne Williams,2014,42,129,0.32558139534883723
Shelvin Mack,2014,62,184,0.33695652173913043
Solomon Hill,2014,7,23,0.30434782608695654
Solomon Jones,2014,0,0,NA
Spencer Hawes,2014,128,308,0.4155844155844156
Stephen Curry,2014,261,615,0.424390243902439
Stephen Jackson,2014,1,14,0.07142857142857142
Steve Blake,2014,79,210,0.3761904761904762
Steve Nash,2014,8,24,0.3333333333333333
Steve Novak,2014,52,122,0.4262295081967213
Steven Adams,2014,0,0,NA
Taj Gibson,2014,0,7,0
Tayshaun Prince,2014,20,69,0.2898550724637681
Terrence Jones,2014,31,101,0.3069306930693069
Terrence Ross,2014,161,408,0.3946078431372549
Thabo Sefolosha,2014,48,152,0.3157894736842105
Thaddeus Young,2014,90,292,0.3082191780821918
Thomas Robinson,2014,0,1,0
Tiago Splitter,2014,0,3,0
Tim Duncan,2014,0,5,0
Tim Hardaway,2014,130,358,0.36312849162011174
Timofey Mozgov,2014,4,24,0.16666666666666666
Tobias Harris,2014,32,126,0.25396825396825395
Toney Douglas,2014,31,102,0.30392156862745096
Tony Allen,2014,11,47,0.23404255319148937
Tony Mitchell,2014,1,2,0.5
Tony Parker,2014,25,67,0.373134328358209
Tony Snell,2014,57,178,0.3202247191011236
Tony Wroten,2014,40,188,0.2127659574468085
Tornike Shengelia,2014,0,6,0
Toure' Murry,2014,5,12,0.4166666666666667
Travis Outlaw,2014,41,117,0.3504273504273504
Trevor Ariza,2014,180,442,0.4072398190045249
Trevor Booker,2014,0,2,0
Trey Burke,2014,111,336,0.33035714285714285
Tristan Thompson,2014,0,1,0
Troy Daniels,2014,12,25,0.48
Ty Lawson,2014,72,202,0.3564356435643564
Tyler Hansbrough,2014,0,2,0
Tyler Zeller,2014,0,1,0
Tyreke Evans,2014,21,95,0.22105263157894736
Tyshawn Taylor,2014,3,12,0.25
Tyson Chandler,2014,0,1,0
Udonis Haslem,2014,0,0,NA
Vander Blue,2014,0,1,0
Viacheslav Kravtsov,2014,0,0,NA
Victor Claver,2014,3,18,0.16666666666666666
Victor Oladipo,2014,74,226,0.3274336283185841
Vince Carter,2014,146,371,0.3935309973045822
Vitor Faverani,2014,12,40,0.3
Wayne Ellington,2014,25,59,0.423728813559322
Wesley Johnson,2014,100,271,0.36900369003690037
Wesley Matthews,2014,201,511,0.3933463796477495
Will Barton,2014,10,33,0.30303030303030304
Will Bynum,2014,20,62,0.3225806451612903
Willie Green,2014,41,121,0.33884297520661155
Wilson Chandler,2014,122,351,0.3475783475783476
Xavier Henry,2014,28,81,0.345679012345679
Zach Randolph,2014,2,20,0.1
Zaza Pachulia,2014,0,1,0
A.J. Price,2015,15,57,0.2631578947368421
Aaron Brooks,2015,121,313,0.3865814696485623
Aaron Gordon,2015,13,48,0.2708333333333333
Adreian Payne,2015,1,9,0.1111111111111111
Al Horford,2015,11,36,0.3055555555555556
Al Jefferson,2015,2,5,0.4
Al-Farouq Aminu,2015,34,124,0.27419354838709675
Alan Anderson,2015,73,210,0.3476190476190476
Alec Burks,2015,26,68,0.38235294117647056
Alex Kirk,2015,0,0,NA
Alex Len,2015,1,3,0.3333333333333333
Alexey Shved,2015,47,139,0.3381294964028777
Alexis Ajinca,2015,0,0,NA
Allen Crabbe,2015,30,85,0.35294117647058826
Alonzo Gee,2015,13,35,0.37142857142857144
Amar'e Stoudemire,2015,0,4,0
Amir Johnson,2015,19,46,0.41304347826086957
Anderson Varejao,2015,0,2,0
Andre Dawkins,2015,1,6,0.16666666666666666
Andre Drummond,2015,0,2,0
Andre Iguodala,2015,74,212,0.3490566037735849
Andre Miller,2015,7,34,0.20588235294117646
Andre Roberson,2015,21,85,0.24705882352941178
Andrea Bargnani,2015,15,41,0.36585365853658536
Andrei Kirilenko,2015,0,0,NA
Andrew Bogut,2015,0,0,NA
Andrew Nicholson,2015,13,41,0.3170731707317073
Andrew Wiggins,2015,39,126,0.30952380952380953
Anthony Bennett,2015,7,23,0.30434782608695654
Anthony Davis,2015,1,12,0.08333333333333333
Anthony Morrow,2015,141,325,0.4338461538461538
Anthony Tolliver,2015,106,290,0.36551724137931035
Archie Goodwin,2015,12,41,0.2926829268292683
Arinze Onuaku,2015,0,0,NA
Aron Baynes,2015,1,4,0.25
Arron Afflalo,2015,118,333,0.35435435435435436
Austin Daye,2015,24,71,0.3380281690140845
Austin Rivers,2015,39,131,0.29770992366412213
Avery Bradley,2015,124,352,0.3522727272727273
Ben Gordon,2015,35,97,0.36082474226804123
Ben McLemore,2015,140,391,0.35805626598465473
Beno Udrih,2015,26,97,0.26804123711340205
Bernard James,2015,0,0,NA
Bismack Biyombo,2015,0,0,NA
Blake Griffin,2015,10,25,0.4
Bojan Bogdanovic,2015,91,256,0.35546875
Boris Diaw,2015,54,169,0.31952662721893493
Bradley Beal,2015,106,259,0.4092664092664093
Brandan Wright,2015,0,3,0
Brandon Bass,2015,9,32,0.28125
Brandon Davies,2015,8,34,0.23529411764705882
Brandon Jennings,2015,76,211,0.36018957345971564
Brandon Knight,2015,125,321,0.3894080996884735
Brandon Rush,2015,3,27,0.1111111111111111
Brendan Haywood,2015,0,0,NA
Brian Roberts,2015,62,193,0.32124352331606215
Brook Lopez,2015,1,10,0.1
Bruno Caboclo,2015,2,3,0.6666666666666666
Bryce Cotton,2015,7,20,0.35
C.J. McCollum,2015,55,139,0.39568345323741005
C.J. Miles,2015,154,446,0.3452914798206278
C.J. Watson,2015,70,175,0.4
C.J. Wilcox,2015,7,19,0.3684210526315789
Cameron Bairstow,2015,0,0,NA
Carl Landry,2015,0,0,NA
Carlos Boozer,2015,0,0,NA
Carmelo Anthony,2015,61,179,0.3407821229050279
Caron Butler,2015,83,219,0.3789954337899543
Cartier Martin,2015,6,33,0.18181818181818182
Chandler Parsons,2015,132,347,0.3804034582132565
Channing Frye,2015,136,346,0.3930635838150289
Charlie Villanueva,2015,83,221,0.3755656108597285
Chase Budinger,2015,52,143,0.36363636363636365
Chris Andersen,2015,4,13,0.3076923076923077
Chris Bosh,2015,63,168,0.375
Chris Copeland,2015,52,167,0.31137724550898205
Chris Douglas-Roberts,2015,1,7,0.14285714285714285
Chris Johnson,2015,28,95,0.29473684210526313
Chris Kaman,2015,0,0,NA
Chris Paul,2015,139,349,0.3982808022922636
Chuck Hayes,2015,0,0,NA
Cleanthony Early,2015,22,84,0.2619047619047619
Clint Capela,2015,0,0,NA
Cody Zeller,2015,1,1,1
Cole Aldrich,2015,0,0,NA
Corey Brewer,2015,63,235,0.2680851063829787
Cory Jefferson,2015,2,15,0.13333333333333333
Cory Joseph,2015,16,44,0.36363636363636365
Courtney Lee,2015,90,224,0.4017857142857143
D.J. Augustin,2015,83,246,0.33739837398373984
Dahntay Jones,2015,0,4,0
Damian Lillard,2015,196,572,0.34265734265734266
Damjan Rudez,2015,69,170,0.40588235294117647
Danilo Gallinari,2015,107,301,0.3554817275747508
Danny Granger,2015,30,84,0.35714285714285715
Danny Green,2015,191,457,0.4179431072210066
Dante Cunningham,2015,1,10,0.1
Dante Exum,2015,83,264,0.3143939393939394
Darius Miller,2015,0,1,0
Darius Morris,2015,7,33,0.21212121212121213
Darrell Arthur,2015,26,110,0.23636363636363636
Darren Collison,2015,60,161,0.37267080745341613
David Lee,2015,0,2,0
David Stockton,2015,1,2,0.5
David Wear,2015,0,1,0
David West,2015,4,20,0.2
DeAndre Jordan,2015,1,4,0.25
DeJuan Blair,2015,0,0,NA
DeMar DeRozan,2015,25,88,0.2840909090909091
DeMarcus Cousins,2015,2,8,0.25
DeMarre Carroll,2015,120,304,0.39473684210526316
Dennis Schroder,2015,52,148,0.35135135135135137
Deron Williams,2015,87,237,0.3670886075949367
Derrick Favors,2015,1,6,0.16666666666666666
Derrick Rose,2015,76,271,0.28044280442804426
Derrick Williams,2015,49,156,0.3141025641025641
Devin Harris,2015,95,266,0.35714285714285715
Devyn Marble,2015,4,22,0.18181818181818182
Dewayne Dedmon,2015,0,1,0
Dion Waiters,2015,73,246,0.2967479674796748
Dirk Nowitzki,2015,104,274,0.3795620437956204
Donald Sloan,2015,41,131,0.31297709923664124
Donatas Motiejunas,2015,49,133,0.3684210526315789
Dorell Wright,2015,41,108,0.37962962962962965
Doug McDermott,2015,13,41,0.3170731707317073
Draymond Green,2015,111,329,0.3373860182370821
Drew Gooden,2015,23,59,0.3898305084745763
Drew Gordon,2015,0,3,0
Dwight Buycks,2015,7,11,0.6363636363636364
Dwight Howard,2015,1,2,0.5
Dwight Powell,2015,3,11,0.2727272727272727
Dwyane Wade,2015,29,102,0.28431372549019607
E'Twaun Moore,2015,13,38,0.34210526315789475
Earl Barron,2015,2,4,0.5
Earl Clark,2015,4,14,0.2857142857142857
Ed Davis,2015,0,0,NA
Ekpe Udoh,2015,0,0,NA
Elfrid Payton,2015,11,42,0.2619047619047619
Elijah Millsap,2015,28,90,0.3111111111111111
Elliot Williams,2015,8,18,0.4444444444444444
Elton Brand,2015,0,1,0
Enes Kanter,2015,16,45,0.35555555555555557
Eric Bledsoe,2015,88,272,0.3235294117647059
Eric Gordon,2015,141,315,0.44761904761904764
Eric Moreland,2015,0,0,NA
Erick Green,2015,14,47,0.2978723404255319
Ersan Ilyasova,2015,74,190,0.3894736842105263
Evan Fournier,2015,85,225,0.37777777777777777
Evan Turner,2015,33,119,0.2773109243697479
Festus Ezeli,2015,0,0,NA
Francisco Garcia,2015,10,45,0.2222222222222222
Furkan Aldemir,2015,0,5,0
Gal Mekel,2015,0,3,0
Garrett Temple,2015,33,88,0.375
Gary Harris,2015,21,103,0.20388349514563106
Gary Neal,2015,50,164,0.3048780487804878
George Hill,2015,69,193,0.35751295336787564
Gerald Green,2015,137,387,0.35400516795865633
Gerald Henderson,2015,45,136,0.33088235294117646
Gerald Wallace,2015,1,3,0.3333333333333333
Giannis Antetokounmpo,2015,7,44,0.1590909090909091
Glen Davis,2015,0,4,0
Glen Rice,2015,1,7,0.14285714285714285
Glenn Robinson,2015,5,19,0.2631578947368421
Goran Dragic,2015,90,259,0.3474903474903475
Gordon Hayward,2015,120,330,0.36363636363636365
Gorgui Dieng,2015,1,6,0.16666666666666666
Grant Jerrett,2015,1,15,0.06666666666666667
Greg Monroe,2015,0,0,NA
Greg Smith,2015,0,0,NA
Greg Stiemsma,2015,0,0,NA
Greivis Vasquez,2015,133,351,0.3789173789173789
Harrison Barnes,2015,87,215,0.4046511627906977
Hassan Whiteside,2015,0,0,NA
Hedo Turkoglu,2015,60,139,0.4316546762589928
Henry Sims,2015,4,22,0.18181818181818182
Henry Walker,2015,45,132,0.3409090909090909
Hollis Thompson,2015,115,287,0.40069686411149824
Ian Clark,2015,10,30,0.3333333333333333
Ian Mahinmi,2015,0,0,NA
Iman Shumpert,2015,67,196,0.34183673469387754
Isaiah Canaan,2015,91,246,0.3699186991869919
Isaiah Thomas,2015,129,346,0.37283236994219654
Ish Smith,2015,18,60,0.3
J.J. Barea,2015,54,167,0.32335329341317365
J.J. Hickson,2015,0,2,0
J.J. Redick,2015,200,458,0.4366812227074236
J.R. Smith,2015,163,426,0.3826291079812207
JaKarr Sampson,2015,31,127,0.2440944881889764
JaMychal Green,2015,0,6,0
JaVale McGee,2015,0,0,NA
Jabari Brown,2015,23,62,0.3709677419354839
Jabari Parker,2015,4,16,0.25
Jack Cooley,2015,0,0,NA
Jae Crowder,2015,61,208,0.2932692307692308
Jamaal Franklin,2015,1,2,0.5
Jamal Crawford,2015,119,364,0.3269230769230769
Jameer Nelson,2015,89,258,0.3449612403100775
James Ennis,2015,31,95,0.3263157894736842
James Harden,2015,208,555,0.3747747747747748
James Johnson,2015,11,51,0.21568627450980393
James Jones,2015,63,175,0.36
James Michael McAdoo,2015,0,0,NA
James Young,2015,17,66,0.25757575757575757
Jannero Pargo,2015,9,22,0.4090909090909091
Jared Cunningham,2015,4,13,0.3076923076923077
Jared Dudley,2015,74,192,0.3854166666666667
Jared Sullinger,2015,52,184,0.2826086956521739
Jarnell Stokes,2015,0,0,NA
Jarrett Jack,2015,39,146,0.2671232876712329
Jason Maxiell,2015,0,0,NA
Jason Richardson,2015,31,96,0.3229166666666667
Jason Smith,2015,15,42,0.35714285714285715
Jason Terry,2015,126,323,0.39009287925696595
Jason Thompson,2015,0,1,0
Jeff Adrien,2015,0,0,NA
Jeff Ayres,2015,0,0,NA
Jeff Green,2015,97,292,0.3321917808219178
Jeff Teague,2015,71,207,0.34299516908212563
Jeff Withey,2015,0,0,NA
Jeffery Taylor,2015,11,36,0.3055555555555556
Jerami Grant,2015,49,156,0.3141025641025641
Jerel McNeal,2015,1,2,0.5
Jeremy Evans,2015,2,5,0.4
Jeremy Lamb,2015,38,111,0.34234234234234234
Jeremy Lin,2015,65,176,0.3693181818181818
Jerome Jordan,2015,0,0,NA
Jerrelle Benimon,2015,0,0,NA
Jerryd Bayless,2015,37,120,0.30833333333333335
Jimmer Fredette,2015,9,48,0.1875
Jimmy Butler,2015,73,193,0.37823834196891193
Joakim Noah,2015,0,2,0
Jodie Meeks,2015,74,212,0.3490566037735849
Joe Harris,2015,31,84,0.36904761904761907
Joe Ingles,2015,72,202,0.3564356435643564
Joe Johnson,2015,121,337,0.3590504451038576
Joel Anthony,2015,0,0,NA
Joel Freeland,2015,0,0,NA
Joey Dorsey,2015,0,1,0
Joffrey Lauvergne,2015,3,16,0.1875
John Henson,2015,0,0,NA
John Jenkins,2015,21,52,0.40384615384615385
John Lucas III,2015,9,29,0.3103448275862069
John Salmons,2015,8,26,0.3076923076923077
John Wall,2015,65,217,0.2995391705069124
Johnny O'Bryant,2015,0,0,NA
Jon Leuer,2015,7,29,0.2413793103448276
Jonas Jerebko,2015,54,140,0.38571428571428573
Jonas Valanciunas,2015,0,1,0
Jordan Adams,2015,10,25,0.4
Jordan Clarkson,2015,38,121,0.3140495867768595
Jordan Farmar,2015,35,97,0.36082474226804123
Jordan Hamilton,2015,10,21,0.47619047619047616
Jordan Hill,2015,3,11,0.2727272727272727
Jorge Gutierrez,2015,0,3,0
Jose Calderon,2015,59,142,0.4154929577464789
Josh McRoberts,2015,8,19,0.42105263157894735
Josh Smith,2015,72,228,0.3157894736842105
Jrue Holiday,2015,51,135,0.37777777777777777
Julius Randle,2015,0,0,NA
Justin Hamilton,2015,10,31,0.3225806451612903
Justin Holiday,2015,35,109,0.3211009174311927
Jusuf Nurkic,2015,0,2,0
K.J. McDaniels,2015,43,150,0.2866666666666667
Kalin Lucas,2015,0,0,NA
Kawhi Leonard,2015,67,192,0.3489583333333333
Kelly Olynyk,2015,61,175,0.3485714285714286
Kemba Walker,2015,85,280,0.30357142857142855
Kendall Marshall,2015,18,46,0.391304347826087
Kendrick Perkins,2015,0,1,0
Kenneth Faried,2015,1,8,0.125
Kent Bazemore,2015,48,132,0.36363636363636365
Kentavious Caldwell-Pope,2015,153,444,0.34459459459459457
Kenyon Martin,2015,0,0,NA
Kevin Durant,2015,64,159,0.4025157232704403
Kevin Garnett,2015,1,7,0.14285714285714285
Kevin Love,2015,144,392,0.3673469387755102
Kevin Martin,2015,75,191,0.39267015706806285
Kevin Seraphin,2015,0,2,0
Khris Middleton,2015,109,268,0.40671641791044777
Kirk Hinrich,2015,58,168,0.34523809523809523
Klay Thompson,2015,239,545,0.43853211009174314
Kobe Bryant,2015,54,184,0.29347826086956524
Kosta Koufos,2015,0,0,NA
Kostas Papanikolaou,2015,31,106,0.29245283018867924
Kris Humphries,2015,0,7,0
Kyle Anderson,2015,3,11,0.2727272727272727
Kyle Korver,2015,221,449,0.4922048997772829
Kyle Lowry,2015,132,391,0.33759590792838873
Kyle O'Quinn,2015,12,43,0.27906976744186046
Kyle Singler,2015,96,241,0.3983402489626556
Kyrie Irving,2015,157,378,0.41534391534391535
LaMarcus Aldridge,2015,37,105,0.3523809523809524
Lance Stephenson,2015,18,105,0.17142857142857143
Lance Thomas,2015,7,22,0.3181818181818182
Landry Fields,2015,1,2,0.5
Langston Galloway,2015,62,176,0.3522727272727273
Larry Drew,2015,4,26,0.15384615384615385
Larry Sanders,2015,0,0,NA
Lavoy Allen,2015,0,0,NA
LeBron James,2015,120,339,0.35398230088495575
Leandro Barbosa,2015,43,112,0.38392857142857145
Lester Hudson,2015,3,6,0.5
Lorenzo Brown,2015,6,28,0.21428571428571427
Lou Amundson,2015,0,1,0
Lou Williams,2015,152,447,0.3400447427293065
Luc Mbah a Moute,2015,62,202,0.3069306930693069
Lucas Nogueira,2015,0,0,NA
Luigi Datome,2015,18,40,0.45
Luis Scola,2015,5,20,0.25
Luke Babbitt,2015,59,115,0.5130434782608696
Luke Ridnour,2015,20,63,0.31746031746031744
Luol Deng,2015,78,220,0.35454545454545455
Malcolm Lee,2015,0,0,NA
Malcolm Thomas,2015,0,7,0
Manu Ginobili,2015,89,258,0.3449612403100775
Marc Gasol,2015,3,17,0.17647058823529413
Marcin Gortat,2015,0,3,0
Marco Belinelli,2015,86,230,0.3739130434782609
Marcus Morris,2015,112,313,0.35782747603833864
Marcus Smart,2015,91,272,0.33455882352941174
Marcus Thornton,2015,54,143,0.3776223776223776
Mario Chalmers,2015,73,248,0.29435483870967744
Markel Brown,2015,17,64,0.265625
Markieff Morris,2015,57,179,0.31843575418994413
Marreese Speights,2015,5,18,0.2777777777777778
Martell Webster,2015,10,43,0.23255813953488372
Marvin Williams,2015,95,265,0.3584905660377358
Mason Plumlee,2015,0,3,0
Matt Barnes,2015,136,376,0.3617021276595745
Matt Bonner,2015,46,126,0.36507936507936506
Matthew Dellavedova,2015,68,167,0.40718562874251496
Maurice Harkless,2015,10,56,0.17857142857142858
Meyers Leonard,2015,47,112,0.41964285714285715
Michael Beasley,2015,8,34,0.23529411764705882
Michael Carter-Williams,2015,36,153,0.23529411764705882
Michael Kidd-Gilchrist,2015,0,0,NA
Mike Conley,2015,107,277,0.3862815884476534
Mike Dunleavy,2015,107,263,0.4068441064638783
Mike Miller,2015,32,98,0.32653061224489793
Mike Muscala,2015,9,22,0.4090909090909091
Mike Scott,2015,66,192,0.34375
Miles Plumlee,2015,0,0,NA
Miroslav Raduljica,2015,0,0,NA
Mirza Teletovic,2015,62,193,0.32124352331606215
Mitch McGary,2015,0,2,0
Mo Williams,2015,119,348,0.34195402298850575
Monta Ellis,2015,81,284,0.2852112676056338
Nate Robinson,2015,31,112,0.2767857142857143
Nate Wolters,2015,0,7,0
Nazr Mohammed,2015,0,0,NA
Nene Hilario,2015,1,5,0.2
Nerlens Noel,2015,0,0,NA
Nick Calathes,2015,11,43,0.2558139534883721
Nick Collison,2015,16,60,0.26666666666666666
Nick Johnson,2015,5,21,0.23809523809523808
Nick Young,2015,83,225,0.3688888888888889
Nicolas Batum,2015,100,309,0.32362459546925565
Nik Stauskas,2015,48,149,0.3221476510067114
Nikola Mirotic,2015,99,313,0.31629392971246006
Nikola Pekovic,2015,0,0,NA
Nikola Vucevic,2015,2,6,0.3333333333333333
Noah Vonleh,2015,5,13,0.38461538461538464
Norris Cole,2015,55,176,0.3125
O.J. Mayo,2015,99,277,0.3574007220216607
Ognjen Kuzmic,2015,0,0,NA
Omer Asik,2015,0,0,NA
Omri Casspi,2015,35,87,0.40229885057471265
Otto Porter,2015,35,104,0.33653846153846156
P.J. Hairston,2015,49,163,0.3006134969325153
P.J. Tucker,2015,87,252,0.34523809523809523
Pablo Prigioni,2015,57,166,0.3433734939759036
Patrick Beverley,2015,115,323,0.3560371517027864
Patrick Christopher,2015,0,4,0
Patrick Patterson,2015,105,283,0.3710247349823322
Patty Mills,2015,62,182,0.34065934065934067
Pau Gasol,2015,12,26,0.46153846153846156
Paul George,2015,9,22,0.4090909090909091
Paul Millsap,2015,77,216,0.35648148148148145
Paul Pierce,2015,118,303,0.38943894389438943
Pero Antic,2015,52,173,0.30057803468208094
Perry Jones,2015,14,60,0.23333333333333334
Phil Pressey,2015,16,65,0.24615384615384617
Quincy Acy,2015,18,60,0.3
Quincy Miller,2015,3,18,0.16666666666666666
Quincy Pondexter,2015,91,244,0.3729508196721312
Rajon Rondo,2015,27,86,0.313953488372093
Ramon Sessions,2015,19,60,0.31666666666666665
Randy Foye,2015,94,263,0.3574144486692015
Rasual Butler,2015,91,235,0.3872340425531915
Ray McCallum,2015,34,111,0.3063063063063063
Raymond Felton,2015,10,34,0.29411764705882354
Reggie Bullock,2015,15,46,0.32608695652173914
Reggie Evans,2015,0,2,0
Reggie Jackson,2015,72,241,0.2987551867219917
Reggie Williams,2015,3,19,0.15789473684210525
Richard Jefferson,2015,66,155,0.4258064516129032
Ricky Ledo,2015,10,27,0.37037037037037035
Ricky Rubio,2015,13,51,0.2549019607843137
Robbie Hummel,2015,16,51,0.3137254901960784
Robert Covington,2015,167,446,0.3744394618834081
Robert Sacre,2015,0,1,0
Robin Lopez,2015,0,1,0
Rodney Hood,2015,62,170,0.36470588235294116
Rodney Stuckey,2015,55,141,0.3900709219858156
Ronnie Price,2015,31,109,0.28440366972477066
Ronny Turiaf,2015,0,0,NA
Roy Hibbert,2015,0,2,0
Rudy Gay,2015,79,220,0.35909090909090907
Rudy Gobert,2015,0,2,0
Russ Smith,2015,2,11,0.18181818181818182
Russell Westbrook,2015,86,288,0.2986111111111111
Ryan Anderson,2015,122,359,0.3398328690807799
Ryan Hollins,2015,0,0,NA
Ryan Kelly,2015,45,134,0.3358208955223881
Samuel Dalembert,2015,0,0,NA
Sean Kilpatrick,2015,4,13,0.3076923076923077
Sebastian Telfair,2015,18,60,0.3
Serge Ibaka,2015,77,205,0.375609756097561
Sergey Karasev,2015,16,54,0.2962962962962963
Seth Curry,2015,0,1,0
Shabazz Muhammad,2015,20,51,0.39215686274509803
Shabazz Napier,2015,43,118,0.3644067796610169
Shane Larkin,2015,35,116,0.3017241379310345
Shannon Brown,2015,3,7,0.42857142857142855
Shaun Livingston,2015,0,2,0
Shavlik Randolph,2015,0,5,0
Shawn Marion,2015,12,46,0.2608695652173913
Shawne Williams,2015,64,178,0.3595505617977528
Shayne Whittington,2015,1,6,0.16666666666666666
Shelvin Mack,2015,40,127,0.31496062992125984
Sim Bhullar,2015,0,0,NA
Solomon Hill,2015,68,208,0.3269230769230769
Spencer Dinwiddie,2015,12,65,0.18461538461538463
Spencer Hawes,2015,55,176,0.3125
Stephen Curry,2015,286,646,0.44272445820433437
Steve Blake,2015,77,219,0.3515981735159817
Steve Novak,2015,19,48,0.3958333333333333
Steven Adams,2015,0,2,0
T.J. Warren,2015,5,21,0.23809523809523808
Taj Gibson,2015,0,0,NA
Tarik Black,2015,0,1,0
Tayshaun Prince,2015,31,67,0.4626865671641791
Terrence Jones,2015,13,37,0.35135135135135137
Terrence Ross,2015,145,390,0.3717948717948718
Thabo Sefolosha,2015,25,78,0.32051282051282054
Thaddeus Young,2015,38,115,0.33043478260869563
Thomas Robinson,2015,0,2,0
Tiago Splitter,2015,0,0,NA
Tim Duncan,2015,2,7,0.2857142857142857
Tim Frazier,2015,5,17,0.29411764705882354
Tim Hardaway,2015,121,354,0.3418079096045198
Timofey Mozgov,2015,2,6,0.3333333333333333
Tobias Harris,2015,87,239,0.36401673640167365
Toney Douglas,2015,5,18,0.2777777777777778
Tony Allen,2015,10,29,0.3448275862068966
Tony Parker,2015,38,89,0.42696629213483145
Tony Snell,2015,73,197,0.37055837563451777
Tony Wroten,2015,37,142,0.2605633802816901
Toure' Murry,2015,0,0,NA
Travis Wear,2015,11,30,0.36666666666666664
Trevor Ariza,2015,194,555,0.34954954954954953
Trevor Booker,2015,29,84,0.34523809523809523
Trey Burke,2015,124,390,0.31794871794871793
Tristan Thompson,2015,0,0,NA
Troy Daniels,2015,43,118,0.3644067796610169
Ty Lawson,2015,70,205,0.34146341463414637
Tyler Ennis,2015,12,43,0.27906976744186046
Tyler Hansbrough,2015,1,7,0.14285714285714285
Tyler Johnson,2015,18,48,0.375
Tyler Zeller,2015,0,0,NA
Tyreke Evans,2015,69,227,0.3039647577092511
Tyrus Thomas,2015,0,0,NA
Tyson Chandler,2015,0,0,NA
Udonis Haslem,2015,2,10,0.2
Vander Blue,2015,2,10,0.2
Victor Claver,2015,6,11,0.5454545454545454
Victor Oladipo,2015,84,248,0.3387096774193548
Vince Carter,2015,69,232,0.2974137931034483
Wayne Ellington,2015,90,243,0.37037037037037035
Wesley Johnson,2015,91,259,0.35135135135135137
Wesley Matthews,2015,173,445,0.3887640449438202
Will Barton,2015,23,85,0.27058823529411763
Will Bynum,2015,0,9,0
Will Cherry,2015,2,9,0.2222222222222222
Willie Green,2015,42,121,0.34710743801652894
Wilson Chandler,2015,139,406,0.34236453201970446
Xavier Henry,2015,0,0,NA
Zach LaVine,2015,57,167,0.3413173652694611
Zach Randolph,2015,7,20,0.35
Zaza Pachulia,2015,0,3,0
Zoran Dragic,2015,3,14,0.21428571428571427
Aaron Brooks,2016,66,185,0.3567567567567568
Aaron Gordon,2016,42,142,0.29577464788732394
Aaron Harrison,2016,3,10,0.3
Adreian Payne,2016,9,32,0.28125
Al Horford,2016,88,256,0.34375
Al Jefferson,2016,0,0,NA
Al-Farouq Aminu,2016,126,349,0.36103151862464183
Alan Anderson,2016,12,37,0.32432432432432434
Alan Williams,2016,0,0,NA
Alec Burks,2016,32,79,0.4050632911392405
Alex Len,2016,1,7,0.14285714285714285
Alex Stepheson,2016,0,0,NA
Alexis Ajinca,2016,0,1,0
Allen Crabbe,2016,112,285,0.3929824561403509
Alonzo Gee,2016,17,60,0.2833333333333333
Amar'e Stoudemire,2016,0,0,NA
Amir Johnson,2016,10,43,0.23255813953488372
Anderson Varejao,2016,0,1,0
Andre Drummond,2016,2,6,0.3333333333333333
Andre Iguodala,2016,54,154,0.35064935064935066
Andre Miller,2016,2,8,0.25
Andre Roberson,2016,32,103,0.3106796116504854
Andrea Bargnani,2016,3,16,0.1875
Andrew Bogut,2016,1,1,1
Andrew Goudelock,2016,1,9,0.1111111111111111
Andrew Nicholson,2016,41,114,0.35964912280701755
Andrew Wiggins,2016,57,190,0.3
Anthony Bennett,2016,3,14,0.21428571428571427
Anthony Brown,2016,20,70,0.2857142857142857
Anthony Davis,2016,35,108,0.32407407407407407
Anthony Morrow,2016,79,204,0.3872549019607843
Anthony Tolliver,2016,98,272,0.3602941176470588
Archie Goodwin,2016,23,99,0.23232323232323232
Aron Baynes,2016,0,2,0
Arron Afflalo,2016,91,238,0.38235294117647056
Austin Rivers,2016,62,185,0.33513513513513515
Avery Bradley,2016,147,407,0.36117936117936117
Axel Toupane,2016,13,40,0.325
Ben McLemore,2016,67,185,0.3621621621621622
Beno Udrih,2016,15,44,0.3409090909090909
Bismack Biyombo,2016,0,1,0
Blake Griffin,2016,6,18,0.3333333333333333
Boban Marjanovic,2016,0,0,NA
Bobby Portis,2016,16,52,0.3076923076923077
Bojan Bogdanovic,2016,129,338,0.3816568047337278
Boris Diaw,2016,25,69,0.36231884057971014
Bradley Beal,2016,105,271,0.3874538745387454
Brandan Wright,2016,0,0,NA
Branden Dawson,2016,0,0,NA
Brandon Bass,2016,0,2,0
Brandon Jennings,2016,51,155,0.32903225806451614
Brandon Knight,2016,120,351,0.3418803418803419
Brandon Rush,2016,65,157,0.4140127388535032
Brian Roberts,2016,15,42,0.35714285714285715
Briante Weber,2016,0,5,0
Brook Lopez,2016,2,14,0.14285714285714285
Bruno Caboclo,2016,1,7,0.14285714285714285
Bryce Cotton,2016,0,3,0
Bryce Dejean-Jones,2016,12,32,0.375
C.J. McCollum,2016,197,472,0.4173728813559322
C.J. Miles,2016,142,387,0.3669250645994832
C.J. Watson,2016,14,48,0.2916666666666667
C.J. Wilcox,2016,9,23,0.391304347826087
Cameron Bairstow,2016,1,5,0.2
Cameron Payne,2016,36,111,0.32432432432432434
Carl Landry,2016,6,13,0.46153846153846156
Carmelo Anthony,2016,105,310,0.3387096774193548
Caron Butler,2016,3,18,0.16666666666666666
Chandler Parsons,2016,104,251,0.41434262948207173
Channing Frye,2016,91,235,0.3872340425531915
Charlie Villanueva,2016,47,172,0.27325581395348836
Chase Budinger,2016,24,86,0.27906976744186046
Chris Andersen,2016,4,14,0.2857142857142857
Chris Bosh,2016,81,222,0.36486486486486486
Chris Copeland,2016,10,36,0.2777777777777778
Chris Johnson,2016,27,99,0.2727272727272727
Chris Kaman,2016,1,4,0.25
Chris McCullough,2016,13,34,0.38235294117647056
Chris Paul,2016,122,329,0.3708206686930091
Christian Wood,2016,4,11,0.36363636363636365
Chuck Hayes,2016,0,0,NA
Cleanthony Early,2016,4,15,0.26666666666666666
Cliff Alexander,2016,0,0,NA
Clint Capela,2016,0,1,0
Cody Zeller,2016,1,10,0.1
Cole Aldrich,2016,0,0,NA
Corey Brewer,2016,61,224,0.27232142857142855
Cory Jefferson,2016,0,1,0
Cory Joseph,2016,30,110,0.2727272727272727
Coty Clarke,2016,2,2,1
Courtney Lee,2016,82,217,0.3778801843317972
Cristiano Felicio,2016,0,4,0
D'Angelo Russell,2016,130,370,0.35135135135135137
D.J. Augustin,2016,68,168,0.40476190476190477
Dahntay Jones,2016,1,2,0.5
Damian Lillard,2016,229,610,0.37540983606557377
Damien Inglis,2016,3,13,0.23076923076923078
Damjan Rudez,2016,17,50,0.34
Danilo Gallinari,2016,87,239,0.36401673640167365
Danny Green,2016,116,349,0.332378223495702
Dante Cunningham,2016,55,174,0.3160919540229885
Darrell Arthur,2016,45,117,0.38461538461538464
Darren Collison,2016,87,217,0.4009216589861751
Darrun Hilliard,2016,19,50,0.38
David Lee,2016,0,1,0
David West,2016,3,7,0.42857142857142855
DeAndre Jordan,2016,0,1,0
DeJuan Blair,2016,0,1,0
DeMar DeRozan,2016,47,139,0.3381294964028777
DeMarcus Cousins,2016,70,210,0.3333333333333333
DeMarre Carroll,2016,46,118,0.3898305084745763
Delon Wright,2016,5,13,0.38461538461538464
Dennis Schroder,2016,77,239,0.32217573221757323
Deron Williams,2016,97,282,0.34397163120567376
Derrick Favors,2016,0,4,0
Derrick Rose,2016,44,150,0.29333333333333333
Derrick Williams,2016,44,150,0.29333333333333333
Devin Booker,2016,99,289,0.34256055363321797
Devin Harris,2016,52,158,0.3291139240506329
Devyn Marble,2016,8,32,0.25
Dewayne Dedmon,2016,0,0,NA
Dion Waiters,2016,86,240,0.35833333333333334
Dirk Nowitzki,2016,126,342,0.3684210526315789
Donald Sloan,2016,38,99,0.3838383838383838
Donatas Motiejunas,2016,16,57,0.2807017543859649
Doug McDermott,2016,110,259,0.4247104247104247
Draymond Green,2016,100,258,0.3875968992248062
Drew Gooden,2016,7,41,0.17073170731707318
Duje Dukan,2016,2,5,0.4
Dwight Howard,2016,0,6,0
Dwight Powell,2016,2,16,0.125
Dwyane Wade,2016,7,44,0.1590909090909091
E'Twaun Moore,2016,47,104,0.4519230769230769
Ed Davis,2016,0,0,NA
Elfrid Payton,2016,30,92,0.32608695652173914
Elijah Millsap,2016,1,12,0.08333333333333333
Elliot Williams,2016,1,4,0.25
Elton Brand,2016,0,1,0
Emmanuel Mudiay,2016,74,232,0.31896551724137934
Enes Kanter,2016,10,21,0.47619047619047616
Eric Bledsoe,2016,48,129,0.37209302325581395
Eric Gordon,2016,113,294,0.3843537414965986
Eric Moreland,2016,0,0,NA
Erick Green,2016,1,5,0.2
Ersan Ilyasova,2016,96,259,0.37065637065637064
Evan Fournier,2016,156,390,0.4
Evan Turner,2016,20,83,0.24096385542168675
Festus Ezeli,2016,0,0,NA
Frank Kaminsky,2016,68,202,0.33663366336633666
Garrett Temple,2016,89,258,0.3449612403100775
Gary Harris,2016,105,297,0.35353535353535354
Gary Neal,2016,41,100,0.41
George Hill,2016,128,314,0.40764331210191085
Gerald Green,2016,84,260,0.3230769230769231
Gerald Henderson,2016,48,136,0.35294117647058826
Giannis Antetokounmpo,2016,28,109,0.25688073394495414
Glenn Robinson,2016,14,37,0.3783783783783784
Goran Dragic,2016,64,205,0.3121951219512195
Gordon Hayward,2016,143,410,0.348780487804878
Gorgui Dieng,2016,6,20,0.3
Greg Monroe,2016,0,1,0
Greg Smith,2016,0,0,NA
Greivis Vasquez,2016,18,73,0.2465753424657534
Harrison Barnes,2016,82,214,0.38317757009345793
Hassan Whiteside,2016,0,0,NA
Henry Sims,2016,0,0,NA
Hollis Thompson,2016,149,392,0.38010204081632654
Ian Clark,2016,30,84,0.35714285714285715
Ian Mahinmi,2016,0,0,NA
Iman Shumpert,2016,43,146,0.2945205479452055
Isaiah Canaan,2016,176,485,0.3628865979381443
Isaiah Thomas,2016,167,465,0.35913978494623655
Ish Smith,2016,56,170,0.32941176470588235
J.J. Barea,2016,100,260,0.38461538461538464
J.J. Hickson,2016,0,1,0
J.J. O'Brien,2016,0,0,NA
J.J. Redick,2016,200,421,0.4750593824228028
J.R. Smith,2016,204,510,0.4
JaKarr Sampson,2016,14,63,0.2222222222222222
JaMychal Green,2016,15,45,0.3333333333333333
JaVale McGee,2016,0,1,0
Jabari Parker,2016,9,35,0.2571428571428571
Jae Crowder,2016,122,363,0.33608815426997246
Jahlil Okafor,2016,1,6,0.16666666666666666
Jamal Crawford,2016,117,344,0.34011627906976744
Jameer Nelson,2016,43,144,0.2986111111111111
James Anderson,2016,23,86,0.26744186046511625
James Ennis,2016,26,58,0.4482758620689655
James Harden,2016,236,657,0.3592085235920852
James Johnson,2016,20,66,0.30303030303030304
James Jones,2016,41,104,0.3942307692307692
James Michael McAdoo,2016,1,2,0.5
James Young,2016,6,26,0.23076923076923078
Jared Cunningham,2016,12,39,0.3076923076923077
Jared Dudley,2016,100,238,0.42016806722689076
Jared Sullinger,2016,29,103,0.2815533980582524
Jarell Eddie,2016,15,47,0.3191489361702128
Jarell Martin,2016,0,2,0
Jarnell Stokes,2016,0,0,NA
Jarrett Jack,2016,31,102,0.30392156862745096
Jason Smith,2016,4,16,0.25
Jason Terry,2016,93,261,0.3563218390804598
Jason Thompson,2016,5,15,0.3333333333333333
Jeff Ayres,2016,0,1,0
Jeff Green,2016,67,213,0.3145539906103286
Jeff Teague,2016,110,275,0.4
Jeff Withey,2016,0,2,0
Jerami Grant,2016,35,146,0.23972602739726026
Jeremy Evans,2016,4,16,0.25
Jeremy Lamb,2016,56,181,0.30939226519337015
Jeremy Lin,2016,76,226,0.336283185840708
Jerian Grant,2016,22,100,0.22
Jerryd Bayless,2016,101,231,0.43722943722943725
Jimmer Fredette,2016,1,2,0.5
Jimmy Butler,2016,64,205,0.3121951219512195
Joakim Noah,2016,0,1,0
Jodie Meeks,2016,4,9,0.4444444444444444
Joe Harris,2016,1,4,0.25
Joe Ingles,2016,81,210,0.38571428571428573
Joe Johnson,2016,120,313,0.38338658146964855
Joe Young,2016,10,46,0.21739130434782608
Joel Anthony,2016,0,0,NA
Joffrey Lauvergne,2016,13,53,0.24528301886792453
John Henson,2016,0,1,0
John Jenkins,2016,16,51,0.3137254901960784
John Wall,2016,115,328,0.35060975609756095
Johnny O'Bryant,2016,1,1,1
Jon Leuer,2016,42,110,0.38181818181818183
Jonas Jerebko,2016,43,108,0.39814814814814814
Jonas Valanciunas,2016,0,0,NA
Jonathon Simmons,2016,18,47,0.3829787234042553
Jordan Adams,2016,0,1,0
Jordan Clarkson,2016,111,320,0.346875
Jordan Farmar,2016,16,45,0.35555555555555557
Jordan Hamilton,2016,13,45,0.28888888888888886
Jordan Hill,2016,0,1,0
Jordan McRae,2016,10,22,0.45454545454545453
Jordan Mickey,2016,0,0,NA
Jorge Gutierrez,2016,0,2,0
Jose Calderon,2016,84,203,0.41379310344827586
Josh Huestis,2016,4,6,0.6666666666666666
Josh McRoberts,2016,12,49,0.24489795918367346
Josh Richardson,2016,53,115,0.4608695652173913
Josh Smith,2016,41,143,0.2867132867132867
Jrue Holiday,2016,87,259,0.3359073359073359
Julius Randle,2016,10,36,0.2777777777777778
Justin Anderson,2016,22,83,0.26506024096385544
Justin Harper,2016,4,9,0.4444444444444444
Justin Holiday,2016,36,105,0.34285714285714286
Justise Winslow,2016,32,116,0.27586206896551724
Jusuf Nurkic,2016,0,3,0
K.J. McDaniels,2016,7,25,0.28
Karl-Anthony Towns,2016,30,88,0.3409090909090909
Kawhi Leonard,2016,129,291,0.44329896907216493
Keith Appling,2016,0,3,0
Kelly Olynyk,2016,85,210,0.40476190476190477
Kelly Oubre,2016,25,79,0.31645569620253167
Kemba Walker,2016,182,490,0.37142857142857144
Kendall Marshall,2016,16,49,0.32653061224489793
Kendrick Perkins,2016,0,0,NA
Kenneth Faried,2016,1,2,0.5
Kent Bazemore,2016,109,305,0.35737704918032787
Kentavious Caldwell-Pope,2016,114,369,0.3089430894308943
Kevin Durant,2016,186,481,0.3866943866943867
Kevin Garnett,2016,0,1,0
Kevin Love,2016,158,439,0.35990888382687924
Kevin Martin,2016,49,136,0.3602941176470588
Kevin Seraphin,2016,0,2,0
Kevon Looney,2016,1,2,0.5
Khris Middleton,2016,143,361,0.3961218836565097
Kirk Hinrich,2016,24,62,0.3870967741935484
Klay Thompson,2016,276,650,0.4246153846153846
Kobe Bryant,2016,133,467,0.284796573875803
Kosta Koufos,2016,0,0,NA
Kostas Papanikolaou,2016,10,32,0.3125
Kris Humphries,2016,34,108,0.3148148148148148
Kristaps Porzingis,2016,81,243,0.3333333333333333
Kyle Anderson,2016,12,37,0.32432432432432434
Kyle Korver,2016,158,397,0.3979848866498741
Kyle Lowry,2016,212,547,0.3875685557586837
Kyle O'Quinn,2016,5,22,0.22727272727272727
Kyle Singler,2016,30,97,0.30927835051546393
Kyrie Irving,2016,84,262,0.32061068702290074
LaMarcus Aldridge,2016,0,16,0
Lamar Patterson,2016,12,49,0.24489795918367346
Lance Stephenson,2016,30,78,0.38461538461538464
Lance Thomas,2016,44,109,0.4036697247706422
Langston Galloway,2016,77,224,0.34375
Larry Nance Jr.,2016,1,10,0.1
Lavoy Allen,2016,0,0,NA
LeBron James,2016,87,282,0.30851063829787234
Leandro Barbosa,2016,39,110,0.35454545454545455
Lorenzo Brown,2016,1,8,0.125
Lou Amundson,2016,0,0,NA
Lou Williams,2016,110,320,0.34375
Luc Mbah a Moute,2016,13,40,0.325
Lucas Nogueira,2016,1,3,0.3333333333333333
Luis Montero,2016,1,9,0.1111111111111111
Luis Scola,2016,65,161,0.40372670807453415
Luke Babbitt,2016,44,109,0.4036697247706422
Luol Deng,2016,88,256,0.34375
Manu Ginobili,2016,70,179,0.39106145251396646
Marc Gasol,2016,2,3,0.6666666666666666
Marcelo Huertas,2016,16,61,0.26229508196721313
Marcin Gortat,2016,0,1,0
Marco Belinelli,2016,91,297,0.3063973063973064
Marcus Morris,2016,108,298,0.3624161073825503
Marcus Smart,2016,61,241,0.25311203319502074
Marcus Thornton,2016,91,270,0.337037037037037
Mario Chalmers,2016,46,149,0.3087248322147651
Mario Hezonja,2016,67,192,0.3489583333333333
Markel Brown,2016,38,121,0.3140495867768595
Markieff Morris,2016,47,155,0.3032258064516129
Marreese Speights,2016,24,62,0.3870967741935484
Marvin Williams,2016,152,378,0.4021164021164021
Mason Plumlee,2016,0,4,0
Matt Barnes,2016,119,370,0.3216216216216216
Matt Bonner,2016,15,34,0.4411764705882353
Matthew Dellavedova,2016,98,239,0.4100418410041841
Maurice Harkless,2016,39,140,0.2785714285714286
Metta World Peace,2016,26,84,0.30952380952380953
Meyers Leonard,2016,86,228,0.37719298245614036
Michael Beasley,2016,3,9,0.3333333333333333
Michael Carter-Williams,2016,15,55,0.2727272727272727
Michael Kidd-Gilchrist,2016,3,7,0.42857142857142855
Mike Conley,2016,78,215,0.3627906976744186
Mike Dunleavy,2016,39,99,0.3939393939393939
Mike Miller,2016,19,52,0.36538461538461536
Mike Muscala,2016,12,39,0.3076923076923077
Mike Scott,2016,62,158,0.3924050632911392
Miles Plumlee,2016,0,0,NA
Mirza Teletovic,2016,181,460,0.3934782608695652
Mitch McGary,2016,0,4,0
Mo Williams,2016,36,102,0.35294117647058826
Monta Ellis,2016,87,282,0.30851063829787234
Montrezl Harrell,2016,0,1,0
Myles Turner,2016,3,14,0.21428571428571427
Nate Robinson,2016,0,1,0
Nazr Mohammed,2016,0,0,NA
Nemanja Bjelica,2016,48,125,0.384
Nene Hilario,2016,0,3,0
Nerlens Noel,2016,1,2,0.5
Nick Collison,2016,0,2,0
Nick Young,2016,77,237,0.32489451476793246
Nicolas Batum,2016,139,399,0.3483709273182957
Nik Stauskas,2016,106,325,0.3261538461538461
Nikola Jokic,2016,28,84,0.3333333333333333
Nikola Mirotic,2016,135,346,0.3901734104046243
Nikola Pekovic,2016,0,0,NA
Nikola Vucevic,2016,2,9,0.2222222222222222
Noah Vonleh,2016,11,46,0.2391304347826087
Norman Powell,2016,36,89,0.4044943820224719
Norris Cole,2016,33,102,0.3235294117647059
O.J. Mayo,2016,52,162,0.32098765432098764
Omer Asik,2016,0,0,NA
Omri Casspi,2016,112,274,0.40875912408759124
Orlando Johnson,2016,2,10,0.2
Otto Porter,2016,98,267,0.36704119850187267
P.J. Hairston,2016,70,241,0.29045643153526973
P.J. Tucker,2016,68,206,0.3300970873786408
Pablo Prigioni,2016,28,95,0.29473684210526313
Pat Connaughton,2016,5,21,0.23809523809523808
Patrick Beverley,2016,124,310,0.4
Patrick Patterson,2016,106,293,0.36177474402730375
Patty Mills,2016,123,320,0.384375
Pau Gasol,2016,24,69,0.34782608695652173
Paul George,2016,210,566,0.3710247349823322
Paul Millsap,2016,74,232,0.31896551724137934
Paul Pierce,2016,75,242,0.30991735537190085
Phil Pressey,2016,4,18,0.2222222222222222
Quincy Acy,2016,19,49,0.3877551020408163
R.J. Hunter,2016,19,63,0.30158730158730157
Rajon Rondo,2016,62,170,0.36470588235294116
Rakeem Christmas,2016,0,0,NA
Ramon Sessions,2016,36,111,0.32432432432432434
Randy Foye,2016,75,250,0.3
Rashad Vaughn,2016,43,147,0.2925170068027211
Rasual Butler,2016,15,49,0.30612244897959184
Raul Neto,2016,64,162,0.3950617283950617
Ray McCallum,2016,15,42,0.35714285714285715
Raymond Felton,2016,60,213,0.28169014084507044
Reggie Bullock,2016,22,53,0.41509433962264153
Reggie Jackson,2016,118,334,0.3532934131736527
Richard Jefferson,2016,66,173,0.3815028901734104
Richaun Holmes,2016,8,44,0.18181818181818182
Ricky Rubio,2016,62,190,0.3263157894736842
Robert Covington,2016,170,482,0.35269709543568467
Robert Sacre,2016,0,0,NA
Robin Lopez,2016,0,1,0
Rodney Hood,2016,161,449,0.3585746102449889
Rodney Stuckey,2016,20,83,0.24096385542168675
Rondae Hollis-Jefferson,2016,4,14,0.2857142857142857
Ronnie Price,2016,68,196,0.3469387755102041
Roy Hibbert,2016,0,2,0
Rudy Gay,2016,74,215,0.34418604651162793
Rudy Gobert,2016,0,0,NA
Russ Smith,2016,1,5,0.2
Russell Westbrook,2016,101,341,0.2961876832844575
Ryan Anderson,2016,131,358,0.3659217877094972
Ryan Hollins,2016,0,0,NA
Ryan Kelly,2016,5,37,0.13513513513513514
Salah Mejri,2016,0,1,0
Sam Dekker,2016,0,0,NA
Sasha Kaun,2016,0,0,NA
Sasha Vujacic,2016,52,143,0.36363636363636365
Sean Kilpatrick,2016,39,114,0.34210526315789475
Serge Ibaka,2016,60,184,0.32608695652173914
Sergey Karasev,2016,11,37,0.2972972972972973
Seth Curry,2016,50,111,0.45045045045045046
Shabazz Muhammad,2016,44,152,0.2894736842105263
Shabazz Napier,2016,34,104,0.3269230769230769
Shane Larkin,2016,39,108,0.3611111111111111
Shaun Livingston,2016,2,12,0.16666666666666666
Shayne Whittington,2016,0,2,0
Shelvin Mack,2016,39,125,0.312
Solomon Hill,2016,24,74,0.32432432432432434
Sonny Weems,2016,15,41,0.36585365853658536
Spencer Dinwiddie,2016,1,10,0.1
Spencer Hawes,2016,38,102,0.37254901960784315
Stanley Johnson,2016,63,205,0.3073170731707317
Stephen Curry,2016,402,886,0.45372460496614
Steve Blake,2016,52,151,0.3443708609271523
Steve Novak,2016,7,15,0.4666666666666667
Steven Adams,2016,0,0,NA
T.J. McConnell,2016,31,89,0.34831460674157305
T.J. Warren,2016,28,70,0.4
Taj Gibson,2016,0,3,0
Tarik Black,2016,0,0,NA
Tayshaun Prince,2016,4,23,0.17391304347826086
Terrence Jones,2016,25,79,0.31645569620253167
Terrence Ross,2016,131,339,0.3864306784660767
Terry Rozier,2016,6,27,0.2222222222222222
Thabo Sefolosha,2016,42,124,0.3387096774193548
Thaddeus Young,2016,7,30,0.23333333333333334
Thanasis Antetokounmpo,2016,0,1,0
Thomas Robinson,2016,0,1,0
Tiago Splitter,2016,0,2,0
Tibor Pleiss,2016,0,2,0
Tim Duncan,2016,0,2,0
Tim Frazier,2016,16,48,0.3333333333333333
Tim Hardaway,2016,48,142,0.3380281690140845
Timofey Mozgov,2016,1,7,0.14285714285714285
Tobias Harris,2016,80,239,0.33472803347280333
Toney Douglas,2016,81,203,0.39901477832512317
Tony Allen,2016,15,42,0.35714285714285715
Tony Parker,2016,27,65,0.4153846153846154
Tony Snell,2016,56,155,0.36129032258064514
Tony Wroten,2016,3,17,0.17647058823529413
Trevor Ariza,2016,185,499,0.37074148296593185
Trevor Booker,2016,12,41,0.2926829268292683
Trey Burke,2016,88,256,0.34375
Trey Lyles,2016,49,128,0.3828125
Tristan Thompson,2016,0,0,NA
Troy Daniels,2016,59,122,0.48360655737704916
Ty Lawson,2016,36,108,0.3333333333333333
Tyler Ennis,2016,13,39,0.3333333333333333
Tyler Hansbrough,2016,2,3,0.6666666666666666
Tyler Johnson,2016,27,71,0.38028169014084506
Tyler Zeller,2016,0,0,NA
Tyreke Evans,2016,33,85,0.38823529411764707
Tyson Chandler,2016,0,1,0
Tyus Jones,2016,16,53,0.3018867924528302
Udonis Haslem,2016,1,9,0.1111111111111111
Victor Oladipo,2016,98,282,0.3475177304964539
Vince Carter,2016,59,169,0.34911242603550297
Walter Tavares,2016,0,0,NA
Wayne Ellington,2016,96,268,0.3582089552238806
Wesley Johnson,2016,103,309,0.3333333333333333
Wesley Matthews,2016,189,525,0.36
Will Barton,2016,112,325,0.3446153846153846
Willie Cauley-Stein,2016,0,2,0
Willie Reed,2016,0,0,NA
Xavier Munford,2016,9,23,0.391304347826087
Zach LaVine,2016,123,316,0.38924050632911394
Zach Randolph,2016,6,26,0.23076923076923078
Zaza Pachulia,2016,0,3,0
