date,batter,batted_ball_type,exit_velocity,launch_angle,hit_distance
2019-03-28,Joey Votto,fly_ball,95.2,29.4,383
2019-03-28,Francisco Cervelli,fly_ball,99.5,49.6,279
2019-03-28,José Iglesias,fly_ball,92.4,28,341
2019-03-28,Melky Cabrera,fly_ball,85.8,29.2,311
2019-03-28,Yasiel Puig,fly_ball,93.4,43.2,292
2019-03-28,Adam Frazier,fly_ball,84.9,36.9,284
2019-03-28,Jose Peraza,fly_ball,98.7,22,391
2019-03-28,Derek Dietrich,fly_ball,99.6,24.6,390
2019-03-28,Joey Votto,fly_ball,89.2,57,232
2019-03-28,Corey Dickerson,fly_ball,94.9,36.3,378
2019-03-28,Josh Bell,fly_ball,84.4,58.1,200
2019-03-28,Alex Gordon,fly_ball,88.5,33.5,323
2019-03-28,Alex Gordon,fly_ball,100.7,33.7,382
2019-03-28,James McCann,fly_ball,101.6,36.5,371
2019-03-28,Whit Merrifield,fly_ball,67.8,34,224
2019-03-28,Carlos Sanchez,fly_ball,86.4,46.8,269
2019-03-28,Joc Pederson,fly_ball,104.5,28,420
2019-03-28,Adam Jones,fly_ball,75.6,51.1,199
2019-03-28,A. J. Pollock,fly_ball,88.3,53.1,235
2019-03-28,Enrique Hernandez,fly_ball,102.4,27.2,404
2019-03-28,Austin Barnes,fly_ball,99.7,29.4,403
2019-03-28,Corey Seager,fly_ball,103,31.9,407
2019-03-28,Christian Walker,fly_ball,92.2,32.3,358
2019-03-28,Cody Bellinger,fly_ball,93.3,29.8,324
2019-03-28,Adam Jones,fly_ball,103.4,30.7,391
2019-03-28,Joc Pederson,fly_ball,108.5,29.3,417
2019-03-28,Christian Walker,fly_ball,108.6,23.4,441
2019-03-28,Ketel Marte,fly_ball,90.3,36.4,319
2019-03-28,Max Muncy,fly_ball,100.3,30.5,399
2019-03-28,A. J. Pollock,fly_ball,90.6,55.5,223
2019-03-28,Cody Bellinger,fly_ball,99.3,32.5,403
2019-03-28,Enrique Hernandez,fly_ball,105.5,24.5,400
2019-03-28,Brock Stewart,fly_ball,88.8,45.9,286
2019-03-28,Justin Turner,fly_ball,93,42.5,304
2019-03-28,Wilmer Flores,fly_ball,72,33.8,216
2019-03-28,Nick Ahmed,fly_ball,94.7,43.4,304
2019-03-28,Robinson Cano,fly_ball,106.4,22.3,407
2019-03-28,Anthony Rendon,fly_ball,88.3,29.7,319
2019-03-28,Jeff McNeil,fly_ball,81.1,39.3,257
2019-03-28,Robinson Cano,fly_ball,99.6,42.2,321
2019-03-28,Ryan Zimmerman,fly_ball,89,40.7,288
2019-03-28,Michael Conforto,fly_ball,77.5,45.2,237
2019-03-28,Anthony Rendon,fly_ball,89.3,51.5,246
2019-03-28,Kole Calhoun,fly_ball,97.6,37.4,356
2019-03-28,Mike Trout,fly_ball,101.6,33.3,364
2019-03-28,Robbie Grossman,fly_ball,73.4,32.7,238
2019-03-28,Matt Chapman,fly_ball,92.6,46.8,275
2019-03-28,Khris Davis,fly_ball,99.4,46.3,306
2019-03-28,Tommy La Stella,fly_ball,83.5,43.8,264
2019-03-28,Jurickson Profar,fly_ball,96.8,33.2,376
2019-03-28,Chad Pinder,fly_ball,89.8,32.1,331
2019-03-28,Kole Calhoun,fly_ball,97.1,25.8,340
2019-03-28,Jurickson Profar,fly_ball,87.2,34.6,297
2019-03-28,Andrelton Simmons,fly_ball,97.9,34.8,350
2019-03-28,Albert Pujols,fly_ball,97.3,35.3,341
2019-03-28,Marcus Semien,fly_ball,103.4,33.7,406
2019-03-28,Tommy La Stella,fly_ball,94.8,24,374
2019-03-28,Robbie Grossman,fly_ball,82.9,38.8,284
2019-03-28,Khris Davis,fly_ball,109.9,30.6,404
2019-03-28,Ramon Laureano,fly_ball,104.4,39.5,363
2019-03-28,Josh Phegley,fly_ball,92.5,41.6,297
2019-03-28,Jonathan Lucroy,fly_ball,91.5,34.8,320
2019-03-28,Peter Bourjos,fly_ball,78.6,37.1,273
2019-03-28,Stephen Piscotty,fly_ball,84.5,46.5,265
2019-03-28,Andrelton Simmons,fly_ball,89.4,29.7,349
2019-03-28,Buster Posey,fly_ball,93.1,40.9,354
2019-03-28,Joe Panik,fly_ball,98.5,31.3,365
2019-03-28,Manuel Margot,fly_ball,87.2,39.7,307
2019-03-28,Wil Myers,fly_ball,109,24.4,457
2019-03-28,Buster Posey,fly_ball,90.3,59.3,213
2019-03-28,Franmil Reyes,fly_ball,100.8,47.9,305
2019-03-28,Michael Reed,fly_ball,100.6,49,300
2019-03-28,Joe Panik,fly_ball,81.2,40.9,276
2019-03-28,Madison Bumgarner,fly_ball,74.3,38.6,246
2019-03-28,Austin Hedges,fly_ball,89.9,59.8,203
2019-03-28,Eric Lauer,fly_ball,80.2,33,287
2019-03-28,Steven Duggar,fly_ball,84.4,46.4,256
2019-03-28,Manuel Margot,fly_ball,92,40.1,311
2019-03-28,Franchy Cordero,fly_ball,91.2,36.5,313
2019-03-28,Mookie Betts,fly_ball,68.7,34.6,220
2019-03-28,Ryon Healy,fly_ball,76.1,48.2,211
2019-03-28,Tim Beckham,fly_ball,106.7,30.7,430
2019-03-28,Edwin Encarnacion,fly_ball,109.4,21.2,414
2019-03-28,Tim Beckham,fly_ball,105.5,29.2,417
2019-03-28,David Freitas,fly_ball,100.3,39.9,348
2019-03-28,Jackie Bradley,fly_ball,96.4,55.6,216
2019-03-28,Andrew Benintendi,fly_ball,80,47.2,233
2019-03-28,Ryon Healy,fly_ball,94.4,27.2,366
2019-03-28,Christian Vazquez,fly_ball,98.3,23,374
2019-03-28,Mookie Betts,fly_ball,92.6,40.7,301
2019-03-28,David Freitas,fly_ball,97.4,31.3,360
2019-03-28,Domingo Santana,fly_ball,103.4,36.6,384
2019-03-28,Edwin Encarnacion,fly_ball,81.8,44.8,259
2019-03-28,Mallex Smith,fly_ball,91.4,30.5,312
2019-03-28,Austin Meadows,fly_ball,101,30,381
2019-03-28,Aledmys Díaz,fly_ball,80.5,46.2,233
2019-03-28,George Springer,fly_ball,105.8,29.3,427
2019-03-28,Alex Bregman,fly_ball,86.8,47.4,274
2019-03-28,Michael Brantley,fly_ball,103.8,26.4,404
2019-03-28,Joey Wendle,fly_ball,80.5,31.6,300
2019-03-28,Jake Marisnick,fly_ball,92.6,39.5,320
2019-03-28,Jose Altuve,fly_ball,108.4,38.4,384
2019-03-28,Alex Bregman,fly_ball,73.5,41.7,238
2019-03-28,Yandy Díaz,fly_ball,95.1,26.1,367
2019-03-28,Joey Wendle,fly_ball,81.8,36.5,295
2019-03-28,Albert Almora,fly_ball,89.9,39.5,300
2019-03-28,Delino DeShields,fly_ball,94.6,41.3,338
2019-03-28,Elvis Andrus,fly_ball,104.4,21.9,398
2019-03-28,Javier Baez,fly_ball,103.5,25.3,395
2019-03-28,Hunter Pence,fly_ball,94.3,43.2,313
2019-03-28,Kris Bryant,fly_ball,104.6,24.2,426
2019-03-28,Javier Baez,fly_ball,94.9,29.3,319
2019-03-28,David Bote,fly_ball,98.8,45.1,329
2019-03-28,Delino DeShields,fly_ball,90.1,32,346
2019-03-28,Daniel Descalso,fly_ball,95.4,37.1,339
2019-03-28,Jason Heyward,fly_ball,77.4,35.3,281
2019-03-28,Kyle Schwarber,fly_ball,73.6,41.3,221
2019-03-28,Brandon Drury,fly_ball,94.4,33.3,356
2019-03-28,Jeimer Candelario,fly_ball,79.3,38.9,264
2019-03-28,Kevin Pillar,fly_ball,91.8,54.6,247
2019-03-28,Mikie Mahtook,fly_ball,93.8,35.4,337
2019-03-28,Danny Jansen,fly_ball,100.6,30.9,386
2019-03-28,Justin Smoak,fly_ball,90.9,49.1,272
2019-03-28,Lourdes Gurriel,fly_ball,97.1,24.9,358
2019-03-28,Freddy Galvis,fly_ball,87.5,35.2,314
2019-03-28,Niko Goodrum,fly_ball,96.1,23.6,365
2019-03-28,Christin Stewart,fly_ball,95.2,25.2,340
2019-03-28,Christin Stewart,fly_ball,108.7,26.2,419
2019-03-28,Grayson Greiner,fly_ball,89,49.6,251
2019-03-28,Max Kepler,fly_ball,97.7,42.5,322
2019-03-28,Carlos Santana,fly_ball,95.2,50.5,285
2019-03-28,C. J. Cron,fly_ball,93.6,56.8,218
2019-03-28,Roberto Perez,fly_ball,73.3,29.4,261
2019-03-28,Jason Castro,fly_ball,83.2,57.2,215
2019-03-28,Byron Buxton,fly_ball,98.5,41.6,329
2019-03-28,Nelson Cruz,fly_ball,97,30.7,341
2019-03-28,Roberto Perez,fly_ball,101.5,30.7,386
2019-03-28,Jonathan Schoop,fly_ball,95.5,28.7,360
2019-03-28,Jason Castro,fly_ball,95.4,53.8,256
2019-03-28,Max Kepler,fly_ball,98.5,26.7,351
2019-03-28,Carlos Santana,fly_ball,99.8,35,353
2019-03-28,Hanley Ramirez,fly_ball,89.4,28.5,331
2019-03-28,Byron Buxton,fly_ball,96.5,45,304
2019-03-28,Andrew McCutchen,fly_ball,109.4,30.6,428
2019-03-28,Rhys Hoskins,fly_ball,99.5,38.9,354
2019-03-28,J. T. Realmuto,fly_ball,93.3,47.2,280
2019-03-28,Aaron Nola,fly_ball,87.8,30.6,297
2019-03-28,Ronald Acuna,fly_ball,86.2,33.7,322
2019-03-28,Ozzie Albies,fly_ball,68.9,43.1,194
2019-03-28,Andrew McCutchen,fly_ball,95.7,44.7,315
2019-03-28,J. T. Realmuto,fly_ball,92.2,43.1,301
2019-03-28,Matthew Joyce,fly_ball,102.6,27.6,394
2019-03-28,Rhys Hoskins,fly_ball,102.4,26.2,380
2019-03-28,Cesar Hernandez,fly_ball,103.5,29.9,376
2019-03-28,Ozzie Albies,fly_ball,89.6,57.4,228
2019-03-28,Ryan McMahon,fly_ball,81.7,38,285
2019-03-28,Garrett Cooper,fly_ball,101,24.4,391
2019-03-28,Charlie Blackmon,fly_ball,100.3,49,285
2019-03-28,Daniel Murphy,fly_ball,87.1,50.1,256
2019-03-28,Brian Anderson,fly_ball,76.8,31.4,276
2019-03-28,Daniel Murphy,fly_ball,98.7,23.5,368
2019-03-28,Nolan Arenado,fly_ball,100.1,41.2,350
2019-03-28,Trevor Story,fly_ball,101.9,38.5,377
2019-03-28,Charlie Blackmon,fly_ball,94.9,43,313
2019-03-28,JT Riddle,fly_ball,103,23.1,378
2019-03-28,Rosell Herrera,fly_ball,94.5,38.6,313
2019-03-28,Neil Walker,fly_ball,106.2,29.7,417
2019-03-28,Daniel Murphy,fly_ball,89.3,39.8,284
2019-03-28,Martin Prado,fly_ball,87.7,43.6,277
2019-03-28,Miguel Andujar,fly_ball,99.6,35.8,359
2019-03-28,Gary Sanchez,fly_ball,107.6,33.1,380
2019-03-28,Dwight Smith,fly_ball,84.5,28.5,299
2019-03-28,Joey Rickard,fly_ball,91.8,39.7,306
2019-03-28,Troy Tulowitzki,fly_ball,94.8,33.7,316
2019-03-28,Jesus Sucre,fly_ball,92.5,25.2,317
2019-03-28,Richie Martin,fly_ball,89.2,47.5,259
2019-03-28,Miguel Andujar,fly_ball,99,34.4,341
2019-03-28,Gary Sanchez,fly_ball,70.8,31,217
2019-03-28,Brett Gardner,fly_ball,98.2,37.7,350
2019-03-28,Richie Martin,fly_ball,83.7,27.5,277
2019-03-28,Greg Bird,fly_ball,108,33.8,408
2019-03-28,Kolten Wong,fly_ball,106.5,26.9,424
2019-03-28,Harrison Bader,fly_ball,110.6,23.9,432
2019-03-28,Travis Shaw,fly_ball,84.6,31.2,292
2019-03-28,Mike Moustakas,fly_ball,105.9,30.6,405
2019-03-28,Paul DeJong,fly_ball,97,39.3,334
2019-03-28,Christian Yelich,fly_ball,102.4,29.4,406
2019-03-28,Travis Shaw,fly_ball,98.9,40.6,346
2019-03-28,Marcell Ozuna,fly_ball,72.1,33.1,255
2019-03-28,Jhoulys Chacin,fly_ball,99.9,23.5,405
2019-03-28,Yadier Molina,fly_ball,88.7,47.1,290
2019-03-28,Kolten Wong,fly_ball,96,30.7,392
2019-03-28,Tyler O'Neill,fly_ball,80.8,33.7,293
2019-03-28,Eric Thames,fly_ball,76.8,35.2,248
2019-03-28,Jesus Aguilar,fly_ball,89.4,40,301
2019-03-28,Yadier Molina,fly_ball,96,38.5,342
2019-03-28,Jose Martinez,fly_ball,101.6,31.1,372
2019-03-29,A. J. Pollock,fly_ball,106,24.7,423
2019-03-29,Jake Lamb,fly_ball,70.1,26.8,225
2019-03-29,Chris Taylor,fly_ball,76.1,50.4,218
2019-03-29,Enrique Hernandez,fly_ball,84.2,40.6,285
2019-03-29,Christian Walker,fly_ball,108.4,26.8,429
2019-03-29,Eduardo Escobar,fly_ball,94.8,37.8,322
2019-03-29,Ketel Marte,fly_ball,91.5,40.8,297
2019-03-29,Max Muncy,fly_ball,94.4,48.7,282
2019-03-29,Carson Kelly,fly_ball,73.6,28.2,220
2019-03-29,Joc Pederson,fly_ball,75,31.9,268
2019-03-29,Kole Calhoun,fly_ball,103.3,44.3,329
2019-03-29,Matt Chapman,fly_ball,89.7,37.2,296
2019-03-29,Khris Davis,fly_ball,92.4,32.9,330
2019-03-29,Albert Pujols,fly_ball,81.8,32.5,295
2019-03-29,Zack Cozart,fly_ball,93.7,30.7,351
2019-03-29,Marcus Semien,fly_ball,86.3,47.3,250
2019-03-29,Tommy La Stella,fly_ball,72.9,33.1,262
2019-03-29,Mike Trout,fly_ball,106.3,34.4,411
2019-03-29,Tommy La Stella,fly_ball,93.7,39,334
2019-03-29,Jonathan Lucroy,fly_ball,75.3,44.9,231
2019-03-29,Robbie Grossman,fly_ball,89,35.6,294
2019-03-29,Stephen Piscotty,fly_ball,78,45,242
2019-03-29,Zack Cozart,fly_ball,89.9,40.3,307
2019-03-29,Nick Hundley,fly_ball,66.6,31.6,228
2019-03-29,Ian Kinsler,fly_ball,89.6,52.2,261
2019-03-29,Fernando Tatis,fly_ball,102.6,23,403
2019-03-29,Austin Hedges,fly_ball,100.6,41.1,347
2019-03-29,Wil Myers,fly_ball,100.4,20,340
2019-03-29,Franmil Reyes,fly_ball,96,48.6,281
2019-03-29,Eric Hosmer,fly_ball,89.6,54,242
2019-03-29,Evan Longoria,fly_ball,87.3,45.4,267
2019-03-29,Brandon Belt,fly_ball,85.1,41.5,272
2019-03-29,Evan Longoria,fly_ball,103.7,29.3,388
2019-03-29,Mookie Betts,fly_ball,92.3,44.5,280
2019-03-29,J. D. Martinez,fly_ball,83.3,39.7,278
2019-03-29,Mallex Smith,fly_ball,90.3,31.6,339
2019-03-29,Domingo Santana,fly_ball,107.7,28.7,403
2019-03-29,Xander Bogaerts,fly_ball,101.3,29.3,379
2019-03-29,Christian Vazquez,fly_ball,100.1,32.7,366
2019-03-29,Andrew Benintendi,fly_ball,82.8,31.4,266
2019-03-29,Mallex Smith,fly_ball,94,28.1,336
2019-03-29,Mitch Haniger,fly_ball,95.9,42.6,317
2019-03-29,Mallex Smith,fly_ball,99.9,26.9,381
2019-03-29,Omar Narvaez,fly_ball,89.7,40.4,304
2019-03-29,J. D. Martinez,fly_ball,110.7,27.9,428
2019-03-29,Tim Beckham,fly_ball,80.3,39.6,254
2019-03-29,Christian Vazquez,fly_ball,103.7,30.9,386
2019-03-29,Andrew Benintendi,fly_ball,98.3,32,356
2019-03-29,Jose Altuve,fly_ball,99.1,26.7,388
2019-03-29,Ji-Man Choi,fly_ball,68.3,44,218
2019-03-29,Michael Brantley,fly_ball,92.7,25.2,325
2019-03-29,Austin Meadows,fly_ball,102.3,39.9,353
2019-03-29,Avisail Garcia,fly_ball,83.5,48.5,249
2019-03-29,Daniel Robertson,fly_ball,84.7,48.5,248
2019-03-29,George Springer,fly_ball,70.5,39.7,228
2019-03-29,Avisail Garcia,fly_ball,99.4,41.9,337
2019-03-29,Daniel Robertson,fly_ball,76.7,46.2,223
2019-03-29,Austin Meadows,fly_ball,84.2,40.8,256
2019-03-29,Brandon Drury,fly_ball,98.4,28.2,388
2019-03-29,Nick Castellanos,fly_ball,100.8,26.8,376
2019-03-29,Nick Castellanos,fly_ball,102.7,33,383
2019-03-29,Miguel Cabrera,fly_ball,85.6,35.4,288
2019-03-29,Daniel Murphy,fly_ball,86.5,31,309
2019-03-29,Nolan Arenado,fly_ball,100,34.6,375
2019-03-29,Daniel Murphy,fly_ball,98,31.2,384
2019-03-29,Curtis Granderson,fly_ball,101.9,27,385
2019-03-29,Charlie Blackmon,fly_ball,84.8,38.4,292
2019-03-29,Ian Desmond,fly_ball,82.6,42.4,264
2019-03-29,Miguel Rojas,fly_ball,86.9,28.2,333
2019-03-29,Trevor Story,fly_ball,86.6,37,316
2019-03-29,Ian Desmond,fly_ball,101.4,38.3,362
2019-03-29,Lewis Brinson,fly_ball,103.7,26.5,407
2019-03-29,Ian Desmond,fly_ball,93.9,48,282
2019-03-29,Neil Walker,fly_ball,101.7,28.2,402
2019-03-29,Paul Goldschmidt,fly_ball,105,39.7,373
2019-03-29,Lorenzo Cain,fly_ball,91.7,36.9,322
2019-03-29,Christian Yelich,fly_ball,98.9,33.8,367
2019-03-29,Jack Flaherty,fly_ball,87.8,39.6,296
2019-03-29,Paul DeJong,fly_ball,103.3,43.2,343
2019-03-29,Ryan Braun,fly_ball,107.7,29.6,424
2019-03-29,Paul Goldschmidt,fly_ball,105.8,26.6,416
2019-03-29,Harrison Bader,fly_ball,95.6,29.2,361
2019-03-29,Paul Goldschmidt,fly_ball,106.4,33.4,406
2019-03-29,Orlando Arcia,fly_ball,82.8,45.2,256
2019-03-29,Christian Yelich,fly_ball,106.9,30.6,380
2019-03-29,Ryan Braun,fly_ball,89.8,35.4,310
2019-03-29,Tyler O'Neill,fly_ball,93.7,27,365
2019-03-30,Whit Merrifield,fly_ball,89.7,35.6,318
2019-03-30,Welington Castillo,fly_ball,94.3,46.2,290
2019-03-30,Ryan O'Hearn,fly_ball,101.2,34.7,359
2019-03-30,Hunter Dozier,fly_ball,94.7,36.3,312
2019-03-30,Carlos Sanchez,fly_ball,85.9,29.6,330
2019-03-30,Leury Garcia,fly_ball,85,51.6,244
2019-03-30,Whit Merrifield,fly_ball,91.8,34.5,330
2019-03-30,Adalberto Mondesi,fly_ball,102.1,24.4,385
2019-03-30,Jorge Soler,fly_ball,74.6,48.2,208
2019-03-30,Jorge Soler,fly_ball,95.5,28.3,339
2019-03-30,Yoan Moncada,fly_ball,99.2,25.9,402
2019-03-30,Hunter Dozier,fly_ball,98.2,45,317
2019-03-30,Carlos Sanchez,fly_ball,87.4,40.6,263
2019-03-30,Yoan Moncada,fly_ball,93.4,44.2,291
2019-03-30,Joc Pederson,fly_ball,103.5,28,387
2019-03-30,Corey Seager,fly_ball,90.8,33.2,303
2019-03-30,Cody Bellinger,fly_ball,85,43.7,267
2019-03-30,Nick Ahmed,fly_ball,72.1,26.8,227
2019-03-30,A. J. Pollock,fly_ball,96.5,45.7,303
2019-03-30,Alex Avila,fly_ball,90.6,37.2,309
2019-03-30,Eduardo Escobar,fly_ball,86.4,34.3,320
2019-03-30,Kenta Maeda,fly_ball,77,53.4,202
2019-03-30,Alex Avila,fly_ball,101.1,26.7,363
2019-03-30,Zack Godley,fly_ball,87.3,32.2,316
2019-03-30,Justin Turner,fly_ball,95,43.3,314
2019-03-30,Cody Bellinger,fly_ball,105.4,32.1,398
2019-03-30,Max Muncy,fly_ball,69.7,34.6,221
2019-03-30,Adam Jones,fly_ball,104.6,20.8,416
2019-03-30,Ildemaro Vargas,fly_ball,93.6,37.7,334
2019-03-30,Alex Verdugo,fly_ball,77.8,42.7,256
2019-03-30,Cody Bellinger,fly_ball,81.7,35.9,304
2019-03-30,Jake Lamb,fly_ball,99.1,32.7,375
2019-03-30,Max Muncy,fly_ball,87.2,52.8,242
2019-03-30,Austin Barnes,fly_ball,99.5,26.7,400
2019-03-30,J. R. Murphy,fly_ball,94.8,44.3,305
2019-03-30,Jeff McNeil,fly_ball,99.4,35.4,388
2019-03-30,Robinson Cano,fly_ball,88.3,27.5,332
2019-03-30,Brian Dozier,fly_ball,79.4,31.6,290
2019-03-30,Victor Robles,fly_ball,110.3,21.5,396
2019-03-30,Jeff McNeil,fly_ball,94.4,41.9,316
2019-03-30,Adam Eaton,fly_ball,100.1,49.8,278
2019-03-30,Victor Robles,fly_ball,90.7,36.3,320
2019-03-30,Adam Eaton,fly_ball,92.9,38.3,323
2019-03-30,Matt Adams,fly_ball,93.3,34.4,361
2019-03-30,Kurt Suzuki,fly_ball,89.8,49,295
2019-03-30,Andrelton Simmons,fly_ball,94.5,23.4,361
2019-03-30,Albert Pujols,fly_ball,94,44.3,300
2019-03-30,Khris Davis,fly_ball,97.3,40.2,335
2019-03-30,Mark Canha,fly_ball,93.2,38.3,326
2019-03-30,Khris Davis,fly_ball,93.8,26.2,339
2019-03-30,Marcus Semien,fly_ball,87.2,45.3,268
2019-03-30,Mark Canha,fly_ball,106,31,415
2019-03-30,Kendrys Morales,fly_ball,104.6,40.5,346
2019-03-30,Kole Calhoun,fly_ball,92.9,40.1,319
2019-03-30,Zack Cozart,fly_ball,98.2,33.9,372
2019-03-30,Mike Trout,fly_ball,102,40.3,341
2019-03-30,Evan Longoria,fly_ball,84.1,33.2,306
2019-03-30,Hunter Renfroe,fly_ball,86.8,35.9,317
2019-03-30,Fernando Tatis,fly_ball,81.3,32.9,267
2019-03-30,Ian Kinsler,fly_ball,93.2,40.2,323
2019-03-30,Manny Machado,fly_ball,102.8,39.8,357
2019-03-30,Joe Panik,fly_ball,78.6,50.9,220
2019-03-30,Ian Kinsler,fly_ball,71.1,23.5,223
2019-03-30,Mookie Betts,fly_ball,89.7,33.9,331
2019-03-30,Xander Bogaerts,fly_ball,87.4,55,225
2019-03-30,Domingo Santana,fly_ball,88.5,26.5,294
2019-03-30,Jay Bruce,fly_ball,106.3,22.1,414
2019-03-30,Ryon Healy,fly_ball,80,51.1,212
2019-03-30,Dee Gordon,fly_ball,74,31.9,263
2019-03-30,Michael Brantley,fly_ball,73.2,38.1,244
2019-03-30,Josh Reddick,fly_ball,88.1,52.7,243
2019-03-30,Avisail Garcia,fly_ball,81.4,35.7,319
2019-03-30,Yandy Díaz,fly_ball,81.3,31.4,310
2019-03-30,Ben Zobrist,fly_ball,87.4,27.6,316
2019-03-30,Elvis Andrus,fly_ball,88.4,45.8,278
2019-03-30,Jason Heyward,fly_ball,99,43.6,330
2019-03-30,Asdrubal Cabrera,fly_ball,101.2,38.1,370
2019-03-30,Kyle Schwarber,fly_ball,108.8,30.1,424
2019-03-30,Jason Heyward,fly_ball,94.2,41.7,314
2019-03-30,Delino DeShields,fly_ball,95.4,48.4,291
2019-03-30,Kyle Schwarber,fly_ball,93.6,26.1,349
2019-03-30,Joey Gallo,fly_ball,101,49.4,310
2019-03-30,David Bote,fly_ball,81.6,54.6,200
2019-03-30,Ben Zobrist,fly_ball,87.5,45.8,266
2019-03-30,Joey Gallo,fly_ball,109.6,33.5,433
2019-03-30,Willson Contreras,fly_ball,94.2,24.8,352
2019-03-30,Josh Harrison,fly_ball,87.3,33.3,323
2019-03-30,Dustin Peterson,fly_ball,91.4,41.6,316
2019-03-30,Jeimer Candelario,fly_ball,100.4,38.1,364
2019-03-30,Kevin Pillar,fly_ball,91,43.6,300
2019-03-30,Brandon Drury,fly_ball,100.7,47.5,320
2019-03-30,Danny Jansen,fly_ball,86.6,47.4,268
2019-03-30,Randal Grichuk,fly_ball,87.2,38.4,311
2019-03-30,Freddy Galvis,fly_ball,98.5,30.1,381
2019-03-30,Justin Smoak,fly_ball,78.1,44.7,253
2019-03-30,Dustin Peterson,fly_ball,95.2,35.7,344
2019-03-30,Eddie Rosario,fly_ball,85,32.3,316
2019-03-30,Jose Ramirez,fly_ball,95.7,31.3,343
2019-03-30,Jorge Polanco,fly_ball,99.2,27.5,391
2019-03-30,Mitch Garver,fly_ball,92.7,40.5,298
2019-03-30,Byron Buxton,fly_ball,98.3,44.7,311
2019-03-30,Carlos Santana,fly_ball,88.2,46.4,261
2019-03-30,Eddie Rosario,fly_ball,89.5,43.8,283
2019-03-30,Leonys Martín,fly_ball,93.8,52.2,248
2019-03-30,Jose Ramirez,fly_ball,89.1,44.8,269
2019-03-30,Marwin Gonzalez,fly_ball,73.5,47.9,215
2019-03-30,Greg Allen,fly_ball,97.4,25,360
2019-03-30,C. J. Cron,fly_ball,77.7,56.2,187
2019-03-30,Andrew McCutchen,fly_ball,95.4,46.1,302
2019-03-30,Bryce Harper,fly_ball,95.2,39,334
2019-03-30,Nick Markakis,fly_ball,74.3,34.8,236
2019-03-30,Rhys Hoskins,fly_ball,95.1,28.6,376
2019-03-30,Ender Inciarte,fly_ball,75.5,43.5,237
2019-03-30,Bryce Harper,fly_ball,93.1,48.5,294
2019-03-30,Johan Camargo,fly_ball,82,54.8,216
2019-03-30,Cesar Hernandez,fly_ball,83,47.2,249
2019-03-30,Ronald Acuna,fly_ball,97.2,45.9,311
2019-03-30,Trevor Story,fly_ball,87.6,35.2,297
2019-03-30,Curtis Granderson,fly_ball,94.2,28.9,344
2019-03-30,David Dahl,fly_ball,86.2,43.9,290
2019-03-30,Nolan Arenado,fly_ball,92.5,36.8,338
2019-03-30,Curtis Granderson,fly_ball,78.1,38.6,272
2019-03-30,Chad Wallach,fly_ball,99.9,21.9,376
2019-03-30,Martin Prado,fly_ball,86.2,31,323
2019-03-30,Trevor Story,fly_ball,82.6,32.1,310
2019-03-30,Curtis Granderson,fly_ball,96.4,31.7,369
2019-03-30,Neil Walker,fly_ball,90.8,48.7,285
2019-03-30,Miguel Rojas,fly_ball,84.8,41.4,295
2019-03-30,Starlin Castro,fly_ball,73.6,30.7,261
2019-03-30,Brett Gardner,fly_ball,96.5,40.2,315
2019-03-30,Richie Martin,fly_ball,96.7,37.2,315
2019-03-30,Trey Mancini,fly_ball,100.8,39.6,346
2019-03-30,Gary Sanchez,fly_ball,102.6,28.4,390
2019-03-30,Brett Gardner,fly_ball,94.6,50.9,269
2019-03-30,Jonathan Villar,fly_ball,79.2,34.4,287
2019-03-30,Rio Ruiz,fly_ball,86,30.4,301
2019-03-30,Troy Tulowitzki,fly_ball,98.2,32.1,358
2019-03-30,Luke Voit,fly_ball,75.5,40,242
2019-03-30,Christian Yelich,fly_ball,108.4,21.9,396
2019-03-30,Yadier Molina,fly_ball,96.4,28.4,382
2019-03-30,Kolten Wong,fly_ball,70.8,34.2,245
2019-03-30,Travis Shaw,fly_ball,106.3,26.9,410
2019-03-30,Mike Moustakas,fly_ball,109.1,20,415
2019-03-30,Yadier Molina,fly_ball,96.3,28.2,377
2019-03-30,Jose Martinez,fly_ball,85.4,52.3,237
2019-03-30,Matt Carpenter,fly_ball,94.2,41.2,315
2019-03-30,Yasmani Grandal,fly_ball,93,42.8,298
2019-03-30,Mike Moustakas,fly_ball,89.8,33.2,333
2019-03-30,Marcell Ozuna,fly_ball,94.2,35.8,340
2019-03-30,Ben Gamel,fly_ball,93.2,49.3,272
2019-03-31,Joey Votto,fly_ball,81.2,49.6,241
2019-03-31,Matt Kemp,fly_ball,85,29,311
2019-03-31,Melky Cabrera,fly_ball,88.8,38.2,290
2019-03-31,Michael Lorenzen,fly_ball,97.1,40.6,332
2019-03-31,Joey Votto,fly_ball,86.1,57.1,206
2019-03-31,Jung Ho Kang,fly_ball,92.2,41.5,309
2019-03-31,Tucker Barnhart,fly_ball,94.4,39,326
2019-03-31,Adam Frazier,fly_ball,96,38,318
2019-03-31,Francisco Cervelli,fly_ball,87.8,30,318
2019-03-31,Josh Bell,fly_ball,92.1,34.7,338
2019-03-31,Joey Votto,fly_ball,102.4,30.7,399
2019-03-31,Yasiel Puig,fly_ball,93.5,48.1,294
2019-03-31,José Abreu,fly_ball,100.8,33.9,377
2019-03-31,Daniel Palka,fly_ball,93.1,41.3,307
2019-03-31,Lucas Duda,fly_ball,91.8,52.4,245
2019-03-31,Yonder Alonso,fly_ball,101.2,28.8,393
2019-03-31,Eloy Jimenez,fly_ball,84.1,36.4,299
2019-03-31,Daniel Palka,fly_ball,80.2,44.3,247
2019-03-31,Martin Maldonado,fly_ball,91,48.3,270
2019-03-31,Billy Hamilton,fly_ball,84.1,30.7,285
2019-03-31,Alex Gordon,fly_ball,91.2,42.1,309
2019-03-31,Jorge Soler,fly_ball,82.4,39.2,270
2019-03-31,Lucas Duda,fly_ball,93.3,51,254
2019-03-31,David Peralta,fly_ball,90.4,24.3,358
2019-03-31,Enrique Hernandez,fly_ball,89.4,36.3,327
2019-03-31,Nick Ahmed,fly_ball,95,29.1,377
2019-03-31,Cody Bellinger,fly_ball,104.5,28.4,425
2019-03-31,Adam Jones,fly_ball,70.7,28.4,249
2019-03-31,Carson Kelly,fly_ball,77.8,30.7,290
2019-03-31,Luke Weaver,fly_ball,97.3,26.6,392
2019-03-31,David Peralta,fly_ball,94,37.5,347
2019-03-31,Max Muncy,fly_ball,97.4,43.6,323
2019-03-31,Alex Verdugo,fly_ball,84.1,55.6,225
2019-03-31,Ketel Marte,fly_ball,88.3,47.7,281
2019-03-31,Brandon Nimmo,fly_ball,90.2,49.4,250
2019-03-31,Pete Alonso,fly_ball,73.9,32.6,226
2019-03-31,J. D. Davis,fly_ball,103.6,34.6,382
2019-03-31,Michael Conforto,fly_ball,87,29.5,326
2019-03-31,Amed Rosario,fly_ball,101.9,33.9,359
2019-03-31,Tomas Nido,fly_ball,96.5,22.5,324
2019-03-31,Trea Turner,fly_ball,110,24.8,440
2019-03-31,Robinson Cano,fly_ball,96.3,22.1,350
2019-03-31,Victor Robles,fly_ball,87.3,37.4,296
2019-03-31,Ryan Zimmerman,fly_ball,97.6,27.7,325
2019-03-31,Brian Dozier,fly_ball,91.8,29.3,338
2019-03-31,Yan Gomes,fly_ball,90.9,28.3,314
2019-03-31,Adam Eaton,fly_ball,84.5,33.1,302
2019-03-31,Marcus Semien,fly_ball,85.1,32.5,278
2019-03-31,Matt Chapman,fly_ball,87.1,52.3,244
2019-03-31,Peter Bourjos,fly_ball,77.7,45.4,233
2019-03-31,Stephen Piscotty,fly_ball,96.1,43.2,312
2019-03-31,Khris Davis,fly_ball,99.1,32.3,388
2019-03-31,Mark Canha,fly_ball,87,33.8,324
2019-03-31,Kole Calhoun,fly_ball,106.7,29.2,440
2019-03-31,Khris Davis,fly_ball,89.4,56.4,216
2019-03-31,Andrelton Simmons,fly_ball,91.9,40.8,314
2019-03-31,Steven Duggar,fly_ball,84.1,56.3,215
2019-03-31,Franmil Reyes,fly_ball,101,34,361
2019-03-31,Fernando Tatis,fly_ball,79.9,37.1,269
2019-03-31,Manny Machado,fly_ball,93,30.1,326
2019-03-31,Franmil Reyes,fly_ball,106.7,35.1,393
2019-03-31,Manuel Margot,fly_ball,93.1,32.7,342
2019-03-31,Gerardo Parra,fly_ball,95.7,32.4,365
2019-03-31,Erik Kratz,fly_ball,99.8,43.6,327
2019-03-31,Austin Hedges,fly_ball,100.1,50.5,299
2019-03-31,Manny Machado,fly_ball,94.4,30.2,352
2019-03-31,Connor Joe,fly_ball,73,29.2,261
2019-03-31,Pablo Sandoval,fly_ball,96.7,43.4,323
2019-03-31,Mitch Moreland,fly_ball,79.9,44.6,245
2019-03-31,Christian Vazquez,fly_ball,89.3,30.7,319
2019-03-31,Mitch Haniger,fly_ball,100.3,57.3,227
2019-03-31,Mookie Betts,fly_ball,102.2,25.3,398
2019-03-31,Xander Bogaerts,fly_ball,77.7,39.8,250
2019-03-31,Sam Travis,fly_ball,87.1,39.4,281
2019-03-31,Eduardo Nunez,fly_ball,87.9,51,233
2019-03-31,Mitch Haniger,fly_ball,84.5,48.3,258
2019-03-31,Domingo Santana,fly_ball,93.7,27.3,355
2019-03-31,Omar Narvaez,fly_ball,104.1,25.2,390
2019-03-31,Dee Gordon,fly_ball,80.7,38.2,270
2019-03-31,Domingo Santana,fly_ball,99.5,33.1,376
2019-03-31,J. D. Martinez,fly_ball,106.1,25.5,384
2019-03-31,Jay Bruce,fly_ball,98.7,24.1,358
2019-03-31,Omar Narvaez,fly_ball,95.7,33.2,350
2019-03-31,Dan Vogelbach,fly_ball,84.4,35.8,285
2019-03-31,Mitch Moreland,fly_ball,99.2,28.2,366
2019-03-31,Dee Gordon,fly_ball,93.3,37.2,320
2019-03-31,Mallex Smith,fly_ball,74.1,33.3,238
2019-03-31,Mookie Betts,fly_ball,105.2,31.6,397
2019-03-31,Xander Bogaerts,fly_ball,96.5,38.5,327
2019-03-31,Jose Altuve,fly_ball,97.3,40.1,351
2019-03-31,Jake Marisnick,fly_ball,102.8,28.3,410
2019-03-31,Austin Meadows,fly_ball,104.3,28.6,407
2019-03-31,Yandy Díaz,fly_ball,97.7,38.6,348
2019-03-31,Tommy Pham,fly_ball,89.6,39.9,304
2019-03-31,Avisail Garcia,fly_ball,93.2,31.4,382
2019-03-31,Carlos Correa,fly_ball,96.7,43,319
2019-03-31,Willy Adames,fly_ball,90,45.8,287
2019-03-31,Tony Kemp,fly_ball,90.4,39.3,328
2019-03-31,Kris Bryant,fly_ball,98.2,31.6,346
2019-03-31,Javier Baez,fly_ball,87.1,35,279
2019-03-31,Kyle Schwarber,fly_ball,106.7,24.8,406
2019-03-31,Jason Heyward,fly_ball,84.3,38.6,284
2019-03-31,Logan Forsythe,fly_ball,87.1,51.8,226
2019-03-31,Anthony Rizzo,fly_ball,89.6,54.9,233
2019-03-31,Jeff Mathis,fly_ball,85.9,58.1,201
2019-03-31,Rougned Odor,fly_ball,101.1,41,338
2019-03-31,Asdrubal Cabrera,fly_ball,98,28.1,373
2019-03-31,Delino DeShields,fly_ball,98.7,25.9,390
2019-03-31,Anthony Rizzo,fly_ball,87.3,35.6,301
2019-03-31,Kyle Schwarber,fly_ball,94.6,27.9,355
2019-03-31,Joey Gallo,fly_ball,79.6,49,236
2019-03-31,Daniel Descalso,fly_ball,86,53.4,213
2019-03-31,Jeff Mathis,fly_ball,101.3,23.6,412
2019-03-31,Asdrubal Cabrera,fly_ball,100.1,34.6,381
2019-03-31,Joey Gallo,fly_ball,104.4,29.6,363
2019-03-31,Justin Smoak,fly_ball,85.9,50.3,257
2019-03-31,Teoscar Hernandez,fly_ball,87.6,45.5,276
2019-03-31,Kevin Pillar,fly_ball,78.3,49.7,234
2019-03-31,Miguel Cabrera,fly_ball,102.2,36.2,371
2019-03-31,Grayson Greiner,fly_ball,90,27.9,352
2019-03-31,Miguel Cabrera,fly_ball,90.7,58.9,206
2019-03-31,Nick Castellanos,fly_ball,76.2,30.1,280
2019-03-31,Justin Smoak,fly_ball,87.9,54.8,238
2019-03-31,Miguel Cabrera,fly_ball,95.4,29.8,370
2019-03-31,John Hicks,fly_ball,75.1,45.7,225
2019-03-31,Rowdy Tellez,fly_ball,99.4,28.2,414
2019-03-31,Teoscar Hernandez,fly_ball,96.5,45.3,308
2019-03-31,Mikie Mahtook,fly_ball,103.3,37.7,369
2019-03-31,Grayson Greiner,fly_ball,72,28.6,228
2019-03-31,Danny Jansen,fly_ball,91.3,38.5,314
2019-03-31,Jake Bauers,fly_ball,93.6,49.1,280
2019-03-31,Max Kepler,fly_ball,100.6,35.5,351
2019-03-31,Greg Allen,fly_ball,94.1,34,330
2019-03-31,Marwin Gonzalez,fly_ball,102.4,37.7,351
2019-03-31,Eddie Rosario,fly_ball,92.7,54.5,246
2019-03-31,Nelson Cruz,fly_ball,109.9,25.1,427
2019-03-31,Willians Astudillo,fly_ball,82.9,38.7,276
2019-03-31,Byron Buxton,fly_ball,88.9,41.2,295
2019-03-31,Jake Bauers,fly_ball,85.7,38.1,290
2019-03-31,Ronald Acuna,fly_ball,86.4,47.5,241
2019-03-31,Nick Markakis,fly_ball,99,28.4,343
2019-03-31,Andrew McCutchen,fly_ball,101.9,23.9,382
2019-03-31,Brian McCann,fly_ball,94.6,50.1,268
2019-03-31,Ender Inciarte,fly_ball,97.7,22.8,368
2019-03-31,Brian McCann,fly_ball,96.4,28.7,366
2019-03-31,Josh Donaldson,fly_ball,100.6,22.3,388
2019-03-31,Freddie Freeman,fly_ball,98.5,35.7,344
2019-03-31,JT Riddle,fly_ball,94.2,21.7,343
2019-03-31,Trevor Story,fly_ball,101.6,41.5,353
2019-03-31,Nolan Arenado,fly_ball,81,33.7,276
2019-03-31,Rosell Herrera,fly_ball,81.5,27.5,309
2019-03-31,Renato Nunez,fly_ball,109.1,28.4,414
2019-03-31,Chris Davis,fly_ball,102,31.6,396
2019-03-31,Brett Gardner,fly_ball,80.5,39.4,249
2019-03-31,Luke Voit,fly_ball,90.5,45.4,271
2019-03-31,Richie Martin,fly_ball,79,41.9,251
2019-03-31,Trey Mancini,fly_ball,110.8,27.1,419
2019-03-31,Miguel Andujar,fly_ball,74,29.5,254
2019-03-31,Chris Davis,fly_ball,96.8,47.8,291
2019-03-31,Gary Sanchez,fly_ball,103.7,33.2,384
2019-03-31,Christian Yelich,fly_ball,106.7,36.1,408
2019-03-31,Paul DeJong,fly_ball,105.7,26.7,405
2019-03-31,Matt Carpenter,fly_ball,104.4,23.9,423
2019-03-31,Paul Goldschmidt,fly_ball,108.6,22.2,445
2019-03-31,Ryan Braun,fly_ball,80.2,44.3,260
2019-03-31,Lorenzo Cain,fly_ball,76,55,195
2019-03-31,Travis Shaw,fly_ball,72,55.1,178
2019-03-31,Mike Moustakas,fly_ball,92.3,31.4,344
2019-03-31,Ben Gamel,fly_ball,94.6,29.1,329
2019-04-01,Joey Votto,fly_ball,80.8,39.6,273
2019-04-01,Lorenzo Cain,fly_ball,87.1,40.2,285
2019-04-01,Mike Moustakas,fly_ball,86.9,38.4,308
2019-04-01,Travis Shaw,fly_ball,79,43.6,229
2019-04-01,Jose Peraza,fly_ball,70.2,25.7,228
2019-04-01,Carlos Sanchez,fly_ball,77.1,35.8,274
2019-04-01,Jose Ramirez,fly_ball,102.3,27.5,370
2019-04-01,Yonder Alonso,fly_ball,95.1,29.3,353
2019-04-01,Yoan Moncada,fly_ball,97.7,39.4,328
2019-04-01,Leonys Martín,fly_ball,84,32.8,298
2019-04-01,Ryan Cordell,fly_ball,105.5,24.2,402
2019-04-01,Brandon Belt,fly_ball,76.8,40.2,267
2019-04-01,Corey Seager,fly_ball,76.2,31.1,275
2019-04-01,Chris Taylor,fly_ball,108,32.6,411
2019-04-01,Alex Verdugo,fly_ball,105.8,23.3,431
2019-04-01,Brandon Belt,fly_ball,102.4,25,402
2019-04-01,Max Muncy,fly_ball,99,34.2,371
2019-04-01,Evan Longoria,fly_ball,95.8,40,318
2019-04-01,Austin Barnes,fly_ball,90.5,49.4,249
2019-04-01,Joc Pederson,fly_ball,94.2,33.7,344
2019-04-01,Joe Panik,fly_ball,98.7,36.2,359
2019-04-01,Mookie Betts,fly_ball,99.1,33.5,363
2019-04-01,Stephen Piscotty,fly_ball,104.1,46.6,324
2019-04-01,Khris Davis,fly_ball,105.6,27.9,411
2019-04-01,Ramon Laureano,fly_ball,108.4,30.4,428
2019-04-01,Matt Chapman,fly_ball,85.9,39.2,305
2019-04-01,Matt Chapman,fly_ball,74.9,33,260
2019-04-01,Chad Pinder,fly_ball,100.8,25.3,387
2019-04-01,Marcus Semien,fly_ball,85.1,33.2,323
2019-04-01,Matt Chapman,fly_ball,104.8,27.7,408
2019-04-01,Nick Hundley,fly_ball,95.6,31.8,362
2019-04-01,Andrew Benintendi,fly_ball,84.4,36.3,294
2019-04-01,Marcell Ozuna,fly_ball,100.8,35.4,365
2019-04-01,Corey Dickerson,fly_ball,100.8,26.9,375
2019-04-01,Pablo Reyes,fly_ball,86.9,32.9,289
2019-04-01,Kolten Wong,fly_ball,84.2,29.2,318
2019-04-01,Starling Marte,fly_ball,74.8,38.9,220
2019-04-01,Yadier Molina,fly_ball,91,44.7,290
2019-04-01,Paul DeJong,fly_ball,84.5,47.1,243
2019-04-01,Jung Ho Kang,fly_ball,100,52.6,263
2019-04-01,Colin Moran,fly_ball,97.8,52.4,256
2019-04-01,Paul Goldschmidt,fly_ball,89.5,31.4,322
2019-04-01,Adam Jones,fly_ball,99.8,33,379
2019-04-01,Eduardo Escobar,fly_ball,85.8,41.3,274
2019-04-01,Manuel Margot,fly_ball,78.1,30.4,269
2019-04-01,David Peralta,fly_ball,96.9,24.7,379
2019-04-01,Nick Ahmed,fly_ball,92.1,35.4,325
2019-04-01,Manny Machado,fly_ball,95.9,57.1,227
2019-04-01,Adam Jones,fly_ball,76.7,45,234
2019-04-01,Christian Walker,fly_ball,97.8,32.1,347
2019-04-01,Franmil Reyes,fly_ball,94.8,35.7,334
2019-04-01,Wil Myers,fly_ball,92.7,54.1,238
2019-04-01,Wilmer Flores,fly_ball,94.6,43.7,314
2019-04-01,Wil Myers,fly_ball,86.6,54.4,220
2019-04-01,Andrelton Simmons,fly_ball,95.9,42.7,324
2019-04-01,Dee Gordon,fly_ball,90.1,36.9,315
2019-04-01,Andrelton Simmons,fly_ball,92.3,40.6,312
2019-04-01,Edwin Encarnacion,fly_ball,100.8,34.6,365
2019-04-01,Omar Narvaez,fly_ball,89.7,46.2,279
2019-04-01,Brian Goodwin,fly_ball,81.3,50.8,227
2019-04-01,Mike Trout,fly_ball,85.4,36.3,292
2019-04-01,Jay Bruce,fly_ball,108.4,28,426
2019-04-01,Omar Narvaez,fly_ball,84,29,302
2019-04-01,David Fletcher,fly_ball,73.3,41.4,233
2019-04-01,Ryan McMahon,fly_ball,87.6,55.8,223
2019-04-01,Kevin Kiermaier,fly_ball,93,27.1,323
2019-04-01,Ian Desmond,fly_ball,96.4,51.5,277
2019-04-01,Chris Iannetta,fly_ball,87.4,51.4,260
2019-04-01,Willy Adames,fly_ball,71,29.3,247
2019-04-01,Garrett Hampson,fly_ball,89.8,47,282
2019-04-01,Kevin Kiermaier,fly_ball,99.7,36.4,368
2019-04-01,George Springer,fly_ball,107.4,26.7,412
2019-04-01,Jose Altuve,fly_ball,94.5,40.2,324
2019-04-01,Carlos Correa,fly_ball,84,38,289
2019-04-01,Shin-Soo Choo,fly_ball,78.2,39.2,249
2019-04-01,Rougned Odor,fly_ball,87.3,41.9,292
2019-04-01,Asdrubal Cabrera,fly_ball,91.4,34.6,336
2019-04-01,Michael Brantley,fly_ball,77.4,37.6,251
2019-04-01,Yuli Gurriel,fly_ball,82.8,36.3,290
2019-04-01,Ronald Guzman,fly_ball,109.1,22.7,399
2019-04-01,Robinson Chirinos,fly_ball,96.2,40.6,304
2019-04-01,Michael Brantley,fly_ball,96,25.6,354
2019-04-01,Asdrubal Cabrera,fly_ball,87.1,55.5,196
2019-04-01,Delino DeShields,fly_ball,71.5,49.2,202
2019-04-01,Shin-Soo Choo,fly_ball,99.9,36.4,341
2019-04-01,Nomar Mazara,fly_ball,83.8,29.3,305
2019-04-01,Yuli Gurriel,fly_ball,88,31.3,305
2019-04-01,Jonathan Villar,fly_ball,100.7,30.3,371
2019-04-01,Rio Ruiz,fly_ball,84.3,42.2,276
2019-04-01,Randal Grichuk,fly_ball,103,39,354
2019-04-01,Lourdes Gurriel,fly_ball,91.5,45.9,292
2019-04-01,Danny Jansen,fly_ball,70.9,34.8,232
2019-04-01,Dwight Smith,fly_ball,82.9,51.7,237
2019-04-01,Trey Mancini,fly_ball,92.9,34.8,347
2019-04-01,Renato Nunez,fly_ball,87.8,41.3,295
2019-04-01,Jesus Sucre,fly_ball,97.4,41.6,334
2019-04-01,Trey Mancini,fly_ball,109.9,34.7,408
2019-04-01,Randal Grichuk,fly_ball,108.3,20.7,426
2019-04-01,Renato Nunez,fly_ball,103.3,33.9,397
2019-04-01,Freddy Galvis,fly_ball,94.4,35.7,348
2019-04-01,Billy McKinney,fly_ball,82.6,35.5,276
2019-04-01,Dwight Smith,fly_ball,96.2,33.7,345
2019-04-01,Kevin Pillar,fly_ball,87.8,31.8,322
2019-04-01,Albert Almora,fly_ball,90.3,31.2,332
2019-04-01,Javier Baez,fly_ball,75.8,42.9,225
2019-04-01,Ender Inciarte,fly_ball,101.2,31.8,414
2019-04-01,Freddie Freeman,fly_ball,104.6,37.5,376
2019-04-01,Sean Newcomb,fly_ball,82.8,30.3,278
2019-04-01,Ronald Acuna,fly_ball,108.4,27,421
2019-04-01,Mark Zagunis,fly_ball,95.4,47.8,309
2019-04-01,Freddie Freeman,fly_ball,87.8,51.5,248
2019-04-01,Daniel Descalso,fly_ball,98.8,25.7,389
2019-04-01,Dansby Swanson,fly_ball,92.1,39.6,323
2019-04-01,Ender Inciarte,fly_ball,81.7,34.1,269
2019-04-01,Brian Anderson,fly_ball,97.8,25.5,379
2019-04-01,Starlin Castro,fly_ball,108.4,26.7,419
2019-04-01,Lewis Brinson,fly_ball,91.5,31.9,339
2019-04-01,J. D. Davis,fly_ball,92.6,42,308
2019-04-01,Pete Alonso,fly_ball,95.1,33.6,349
2019-04-01,J. D. Davis,fly_ball,100.7,29.6,391
2019-04-01,Steven Matz,fly_ball,82.9,37.9,301
2019-04-01,Amed Rosario,fly_ball,79,36.3,291
2019-04-01,Jorge Alfaro,fly_ball,93.8,34.7,339
2019-04-01,Juan Lagares,fly_ball,104.3,24.8,384
2019-04-01,Rosell Herrera,fly_ball,91.5,32.2,355
2019-04-01,Jeimer Candelario,fly_ball,73.2,46.2,193
2019-04-01,Gary Sanchez,fly_ball,109.5,27.6,417
2019-04-01,Jeimer Candelario,fly_ball,86.7,41.6,284
2019-04-01,Grayson Greiner,fly_ball,93,42.4,292
2019-04-01,Josh Harrison,fly_ball,101.7,44.9,320
2019-04-01,Brett Gardner,fly_ball,102.9,22.6,385
2019-04-01,Christin Stewart,fly_ball,100.3,31.7,386
2019-04-01,Gleyber Torres,fly_ball,82.2,33.6,293
2019-04-01,Aaron Judge,fly_ball,106.8,22.1,384
2019-04-01,Jeimer Candelario,fly_ball,97.3,26.8,352
2019-04-01,Christin Stewart,fly_ball,84.4,42.7,260
2019-04-01,Gleyber Torres,fly_ball,86,49,236
2019-04-02,Jesus Aguilar,fly_ball,91.8,41.6,307
2019-04-02,Jesse Winker,fly_ball,72.4,42.5,215
2019-04-02,Scott Schebler,fly_ball,99,40.2,338
2019-04-02,Travis Shaw,fly_ball,102.4,41.5,344
2019-04-02,Orlando Arcia,fly_ball,97.7,29.7,343
2019-04-02,Christian Yelich,fly_ball,74.8,45.6,220
2019-04-02,Ben Gamel,fly_ball,96.9,52.6,290
2019-04-02,Joey Votto,fly_ball,90.6,31.4,327
2019-04-02,Eugenio Suarez,fly_ball,99,26.4,384
2019-04-02,Christian Yelich,fly_ball,93.8,24.8,366
2019-04-02,Nelson Cruz,fly_ball,89.3,34.4,299
2019-04-02,Alex Gordon,fly_ball,83.4,48.5,262
2019-04-02,Ryan O'Hearn,fly_ball,95.4,45.7,305
2019-04-02,Ryan O'Hearn,fly_ball,95.2,34.5,344
2019-04-02,Chris Owings,fly_ball,96.6,29.8,336
2019-04-02,Hunter Dozier,fly_ball,84.5,36.4,296
2019-04-02,Jorge Polanco,fly_ball,99.4,31.8,375
2019-04-02,C. J. Cron,fly_ball,96.7,52.8,262
2019-04-02,Hunter Dozier,fly_ball,95,33,340
2019-04-02,Willians Astudillo,fly_ball,84.6,27.8,312
2019-04-02,Adalberto Mondesi,fly_ball,103.9,25.4,416
2019-04-02,Jorge Polanco,fly_ball,108.1,20.7,414
2019-04-02,Nelson Cruz,fly_ball,91,43.9,292
2019-04-02,Hunter Dozier,fly_ball,69.6,30.4,222
2019-04-02,Jake Cave,fly_ball,81.7,35.2,292
2019-04-02,Eddie Rosario,fly_ball,98.6,32.3,383
2019-04-02,Whit Merrifield,fly_ball,97,49.9,288
2019-04-02,Steven Duggar,fly_ball,89.3,27.9,310
2019-04-02,Cody Bellinger,fly_ball,91,34.4,342
2019-04-02,Corey Seager,fly_ball,73.9,33.2,249
2019-04-02,Cody Bellinger,fly_ball,107.7,23.2,412
2019-04-02,Corey Seager,fly_ball,84,50,250
2019-04-02,Madison Bumgarner,fly_ball,104,34.9,388
2019-04-02,A. J. Pollock,fly_ball,89.5,48,263
2019-04-02,Steven Duggar,fly_ball,72.2,26.9,243
2019-04-02,Chris Taylor,fly_ball,90.7,34,342
2019-04-02,Adam Eaton,fly_ball,104.5,37.4,364
2019-04-02,Juan Soto,fly_ball,105.8,53.6,272
2019-04-02,Odubel Herrera,fly_ball,102.9,30.5,357
2019-04-02,Maikel Franco,fly_ball,104.4,36,384
2019-04-02,J. T. Realmuto,fly_ball,100.2,46.6,304
2019-04-02,Odubel Herrera,fly_ball,99.1,25.1,374
2019-04-02,Wilmer Difo,fly_ball,68.3,26.6,221
2019-04-02,Anthony Rendon,fly_ball,100.4,36.8,377
2019-04-02,J. T. Realmuto,fly_ball,103.4,34.8,358
2019-04-02,Odubel Herrera,fly_ball,83.8,52.7,220
2019-04-02,Cesar Hernandez,fly_ball,98.7,23.3,346
2019-04-02,Victor Robles,fly_ball,79.7,34,262
2019-04-02,Andrew McCutchen,fly_ball,71,29.2,242
2019-04-02,Odubel Herrera,fly_ball,91.4,32.7,328
2019-04-02,Marcus Semien,fly_ball,72.8,39.6,248
2019-04-02,Xander Bogaerts,fly_ball,90.3,45,284
2019-04-02,Jurickson Profar,fly_ball,95.4,43.4,315
2019-04-02,Marcus Semien,fly_ball,86,43,267
2019-04-02,Khris Davis,fly_ball,98.5,38.2,349
2019-04-02,Rafael Devers,fly_ball,69.2,27.1,227
2019-04-02,J. D. Martinez,fly_ball,89.4,26.4,324
2019-04-02,Xander Bogaerts,fly_ball,84.4,29,285
2019-04-02,Mark Canha,fly_ball,96.2,34.9,356
2019-04-02,Jackie Bradley,fly_ball,96.1,34,358
2019-04-02,Mookie Betts,fly_ball,82.4,32.5,295
2019-04-02,Xander Bogaerts,fly_ball,100.2,25.2,398
2019-04-02,Hunter Renfroe,fly_ball,100.5,31.4,405
2019-04-02,Ketel Marte,fly_ball,71.8,42.2,227
2019-04-02,Zack Greinke,fly_ball,102.8,23.6,414
2019-04-02,Nick Ahmed,fly_ball,90.6,36.2,325
2019-04-02,J. R. Murphy,fly_ball,107.1,30,436
2019-04-02,Zack Greinke,fly_ball,101.4,25.3,384
2019-04-02,Fernando Tatis,fly_ball,99.2,24,375
2019-04-02,Francisco Mejia,fly_ball,85.8,38.4,290
2019-04-02,Wil Myers,fly_ball,100.3,32.1,381
2019-04-02,Andrelton Simmons,fly_ball,89.4,48.4,266
2019-04-02,David Fletcher,fly_ball,91.6,33.5,332
2019-04-02,Jay Bruce,fly_ball,89.7,43.9,282
2019-04-02,Peter Bourjos,fly_ball,85.7,40,274
2019-04-02,Mike Trout,fly_ball,92.2,60,214
2019-04-02,Dee Gordon,fly_ball,84.8,40.5,291
2019-04-02,Albert Pujols,fly_ball,76.9,34.5,264
2019-04-02,Ryon Healy,fly_ball,100.8,35.8,376
2019-04-02,Zack Cozart,fly_ball,93,33.7,336
2019-04-02,Christian Arroyo,fly_ball,82.7,46.4,262
2019-04-02,Tommy Pham,fly_ball,104.8,33.6,403
2019-04-02,Mike Zunino,fly_ball,87.6,36.2,306
2019-04-02,Willy Adames,fly_ball,93,56.5,237
2019-04-02,Raimel Tapia,fly_ball,92.7,44.8,299
2019-04-02,Yuli Gurriel,fly_ball,78.4,46,243
2019-04-02,George Springer,fly_ball,105,35,382
2019-04-02,Asdrubal Cabrera,fly_ball,100.8,27,389
2019-04-02,Rougned Odor,fly_ball,75.3,29.5,272
2019-04-02,Elvis Andrus,fly_ball,89.1,49.7,253
2019-04-02,Yuli Gurriel,fly_ball,71.8,30.2,244
2019-04-02,Yuli Gurriel,fly_ball,88.6,47.9,272
2019-04-02,Nomar Mazara,fly_ball,84.8,46.4,256
2019-04-02,Billy McKinney,fly_ball,95.1,29.2,345
2019-04-02,Billy McKinney,fly_ball,91.9,45.8,295
2019-04-02,Chris Davis,fly_ball,85.9,32.9,321
2019-04-02,Billy McKinney,fly_ball,95.2,28.3,351
2019-04-02,Teoscar Hernandez,fly_ball,90,50.6,256
2019-04-02,Rowdy Tellez,fly_ball,97.4,46,322
2019-04-02,Anthony Alford,fly_ball,98.3,31.2,371
2019-04-02,Dwight Smith,fly_ball,96.2,35.1,355
2019-04-02,Jonathan Villar,fly_ball,93.6,31.6,350
2019-04-02,Trey Mancini,fly_ball,104.3,35.8,390
2019-04-02,Billy McKinney,fly_ball,87.8,53.6,234
2019-04-02,Freddy Galvis,fly_ball,100.7,42.9,347
2019-04-02,Jason Vargas,fly_ball,76.8,47.8,213
2019-04-02,Miguel Rojas,fly_ball,94.1,34.7,339
2019-04-02,Jorge Alfaro,fly_ball,98,37.7,363
2019-04-02,Brandon Nimmo,fly_ball,94.9,42.3,308
2019-04-02,Brian Anderson,fly_ball,99.1,30.5,333
2019-04-02,Brian Anderson,fly_ball,94.6,26.5,369
2019-04-02,Starlin Castro,fly_ball,101.5,24.8,417
2019-04-02,Jeff McNeil,fly_ball,96.7,31.2,384
2019-04-02,Neil Walker,fly_ball,88.2,34.6,308
2019-04-02,Robinson Cano,fly_ball,79,48.3,215
2019-04-02,Miguel Rojas,fly_ball,89,34.1,327
2019-04-02,Mike Tauchman,fly_ball,95.9,32.7,306
2019-04-02,Clint Frazier,fly_ball,91.2,38,299
2019-04-02,Jordy Mercer,fly_ball,104.1,28.1,398
2019-04-02,Josh Harrison,fly_ball,95.5,30.2,326
2019-04-02,Luke Voit,fly_ball,86.9,43.4,281
2019-04-02,Jeimer Candelario,fly_ball,108.6,20.7,413
2019-04-02,Gleyber Torres,fly_ball,96.4,31.9,332
2019-04-02,Brett Gardner,fly_ball,94.5,45.4,287
2019-04-02,Nick Castellanos,fly_ball,98,47.6,290
2019-04-02,DJ LeMahieu,fly_ball,99.5,47.5,302
2019-04-02,Clint Frazier,fly_ball,92.2,28.2,349
2019-04-02,DJ LeMahieu,fly_ball,80.4,31.3,288
2019-04-02,Clint Frazier,fly_ball,87.1,48.5,256
2019-04-03,Matt Kemp,fly_ball,98.3,49.7,282
2019-04-03,Manny Pina,fly_ball,90.9,44.7,286
2019-04-03,Eugenio Suarez,fly_ball,98,24.2,359
2019-04-03,Ryan Braun,fly_ball,86.2,49.4,249
2019-04-03,Jesse Winker,fly_ball,94.7,28.8,369
2019-04-03,Joey Votto,fly_ball,89,33.1,323
2019-04-03,Lorenzo Cain,fly_ball,95.5,23.9,339
2019-04-03,Christian Yelich,fly_ball,97.1,52.5,252
2019-04-03,Travis Shaw,fly_ball,94,36.7,334
2019-04-03,Jose Rondon,fly_ball,82.7,44,241
2019-04-03,Carlos Santana,fly_ball,81.3,50.4,233
2019-04-03,Carlos Sanchez,fly_ball,82.4,30.8,248
2019-04-03,Yoan Moncada,fly_ball,109.2,23.6,414
2019-04-03,Yoan Moncada,fly_ball,88.7,38,273
2019-04-03,Yonder Alonso,fly_ball,100.2,30.1,372
2019-04-03,Jose Ramirez,fly_ball,87.6,57.3,207
2019-04-03,Daniel Palka,fly_ball,90.7,48.6,259
2019-04-03,Tyler Naquin,fly_ball,93.2,44.7,277
2019-04-03,Yoan Moncada,fly_ball,108.9,26,438
2019-04-03,James McCann,fly_ball,74.9,39.8,242
2019-04-03,Tyler Naquin,fly_ball,69.4,34.6,217
2019-04-03,Adalberto Mondesi,fly_ball,98.5,30.5,360
2019-04-03,Eddie Rosario,fly_ball,70.4,37.9,239
2019-04-03,Whit Merrifield,fly_ball,79.2,37.4,275
2019-04-03,Adalberto Mondesi,fly_ball,101.2,32.1,387
2019-04-03,Ehire Adrianza,fly_ball,95.7,29.8,378
2019-04-03,Alex Gordon,fly_ball,102.9,33.9,411
2019-04-03,Whit Merrifield,fly_ball,92.8,37.6,337
2019-04-03,Chris Owings,fly_ball,89.7,49.8,260
2019-04-03,Enrique Hernandez,fly_ball,105.5,23.2,416
2019-04-03,Brandon Belt,fly_ball,78.5,32.5,289
2019-04-03,Austin Barnes,fly_ball,103.5,37,369
2019-04-03,Ross Stripling,fly_ball,73.1,28.6,248
2019-04-03,David Freese,fly_ball,80.3,50.6,218
2019-04-03,Steven Duggar,fly_ball,104.5,31.4,407
2019-04-03,Brandon Belt,fly_ball,103.1,25.3,403
2019-04-03,Derek Holland,fly_ball,83.5,46.7,264
2019-04-03,Erik Kratz,fly_ball,77.3,49,217
2019-04-03,Justin Turner,fly_ball,89.1,33.5,301
2019-04-03,David Freese,fly_ball,98.4,26.7,377
2019-04-03,Joe Panik,fly_ball,80.2,38.7,262
2019-04-03,Evan Longoria,fly_ball,98.3,41.9,319
2019-04-03,A. J. Pollock,fly_ball,99.9,33.7,370
2019-04-03,Kevin Pillar,fly_ball,83.5,58,196
2019-04-03,Anthony Rendon,fly_ball,103.5,28.9,407
2019-04-03,Ryan Zimmerman,fly_ball,102.1,24.5,374
2019-04-03,Wilmer Difo,fly_ball,93.5,33.7,345
2019-04-03,Juan Soto,fly_ball,103.9,28.6,426
2019-04-03,Maikel Franco,fly_ball,91,54.7,238
2019-04-03,Jean Segura,fly_ball,78.4,27.9,255
2019-04-03,Adam Eaton,fly_ball,74.9,42.2,232
2019-04-03,Rhys Hoskins,fly_ball,71.2,41.6,239
2019-04-03,Juan Soto,fly_ball,73.3,27.2,244
2019-04-03,J. T. Realmuto,fly_ball,94.7,38.1,336
2019-04-03,Maikel Franco,fly_ball,92.5,44.2,294
2019-04-03,J. D. Martinez,fly_ball,78.9,34.3,269
2019-04-03,Blake Swihart,fly_ball,97,37.7,355
2019-04-03,Robbie Grossman,fly_ball,91.9,52.8,246
2019-04-03,J. D. Martinez,fly_ball,74.6,36.6,261
2019-04-03,Ramon Laureano,fly_ball,109.7,24.3,438
2019-04-03,Blake Swihart,fly_ball,102.5,26.8,415
2019-04-03,Robbie Grossman,fly_ball,96.8,41.3,332
2019-04-03,Rafael Devers,fly_ball,86.8,34,299
2019-04-03,Jurickson Profar,fly_ball,82.3,47.3,258
2019-04-03,Rafael Devers,fly_ball,86.2,32.4,299
2019-04-03,Matt Chapman,fly_ball,98.8,31.1,364
2019-04-03,Matt Carpenter,fly_ball,88.1,42.6,290
2019-04-03,Adam Frazier,fly_ball,100,26.6,380
2019-04-03,Francisco Cervelli,fly_ball,91.9,43.1,304
2019-04-03,Paul Goldschmidt,fly_ball,89.8,28.1,295
2019-04-03,Francisco Cervelli,fly_ball,74.6,48.2,224
2019-04-03,Jung Ho Kang,fly_ball,101.9,39.6,365
2019-04-03,Paul DeJong,fly_ball,108.2,22.9,397
2019-04-03,Yadier Molina,fly_ball,96.5,30.1,365
2019-04-03,Harrison Bader,fly_ball,106.4,24,425
2019-04-03,Matt Carpenter,fly_ball,90.4,31.4,315
2019-04-03,Jung Ho Kang,fly_ball,75.7,38.2,271
2019-04-03,Jose Martinez,fly_ball,79.9,40.6,255
2019-04-03,Kolten Wong,fly_ball,96.2,37.6,346
2019-04-03,Matt Carpenter,fly_ball,98.7,46.1,304
2019-04-03,Christian Walker,fly_ball,95,30.4,372
2019-04-03,Eduardo Escobar,fly_ball,88,40.6,295
2019-04-03,Hunter Renfroe,fly_ball,92.2,39.1,319
2019-04-03,Eric Hosmer,fly_ball,81.9,29.1,305
2019-04-03,Eduardo Escobar,fly_ball,92.1,28.3,334
2019-04-03,Wil Myers,fly_ball,86.8,21.8,287
2019-04-03,Hunter Renfroe,fly_ball,70.9,28.2,242
2019-04-03,Nick Ahmed,fly_ball,85.3,25.3,301
2019-04-03,Ketel Marte,fly_ball,95.7,37.4,332
2019-04-03,Jake Lamb,fly_ball,86.7,29,313
2019-04-03,David Dahl,fly_ball,103.4,33.8,397
2019-04-03,Brandon Lowe,fly_ball,85.3,38.3,293
2019-04-03,Kevin Kiermaier,fly_ball,100,37.9,366
2019-04-03,Charlie Blackmon,fly_ball,69.7,28.2,234
2019-04-03,Mike Zunino,fly_ball,85.5,39.9,296
2019-04-03,Austin Meadows,fly_ball,82.5,28.5,310
2019-04-03,Tony Wolters,fly_ball,81.9,36.2,272
2019-04-03,Raimel Tapia,fly_ball,92.2,34.7,345
2019-04-03,Avisail Garcia,fly_ball,103.1,23.3,400
2019-04-03,Daniel Robertson,fly_ball,89.8,34.7,333
2019-04-03,David Dahl,fly_ball,85.5,41.6,293
2019-04-03,Willy Adames,fly_ball,96.2,24.4,347
2019-04-03,Nomar Mazara,fly_ball,96.7,27.9,357
2019-04-03,Michael Brantley,fly_ball,79.6,39,263
2019-04-03,Max Stassi,fly_ball,100.7,44.5,339
2019-04-03,Nomar Mazara,fly_ball,109.7,23,439
2019-04-03,Yuli Gurriel,fly_ball,97.7,41.6,335
2019-04-03,Tyler White,fly_ball,88.6,38,284
2019-04-03,Billy McKinney,fly_ball,71.5,43.7,221
2019-04-03,Randal Grichuk,fly_ball,106.7,30.9,425
2019-04-03,Teoscar Hernandez,fly_ball,84.6,41.6,283
2019-04-03,Jonathan Villar,fly_ball,93.2,41.9,328
2019-04-03,Rowdy Tellez,fly_ball,88.8,26.1,346
2019-04-03,Freddy Galvis,fly_ball,98.6,24.9,401
2019-04-03,Teoscar Hernandez,fly_ball,101.3,24.8,361
2019-04-03,Trey Mancini,fly_ball,86.9,41.4,291
2019-04-03,Randal Grichuk,fly_ball,103.5,37.7,376
2019-04-03,Cedric Mullins,fly_ball,85.6,34,295
2019-04-03,Kris Bryant,fly_ball,100.1,51.6,276
2019-04-03,Tyler Flowers,fly_ball,88.2,48.9,272
2019-04-03,Dansby Swanson,fly_ball,101.6,27.9,391
2019-04-03,Ozzie Albies,fly_ball,101.5,28.8,369
2019-04-03,Ben Zobrist,fly_ball,76.5,36.4,255
2019-04-03,Dansby Swanson,fly_ball,95.2,45.7,302
2019-04-03,Pete Alonso,fly_ball,96.8,36.8,354
2019-04-03,Brian Anderson,fly_ball,96.9,46.3,305
2019-04-03,Amed Rosario,fly_ball,100.9,24.6,377
2019-04-03,Jacob deGrom,fly_ball,102.4,34.7,383
2019-04-03,Robinson Cano,fly_ball,89.4,51.3,254
2019-04-03,Amed Rosario,fly_ball,72.4,34.1,234
2019-04-03,Neil Walker,fly_ball,87.7,32,334
2019-04-03,Starlin Castro,fly_ball,98,29.3,369
2019-04-03,Tomas Nido,fly_ball,76.2,41.4,240
2019-04-03,Rosell Herrera,fly_ball,87,33.5,308
2019-04-03,Juan Lagares,fly_ball,83.5,57.3,190
2019-04-03,Curtis Granderson,fly_ball,86.2,30.6,310
2019-04-03,Jeimer Candelario,fly_ball,97.7,25.5,385
2019-04-03,Christin Stewart,fly_ball,75.9,39.7,252
2019-04-03,Christin Stewart,fly_ball,90.3,49.1,266
2019-04-03,Nick Castellanos,fly_ball,97.8,36.6,367
2019-04-03,Niko Goodrum,fly_ball,84.9,49.9,256
2019-04-04,Joey Gallo,fly_ball,107.4,33.3,411
2019-04-04,Kole Calhoun,fly_ball,98.4,28.3,378
2019-04-04,Zack Cozart,fly_ball,92.1,41.5,313
2019-04-04,Shin-Soo Choo,fly_ball,105.1,42.9,362
2019-04-04,Mike Trout,fly_ball,110.8,28.8,422
2019-04-04,Justin Bour,fly_ball,76.6,41,244
2019-04-04,Isiah Kiner-Falefa,fly_ball,78.9,49.6,226
2019-04-04,Delino DeShields,fly_ball,78.1,48.4,218
2019-04-04,Shin-Soo Choo,fly_ball,69.8,37.6,220
2019-04-04,David Fletcher,fly_ball,90.7,35.4,322
2019-04-04,Elvis Andrus,fly_ball,71.8,39.9,225
2019-04-04,Zack Cozart,fly_ball,81.6,52.9,217
2019-04-04,Jonathan Villar,fly_ball,100.5,24,402
2019-04-04,Dwight Smith,fly_ball,95.8,27.4,339
2019-04-04,Gleyber Torres,fly_ball,105,23.9,400
2019-04-04,Trey Mancini,fly_ball,88.7,31.1,318
2019-04-04,Gary Sanchez,fly_ball,107.5,35.2,375
2019-04-04,Jesus Sucre,fly_ball,90.4,34.2,306
2019-04-04,Brett Gardner,fly_ball,80.7,46.9,232
2019-04-04,Gary Sanchez,fly_ball,109.3,20.2,411
2019-04-04,Gleyber Torres,fly_ball,101.9,31.4,390
2019-04-04,Luke Voit,fly_ball,100.7,34.8,372
2019-04-04,Gary Sanchez,fly_ball,96,33.3,326
2019-04-04,Dwight Smith,fly_ball,91.1,36.1,306
2019-04-04,Leonys Martín,fly_ball,101.2,41.4,328
2019-04-04,Brad Miller,fly_ball,92.3,40.5,307
2019-04-04,Lourdes Gurriel,fly_ball,73.1,44.3,223
2019-04-04,Roberto Perez,fly_ball,94.2,27,355
2019-04-04,Tyler Naquin,fly_ball,106.5,25.1,388
2019-04-04,Brandon Drury,fly_ball,75.4,30.1,256
2019-04-04,Jose Ramirez,fly_ball,93.9,33.9,323
2019-04-04,Brad Miller,fly_ball,95.7,36.5,329
2019-04-04,Eric Stamets,fly_ball,90.2,57.4,192
2019-04-04,Jorge Soler,fly_ball,71.5,30.8,221
2019-04-04,Josh Harrison,fly_ball,80.9,31.2,290
2019-04-04,Jeimer Candelario,fly_ball,84.1,42.5,264
2019-04-04,Martin Maldonado,fly_ball,82.4,28.9,306
2019-04-04,Alex Gordon,fly_ball,96,35.3,349
2019-04-04,Jordy Mercer,fly_ball,92.8,53.9,255
2019-04-04,Josh Harrison,fly_ball,71.8,40.7,217
2019-04-04,Dustin Peterson,fly_ball,74.8,28.8,245
2019-04-04,Christin Stewart,fly_ball,89.3,35.8,321
2019-04-04,Martin Maldonado,fly_ball,83.6,35.2,285
2019-04-04,Noah Syndergaard,fly_ball,101.7,41.7,345
2019-04-04,Juan Soto,fly_ball,90.7,37.9,315
2019-04-04,Brandon Nimmo,fly_ball,96.9,48.3,290
2019-04-04,Victor Robles,fly_ball,100,22.2,382
2019-04-04,Adam Eaton,fly_ball,72.3,44.3,215
2019-04-04,Robinson Cano,fly_ball,73.2,48,214
2019-04-04,Anthony Rendon,fly_ball,100.1,25.8,368
2019-04-04,Ryan Zimmerman,fly_ball,97.3,45.2,293
2019-04-04,Jeff McNeil,fly_ball,90.4,52.2,240
2019-04-04,Amed Rosario,fly_ball,95.2,39.8,325
2019-04-04,Robbie Grossman,fly_ball,86.7,53.1,249
2019-04-04,Andrew Benintendi,fly_ball,80.1,41.5,263
2019-04-04,J. D. Martinez,fly_ball,104.1,22.5,394
2019-04-04,Robbie Grossman,fly_ball,90.5,28.7,336
2019-04-04,Stephen Piscotty,fly_ball,108.7,32.3,406
2019-04-04,Chad Pinder,fly_ball,97.1,31.3,334
2019-04-04,Mark Canha,fly_ball,88.5,37.8,300
2019-04-04,Jackie Bradley,fly_ball,94,39,320
2019-04-04,Marcus Semien,fly_ball,82.6,42.6,262
2019-04-04,Stephen Piscotty,fly_ball,100.3,37.1,359
2019-04-04,J. D. Martinez,fly_ball,95.4,39.1,337
2019-04-04,Ramon Laureano,fly_ball,87.5,31.4,314
2019-04-04,J. D. Martinez,fly_ball,96,50,284
2019-04-04,Mark Canha,fly_ball,79.4,49.6,221
2019-04-04,Brock Holt,fly_ball,81.3,48.2,235
2019-04-04,Andrew Benintendi,fly_ball,69.1,34.4,228
2019-04-04,Scott Schebler,fly_ball,90.2,45.2,296
2019-04-04,JB Shuck,fly_ball,81,32.8,270
2019-04-04,Jesse Winker,fly_ball,80.6,36.8,294
2019-04-04,Joey Votto,fly_ball,96.4,25.6,360
2019-04-04,Yasiel Puig,fly_ball,101.6,24.4,397
2019-04-04,Kevin Newman,fly_ball,87.1,34.4,300
2019-04-04,Yasiel Puig,fly_ball,77.5,31,282
2019-04-04,Jose Peraza,fly_ball,79.8,47.3,241
2019-04-04,Francisco Cervelli,fly_ball,82.9,31.6,283
2019-04-04,Josh Bell,fly_ball,102.4,39.1,359
2019-04-04,Derek Dietrich,fly_ball,92.9,35.3,307
2019-04-04,Joey Votto,fly_ball,97.7,49.4,279
2019-04-04,Starling Marte,fly_ball,67.4,41.6,205
2019-04-04,Javier Baez,fly_ball,83,41.3,263
2019-04-04,Brian McCann,fly_ball,100.1,29.6,386
2019-04-04,Anthony Rizzo,fly_ball,97.1,28.7,389
2019-04-04,Javier Baez,fly_ball,105,26.3,409
2019-04-04,Willson Contreras,fly_ball,94.1,40.3,318
2019-04-05,Mike Trout,fly_ball,89.7,39.2,301
2019-04-05,Shin-Soo Choo,fly_ball,94.1,54.2,240
2019-04-05,Joey Gallo,fly_ball,109.2,39.8,379
2019-04-05,Ronald Guzman,fly_ball,105,32.9,385
2019-04-05,Tommy La Stella,fly_ball,91.7,40.1,308
2019-04-05,Zack Cozart,fly_ball,89.7,33.3,325
2019-04-05,Elvis Andrus,fly_ball,91.6,41,297
2019-04-05,Mike Trout,fly_ball,102.5,29.8,389
2019-04-05,Shin-Soo Choo,fly_ball,99,39.2,348
2019-04-05,Tommy La Stella,fly_ball,83.5,43,259
2019-04-05,Brian Goodwin,fly_ball,73.9,32.1,247
2019-04-05,Mike Trout,fly_ball,103.6,31.9,391
2019-04-05,Ronald Guzman,fly_ball,103.5,32.3,392
2019-04-05,Mookie Betts,fly_ball,99.6,40.4,358
2019-04-05,Mitch Moreland,fly_ball,87.7,46,284
2019-04-05,Xander Bogaerts,fly_ball,96.4,49.8,280
2019-04-05,Andrew Benintendi,fly_ball,97.7,28.4,362
2019-04-05,Ketel Marte,fly_ball,105.8,26,443
2019-04-05,Zack Godley,fly_ball,73.8,44.8,221
2019-04-05,Adam Jones,fly_ball,104.8,23.5,387
2019-04-05,Adam Jones,fly_ball,101.1,27.5,408
2019-04-05,Ildemaro Vargas,fly_ball,101,34,396
2019-04-05,Mookie Betts,fly_ball,103.9,28.3,417
2019-04-05,Matt Koch,fly_ball,86,28.3,332
2019-04-05,Ildemaro Vargas,fly_ball,90.8,50,271
2019-04-05,Mookie Betts,fly_ball,96.2,26,389
2019-04-05,Mitch Moreland,fly_ball,97.9,32.5,371
2019-04-05,Billy McKinney,fly_ball,106.6,27.7,390
2019-04-05,Freddy Galvis,fly_ball,86.1,55.4,209
2019-04-05,Kevin Plawecki,fly_ball,103.2,22.2,406
2019-04-05,Teoscar Hernandez,fly_ball,103.9,33.9,373
2019-04-05,Freddy Galvis,fly_ball,103,36.6,398
2019-04-05,Freddy Galvis,fly_ball,87.1,36.1,312
2019-04-05,Brad Miller,fly_ball,78.1,38.2,257
2019-04-05,Jake Bauers,fly_ball,101.3,33.5,383
2019-04-05,Carlos Santana,fly_ball,102.3,31.3,395
2019-04-05,A. J. Pollock,fly_ball,96.4,38.7,352
2019-04-05,Nolan Arenado,fly_ball,100.3,52.1,317
2019-04-05,A. J. Pollock,fly_ball,98.7,44,365
2019-04-05,Max Muncy,fly_ball,100.8,30.5,417
2019-04-05,Justin Turner,fly_ball,100.3,24.4,405
2019-04-05,Charlie Blackmon,fly_ball,74.6,29.9,280
2019-04-05,Russell Martin,fly_ball,107.5,25.7,445
2019-04-05,Enrique Hernandez,fly_ball,88.8,52.9,256
2019-04-05,Max Muncy,fly_ball,100.2,24.3,378
2019-04-05,Enrique Hernandez,fly_ball,95.2,59.6,217
2019-04-05,Trevor Story,fly_ball,104.6,24.6,430
2019-04-05,Justin Turner,fly_ball,91.5,53.6,285
2019-04-05,Joc Pederson,fly_ball,88.7,37.5,333
2019-04-05,David Dahl,fly_ball,106.3,25.4,447
2019-04-05,Trevor Story,fly_ball,101.8,33.6,410
2019-04-05,Robbie Grossman,fly_ball,79.5,42,265
2019-04-05,Matt Chapman,fly_ball,95.8,24.8,359
2019-04-05,Nick Hundley,fly_ball,90.7,24.9,332
2019-04-05,Carlos Correa,fly_ball,101.6,34,388
2019-04-05,Robbie Grossman,fly_ball,75.3,52.9,212
2019-04-05,Matt Chapman,fly_ball,93.7,50.2,274
2019-04-05,Michael Brantley,fly_ball,77.6,30.9,281
2019-04-05,Josh Reddick,fly_ball,88.1,51.6,256
2019-04-05,Kendrys Morales,fly_ball,79.8,33.4,273
2019-04-05,Jose Peraza,fly_ball,91.7,34.9,322
2019-04-05,Jung Ho Kang,fly_ball,90,35.4,327
2019-04-05,JB Shuck,fly_ball,84.8,53.4,231
2019-04-05,Joey Votto,fly_ball,77.1,32.5,285
2019-04-05,Starling Marte,fly_ball,96.7,37.4,346
2019-04-05,Francisco Cervelli,fly_ball,88.5,40.3,306
2019-04-05,Jose Peraza,fly_ball,92.1,36.6,319
2019-04-05,Adam Frazier,fly_ball,78.1,33.5,241
2019-04-05,Francisco Cervelli,fly_ball,86.7,31.4,304
2019-04-05,Austin Meadows,fly_ball,93,39.8,314
2019-04-05,Yandy Díaz,fly_ball,94.6,25.7,373
2019-04-05,Kevin Kiermaier,fly_ball,108.3,22.7,437
2019-04-05,Brandon Belt,fly_ball,106.1,38,369
2019-04-05,Michael Perez,fly_ball,94.6,34.7,341
2019-04-05,Austin Meadows,fly_ball,85.6,41.2,253
2019-04-05,Kevin Kiermaier,fly_ball,93.5,52.9,260
2019-04-05,Willy Adames,fly_ball,91.1,58.1,218
2019-04-05,Kevin Pillar,fly_ball,86.3,37.1,265
2019-04-05,Joe Panik,fly_ball,101.7,22.5,378
2019-04-05,Willy Adames,fly_ball,74.7,43.5,227
2019-04-05,Evan Longoria,fly_ball,99.2,37.7,341
2019-04-05,Austin Meadows,fly_ball,97,20.7,330
2019-04-05,Brandon Lowe,fly_ball,100.6,40.4,354
2019-04-05,Gerardo Parra,fly_ball,99.5,49.2,280
2019-04-05,Daniel Robertson,fly_ball,83.1,36.5,293
2019-04-05,Evan Longoria,fly_ball,96.4,37.4,313
2019-04-05,Marcell Ozuna,fly_ball,84.9,47,272
2019-04-05,Harrison Bader,fly_ball,83.3,50.4,238
2019-04-05,Paul DeJong,fly_ball,106.6,23.7,398
2019-04-05,Yadier Molina,fly_ball,101.5,35.7,372
2019-04-05,Ian Kinsler,fly_ball,93.8,45.9,295
2019-04-05,Kolten Wong,fly_ball,94.5,31.2,347
2019-04-05,Francisco Mejia,fly_ball,76.9,33.2,266
2019-04-05,Hunter Renfroe,fly_ball,108.4,25.6,417
2019-04-05,Eric Hosmer,fly_ball,99.2,30.2,362
2019-04-05,Matt Carpenter,fly_ball,91.8,30.7,346
2019-04-05,Franchy Cordero,fly_ball,100.9,39.9,344
2019-04-05,Fernando Tatis,fly_ball,101.1,34.8,372
2019-04-05,Kolten Wong,fly_ball,98.1,42.5,323
2019-04-05,Paul Goldschmidt,fly_ball,104,28.1,408
2019-04-05,Paul DeJong,fly_ball,99.2,27.9,388
2019-04-05,Franchy Cordero,fly_ball,97.4,27.3,359
2019-04-05,Jorge Polanco,fly_ball,105.1,28.8,393
2019-04-05,Max Kepler,fly_ball,101.2,34,373
2019-04-05,Cesar Hernandez,fly_ball,85.6,49,263
2019-04-05,Jean Segura,fly_ball,100.1,23.4,350
2019-04-05,Odubel Herrera,fly_ball,101,27.5,364
2019-04-05,Willians Astudillo,fly_ball,99.8,30.1,372
2019-04-05,Freddie Freeman,fly_ball,81.5,40.6,268
2019-04-05,Dansby Swanson,fly_ball,87.6,36.9,320
2019-04-05,Josh Donaldson,fly_ball,100.1,35.1,378
2019-04-05,Neil Walker,fly_ball,95.6,43.3,322
2019-04-05,Ronald Acuna,fly_ball,104.9,27.9,389
2019-04-05,JT Riddle,fly_ball,92.9,46.6,291
2019-04-05,Freddie Freeman,fly_ball,81.6,37.1,276
2019-04-05,Josh Donaldson,fly_ball,99.9,32.5,386
2019-04-05,JT Riddle,fly_ball,96.9,31.8,366
2019-04-05,Tyler Flowers,fly_ball,93.7,46.1,291
2019-04-05,Starlin Castro,fly_ball,96.4,24.5,373
2019-04-05,Domingo Santana,fly_ball,103.5,28.8,370
2019-04-05,Jay Bruce,fly_ball,107.1,42.3,354
2019-04-05,Yoan Moncada,fly_ball,102.8,26.2,386
2019-04-05,Mitch Haniger,fly_ball,97.2,32.3,347
2019-04-05,Tim Anderson,fly_ball,91.2,38.7,323
2019-04-05,Mitch Haniger,fly_ball,85.7,48.6,251
2019-04-05,Omar Narvaez,fly_ball,74.9,27,237
2019-04-05,Mitch Haniger,fly_ball,102.6,24.4,410
2019-04-05,Tim Beckham,fly_ball,85.7,39.1,287
2019-04-05,Domingo Santana,fly_ball,105.1,33.7,375
2019-04-05,Anthony Rizzo,fly_ball,98.5,48.9,300
2019-04-05,Jesus Aguilar,fly_ball,85.6,28,296
2019-04-05,Yasmani Grandal,fly_ball,102,27.7,408
2019-04-05,Daniel Descalso,fly_ball,104.9,27.4,421
2019-04-05,Willson Contreras,fly_ball,104.8,24.2,412
2019-04-05,Orlando Arcia,fly_ball,99.6,30.1,367
2019-04-05,Eric Thames,fly_ball,102.7,26.9,406
2019-04-06,Delino DeShields,fly_ball,95.2,40.5,328
2019-04-06,Ronald Guzman,fly_ball,95.7,27.3,357
2019-04-06,Jonathan Lucroy,fly_ball,78.9,41.8,261
2019-04-06,Mike Trout,fly_ball,108.6,33.1,458
2019-04-06,Albert Pujols,fly_ball,84.4,48.4,247
2019-04-06,Logan Forsythe,fly_ball,93.7,28.8,334
2019-04-06,Elvis Andrus,fly_ball,78.6,37.1,267
2019-04-06,Peter Bourjos,fly_ball,88.6,33.2,332
2019-04-06,Tommy La Stella,fly_ball,96.3,36.2,345
2019-04-06,Albert Pujols,fly_ball,104.9,26.8,405
2019-04-06,Jonathan Lucroy,fly_ball,85,43.8,270
2019-04-06,Ketel Marte,fly_ball,77,53.3,215
2019-04-06,Andrew Benintendi,fly_ball,99.8,23.3,386
2019-04-06,Nick Ahmed,fly_ball,84.5,35.1,295
2019-04-06,Eduardo Escobar,fly_ball,89.2,33.3,334
2019-04-06,Mookie Betts,fly_ball,88.2,38.4,300
2019-04-06,Carson Kelly,fly_ball,87.2,42.4,292
2019-04-06,Christian Vazquez,fly_ball,95,40.7,339
2019-04-06,Wilmer Flores,fly_ball,98.1,29.2,375
2019-04-06,J. D. Martinez,fly_ball,93.1,31.3,332
2019-04-06,Aaron Judge,fly_ball,110.3,27.7,412
2019-04-06,Trey Mancini,fly_ball,104.5,25.1,380
2019-04-06,Cedric Mullins,fly_ball,100.4,35.4,376
2019-04-06,Aaron Judge,fly_ball,109.4,28.6,418
2019-04-06,Luke Voit,fly_ball,98.4,49.6,299
2019-04-06,Greg Bird,fly_ball,70.4,36.6,236
2019-04-06,Gary Sanchez,fly_ball,90.8,33.2,340
2019-04-06,Rio Ruiz,fly_ball,95.8,28.3,373
2019-04-06,Dwight Smith,fly_ball,93.9,34.5,335
2019-04-06,Greg Bird,fly_ball,90.2,48.7,262
2019-04-06,Gary Sanchez,fly_ball,90.1,44.7,268
2019-04-06,Clint Frazier,fly_ball,101.3,26.3,386
2019-04-06,Justin Smoak,fly_ball,98.6,29.2,358
2019-04-06,Danny Jansen,fly_ball,91.1,33.4,295
2019-04-06,Jake Bauers,fly_ball,94.1,35.1,324
2019-04-06,Freddy Galvis,fly_ball,94.2,33.5,328
2019-04-06,Eric Stamets,fly_ball,98.6,25.6,363
2019-04-06,Jose Ramirez,fly_ball,87.1,46.9,263
2019-04-06,Freddy Galvis,fly_ball,101.8,30.9,400
2019-04-06,Randal Grichuk,fly_ball,106.3,20.1,376
2019-04-06,Max Moroff,fly_ball,84.4,45.1,247
2019-04-06,Freddy Galvis,fly_ball,96.8,39.8,339
2019-04-06,Alen Hanson,fly_ball,76.8,37.3,252
2019-04-06,Justin Smoak,fly_ball,95.8,36.3,332
2019-04-06,Charlie Blackmon,fly_ball,96.7,38.7,369
2019-04-06,Max Muncy,fly_ball,96.2,44.3,323
2019-04-06,David Dahl,fly_ball,106.3,29.8,445
2019-04-06,A. J. Pollock,fly_ball,94.8,41.2,346
2019-04-06,David Dahl,fly_ball,90.3,32.1,353
2019-04-06,Ian Desmond,fly_ball,72.9,44.9,228
2019-04-06,Alex Verdugo,fly_ball,96,33.8,383
2019-04-06,Alex Verdugo,fly_ball,101,23,410
2019-04-06,Austin Barnes,fly_ball,97.4,43.6,326
2019-04-06,Josh Harrison,fly_ball,103.3,26.5,412
2019-04-06,Jeimer Candelario,fly_ball,92.8,27.6,299
2019-04-06,Christin Stewart,fly_ball,74.2,51.3,203
2019-04-06,Hunter Dozier,fly_ball,101,23.9,405
2019-04-06,Niko Goodrum,fly_ball,102.5,30.7,386
2019-04-06,Whit Merrifield,fly_ball,104.2,28.1,408
2019-04-06,Adalberto Mondesi,fly_ball,91,38.5,293
2019-04-06,Alex Gordon,fly_ball,99.4,41.3,336
2019-04-06,Mikie Mahtook,fly_ball,84.9,40.3,270
2019-04-06,Jorge Soler,fly_ball,103.6,33.2,401
2019-04-06,Hunter Dozier,fly_ball,110.6,27.2,434
2019-04-06,Whit Merrifield,fly_ball,97.8,30,378
2019-04-06,Niko Goodrum,fly_ball,103.2,41.2,341
2019-04-06,Christin Stewart,fly_ball,106.8,34.7,389
2019-04-06,Mikie Mahtook,fly_ball,105.7,35,375
2019-04-06,Carlos Correa,fly_ball,75.8,48.3,236
2019-04-06,Yuli Gurriel,fly_ball,77.8,33.1,271
2019-04-06,Nick Hundley,fly_ball,88.8,36.6,317
2019-04-06,George Springer,fly_ball,95.8,39,331
2019-04-06,Jose Altuve,fly_ball,93.6,42.4,321
2019-04-06,Robinson Chirinos,fly_ball,83.4,29.7,315
2019-04-06,George Springer,fly_ball,96.1,28.1,375
2019-04-06,Jose Altuve,fly_ball,95,34.9,363
2019-04-06,Michael Brantley,fly_ball,98.4,31.5,396
2019-04-06,Khris Davis,fly_ball,96.2,44.8,315
2019-04-06,Robinson Chirinos,fly_ball,87.2,34.2,331
2019-04-06,George Springer,fly_ball,94.6,30.3,329
2019-04-06,Ramon Laureano,fly_ball,88.6,47.8,276
2019-04-06,Ramon Laureano,fly_ball,86.4,39.9,300
2019-04-06,Wilmer Difo,fly_ball,96.9,24.7,345
2019-04-06,Keon Broxton,fly_ball,100,38.2,339
2019-04-06,Robinson Cano,fly_ball,95.1,44.6,312
2019-04-06,Wilson Ramos,fly_ball,97.4,28.5,374
2019-04-06,Michael Conforto,fly_ball,109.7,36.7,413
2019-04-06,Howie Kendrick,fly_ball,94.8,49.3,279
2019-04-06,Luis Guillorme,fly_ball,82,45.6,242
2019-04-06,Anthony Rendon,fly_ball,103,31.7,393
2019-04-06,Ryan Zimmerman,fly_ball,82.5,30.6,312
2019-04-06,Wilmer Difo,fly_ball,97.4,32.2,371
2019-04-06,Pete Alonso,fly_ball,108.7,22.1,427
2019-04-06,Andrew Stevenson,fly_ball,99.4,33,354
2019-04-06,Melky Cabrera,fly_ball,95.3,35.9,341
2019-04-06,Jose Peraza,fly_ball,79.6,30.8,251
2019-04-06,Jacob Stallings,fly_ball,69.8,29,243
2019-04-06,Kyle Farmer,fly_ball,102.8,28,414
2019-04-06,Starling Marte,fly_ball,90.5,33.5,315
2019-04-06,Jose Peraza,fly_ball,85.1,40.4,273
2019-04-06,Tanner Roark,fly_ball,83.4,44,256
2019-04-06,Starling Marte,fly_ball,97,36.1,357
2019-04-06,Josh Bell,fly_ball,108,23.5,432
2019-04-06,Josh Bell,fly_ball,81.3,32,301
2019-04-06,Joey Votto,fly_ball,106.9,37.4,402
2019-04-06,Jacob Stallings,fly_ball,93.1,28.8,306
2019-04-06,Erik Gonzalez,fly_ball,90.6,53.1,237
2019-04-06,Brandon Belt,fly_ball,101.5,45.5,330
2019-04-06,Daniel Robertson,fly_ball,90.4,37.9,335
2019-04-06,Mike Zunino,fly_ball,99.1,41.9,335
2019-04-06,Buster Posey,fly_ball,97.1,39.1,344
2019-04-06,Brandon Crawford,fly_ball,96,48.7,280
2019-04-06,Steven Duggar,fly_ball,87.4,41.1,286
2019-04-06,Buster Posey,fly_ball,80.9,41,267
2019-04-06,Avisail Garcia,fly_ball,106.9,30.9,405
2019-04-06,Brandon Belt,fly_ball,101,29.1,376
2019-04-06,Evan Longoria,fly_ball,91.1,35.2,335
2019-04-06,Pablo Sandoval,fly_ball,74.8,28.5,254
2019-04-06,Brandon Belt,fly_ball,97.2,40.3,330
2019-04-06,Yandy Díaz,fly_ball,102.1,29.4,390
2019-04-06,Brandon Crawford,fly_ball,96.8,31.8,359
2019-04-06,Mike Zunino,fly_ball,104.9,45.3,324
2019-04-06,Tommy Pham,fly_ball,94.8,36.1,340
2019-04-06,Marcell Ozuna,fly_ball,105,44.8,336
2019-04-06,Wil Myers,fly_ball,98.8,49.3,301
2019-04-06,Paul Goldschmidt,fly_ball,91.8,30.2,342
2019-04-06,Paul Goldschmidt,fly_ball,95.9,26.9,346
2019-04-06,Yadier Molina,fly_ball,88.1,41.8,293
2019-04-06,Eric Hosmer,fly_ball,102.3,27.2,399
2019-04-06,Hunter Renfroe,fly_ball,90.9,54.4,238
2019-04-06,Paul Goldschmidt,fly_ball,84.9,37.7,298
2019-04-06,Eric Hosmer,fly_ball,88.2,26.5,317
2019-04-06,Fernando Tatis,fly_ball,93.8,45,308
2019-04-06,Jorge Polanco,fly_ball,94.6,41.3,309
2019-04-06,Jonathan Schoop,fly_ball,99.9,34.8,362
2019-04-06,Max Kepler,fly_ball,108.5,28.7,425
2019-04-06,Willians Astudillo,fly_ball,104.9,30.7,394
2019-04-06,Maikel Franco,fly_ball,91.6,36.3,306
2019-04-06,Rhys Hoskins,fly_ball,101.6,26.8,389
2019-04-06,Jonathan Schoop,fly_ball,89.6,26,324
2019-04-06,Odubel Herrera,fly_ball,81.6,34.7,274
2019-04-06,Cesar Hernandez,fly_ball,81.4,35.3,270
2019-04-06,Max Kepler,fly_ball,102.3,40.1,351
2019-04-06,J. T. Realmuto,fly_ball,82.6,35.3,288
2019-04-06,Maikel Franco,fly_ball,82.9,52.9,225
2019-04-06,Jorge Polanco,fly_ball,68.2,38.6,213
2019-04-06,C. J. Cron,fly_ball,97,26.5,370
2019-04-06,Eddie Rosario,fly_ball,104,35.8,383
2019-04-06,Brian Anderson,fly_ball,104.1,45.1,351
2019-04-06,Ozzie Albies,fly_ball,76.3,38.9,262
2019-04-06,Brian Anderson,fly_ball,94.6,32.5,328
2019-04-06,Freddie Freeman,fly_ball,90.5,44.1,300
2019-04-06,Jorge Alfaro,fly_ball,101.8,31.5,365
2019-04-06,Peter O'Brien,fly_ball,104.3,32.8,413
2019-04-06,Dansby Swanson,fly_ball,103.6,35.2,389
2019-04-06,Brian Anderson,fly_ball,97.4,36,361
2019-04-06,Matthew Joyce,fly_ball,103.4,22.4,389
2019-04-06,Peter O'Brien,fly_ball,102.7,41.3,354
2019-04-06,Dansby Swanson,fly_ball,79,38.7,273
2019-04-06,Jorge Alfaro,fly_ball,104.5,24.3,369
2019-04-06,JT Riddle,fly_ball,99.4,35.4,369
2019-04-06,Yoan Moncada,fly_ball,85.8,44.6,270
2019-04-06,Jay Bruce,fly_ball,109.2,29.6,416
2019-04-06,José Abreu,fly_ball,108.8,22.9,434
2019-04-06,James McCann,fly_ball,88,34.6,292
2019-04-06,Tim Beckham,fly_ball,93.1,25.8,360
2019-04-06,Leury Garcia,fly_ball,72.5,37.9,238
2019-04-06,Mitch Haniger,fly_ball,97.3,45.6,278
2019-04-06,José Abreu,fly_ball,104.3,39.2,357
2019-04-06,Tim Anderson,fly_ball,105.6,24.2,421
2019-04-06,Jay Bruce,fly_ball,103.5,23,388
2019-04-06,Edwin Encarnacion,fly_ball,83.8,46.4,256
2019-04-06,Dylan Moore,fly_ball,94.6,40.3,306
2019-04-06,James McCann,fly_ball,93.9,31.1,337
2019-04-06,Anthony Rizzo,fly_ball,84.3,32.3,316
2019-04-06,Lorenzo Cain,fly_ball,104,21,379
2019-04-06,Ryan Braun,fly_ball,99.8,25.5,379
2019-04-06,Travis Shaw,fly_ball,91.5,43.5,287
2019-04-06,Jason Heyward,fly_ball,95.2,32.9,355
2019-04-06,Lorenzo Cain,fly_ball,101.3,32.8,386
2019-04-06,Travis Shaw,fly_ball,100,46.9,309
2019-04-06,Javier Baez,fly_ball,104,23.7,408
2019-04-06,Jason Heyward,fly_ball,104,22,415
2019-04-06,Eric Thames,fly_ball,105.8,32.4,416
2019-04-06,Mike Moustakas,fly_ball,88.2,41.4,293
2019-04-07,Tommy La Stella,fly_ball,95.2,32.6,361
2019-04-07,Justin Bour,fly_ball,90.8,48.5,265
2019-04-07,Joey Gallo,fly_ball,111,31.3,441
2019-04-07,Asdrubal Cabrera,fly_ball,91.8,52.3,241
2019-04-07,Logan Forsythe,fly_ball,98.8,28.8,375
2019-04-07,Peter Bourjos,fly_ball,91.9,36.9,334
2019-04-07,Nomar Mazara,fly_ball,74.5,36.9,225
2019-04-07,Tommy La Stella,fly_ball,89,38.2,334
2019-04-07,Justin Bour,fly_ball,98.5,30.4,372
2019-04-07,David Fletcher,fly_ball,76.7,38.5,233
2019-04-07,Andrelton Simmons,fly_ball,83.5,41.6,271
2019-04-07,Brian Goodwin,fly_ball,107.9,26.9,453
2019-04-07,Peter Bourjos,fly_ball,84.5,34,301
2019-04-07,Rougned Odor,fly_ball,90.5,37.3,334
2019-04-07,Joey Gallo,fly_ball,99.4,54.9,244
2019-04-07,Logan Forsythe,fly_ball,97.3,38.4,355
2019-04-07,Jackie Bradley,fly_ball,70.8,45.4,215
2019-04-07,Nick Ahmed,fly_ball,85.1,36.9,301
2019-04-07,Eduardo Escobar,fly_ball,96,38.6,345
2019-04-07,Eduardo Nunez,fly_ball,84.1,49.5,252
2019-04-07,Jackie Bradley,fly_ball,88.3,36.6,319
2019-04-07,Mitch Moreland,fly_ball,98,37.2,376
2019-04-07,J. D. Martinez,fly_ball,94.6,43.8,311
2019-04-07,Blake Swihart,fly_ball,85.1,36.7,304
2019-04-07,Mitch Moreland,fly_ball,101.2,41.6,348
2019-04-07,Gleyber Torres,fly_ball,104,28.7,408
2019-04-07,Clint Frazier,fly_ball,102.1,27.1,397
2019-04-07,Brett Gardner,fly_ball,72.9,25.8,244
2019-04-07,Aaron Judge,fly_ball,97.1,50,280
2019-04-07,Luke Voit,fly_ball,87.2,50.6,255
2019-04-07,Gleyber Torres,fly_ball,95.4,37.1,339
2019-04-07,Chris Davis,fly_ball,96.4,42.8,311
2019-04-07,DJ LeMahieu,fly_ball,94.5,37.7,347
2019-04-07,Austin Romine,fly_ball,98.3,37.3,351
2019-04-07,Renato Nunez,fly_ball,82.7,40.6,281
2019-04-07,Chris Davis,fly_ball,91.1,34,336
2019-04-07,Gleyber Torres,fly_ball,98.2,35.5,351
2019-04-07,Dwight Smith,fly_ball,85.1,28,305
2019-04-07,Luke Voit,fly_ball,98.4,42.9,321
2019-04-07,Gary Sanchez,fly_ball,108.1,39.2,374
2019-04-07,Clint Frazier,fly_ball,102,33.3,396
2019-04-07,Austin Romine,fly_ball,101.3,28.5,391
2019-04-07,Gary Sanchez,fly_ball,89.6,52.2,257
2019-04-07,Gleyber Torres,fly_ball,97.9,25.6,387
2019-04-07,Tyler Naquin,fly_ball,68,31,202
2019-04-07,Teoscar Hernandez,fly_ball,96,33.7,348
2019-04-07,Eric Stamets,fly_ball,91.8,33.9,337
2019-04-07,Carlos Santana,fly_ball,86.1,40,292
2019-04-07,Carlos Santana,fly_ball,94.6,40.8,332
2019-04-07,Randal Grichuk,fly_ball,82.2,33.6,278
2019-04-07,Teoscar Hernandez,fly_ball,77.1,32.8,262
2019-04-07,Jake Bauers,fly_ball,93.9,42.2,319
2019-04-07,Ian Desmond,fly_ball,85.5,53.6,263
2019-04-07,Enrique Hernandez,fly_ball,90.1,38.7,323
2019-04-07,Justin Turner,fly_ball,94.5,29.8,374
2019-04-07,Chris Iannetta,fly_ball,91.3,26.3,353
2019-04-07,David Freese,fly_ball,98.5,27.5,364
2019-04-07,Charlie Blackmon,fly_ball,99.8,24.9,382
2019-04-07,Nolan Arenado,fly_ball,92.9,34,345
2019-04-07,Cody Bellinger,fly_ball,105.2,50.5,318
2019-04-07,Max Muncy,fly_ball,79.9,48.3,259
2019-04-07,Joc Pederson,fly_ball,100.1,44.5,363
2019-04-07,Charlie Blackmon,fly_ball,85.6,33.2,335
2019-04-07,Joc Pederson,fly_ball,88.2,35.2,351
2019-04-07,Cody Bellinger,fly_ball,106.6,26.9,428
2019-04-07,Josh Fuentes,fly_ball,81.5,53,228
2019-04-07,Tony Wolters,fly_ball,93.8,27.3,374
2019-04-07,Ryan O'Hearn,fly_ball,94.2,39.1,317
2019-04-07,Niko Goodrum,fly_ball,86.9,32.1,320
2019-04-07,Nick Castellanos,fly_ball,97.6,31.3,383
2019-04-07,Niko Goodrum,fly_ball,71.6,40.8,243
2019-04-07,Chad Pinder,fly_ball,102.8,48.3,334
2019-04-07,Josh Reddick,fly_ball,75.2,30.2,269
2019-04-07,Aledmys Díaz,fly_ball,98.6,24.8,368
2019-04-07,Robbie Grossman,fly_ball,96.6,25.9,365
2019-04-07,Robbie Grossman,fly_ball,86,32.8,304
2019-04-07,Stephen Piscotty,fly_ball,97.6,53.6,267
2019-04-07,Chad Pinder,fly_ball,92.2,28.8,338
2019-04-07,Tony Kemp,fly_ball,88,49.3,273
2019-04-07,Josh Phegley,fly_ball,100.5,38.2,369
2019-04-07,Matt Chapman,fly_ball,78.3,48.4,242
2019-04-07,Chad Pinder,fly_ball,99.2,29.6,388
2019-04-07,Tony Kemp,fly_ball,92.7,31.2,359
2019-04-07,George Springer,fly_ball,73.9,41,235
2019-04-07,Alex Bregman,fly_ball,82.3,37.4,292
2019-04-07,Kendrys Morales,fly_ball,83.9,55,208
2019-04-07,Ryan Zimmerman,fly_ball,79,31,272
2019-04-07,Kurt Suzuki,fly_ball,69.9,33.9,236
2019-04-07,Michael Conforto,fly_ball,68.7,36.4,233
2019-04-07,Zach Wheeler,fly_ball,78.2,35.2,253
2019-04-07,J. D. Davis,fly_ball,94.7,45.5,292
2019-04-07,Juan Soto,fly_ball,95.9,29.6,369
2019-04-07,Brandon Nimmo,fly_ball,98,58.5,210
2019-04-07,Robinson Cano,fly_ball,91.5,36.7,327
2019-04-07,Adam Eaton,fly_ball,83.4,55.7,211
2019-04-07,Anthony Rendon,fly_ball,103.9,31.6,422
2019-04-07,Pete Alonso,fly_ball,104,23.8,417
2019-04-07,Travis d'Arnaud,fly_ball,103.1,30,380
2019-04-07,Luis Guillorme,fly_ball,82.3,41.2,266
2019-04-07,Adam Frazier,fly_ball,106.1,28.2,423
2019-04-07,Derek Dietrich,fly_ball,110.2,32.1,436
2019-04-07,Jason Martin,fly_ball,72.1,31.8,254
2019-04-07,Erik Gonzalez,fly_ball,97.8,26.1,362
2019-04-07,Scott Schebler,fly_ball,102.7,28.7,404
2019-04-07,Eugenio Suarez,fly_ball,95.1,26,374
2019-04-07,Jesse Winker,fly_ball,91.8,35.5,318
2019-04-07,Francisco Cervelli,fly_ball,68.8,41.8,215
2019-04-07,Tucker Barnhart,fly_ball,93.1,28.1,362
2019-04-07,Adam Frazier,fly_ball,84.2,39.7,296
2019-04-07,Starling Marte,fly_ball,102.3,36.1,395
2019-04-07,Curt Casali,fly_ball,92.5,58.9,221
2019-04-07,Melky Cabrera,fly_ball,87.9,53.4,254
2019-04-07,Derek Dietrich,fly_ball,104.3,27.4,418
2019-04-07,Jose Peraza,fly_ball,85.9,52.9,239
2019-04-07,José Iglesias,fly_ball,93.1,35.3,345
2019-04-07,Evan Longoria,fly_ball,87.2,33.4,309
2019-04-07,Brandon Crawford,fly_ball,103,29.2,388
2019-04-07,Mike Zunino,fly_ball,107.5,41.1,369
2019-04-07,Steven Duggar,fly_ball,85.2,37.2,297
2019-04-07,Joe Panik,fly_ball,100.2,25.3,380
2019-04-07,Gerardo Parra,fly_ball,97,29.2,368
2019-04-07,Avisail Garcia,fly_ball,104.7,42.3,341
2019-04-07,Willy Adames,fly_ball,94.9,39.6,319
2019-04-07,Matt Carpenter,fly_ball,102.4,31.4,387
2019-04-07,Franmil Reyes,fly_ball,91.4,43.4,312
2019-04-07,Fernando Tatis,fly_ball,85.1,29.8,326
2019-04-07,Paul Goldschmidt,fly_ball,82.8,48.7,260
2019-04-07,Adam Wainwright,fly_ball,97.6,31.2,383
2019-04-07,Harrison Bader,fly_ball,95.8,26.4,382
2019-04-07,Matt Carpenter,fly_ball,89.7,47.1,290
2019-04-07,Wil Myers,fly_ball,71.1,40.2,241
2019-04-07,Max Kepler,fly_ball,107.7,26.2,407
2019-04-07,Ehire Adrianza,fly_ball,87,55,233
2019-04-07,C. J. Cron,fly_ball,91.3,58.8,217
2019-04-07,J. T. Realmuto,fly_ball,91.7,48.4,281
2019-04-07,Odubel Herrera,fly_ball,79.2,50.1,236
2019-04-07,Max Kepler,fly_ball,90.9,57,230
2019-04-07,Eddie Rosario,fly_ball,92.8,48.4,289
2019-04-07,Rhys Hoskins,fly_ball,99.2,36.2,380
2019-04-07,Odubel Herrera,fly_ball,85.5,34.1,284
2019-04-07,Eddie Rosario,fly_ball,91.2,58.4,207
2019-04-07,Andrew McCutchen,fly_ball,95.7,38.8,339
2019-04-07,Freddie Freeman,fly_ball,104.4,25.6,417
2019-04-07,Rosell Herrera,fly_ball,76.1,46.3,234
2019-04-07,Ozzie Albies,fly_ball,94,32.5,324
2019-04-07,Chad Wallach,fly_ball,93,34.3,331
2019-04-07,Caleb Smith,fly_ball,84.2,35.6,312
2019-04-07,Johan Camargo,fly_ball,89.9,46.7,280
2019-04-07,Dansby Swanson,fly_ball,105.3,23.6,419
2019-04-07,Lewis Brinson,fly_ball,89.8,34.9,322
2019-04-07,Peter O'Brien,fly_ball,107.3,45.8,329
2019-04-07,Neil Walker,fly_ball,88,31.5,326
2019-04-07,Curtis Granderson,fly_ball,107,22.6,439
2019-04-07,Rosell Herrera,fly_ball,90.5,36.2,335
2019-04-07,Tim Beckham,fly_ball,79.8,58.2,175
2019-04-07,Eloy Jimenez,fly_ball,75.6,32.8,261
2019-04-07,Tim Anderson,fly_ball,105.1,32.2,392
2019-04-07,Jose Rondon,fly_ball,85.3,30.6,330
2019-04-07,Yoan Moncada,fly_ball,99.2,35.7,361
2019-04-07,Yonder Alonso,fly_ball,90.4,28.7,357
2019-04-07,Dan Vogelbach,fly_ball,105,23.3,434
2019-04-07,José Abreu,fly_ball,85.4,27.4,318
2019-04-07,Yonder Alonso,fly_ball,98.6,40.8,358
2019-04-07,Ryon Healy,fly_ball,90.7,39.6,322
2019-04-07,Adam Engel,fly_ball,105.7,26.3,412
2019-04-07,Welington Castillo,fly_ball,97.5,45.6,328
2019-04-07,Omar Narvaez,fly_ball,85.3,42.2,292
2019-04-07,Dan Vogelbach,fly_ball,104.5,22.3,395
2019-04-07,Kris Bryant,fly_ball,80.5,54.5,216
2019-04-07,Anthony Rizzo,fly_ball,101.7,35.2,371
2019-04-07,Christian Yelich,fly_ball,103.1,32.3,408
2019-04-07,Mike Moustakas,fly_ball,97.4,40,343
2019-04-07,Kyle Schwarber,fly_ball,93,28.1,325
2019-04-07,Eric Thames,fly_ball,96.2,36.6,326
2019-04-07,Manny Pina,fly_ball,82.6,34.9,311
2019-04-07,Kyle Schwarber,fly_ball,94,50,288
2019-04-07,Willson Contreras,fly_ball,88.3,32,324
2019-04-07,Christian Yelich,fly_ball,107,40.8,362
2019-04-07,Kris Bryant,fly_ball,88.7,31.3,334
2019-04-07,Zach Davies,fly_ball,72.8,39.1,230
2019-04-07,Willson Contreras,fly_ball,104.6,21.7,390
2019-04-07,Willson Contreras,fly_ball,93.4,26.2,363
2019-04-08,Christian Yelich,fly_ball,69.3,32.2,239
2019-04-08,Ryan Braun,fly_ball,86.8,41.3,316
2019-04-08,Jesus Aguilar,fly_ball,101.3,36.9,352
2019-04-08,Eric Thames,fly_ball,86.8,45,275
2019-04-08,Tommy La Stella,fly_ball,99.3,23.9,396
2019-04-08,Christian Yelich,fly_ball,99.5,32.8,383
2019-04-08,Mike Moustakas,fly_ball,102.5,29.6,412
2019-04-08,Andrelton Simmons,fly_ball,97.6,32.5,375
2019-04-08,Kole Calhoun,fly_ball,95.4,33.9,378
2019-04-08,Mike Moustakas,fly_ball,81.1,35.5,301
2019-04-08,Justin Bour,fly_ball,86.1,32.4,318
2019-04-08,Eric Thames,fly_ball,74.3,36.4,254
2019-04-08,Albert Pujols,fly_ball,97,35.5,344
2019-04-08,Brian Goodwin,fly_ball,87.2,32,341
2019-04-08,David Fletcher,fly_ball,94,33,348
2019-04-08,Justin Bour,fly_ball,101.4,34,389
2019-04-08,Albert Pujols,fly_ball,87.8,30.8,328
2019-04-08,Joey Rickard,fly_ball,91.1,38.4,319
2019-04-08,Jonathan Villar,fly_ball,86.5,40.3,304
2019-04-08,Josh Phegley,fly_ball,99,26.4,398
2019-04-08,Matt Chapman,fly_ball,71.5,50.9,189
2019-04-08,Jesus Sucre,fly_ball,88.6,30.1,349
2019-04-08,Jonathan Villar,fly_ball,104.5,22.7,415
2019-04-08,Mark Canha,fly_ball,107.8,30.1,436
2019-04-08,Khris Davis,fly_ball,92.1,40.9,322
2019-04-08,Hanser Alberto,fly_ball,96.9,33.8,369
2019-04-08,Jesus Sucre,fly_ball,78.8,52.3,210
2019-04-08,Cedric Mullins,fly_ball,90.3,39.1,314
2019-04-08,Joey Rickard,fly_ball,89.9,29.9,345
2019-04-08,Renato Nunez,fly_ball,93.5,24.3,347
2019-04-08,Kendrys Morales,fly_ball,88.7,43.6,284
2019-04-08,Kevin Newman,fly_ball,100.3,31.5,376
2019-04-08,Kris Bryant,fly_ball,94.6,28.9,301
2019-04-08,Kyle Schwarber,fly_ball,109.6,23.5,412
2019-04-08,Kyle Schwarber,fly_ball,98,27.2,344
2019-04-08,Pablo Reyes,fly_ball,76,36,243
2019-04-08,Charlie Blackmon,fly_ball,89.2,45.7,292
2019-04-08,Alex Jackson,fly_ball,73,39.5,251
2019-04-08,Josh Fuentes,fly_ball,77.6,31.4,289
2019-04-08,Pat Valaika,fly_ball,78.1,47.7,254
2019-04-08,Garrett Hampson,fly_ball,82.6,32.4,316
2019-04-08,Josh Donaldson,fly_ball,88.3,34.6,349
2019-04-08,Mark Reynolds,fly_ball,109.1,23.3,439
2019-04-08,Trevor Story,fly_ball,104.9,32.5,428
2019-04-08,Nolan Arenado,fly_ball,97.8,37,367
2019-04-08,Josh Donaldson,fly_ball,92.4,33.4,356
2019-04-08,Pat Valaika,fly_ball,79.3,37.8,305
2019-04-08,Charlie Blackmon,fly_ball,96.2,39.4,361
2019-04-08,Brett Gardner,fly_ball,92.5,52.5,258
2019-04-08,Gleyber Torres,fly_ball,69.8,45.8,217
2019-04-08,Josh Reddick,fly_ball,77.9,35.6,275
2019-04-08,DJ LeMahieu,fly_ball,99.9,34.2,376
2019-04-08,Clint Frazier,fly_ball,67.5,26.7,222
2019-04-08,Jose Altuve,fly_ball,109.1,25.9,448
2019-04-08,Aaron Judge,fly_ball,103.8,24.3,347
2019-04-08,Luke Voit,fly_ball,91.1,32.8,334
2019-04-08,Gleyber Torres,fly_ball,89.4,44.3,305
2019-04-08,Alex Bregman,fly_ball,79.4,45.5,243
2019-04-08,Robinson Chirinos,fly_ball,102.8,24.8,395
2019-04-08,Mitch Haniger,fly_ball,94.7,37.5,362
2019-04-08,Chris Owings,fly_ball,88.1,54.1,232
2019-04-08,Dylan Moore,fly_ball,104.9,28,432
2019-04-08,Martin Maldonado,fly_ball,97.5,32.3,390
2019-04-08,Edwin Encarnacion,fly_ball,105.8,22.8,415
2019-04-08,Edwin Encarnacion,fly_ball,101.7,26.6,378
2019-04-08,Jay Bruce,fly_ball,104.2,27.5,430
2019-04-08,Ryon Healy,fly_ball,66.8,35.1,210
2019-04-08,Dylan Moore,fly_ball,96.7,34.3,355
2019-04-08,Lucas Duda,fly_ball,102.3,35.8,381
2019-04-08,Ryan O'Hearn,fly_ball,100.1,31.8,392
2019-04-08,Buster Posey,fly_ball,97.1,22.9,361
2019-04-08,Manuel Margot,fly_ball,95.7,49.1,279
2019-04-08,Wil Myers,fly_ball,93.7,34.5,344
2019-04-08,Manny Machado,fly_ball,92,36.3,331
2019-04-08,Kevin Pillar,fly_ball,104.9,26.1,419
2019-04-08,Fernando Tatis,fly_ball,109,44.6,355
2019-04-08,Francisco Mejia,fly_ball,77,33.5,269
2019-04-08,Manny Machado,fly_ball,90.9,24.5,324
2019-04-08,Brandon Belt,fly_ball,89.4,30.5,339
2019-04-08,Hunter Renfroe,fly_ball,85.8,31.7,285
2019-04-08,Max Muncy,fly_ball,89.6,37.2,314
2019-04-08,Enrique Hernandez,fly_ball,82.6,50.7,236
2019-04-08,Joc Pederson,fly_ball,96.5,53.8,269
2019-04-08,Corey Seager,fly_ball,90.8,49.8,283
2019-04-08,Cody Bellinger,fly_ball,101.8,41.8,342
2019-04-08,Chris Taylor,fly_ball,94.4,42.1,325
2019-04-08,Enrique Hernandez,fly_ball,74.3,30.6,243
2019-04-08,Russell Martin,fly_ball,69.7,32.7,238
2019-04-08,Kolten Wong,fly_ball,88.3,27.7,334
2019-04-08,Tyler O'Neill,fly_ball,99,40.7,343
2019-04-08,A. J. Pollock,fly_ball,83.9,29.7,278
2019-04-08,Paul Goldschmidt,fly_ball,90.5,34.7,331
2019-04-08,Brian Dozier,fly_ball,91.7,41.3,307
2019-04-08,Kurt Suzuki,fly_ball,102.5,24.3,386
2019-04-08,Wilmer Difo,fly_ball,78.6,33,281
2019-04-08,Odubel Herrera,fly_ball,85.4,54.5,236
2019-04-08,Odubel Herrera,fly_ball,97.1,31.5,393
2019-04-08,Victor Robles,fly_ball,74.9,36.6,257
2019-04-08,Aaron Altherr,fly_ball,81.6,56.9,210
2019-04-08,Rhys Hoskins,fly_ball,94.8,37.4,363
2019-04-08,Maikel Franco,fly_ball,83.2,49.5,244
2019-04-08,Juan Soto,fly_ball,75.4,33,270
2019-04-08,Wilmer Difo,fly_ball,86,37.3,289
2019-04-08,Rhys Hoskins,fly_ball,105.1,47,359
2019-04-08,J. T. Realmuto,fly_ball,98.6,31.4,360
2019-04-08,Brian Dozier,fly_ball,102.8,27.7,410
2019-04-08,Kurt Suzuki,fly_ball,88.1,38.6,297
2019-04-08,Daniel Robertson,fly_ball,79.6,31,250
2019-04-08,Mike Zunino,fly_ball,103.8,52.9,258
2019-04-08,James McCann,fly_ball,91.4,33.4,308
2019-04-08,Jose Rondon,fly_ball,99.8,32.6,385
2019-04-08,Guillermo Heredia,fly_ball,78.9,31.9,291
2019-04-08,Leury Garcia,fly_ball,67.7,32.3,213
2019-04-08,Yandy Díaz,fly_ball,93.1,40.4,312
2019-04-09,Kole Calhoun,fly_ball,94.9,46.3,304
2019-04-09,Andrelton Simmons,fly_ball,88.5,28.3,332
2019-04-09,Tommy La Stella,fly_ball,103.3,33.8,403
2019-04-09,Jesus Aguilar,fly_ball,79.7,35.4,261
2019-04-09,Lorenzo Cain,fly_ball,101.8,25.9,373
2019-04-09,Jesus Aguilar,fly_ball,88,49,264
2019-04-09,Albert Pujols,fly_ball,92.3,55.6,242
2019-04-09,Yasmani Grandal,fly_ball,107.4,25.1,441
2019-04-09,Hernan Perez,fly_ball,90.9,39.5,326
2019-04-09,Tommy La Stella,fly_ball,101.8,29.7,414
2019-04-09,Yasmani Grandal,fly_ball,103.9,28.7,403
2019-04-09,Jesus Aguilar,fly_ball,91.7,33.9,335
2019-04-09,Ketel Marte,fly_ball,96.8,37.5,365
2019-04-09,Wilmer Flores,fly_ball,96.9,45.9,316
2019-04-09,Christian Walker,fly_ball,100.6,57.2,252
2019-04-09,Nick Ahmed,fly_ball,81.8,45.6,262
2019-04-09,Jeff Mathis,fly_ball,87.6,41.2,309
2019-04-09,J. R. Murphy,fly_ball,109.5,24.3,397
2019-04-09,Ketel Marte,fly_ball,91.1,46.8,291
2019-04-09,Wilmer Flores,fly_ball,66,44,210
2019-04-09,Christian Walker,fly_ball,76.8,53.9,209
2019-04-09,Logan Forsythe,fly_ball,94.4,33.1,347
2019-04-09,Wilmer Flores,fly_ball,81.7,29.4,316
2019-04-09,Eduardo Escobar,fly_ball,81,52.5,222
2019-04-09,Nick Ahmed,fly_ball,102.7,29.8,423
2019-04-09,Adam Jones,fly_ball,66.6,33.3,225
2019-04-09,Shin-Soo Choo,fly_ball,93.5,43.8,312
2019-04-09,Jarrod Dyson,fly_ball,97.5,28.4,386
2019-04-09,Jonathan Villar,fly_ball,83.8,23.5,306
2019-04-09,Marcus Semien,fly_ball,96.6,28.1,379
2019-04-09,Matt Chapman,fly_ball,80.5,25.9,291
2019-04-09,Stephen Piscotty,fly_ball,96.9,31.6,368
2019-04-09,Khris Davis,fly_ball,90.1,38.9,326
2019-04-09,Trey Mancini,fly_ball,102.4,37.5,371
2019-04-09,Renato Nunez,fly_ball,97.1,46,312
2019-04-09,Ramon Laureano,fly_ball,99.6,31.9,349
2019-04-09,Trey Mancini,fly_ball,90.7,35.4,334
2019-04-09,Jurickson Profar,fly_ball,107.2,27.6,423
2019-04-09,Marcus Semien,fly_ball,99.2,21.1,352
2019-04-09,Pedro Severino,fly_ball,93.5,29.8,375
2019-04-09,Marcus Semien,fly_ball,90.4,23.4,332
2019-04-09,Joey Rickard,fly_ball,80.1,33,292
2019-04-09,Dwight Smith,fly_ball,96.9,42.1,313
2019-04-09,Hanser Alberto,fly_ball,77.4,33.6,285
2019-04-09,Freddy Galvis,fly_ball,88,31.7,296
2019-04-09,Brandon Drury,fly_ball,89.8,45.7,271
2019-04-09,Andrew Benintendi,fly_ball,102.8,41.6,336
2019-04-09,Billy McKinney,fly_ball,68.7,27.8,218
2019-04-09,Mitch Moreland,fly_ball,104.3,26.3,379
2019-04-09,J. D. Martinez,fly_ball,102.1,24.7,354
2019-04-09,Lourdes Gurriel,fly_ball,106.6,26.3,379
2019-04-09,Mookie Betts,fly_ball,105.8,21.1,403
2019-04-09,Freddy Galvis,fly_ball,90.7,44.9,286
2019-04-09,Blake Swihart,fly_ball,77.8,33.5,270
2019-04-09,Andrew Benintendi,fly_ball,79.9,34.6,271
2019-04-09,Jesse Winker,fly_ball,92.9,34.6,335
2019-04-09,Joey Votto,fly_ball,100,25.9,349
2019-04-09,Jose Peraza,fly_ball,89.8,45.7,284
2019-04-09,Jesse Winker,fly_ball,96.5,29.8,353
2019-04-09,Jorge Alfaro,fly_ball,96.8,34.2,354
2019-04-09,Lewis Brinson,fly_ball,97.1,45.1,302
2019-04-09,Scott Schebler,fly_ball,94.1,29.6,354
2019-04-09,Matt Kemp,fly_ball,100.4,26.6,349
2019-04-09,Eugenio Suarez,fly_ball,100,33.5,381
2019-04-09,Scott Schebler,fly_ball,101.3,26,364
2019-04-09,Brian Anderson,fly_ball,83.7,37.6,287
2019-04-09,Kyle Farmer,fly_ball,96,34.6,368
2019-04-09,Matt Kemp,fly_ball,96.1,29.2,348
2019-04-09,Eugenio Suarez,fly_ball,72,44.7,218
2019-04-09,Peter O'Brien,fly_ball,106.5,47.3,325
2019-04-09,Nolan Arenado,fly_ball,78.9,34,299
2019-04-09,Trevor Story,fly_ball,82.3,41.2,296
2019-04-09,Ronald Acuna,fly_ball,103.5,34.4,421
2019-04-09,Josh Fuentes,fly_ball,83.4,47.2,269
2019-04-09,Dansby Swanson,fly_ball,102.8,22.7,424
2019-04-09,Ender Inciarte,fly_ball,85.8,44.3,290
2019-04-09,Josh Donaldson,fly_ball,83.7,35.1,311
2019-04-09,Ozzie Albies,fly_ball,79.7,31.1,305
2019-04-09,Nolan Arenado,fly_ball,82.8,49.9,250
2019-04-09,Tyler Flowers,fly_ball,93.3,28.2,370
2019-04-09,Trevor Story,fly_ball,93.8,36.1,371
2019-04-09,Charlie Culberson,fly_ball,100.6,22.6,393
2019-04-09,Leonys Martín,fly_ball,107,25.1,411
2019-04-09,Tyler Naquin,fly_ball,99.2,24.7,367
2019-04-09,Brad Miller,fly_ball,110.3,23.9,409
2019-04-09,Grayson Greiner,fly_ball,96.6,41.2,331
2019-04-09,Jordy Mercer,fly_ball,102.5,30.1,373
2019-04-09,Jose Ramirez,fly_ball,82.7,57.4,199
2019-04-09,Christin Stewart,fly_ball,100.4,35.2,383
2019-04-09,Roberto Perez,fly_ball,102.4,45.8,366
2019-04-09,Eric Stamets,fly_ball,98.7,31.6,367
2019-04-09,Miguel Cabrera,fly_ball,103.5,23.2,383
2019-04-09,Jake Bauers,fly_ball,102.8,32.8,402
2019-04-09,Grayson Greiner,fly_ball,83.2,46.4,267
2019-04-09,Roberto Perez,fly_ball,94.4,33.1,323
2019-04-09,Brad Miller,fly_ball,86.2,32.1,281
2019-04-09,Nick Castellanos,fly_ball,96.7,46.4,301
2019-04-09,Grayson Greiner,fly_ball,93.9,32,369
2019-04-09,Luke Voit,fly_ball,109.4,29.8,412
2019-04-09,Yuli Gurriel,fly_ball,91.5,34.7,324
2019-04-09,Tony Kemp,fly_ball,98.1,37.1,354
2019-04-09,Aaron Judge,fly_ball,75.5,49.5,210
2019-04-09,Jose Altuve,fly_ball,101.9,26.7,403
2019-04-09,Gleyber Torres,fly_ball,95.6,33.5,359
2019-04-09,DJ LeMahieu,fly_ball,90.6,41,310
2019-04-09,Josh Reddick,fly_ball,96.1,44.9,314
2019-04-09,Tony Kemp,fly_ball,83.1,40.3,282
2019-04-09,Gary Sanchez,fly_ball,84.1,35.5,292
2019-04-09,Jose Altuve,fly_ball,84.9,35.6,316
2019-04-09,Gleyber Torres,fly_ball,79.6,40.3,259
2019-04-09,Jay Bruce,fly_ball,99.4,28.8,374
2019-04-09,Jorge Soler,fly_ball,101.3,44.4,335
2019-04-09,Billy Hamilton,fly_ball,78.5,43.8,245
2019-04-09,Adalberto Mondesi,fly_ball,100.7,25,392
2019-04-09,Omar Narvaez,fly_ball,76.9,33.5,263
2019-04-09,Frank Schwindel,fly_ball,86.1,43.3,270
2019-04-09,Whit Merrifield,fly_ball,91.2,43.4,305
2019-04-09,Frank Schwindel,fly_ball,92.2,37.2,326
2019-04-09,Jay Bruce,fly_ball,75.6,35.6,268
2019-04-09,Edwin Encarnacion,fly_ball,97,37.1,356
2019-04-09,Ryon Healy,fly_ball,89.2,46.9,269
2019-04-09,Lucas Duda,fly_ball,97.6,40.5,335
2019-04-09,Eddie Rosario,fly_ball,97.6,25.6,393
2019-04-09,Mitch Garver,fly_ball,104.7,22,414
2019-04-09,Max Kepler,fly_ball,89.6,36.3,317
2019-04-09,Eddie Rosario,fly_ball,98.9,33.7,373
2019-04-09,Brandon Nimmo,fly_ball,99.4,28.1,405
2019-04-09,Jorge Polanco,fly_ball,95.7,52.1,246
2019-04-09,Byron Buxton,fly_ball,84.3,31.8,301
2019-04-09,Max Kepler,fly_ball,91.6,45.8,288
2019-04-09,Jorge Polanco,fly_ball,79.8,47.4,233
2019-04-09,Pete Alonso,fly_ball,104.3,37.3,358
2019-04-09,Michael Conforto,fly_ball,95.1,50.9,258
2019-04-09,Jorge Polanco,fly_ball,100,31.6,398
2019-04-09,Jeff McNeil,fly_ball,91.3,30,319
2019-04-09,Travis d'Arnaud,fly_ball,99.5,23.4,373
2019-04-09,Max Kepler,fly_ball,81.6,42.5,250
2019-04-09,Pete Alonso,fly_ball,106.6,35.1,397
2019-04-09,Ian Kinsler,fly_ball,88.6,33.3,320
2019-04-09,Kevin Pillar,fly_ball,78.5,39.1,254
2019-04-09,Austin Hedges,fly_ball,99.6,43.4,320
2019-04-09,Manuel Margot,fly_ball,98.9,27.1,358
2019-04-09,Evan Longoria,fly_ball,101.4,37,358
2019-04-09,Franmil Reyes,fly_ball,85.8,31.9,293
2019-04-09,Franmil Reyes,fly_ball,86.8,48,251
2019-04-09,Hunter Renfroe,fly_ball,109.5,25.8,423
2019-04-09,Buster Posey,fly_ball,94.3,34.4,334
2019-04-09,Ian Kinsler,fly_ball,76.9,45,230
2019-04-09,Joc Pederson,fly_ball,101.3,42.6,332
2019-04-09,Marcell Ozuna,fly_ball,94.7,56.9,224
2019-04-09,Dexter Fowler,fly_ball,82.7,32.1,294
2019-04-09,Paul Goldschmidt,fly_ball,101.5,33.3,391
2019-04-09,Paul DeJong,fly_ball,99.3,25.6,394
2019-04-09,Paul Goldschmidt,fly_ball,103.1,33.5,378
2019-04-09,Enrique Hernandez,fly_ball,99.3,36.7,361
2019-04-09,Adam Eaton,fly_ball,74.9,37.8,247
2019-04-09,Brian Dozier,fly_ball,99,36.6,355
2019-04-09,Maikel Franco,fly_ball,106.6,20.4,426
2019-04-09,Bryce Harper,fly_ball,104.3,28.5,399
2019-04-09,Rhys Hoskins,fly_ball,90,49.9,271
2019-04-09,Odubel Herrera,fly_ball,71.9,39.7,225
2019-04-09,Maikel Franco,fly_ball,104.9,27.2,393
2019-04-09,Jean Segura,fly_ball,89.6,42.8,291
2019-04-09,Yan Gomes,fly_ball,106,32.4,401
2019-04-09,Howie Kendrick,fly_ball,106.1,25.1,420
2019-04-09,Yan Gomes,fly_ball,94.2,55.5,238
2019-04-09,Victor Robles,fly_ball,101.6,24.5,394
2019-04-09,Victor Robles,fly_ball,99,24.2,341
2019-04-09,Maikel Franco,fly_ball,94.5,53,252
2019-04-09,Tommy Pham,fly_ball,95.9,31,355
2019-04-09,Brandon Lowe,fly_ball,104.9,33.7,378
2019-04-09,Avisail Garcia,fly_ball,107.7,32,410
2019-04-09,Austin Meadows,fly_ball,103.8,27.9,399
2019-04-09,Brandon Lowe,fly_ball,102.9,28.8,403
2019-04-09,Yandy Díaz,fly_ball,87.2,42.2,287
2019-04-09,Yoan Moncada,fly_ball,108,31.3,419
2019-04-09,Ji-Man Choi,fly_ball,93.6,38.7,332
2019-04-09,Carlos Sanchez,fly_ball,85.1,33.6,308
2019-04-09,Willy Adames,fly_ball,86.9,47.3,275
2019-04-09,Yonder Alonso,fly_ball,77,40.9,254
2019-04-09,Kevin Kiermaier,fly_ball,86.4,44.8,274
2019-04-09,Avisail Garcia,fly_ball,66.7,28.7,217
2019-04-09,Austin Meadows,fly_ball,84.8,22.8,297
2019-04-09,Ji-Man Choi,fly_ball,97.6,26.9,389
2019-04-09,José Abreu,fly_ball,94.4,28.2,370
2019-04-09,Yoan Moncada,fly_ball,90,47.4,271
2019-04-09,José Abreu,fly_ball,87.2,52.2,263
2019-04-10,Christian Yelich,fly_ball,97.1,43.2,321
2019-04-10,Yasmani Grandal,fly_ball,103.2,35.6,382
2019-04-10,Eric Thames,fly_ball,100,23.5,366
2019-04-10,Ryan Braun,fly_ball,98.1,46.8,300
2019-04-10,Justin Bour,fly_ball,68.4,32,224
2019-04-10,Orlando Arcia,fly_ball,101.6,24.1,356
2019-04-10,Mike Moustakas,fly_ball,80.9,34.8,291
2019-04-10,Delino DeShields,fly_ball,86.6,29.6,290
2019-04-10,David Peralta,fly_ball,91.1,42.2,319
2019-04-10,Elvis Andrus,fly_ball,91.2,31.6,352
2019-04-10,Carson Kelly,fly_ball,98.8,35,355
2019-04-10,David Peralta,fly_ball,80.6,41,276
2019-04-10,Carson Kelly,fly_ball,94.1,30.5,341
2019-04-10,Shin-Soo Choo,fly_ball,90,31.8,330
2019-04-10,Jarrod Dyson,fly_ball,90.1,29,341
2019-04-10,Hunter Pence,fly_ball,105.4,27.5,408
2019-04-10,David Peralta,fly_ball,95.3,35,336
2019-04-10,Cedric Mullins,fly_ball,89.2,42.4,294
2019-04-10,Chad Pinder,fly_ball,104.8,22,406
2019-04-10,Rio Ruiz,fly_ball,84,35.6,294
2019-04-10,Robbie Grossman,fly_ball,97.5,34.2,359
2019-04-10,Robbie Grossman,fly_ball,81.9,32.3,285
2019-04-10,Cedric Mullins,fly_ball,78,31.2,264
2019-04-10,Jonathan Villar,fly_ball,97.4,23.9,353
2019-04-10,Khris Davis,fly_ball,104.9,25.5,380
2019-04-10,Trey Mancini,fly_ball,106.7,21.9,390
2019-04-10,Rio Ruiz,fly_ball,101.8,37.6,373
2019-04-10,Robbie Grossman,fly_ball,93.4,26,335
2019-04-10,Marcus Semien,fly_ball,74.8,42.7,225
2019-04-10,Matt Chapman,fly_ball,100.6,33.9,377
2019-04-10,Khris Davis,fly_ball,103.9,32.9,376
2019-04-10,Jurickson Profar,fly_ball,104.4,22.5,381
2019-04-10,Dwight Smith,fly_ball,91.7,32.7,330
2019-04-10,Chris Davis,fly_ball,102.2,37.5,369
2019-04-10,Joey Rickard,fly_ball,85.8,45,271
2019-04-10,Javier Baez,fly_ball,102.9,31.2,324
2019-04-10,Starling Marte,fly_ball,105.7,32.7,392
2019-04-10,Kris Bryant,fly_ball,80.4,39.5,261
2019-04-10,Melky Cabrera,fly_ball,94.9,44.5,263
2019-04-10,Colin Moran,fly_ball,108,33,376
2019-04-10,Jason Heyward,fly_ball,105.1,25.6,400
2019-04-10,Daniel Descalso,fly_ball,87.2,38,297
2019-04-10,Scott Schebler,fly_ball,88.3,46.1,277
2019-04-10,Jesse Winker,fly_ball,96.9,41.3,339
2019-04-10,Neil Walker,fly_ball,103.7,25.3,389
2019-04-10,Starlin Castro,fly_ball,101.1,30.6,381
2019-04-10,Starlin Castro,fly_ball,74.9,32.7,256
2019-04-10,Matt Kemp,fly_ball,89.2,35.3,336
2019-04-10,Scott Schebler,fly_ball,90,33,344
2019-04-10,Miguel Rojas,fly_ball,85.9,37.3,305
2019-04-10,José Iglesias,fly_ball,101,24.3,391
2019-04-10,Jose Peraza,fly_ball,89.7,32.1,338
2019-04-10,Jesse Winker,fly_ball,101.4,29.1,358
2019-04-10,Joey Votto,fly_ball,83.6,32.1,326
2019-04-10,Matt Kemp,fly_ball,90.5,30,341
2019-04-10,Nick Castellanos,fly_ball,102.9,33.7,371
2019-04-10,John Hicks,fly_ball,89.8,55.2,234
2019-04-10,Nick Castellanos,fly_ball,94.2,30.4,332
2019-04-10,Jordan Luplow,fly_ball,95.1,47.1,266
2019-04-10,Jake Bauers,fly_ball,84.4,41.9,278
2019-04-10,Josh Harrison,fly_ball,96,29.8,370
2019-04-10,Nick Castellanos,fly_ball,87.7,50.1,239
2019-04-10,Jordy Mercer,fly_ball,95.7,31,318
2019-04-10,Brett Gardner,fly_ball,102.2,36.4,362
2019-04-10,Jose Altuve,fly_ball,108.9,20.7,358
2019-04-10,Michael Brantley,fly_ball,76.9,34.8,261
2019-04-10,Clint Frazier,fly_ball,93.3,27.2,310
2019-04-10,Max Stassi,fly_ball,102.9,38,378
2019-04-10,Luke Voit,fly_ball,88.3,42.5,291
2019-04-10,DJ LeMahieu,fly_ball,90.5,42.2,296
2019-04-10,Jose Altuve,fly_ball,108.1,27.9,429
2019-04-10,Carlos Correa,fly_ball,99.7,23.1,387
2019-04-10,Clint Frazier,fly_ball,94.2,32.8,331
2019-04-10,Mitch Haniger,fly_ball,89.3,50,265
2019-04-10,Billy Hamilton,fly_ball,69.2,31.4,222
2019-04-10,Frank Schwindel,fly_ball,77.4,48.8,234
2019-04-10,Whit Merrifield,fly_ball,78.8,39.5,280
2019-04-10,Hunter Dozier,fly_ball,84.2,31.9,307
2019-04-10,Tim Beckham,fly_ball,101,54.9,267
2019-04-10,Whit Merrifield,fly_ball,94.2,34.7,366
2019-04-10,Omar Narvaez,fly_ball,86.5,45.6,289
2019-04-10,Cam Gallagher,fly_ball,80.1,35.6,285
2019-04-10,Mitch Haniger,fly_ball,98.6,30.8,385
2019-04-10,Hunter Dozier,fly_ball,104.7,45.8,355
2019-04-10,Jorge Polanco,fly_ball,77.3,38.6,274
2019-04-10,Michael Conforto,fly_ball,93.5,44.9,290
2019-04-10,Eddie Rosario,fly_ball,94.2,30.5,370
2019-04-10,Mitch Garver,fly_ball,94.9,30.7,374
2019-04-10,Kevin Pillar,fly_ball,77.7,39.2,267
2019-04-10,Steven Duggar,fly_ball,95.4,41.1,324
2019-04-10,Francisco Mejia,fly_ball,94.3,32.5,353
2019-04-10,Ian Kinsler,fly_ball,90.9,31,306
2019-04-10,Erik Kratz,fly_ball,99.9,39.3,347
2019-04-10,Manny Machado,fly_ball,98.2,38.6,336
2019-04-10,Brandon Belt,fly_ball,102.1,37.9,372
2019-04-10,Manny Machado,fly_ball,79.3,40.8,254
2019-04-10,Pablo Sandoval,fly_ball,68.3,26.1,197
2019-04-10,Gerardo Parra,fly_ball,90.8,42.3,281
2019-04-10,Matt Carpenter,fly_ball,89.2,39.5,329
2019-04-10,Justin Turner,fly_ball,98,27.5,404
2019-04-10,Yadier Molina,fly_ball,81.1,53.5,226
2019-04-10,Alex Verdugo,fly_ball,97.4,23.3,382
2019-04-10,Matt Carpenter,fly_ball,88.6,34.5,318
2019-04-10,Joc Pederson,fly_ball,101.9,37.7,375
2019-04-10,Justin Turner,fly_ball,94.6,46.3,299
2019-04-10,Paul Goldschmidt,fly_ball,75,26.9,265
2019-04-10,Yadier Molina,fly_ball,101.3,27.2,400
2019-04-10,Max Muncy,fly_ball,97.2,36.9,362
2019-04-10,Austin Barnes,fly_ball,89.1,37.2,318
2019-04-10,Joc Pederson,fly_ball,74.1,31.6,267
2019-04-10,Corey Seager,fly_ball,88.8,59.9,223
2019-04-10,Kolten Wong,fly_ball,89.7,38.9,314
2019-04-10,Max Muncy,fly_ball,94.4,40.2,341
2019-04-10,Matt Adams,fly_ball,105.9,29.9,381
2019-04-10,Anthony Rendon,fly_ball,100.9,29.7,350
2019-04-10,Odubel Herrera,fly_ball,71.3,25.3,216
2019-04-10,Rhys Hoskins,fly_ball,97.5,32.3,331
2019-04-10,Victor Robles,fly_ball,78.7,40.9,266
2019-04-10,Aaron Altherr,fly_ball,102.4,33.8,335
2019-04-10,Tommy Pham,fly_ball,107,23.4,409
2019-04-10,Ji-Man Choi,fly_ball,84.8,41.4,281
2019-04-10,Yonder Alonso,fly_ball,77.3,38.1,270
2019-04-10,Welington Castillo,fly_ball,94.3,41.2,305
2019-04-10,Willy Adames,fly_ball,92.6,47.4,274
2019-04-10,Austin Meadows,fly_ball,102.5,31.5,386
2019-04-10,Tommy Pham,fly_ball,101.3,38.3,380
2019-04-10,Eloy Jimenez,fly_ball,90.9,30.5,322
2019-04-10,Kevin Kiermaier,fly_ball,96.6,33,354
2019-04-10,Tommy Pham,fly_ball,100.8,36.6,329
2019-04-10,Yoan Moncada,fly_ball,94.4,28.1,321
2019-04-11,Eric Hosmer,fly_ball,93.6,32.3,352
2019-04-11,Zack Godley,fly_ball,70.7,31.4,247
2019-04-11,Wilmer Flores,fly_ball,85.9,28.9,315
2019-04-11,Luis Urias,fly_ball,103.5,24.6,389
2019-04-11,Hunter Renfroe,fly_ball,93.1,35.7,359
2019-04-11,Franmil Reyes,fly_ball,109.3,27,412
2019-04-11,Zack Godley,fly_ball,81,31.9,312
2019-04-11,Fernando Tatis,fly_ball,101,28.6,363
2019-04-11,Austin Hedges,fly_ball,108.2,29.7,449
2019-04-11,Manuel Margot,fly_ball,98.4,28.5,407
2019-04-11,Dwight Smith,fly_ball,107.4,26.8,440
2019-04-11,Rio Ruiz,fly_ball,96.9,38.9,338
2019-04-11,Stephen Piscotty,fly_ball,79,46.9,222
2019-04-11,Khris Davis,fly_ball,104.6,33.7,390
2019-04-11,Josh Phegley,fly_ball,100.7,26.2,392
2019-04-11,Khris Davis,fly_ball,109.5,33.7,406
2019-04-11,Josh Phegley,fly_ball,81.9,36.2,292
2019-04-11,Dwight Smith,fly_ball,94.2,31.7,326
2019-04-11,Stephen Piscotty,fly_ball,72.6,30,237
2019-04-11,Renato Nunez,fly_ball,97.3,38,347
2019-04-11,Marcus Semien,fly_ball,102.7,28.4,396
2019-04-11,Khris Davis,fly_ball,73.1,42.5,217
2019-04-11,Freddy Galvis,fly_ball,82,42.6,253
2019-04-11,Billy McKinney,fly_ball,85.5,53.9,237
2019-04-11,Justin Smoak,fly_ball,106.3,23.2,412
2019-04-11,Mookie Betts,fly_ball,89.8,33.2,309
2019-04-11,Billy McKinney,fly_ball,89.3,31.3,343
2019-04-11,Dustin Pedroia,fly_ball,76.6,31.9,265
2019-04-11,Mitch Moreland,fly_ball,102.6,25.9,403
2019-04-11,J. D. Martinez,fly_ball,106.8,33,415
2019-04-11,Freddy Galvis,fly_ball,105.4,32.7,434
2019-04-11,Dustin Pedroia,fly_ball,95.8,25.3,351
2019-04-11,Ben Zobrist,fly_ball,93.6,34,343
2019-04-11,Kris Bryant,fly_ball,88,41.8,279
2019-04-11,Melky Cabrera,fly_ball,91.6,46,284
2019-04-11,Erik Gonzalez,fly_ball,94.3,26.9,323
2019-04-11,Jung Ho Kang,fly_ball,98.7,29.1,333
2019-04-11,Anthony Rizzo,fly_ball,76.1,32.9,257
2019-04-11,Javier Baez,fly_ball,99.1,43.1,303
2019-04-11,Francisco Cervelli,fly_ball,82.5,30.6,302
2019-04-11,Javier Baez,fly_ball,99.2,40.6,329
2019-04-11,Josh Bell,fly_ball,91.6,44.2,307
2019-04-11,Melky Cabrera,fly_ball,80.4,30,292
2019-04-11,Chad Wallach,fly_ball,96.5,30.7,351
2019-04-11,Curt Casali,fly_ball,81.9,31.6,313
2019-04-11,Neil Walker,fly_ball,102.7,33,406
2019-04-11,Yasiel Puig,fly_ball,103,29.8,385
2019-04-11,José Iglesias,fly_ball,98.4,33.4,371
2019-04-11,Eugenio Suarez,fly_ball,86.7,30,340
2019-04-11,Matt Kemp,fly_ball,84.1,44,278
2019-04-11,Brad Miller,fly_ball,103.7,30.5,396
2019-04-11,Leonys Martín,fly_ball,106.6,28.7,436
2019-04-11,Jose Ramirez,fly_ball,91,40.8,309
2019-04-11,Hanley Ramirez,fly_ball,84.6,28.2,327
2019-04-11,Tyler Naquin,fly_ball,101.7,36.6,357
2019-04-11,Kevin Plawecki,fly_ball,71.8,34.7,232
2019-04-11,Hanley Ramirez,fly_ball,91.7,26.8,343
2019-04-11,Leonys Martín,fly_ball,106.6,21.9,426
2019-04-11,Jordy Mercer,fly_ball,100,25.8,381
2019-04-11,Kevin Plawecki,fly_ball,92.9,52.8,239
2019-04-11,Brad Miller,fly_ball,99.2,34.7,329
2019-04-11,JaCoby Jones,fly_ball,93.7,51.9,242
2019-04-11,Niko Goodrum,fly_ball,93.8,52.9,244
2019-04-11,Terrance Gore,fly_ball,86.5,31.4,317
2019-04-11,Jorge Soler,fly_ball,109,24.8,424
2019-04-11,Edwin Encarnacion,fly_ball,91.9,45,304
2019-04-11,Whit Merrifield,fly_ball,88.3,35.8,348
2019-04-11,Adalberto Mondesi,fly_ball,108.3,25.7,414
2019-04-11,Alex Gordon,fly_ball,90.8,39.3,295
2019-04-11,Dee Gordon,fly_ball,94,32,360
2019-04-11,Mitch Haniger,fly_ball,94.2,47.4,304
2019-04-11,Dee Gordon,fly_ball,97.3,21.5,356
2019-04-11,Jorge Soler,fly_ball,73.4,28.3,225
2019-04-11,Mitch Haniger,fly_ball,70,34.2,249
2019-04-11,Whit Merrifield,fly_ball,91.1,32.3,334
2019-04-11,Mitch Haniger,fly_ball,98.3,26,404
2019-04-11,Edwin Encarnacion,fly_ball,76.6,36,269
2019-04-11,Raimel Tapia,fly_ball,87.6,58.1,212
2019-04-11,Kevin Pillar,fly_ball,77.8,46.3,236
2019-04-11,Gerardo Parra,fly_ball,96.6,40.1,330
2019-04-11,Charlie Blackmon,fly_ball,85.5,43.3,279
2019-04-11,Mark Reynolds,fly_ball,98.1,46.9,298
2019-04-11,Kevin Pillar,fly_ball,104.6,24.5,414
2019-04-11,Kolten Wong,fly_ball,82.6,39.2,260
2019-04-11,Enrique Hernandez,fly_ball,96.4,50.5,317
2019-04-11,Walker Buehler,fly_ball,104.5,24.2,409
2019-04-11,Matt Wieters,fly_ball,92.4,33,337
2019-04-11,A. J. Pollock,fly_ball,95.6,24.6,369
2019-04-11,Enrique Hernandez,fly_ball,103.6,30.7,403
2019-04-11,Paul DeJong,fly_ball,101.1,30.9,376
2019-04-11,Joc Pederson,fly_ball,84.6,55.5,228
2019-04-11,Jose Martinez,fly_ball,101.6,21,365
2019-04-11,Matt Wieters,fly_ball,93,55,258
2019-04-11,Paul Goldschmidt,fly_ball,99.8,40.8,350
2019-04-11,Freddie Freeman,fly_ball,99.8,30.9,350
2019-04-11,Amed Rosario,fly_ball,101.9,28,401
2019-04-11,Dansby Swanson,fly_ball,95.4,38.6,344
2019-04-11,Michael Conforto,fly_ball,87.8,33.8,313
2019-04-11,Freddie Freeman,fly_ball,92.3,33.4,318
2019-04-11,Jeff McNeil,fly_ball,96.2,27,376
2019-04-11,Ozzie Albies,fly_ball,75.8,35.9,256
2019-04-11,Steven Matz,fly_ball,100.4,33.5,372
2019-04-11,Freddie Freeman,fly_ball,99.2,27.3,396
2019-04-11,Amed Rosario,fly_ball,96.7,38.4,342
2019-04-11,Juan Lagares,fly_ball,90.5,28.8,327
2019-04-11,Freddie Freeman,fly_ball,85.6,30.7,331
2019-04-11,Ozzie Albies,fly_ball,98.4,49.3,299
2019-04-12,Manuel Margot,fly_ball,98.3,44.4,331
2019-04-12,Manny Machado,fly_ball,99,25,383
2019-04-12,Eduardo Escobar,fly_ball,92,28.6,323
2019-04-12,Manuel Margot,fly_ball,94.9,35.8,342
2019-04-12,Christian Walker,fly_ball,104.9,36.2,391
2019-04-12,Nick Ahmed,fly_ball,91.4,34.3,345
2019-04-12,Austin Hedges,fly_ball,105.1,34.9,392
2019-04-12,Franmil Reyes,fly_ball,103.8,40.7,359
2019-04-12,Hunter Renfroe,fly_ball,89.9,50.1,260
2019-04-12,Mookie Betts,fly_ball,99.3,55.3,252
2019-04-12,J. D. Martinez,fly_ball,107,26.7,410
2019-04-12,Renato Nunez,fly_ball,87,32.6,310
2019-04-12,Andrew Benintendi,fly_ball,102.3,29.8,390
2019-04-12,Mookie Betts,fly_ball,101.3,31.3,357
2019-04-12,Xander Bogaerts,fly_ball,106.1,20.8,413
2019-04-12,Jackie Bradley,fly_ball,96.7,39.6,338
2019-04-12,Jesus Sucre,fly_ball,80.4,57.7,190
2019-04-12,J. D. Martinez,fly_ball,74.9,26.2,256
2019-04-12,Joey Rickard,fly_ball,97.4,30.4,386
2019-04-12,Jackie Bradley,fly_ball,99.2,46.2,313
2019-04-12,Christian Vazquez,fly_ball,94.6,40.6,305
2019-04-12,Andrelton Simmons,fly_ball,90.6,55.3,215
2019-04-12,Willson Contreras,fly_ball,109.4,27.7,460
2019-04-12,David Bote,fly_ball,77.8,35,275
2019-04-12,Peter Bourjos,fly_ball,91.9,35.7,341
2019-04-12,Anthony Rizzo,fly_ball,94.2,37.4,345
2019-04-12,Albert Pujols,fly_ball,105.7,25.4,426
2019-04-12,David Bote,fly_ball,96.9,31,417
2019-04-12,Jonathan Lucroy,fly_ball,95.8,34.7,383
2019-04-12,Willson Contreras,fly_ball,108.6,29.2,443
2019-04-12,Zack Cozart,fly_ball,91.2,47.2,280
2019-04-12,Hunter Dozier,fly_ball,75.8,47.8,237
2019-04-12,Lucas Duda,fly_ball,91.6,44.1,308
2019-04-12,Tyler Naquin,fly_ball,109.7,27.7,420
2019-04-12,Brad Miller,fly_ball,98.5,53.4,264
2019-04-12,Chris Owings,fly_ball,94.9,41,333
2019-04-12,Chris Owings,fly_ball,100.7,31.5,408
2019-04-12,Corey Seager,fly_ball,105.1,23.1,396
2019-04-12,A. J. Pollock,fly_ball,96.3,55.5,243
2019-04-12,Cody Bellinger,fly_ball,110,24.6,412
2019-04-12,Yasmani Grandal,fly_ball,91.7,44.8,295
2019-04-12,Hernan Perez,fly_ball,98.3,33.1,386
2019-04-12,Lorenzo Cain,fly_ball,75.2,36.8,251
2019-04-12,Enrique Hernandez,fly_ball,78.7,33.5,292
2019-04-12,Joc Pederson,fly_ball,102.6,26.5,410
2019-04-12,Justin Turner,fly_ball,93.6,35.4,349
2019-04-12,Ryan Braun,fly_ball,91.7,52.8,258
2019-04-12,Yasmani Grandal,fly_ball,101.3,28.7,401
2019-04-12,Justin Turner,fly_ball,89.9,32.2,331
2019-04-12,Alex Verdugo,fly_ball,87.3,50.1,250
2019-04-12,Hernan Perez,fly_ball,73.5,43.4,229
2019-04-12,Chris Taylor,fly_ball,73.4,26,251
2019-04-12,Jesus Aguilar,fly_ball,89.7,50.5,262
2019-04-12,Cody Bellinger,fly_ball,102.5,44.9,329
2019-04-12,Brian Dozier,fly_ball,96.2,43.4,314
2019-04-12,Anthony Rendon,fly_ball,102.1,37.9,364
2019-04-12,Josh Bell,fly_ball,106,28.5,405
2019-04-12,Brian Dozier,fly_ball,100.7,38.9,341
2019-04-12,Anthony Rendon,fly_ball,100.8,27.8,380
2019-04-12,Ryan Zimmerman,fly_ball,100.6,34.4,368
2019-04-12,Pablo Reyes,fly_ball,83.5,49.5,222
2019-04-12,JB Shuck,fly_ball,89.2,29.3,325
2019-04-12,Wilmer Difo,fly_ball,90,31.8,335
2019-04-12,Pablo Reyes,fly_ball,93.4,37.8,315
2019-04-12,Francisco Cervelli,fly_ball,76,30.7,272
2019-04-12,Anthony Rendon,fly_ball,99.5,27.9,363
2019-04-12,Pablo Reyes,fly_ball,83.3,51.9,220
2019-04-12,JB Shuck,fly_ball,96.6,24,370
2019-04-12,Victor Robles,fly_ball,95.7,38.5,305
2019-04-12,Colin Moran,fly_ball,99.1,30.8,397
2019-04-12,Brian Dozier,fly_ball,89.9,47.5,267
2019-04-12,Anthony Rendon,fly_ball,95.9,44.6,311
2019-04-12,Edwin Encarnacion,fly_ball,83.1,30.4,309
2019-04-12,Ryon Healy,fly_ball,86.9,43.5,255
2019-04-12,Tom Murphy,fly_ball,82.5,50.9,221
2019-04-12,Jose Altuve,fly_ball,95.4,33.1,353
2019-04-12,Jay Bruce,fly_ball,87.8,34.9,312
2019-04-12,Tim Beckham,fly_ball,93,38.2,307
2019-04-12,Robinson Chirinos,fly_ball,95.2,50.5,262
2019-04-12,George Springer,fly_ball,74.5,35.2,246
2019-04-12,Tom Murphy,fly_ball,94.5,38,332
2019-04-12,Robinson Chirinos,fly_ball,66.4,29.9,209
2019-04-12,Jose Altuve,fly_ball,104.6,29.4,385
2019-04-12,Michael Brantley,fly_ball,94.3,42.2,306
2019-04-12,Ryon Healy,fly_ball,90.8,36,313
2019-04-12,Yuli Gurriel,fly_ball,101.9,31.3,384
2019-04-12,Tyler White,fly_ball,97.4,44.7,303
2019-04-12,Robinson Chirinos,fly_ball,92.5,39.5,327
2019-04-12,Josh Reddick,fly_ball,86.7,51.1,247
2019-04-12,Tom Murphy,fly_ball,102.9,40.8,360
2019-04-12,Mitch Haniger,fly_ball,101.5,26.4,385
2019-04-12,Edwin Encarnacion,fly_ball,92.2,54.8,231
2019-04-12,Evan Longoria,fly_ball,83.4,30.8,300
2019-04-12,Trevor Story,fly_ball,83.4,31.3,298
2019-04-12,Charlie Blackmon,fly_ball,79.6,33.2,264
2019-04-12,Josh Fuentes,fly_ball,92.9,27.6,333
2019-04-12,Charlie Blackmon,fly_ball,100,32.9,373
2019-04-12,Erik Kratz,fly_ball,100.9,46.1,323
2019-04-12,Ian Desmond,fly_ball,97.4,26.2,345
2019-04-12,Joe Panik,fly_ball,94.6,28.6,372
2019-04-12,Evan Longoria,fly_ball,97.5,35.6,342
2019-04-12,Gerardo Parra,fly_ball,76.3,37.1,264
2019-04-12,Gerardo Parra,fly_ball,94.7,33.2,350
2019-04-12,Steven Duggar,fly_ball,91.4,51.4,273
2019-04-12,Charlie Blackmon,fly_ball,103.2,32.6,377
2019-04-12,Brandon Belt,fly_ball,96.2,27.6,357
2019-04-12,Joe Panik,fly_ball,91.7,31.9,324
2019-04-12,Brandon Belt,fly_ball,106.4,25.8,426
2019-04-12,Kevin Pillar,fly_ball,93.7,26.8,355
2019-04-12,Matt Chapman,fly_ball,83.1,32.4,308
2019-04-12,Chad Pinder,fly_ball,94.2,31.9,366
2019-04-12,Ramon Laureano,fly_ball,94.6,30.7,376
2019-04-12,Delino DeShields,fly_ball,90.5,33.9,341
2019-04-12,Asdrubal Cabrera,fly_ball,97.1,36.1,364
2019-04-12,Isiah Kiner-Falefa,fly_ball,83.7,48.9,252
2019-04-12,Stephen Piscotty,fly_ball,103.2,38.5,380
2019-04-12,Ramon Laureano,fly_ball,96.8,56.5,236
2019-04-12,Elvis Andrus,fly_ball,101.4,27.6,382
2019-04-12,Isiah Kiner-Falefa,fly_ball,89.3,47.6,281
2019-04-12,Patrick Wisdom,fly_ball,102,39.5,363
2019-04-12,Josh Phegley,fly_ball,74,37.1,266
2019-04-12,Delino DeShields,fly_ball,78.1,42.9,258
2019-04-12,Khris Davis,fly_ball,106.2,26.4,426
2019-04-12,Ramon Laureano,fly_ball,68.7,27.7,232
2019-04-12,Austin Meadows,fly_ball,104.8,40.2,368
2019-04-12,Teoscar Hernandez,fly_ball,80.5,45.5,258
2019-04-12,Austin Meadows,fly_ball,110.2,30.8,436
2019-04-12,Lourdes Gurriel,fly_ball,70.5,33.5,238
2019-04-12,Mike Zunino,fly_ball,103.4,38.5,368
2019-04-12,Brandon Lowe,fly_ball,98.5,32.3,385
2019-04-12,Teoscar Hernandez,fly_ball,95.9,27.1,376
2019-04-12,Luke Maile,fly_ball,97.4,28.9,357
2019-04-12,Teoscar Hernandez,fly_ball,70.2,30.8,246
2019-04-12,Mike Zunino,fly_ball,72.4,50.7,202
2019-04-12,Willy Adames,fly_ball,99.6,27.2,385
2019-04-12,Amed Rosario,fly_ball,95.8,44.9,308
2019-04-12,Nick Markakis,fly_ball,87.5,46.8,276
2019-04-12,Brandon Nimmo,fly_ball,105.1,33,400
2019-04-12,Freddie Freeman,fly_ball,97.5,26.7,385
2019-04-12,Ronald Acuna,fly_ball,99.4,27.1,333
2019-04-12,Nick Markakis,fly_ball,87.2,50.2,255
2019-04-12,Dansby Swanson,fly_ball,92.4,35.9,316
2019-04-12,Ender Inciarte,fly_ball,83.7,57,213
2019-04-12,Austin Dean,fly_ball,88.3,41.1,285
2019-04-12,Odubel Herrera,fly_ball,95.1,24.2,373
2019-04-12,Jake Arrieta,fly_ball,84.4,42.5,263
2019-04-12,Neil Walker,fly_ball,84.6,50.1,249
2019-04-12,Jean Segura,fly_ball,93.3,27.8,326
2019-04-12,J. T. Realmuto,fly_ball,70.3,34.7,228
2019-04-12,Cesar Hernandez,fly_ball,77.8,54.4,204
2019-04-12,Maikel Franco,fly_ball,93.7,54.3,255
2019-04-12,Rosell Herrera,fly_ball,93.7,43.6,294
2019-04-12,Rhys Hoskins,fly_ball,95.9,40.8,334
2019-04-12,Cesar Hernandez,fly_ball,92.2,31.4,344
2019-04-12,Austin Dean,fly_ball,90.5,26.1,356
2019-04-12,Andrew McCutchen,fly_ball,101.3,29.4,401
2019-04-12,Eloy Jimenez,fly_ball,69.6,38.4,218
2019-04-12,Jose Rondon,fly_ball,76.3,44.1,225
2019-04-12,Brett Gardner,fly_ball,92.2,45.9,288
2019-04-12,Yoan Moncada,fly_ball,99.8,37.7,379
2019-04-12,Clint Frazier,fly_ball,88,47.4,267
2019-04-12,Tim Anderson,fly_ball,73.9,39.1,237
2019-04-12,Gio Urshela,fly_ball,88.8,51.8,252
2019-04-12,Brett Gardner,fly_ball,96.6,38.8,342
2019-04-12,Eloy Jimenez,fly_ball,108.6,23,425
2019-04-12,Leury Garcia,fly_ball,91.9,36.6,330
2019-04-12,Yonder Alonso,fly_ball,97.7,47.9,307
2019-04-12,Yoan Moncada,fly_ball,86.6,46.8,268
2019-04-12,Eloy Jimenez,fly_ball,111,23.8,446
2019-04-13,Adam Jones,fly_ball,102.3,23.2,423
2019-04-13,Wilmer Flores,fly_ball,87.8,35.2,320
2019-04-13,Christian Walker,fly_ball,98.8,47.1,307
2019-04-13,Fernando Tatis,fly_ball,104.9,31.7,417
2019-04-13,Manuel Margot,fly_ball,83.5,46.6,263
2019-04-13,Franmil Reyes,fly_ball,105.2,39,377
2019-04-13,Adam Jones,fly_ball,94.1,29.2,327
2019-04-13,Ketel Marte,fly_ball,83.1,30.3,314
2019-04-13,Ian Kinsler,fly_ball,80.3,33.8,293
2019-04-13,Franmil Reyes,fly_ball,102.2,30.8,397
2019-04-13,Eric Hosmer,fly_ball,75.8,46.2,217
2019-04-13,Ketel Marte,fly_ball,95.7,32.8,383
2019-04-13,Mookie Betts,fly_ball,97.1,36.7,356
2019-04-13,Christian Vazquez,fly_ball,95.4,29.4,371
2019-04-13,Andrew Benintendi,fly_ball,100.5,34.3,393
2019-04-13,J. D. Martinez,fly_ball,102.6,41.3,347
2019-04-13,Xander Bogaerts,fly_ball,98.8,38.6,351
2019-04-13,Hanser Alberto,fly_ball,76.3,45,239
2019-04-13,Cedric Mullins,fly_ball,92.3,27.3,349
2019-04-13,Andrew Benintendi,fly_ball,99,27.3,384
2019-04-13,Christian Vazquez,fly_ball,93.9,34.2,346
2019-04-13,Mookie Betts,fly_ball,92.9,47.2,289
2019-04-13,Chris Davis,fly_ball,101.2,40.8,373
2019-04-13,Eduardo Nunez,fly_ball,90.7,28.5,336
2019-04-13,Andrelton Simmons,fly_ball,100.5,30.4,394
2019-04-13,Javier Baez,fly_ball,93.4,29.3,350
2019-04-13,Javier Baez,fly_ball,73.2,30.4,235
2019-04-13,Brian Goodwin,fly_ball,84.8,51.2,244
2019-04-13,Kole Calhoun,fly_ball,95.6,33.3,353
2019-04-13,Jonathan Lucroy,fly_ball,74.3,53.2,191
2019-04-13,Peter Bourjos,fly_ball,97.4,28.8,386
2019-04-13,Andrelton Simmons,fly_ball,94.6,46.5,302
2019-04-13,Javier Baez,fly_ball,88.6,30.8,328
2019-04-13,Ben Zobrist,fly_ball,91.5,33.4,339
2019-04-13,Jason Heyward,fly_ball,79.1,46.9,229
2019-04-13,Kevin Plawecki,fly_ball,88.3,34.7,275
2019-04-13,Leonys Martín,fly_ball,88.2,48.6,268
2019-04-13,Chris Owings,fly_ball,103,31.7,405
2019-04-13,Jose Ramirez,fly_ball,99.6,40,343
2019-04-13,Ryan O'Hearn,fly_ball,108.3,32.8,429
2019-04-13,Lucas Duda,fly_ball,81.6,32.1,262
2019-04-13,Adalberto Mondesi,fly_ball,87.2,40.9,288
2019-04-13,Hanley Ramirez,fly_ball,95.4,41.4,305
2019-04-13,Kevin Plawecki,fly_ball,97.2,34,358
2019-04-13,Corey Seager,fly_ball,85.1,31.9,297
2019-04-13,Mike Moustakas,fly_ball,102,30.8,401
2019-04-13,Travis Shaw,fly_ball,91.5,30.6,355
2019-04-13,A. J. Pollock,fly_ball,101.9,46.5,324
2019-04-13,Orlando Arcia,fly_ball,100.2,23.2,399
2019-04-13,Cody Bellinger,fly_ball,106.3,32.2,409
2019-04-13,Lorenzo Cain,fly_ball,92,57.4,235
2019-04-13,Lorenzo Cain,fly_ball,87.1,41.1,280
2019-04-13,Ryan Braun,fly_ball,102.5,44.1,346
2019-04-13,Josh Bell,fly_ball,100.9,29.9,397
2019-04-13,Howie Kendrick,fly_ball,102.8,25.3,394
2019-04-13,Erik Gonzalez,fly_ball,83.4,30.4,307
2019-04-13,Matt Adams,fly_ball,98,29.5,342
2019-04-13,Adam Frazier,fly_ball,86.3,55.5,210
2019-04-13,Starling Marte,fly_ball,103.4,36.6,375
2019-04-13,Adam Eaton,fly_ball,92,39.3,325
2019-04-13,Colin Moran,fly_ball,84.1,50.5,228
2019-04-13,Ryan Zimmerman,fly_ball,96.9,36,339
2019-04-13,Adam Eaton,fly_ball,108.5,22.9,421
2019-04-13,Howie Kendrick,fly_ball,108.8,29.8,435
2019-04-13,Anthony Rendon,fly_ball,95.4,38.8,348
2019-04-13,Adam Frazier,fly_ball,81.4,48.3,242
2019-04-13,Carlos Correa,fly_ball,95.5,49.9,278
2019-04-13,Josh Reddick,fly_ball,94,35.4,316
2019-04-13,Robinson Chirinos,fly_ball,103.5,36.5,384
2019-04-13,Dee Gordon,fly_ball,88.2,33.5,319
2019-04-13,Mitch Haniger,fly_ball,102.7,25.7,403
2019-04-13,Jose Altuve,fly_ball,102.7,30.4,411
2019-04-13,Ryon Healy,fly_ball,100.8,31.3,374
2019-04-13,Dee Gordon,fly_ball,93.7,43.6,299
2019-04-13,Robinson Chirinos,fly_ball,96.9,44,299
2019-04-13,Jay Bruce,fly_ball,82.5,49.5,217
2019-04-13,Tim Beckham,fly_ball,97,27.2,355
2019-04-13,Garrett Hampson,fly_ball,88.4,42.7,283
2019-04-13,Nolan Arenado,fly_ball,74.3,28.4,259
2019-04-13,Kevin Pillar,fly_ball,93.7,24.3,370
2019-04-13,Nolan Arenado,fly_ball,74,34.8,251
2019-04-13,Joe Panik,fly_ball,87,54.5,235
2019-04-13,Ian Desmond,fly_ball,74.6,57.9,179
2019-04-13,Kevin Pillar,fly_ball,103.5,26.3,405
2019-04-13,Evan Longoria,fly_ball,99,31.7,369
2019-04-13,Mark Reynolds,fly_ball,98.5,28.9,367
2019-04-13,Gerardo Parra,fly_ball,97.7,33.8,349
2019-04-13,Steven Duggar,fly_ball,90.3,39.2,317
2019-04-13,Austin Meadows,fly_ball,71.1,35.4,239
2019-04-13,Avisail Garcia,fly_ball,94.6,26.7,321
2019-04-13,Avisail Garcia,fly_ball,107.4,41.4,370
2019-04-13,Mike Zunino,fly_ball,100.9,43,339
2019-04-13,Tommy Pham,fly_ball,91.7,28.1,344
2019-04-13,Lourdes Gurriel,fly_ball,104.1,23.9,405
2019-04-13,Mike Zunino,fly_ball,76.6,36,242
2019-04-13,Christin Stewart,fly_ball,87.6,41.5,298
2019-04-13,John Hicks,fly_ball,92.6,50.2,265
2019-04-13,Jeimer Candelario,fly_ball,74.2,25.4,244
2019-04-13,Jorge Polanco,fly_ball,97,41.1,313
2019-04-13,C. J. Cron,fly_ball,96.4,38.8,332
2019-04-13,Christin Stewart,fly_ball,106.6,28.1,409
2019-04-13,Dustin Peterson,fly_ball,94.5,33.4,316
2019-04-13,Eddie Rosario,fly_ball,105.4,31.4,390
2019-04-13,Michael Conforto,fly_ball,94.5,34.4,338
2019-04-13,Freddie Freeman,fly_ball,93.6,33.6,361
2019-04-13,Corey Oswalt,fly_ball,89,31.1,341
2019-04-13,Pete Alonso,fly_ball,95.7,29.6,387
2019-04-13,J. D. Davis,fly_ball,95.3,44.8,313
2019-04-13,Josh Donaldson,fly_ball,101,27.1,381
2019-04-13,Travis d'Arnaud,fly_ball,91.3,43.8,311
2019-04-13,Touki Toussaint,fly_ball,78.6,54.8,212
2019-04-13,Freddie Freeman,fly_ball,86.8,48,280
2019-04-13,Ronald Acuna,fly_ball,79.1,34.4,287
2019-04-13,Nick Markakis,fly_ball,108.2,25,418
2019-04-13,Pete Alonso,fly_ball,79.2,30.1,288
2019-04-13,Amed Rosario,fly_ball,86.5,30.3,338
2019-04-13,Freddie Freeman,fly_ball,66.2,26,199
2019-04-13,Ronald Acuna,fly_ball,79.7,39.2,277
2019-04-13,Nick Markakis,fly_ball,84.8,51.4,235
2019-04-13,Dansby Swanson,fly_ball,71.7,31.7,229
2019-04-13,Alex Jackson,fly_ball,80,35.8,281
2019-04-13,Michael Conforto,fly_ball,88.3,32.6,324
2019-04-13,Josh Donaldson,fly_ball,106.3,32.1,397
2019-04-13,Jean Segura,fly_ball,87.4,49.2,256
2019-04-13,Curtis Granderson,fly_ball,91.1,31.4,331
2019-04-13,Brian Anderson,fly_ball,104.6,28,435
2019-04-13,Neil Walker,fly_ball,102.3,32.6,410
2019-04-13,Starlin Castro,fly_ball,95.1,33.5,340
2019-04-13,Miguel Rojas,fly_ball,71.8,39,242
2019-04-13,Austin Dean,fly_ball,105.8,20.7,406
2019-04-13,Caleb Smith,fly_ball,82,44.9,260
2019-04-13,Neil Walker,fly_ball,96.9,43.6,336
2019-04-13,Cesar Hernandez,fly_ball,88.7,34.7,330
2019-04-13,Miguel Rojas,fly_ball,99.6,23.6,392
2019-04-13,Jean Segura,fly_ball,91.3,42.2,300
2019-04-13,Curtis Granderson,fly_ball,98.4,28.7,345
2019-04-13,Brian Anderson,fly_ball,88.8,40.5,289
2019-04-13,Rosell Herrera,fly_ball,81.7,48.5,234
2019-04-13,Nick Williams,fly_ball,82,40.5,280
2019-04-13,Brian Anderson,fly_ball,97.6,31.6,357
2019-04-13,Chad Wallach,fly_ball,86.4,42.9,269
2019-04-13,Aaron Judge,fly_ball,78.6,39,249
2019-04-13,Adam Engel,fly_ball,69.7,33.6,239
2019-04-13,Leury Garcia,fly_ball,100.7,33.5,385
2019-04-13,Tim Anderson,fly_ball,73.4,29.4,241
2019-04-13,Eloy Jimenez,fly_ball,97.8,34.2,371
2019-04-13,José Abreu,fly_ball,97.1,42.5,316
2019-04-13,Aaron Judge,fly_ball,101.6,29.6,335
2019-04-13,Greg Bird,fly_ball,96.4,34.7,353
2019-04-14,Christian Walker,fly_ball,83.9,48.5,245
2019-04-14,Luis Urias,fly_ball,82.5,48.6,252
2019-04-14,Manuel Margot,fly_ball,82.7,31.4,301
2019-04-14,Zack Greinke,fly_ball,71.2,36.3,246
2019-04-14,Ketel Marte,fly_ball,91.9,32.4,365
2019-04-14,Christian Walker,fly_ball,99,24.6,366
2019-04-14,Nick Ahmed,fly_ball,95.4,27.2,364
2019-04-14,Fernando Tatis,fly_ball,98.2,28.4,377
2019-04-14,Luis Urias,fly_ball,90.8,38,328
2019-04-14,Zack Greinke,fly_ball,84.5,31.5,280
2019-04-14,Manuel Margot,fly_ball,89.1,31.5,347
2019-04-14,Eduardo Escobar,fly_ball,73.2,34.7,248
2019-04-14,David Peralta,fly_ball,98.1,33.9,368
2019-04-14,Tim Locastro,fly_ball,69.1,25.5,221
2019-04-14,Ketel Marte,fly_ball,102,41.3,348
2019-04-14,Hanser Alberto,fly_ball,88.1,46.3,278
2019-04-14,Jesus Sucre,fly_ball,92.7,36.7,306
2019-04-14,Dustin Pedroia,fly_ball,85.2,33.6,279
2019-04-14,Mookie Betts,fly_ball,95.1,35.2,351
2019-04-14,J. D. Martinez,fly_ball,88.4,29.6,319
2019-04-14,Xander Bogaerts,fly_ball,100,24.7,370
2019-04-14,Christian Vazquez,fly_ball,83.1,34.5,295
2019-04-14,Richie Martin,fly_ball,100,22.3,363
2019-04-14,Renato Nunez,fly_ball,80.6,38.1,270
2019-04-14,Cedric Mullins,fly_ball,103.7,23.1,396
2019-04-14,Xander Bogaerts,fly_ball,108.4,21.2,418
2019-04-14,Eduardo Nunez,fly_ball,90.6,46.7,274
2019-04-14,Leonys Martín,fly_ball,104.3,30.9,413
2019-04-14,Jose Ramirez,fly_ball,85.8,33.3,326
2019-04-14,Carlos Santana,fly_ball,105.7,20.5,412
2019-04-14,Roberto Perez,fly_ball,86.8,44.5,279
2019-04-14,Brad Miller,fly_ball,89.7,48.3,249
2019-04-14,Lucas Duda,fly_ball,100.4,30,384
2019-04-14,Cam Gallagher,fly_ball,81.9,39.9,276
2019-04-14,Whit Merrifield,fly_ball,98.5,33.5,366
2019-04-14,Adalberto Mondesi,fly_ball,81.6,32.5,300
2019-04-14,Carlos Gonzalez,fly_ball,102.9,28.3,401
2019-04-14,Whit Merrifield,fly_ball,93.7,35.4,339
2019-04-14,Roberto Perez,fly_ball,99.8,30.2,382
2019-04-14,Adalberto Mondesi,fly_ball,100.7,34.2,383
2019-04-14,Jorge Soler,fly_ball,97.3,37.7,341
2019-04-14,Alex Gordon,fly_ball,92.3,31.2,336
2019-04-14,Jorge Soler,fly_ball,106.9,29.1,420
2019-04-14,Ryan O'Hearn,fly_ball,86.7,41,290
2019-04-14,Lucas Duda,fly_ball,81.6,49,241
2019-04-14,Eric Stamets,fly_ball,98,37.2,365
2019-04-14,Jose Ramirez,fly_ball,80.2,53.1,223
2019-04-14,Lorenzo Cain,fly_ball,95.7,46.9,303
2019-04-14,Corey Seager,fly_ball,96.7,50.2,307
2019-04-14,Ben Gamel,fly_ball,102.3,41.5,344
2019-04-14,Joc Pederson,fly_ball,102.4,42.8,362
2019-04-14,Corey Seager,fly_ball,80.6,35.1,286
2019-04-14,Joc Pederson,fly_ball,79.6,50.2,229
2019-04-14,Orlando Arcia,fly_ball,87.2,42.8,275
2019-04-14,Alex Verdugo,fly_ball,100.3,22,388
2019-04-14,Corey Seager,fly_ball,96.1,25.4,342
2019-04-14,Eric Thames,fly_ball,105.3,44,343
2019-04-14,Corey Seager,fly_ball,82.2,36.4,292
2019-04-14,Travis Shaw,fly_ball,74.9,43.7,257
2019-04-14,Melky Cabrera,fly_ball,85.4,47.8,255
2019-04-14,Anthony Rendon,fly_ball,95.5,38.1,332
2019-04-14,Jameson Taillon,fly_ball,81,44,242
2019-04-14,Yan Gomes,fly_ball,95.7,36.9,351
2019-04-14,Michael Taylor,fly_ball,99.5,23.3,384
2019-04-14,Ryan Zimmerman,fly_ball,89.9,53,246
2019-04-14,Melky Cabrera,fly_ball,82.3,57.5,195
2019-04-14,Colin Moran,fly_ball,101.5,41.9,349
2019-04-14,Adam Eaton,fly_ball,93.1,28,348
2019-04-14,Yan Gomes,fly_ball,94.3,30,367
2019-04-14,Jason Martin,fly_ball,94.7,25.3,361
2019-04-14,Victor Robles,fly_ball,73,25.5,243
2019-04-14,Anthony Rendon,fly_ball,85.2,47.4,248
2019-04-14,Jose Altuve,fly_ball,101.5,48.8,288
2019-04-14,Mitch Haniger,fly_ball,100.8,30.7,396
2019-04-14,Tim Beckham,fly_ball,68.2,27.6,229
2019-04-14,George Springer,fly_ball,102.2,47.2,316
2019-04-14,Dee Gordon,fly_ball,89.9,58,207
2019-04-14,Mitch Haniger,fly_ball,77.8,34.6,284
2019-04-14,Carlos Correa,fly_ball,92.9,29.4,355
2019-04-14,Jay Bruce,fly_ball,80,39.4,259
2019-04-14,Aledmys Díaz,fly_ball,99.8,32.2,374
2019-04-14,Dee Gordon,fly_ball,74.8,35.6,248
2019-04-14,Alex Bregman,fly_ball,67.7,44,193
2019-04-14,Max Stassi,fly_ball,93.6,28.5,330
2019-04-14,Omar Narvaez,fly_ball,96,36.5,341
2019-04-14,Garrett Hampson,fly_ball,97.7,38.5,335
2019-04-14,Tony Wolters,fly_ball,80.1,33.1,242
2019-04-14,Nolan Arenado,fly_ball,102.7,31,409
2019-04-14,Pat Valaika,fly_ball,98.1,40.9,336
2019-04-14,Gerardo Parra,fly_ball,91.3,34.2,313
2019-04-14,Buster Posey,fly_ball,79.6,36.1,255
2019-04-14,Yangervis Solarte,fly_ball,86.9,29.5,303
2019-04-14,Matt Chapman,fly_ball,77.2,29.8,280
2019-04-14,Khris Davis,fly_ball,100.2,29.1,357
2019-04-14,Stephen Piscotty,fly_ball,105.8,34.3,397
2019-04-14,Matt Chapman,fly_ball,109.9,29.4,431
2019-04-14,Asdrubal Cabrera,fly_ball,88,31,338
2019-04-14,Elvis Andrus,fly_ball,98.7,23.3,386
2019-04-14,Kendrys Morales,fly_ball,95.8,49.4,282
2019-04-14,Willy Adames,fly_ball,105.3,34.8,394
2019-04-14,Billy McKinney,fly_ball,66.7,39.1,205
2019-04-14,Freddy Galvis,fly_ball,97.1,43,319
2019-04-14,Freddy Galvis,fly_ball,100.6,23.8,416
2019-04-14,Brandon Lowe,fly_ball,92.5,30.5,331
2019-04-14,Kevin Kiermaier,fly_ball,107.9,21.4,409
2019-04-14,Socrates Brito,fly_ball,90.8,47.5,284
2019-04-14,Billy McKinney,fly_ball,101.2,27.2,402
2019-04-14,Nelson Cruz,fly_ball,73.3,25.5,230
2019-04-14,Gordon Beckham,fly_ball,102.4,30.2,409
2019-04-14,Max Kepler,fly_ball,87.9,36.2,305
2019-04-14,Jorge Polanco,fly_ball,99.5,46.5,317
2019-04-14,Christin Stewart,fly_ball,104.9,24,406
2019-04-14,Jeimer Candelario,fly_ball,90.6,37.7,308
2019-04-14,Marwin Gonzalez,fly_ball,94.8,34.2,353
2019-04-14,Jorge Polanco,fly_ball,68.9,33.2,215
2019-04-14,Gordon Beckham,fly_ball,93.6,34.8,333
2019-04-14,Eddie Rosario,fly_ball,99.9,28.3,392
2019-04-14,Marwin Gonzalez,fly_ball,89.2,45.9,273
2019-04-14,Byron Buxton,fly_ball,101.2,43.3,328
2019-04-14,Ozzie Albies,fly_ball,92.8,50.8,286
2019-04-14,Nick Markakis,fly_ball,97.9,25.5,377
2019-04-14,Michael Conforto,fly_ball,92.2,31.9,368
2019-04-14,Ozzie Albies,fly_ball,99.6,24.7,399
2019-04-14,Robinson Cano,fly_ball,84.9,33.5,294
2019-04-14,Michael Conforto,fly_ball,92.3,57.1,219
2019-04-14,Charlie Culberson,fly_ball,101.1,26.9,378
2019-04-14,Keon Broxton,fly_ball,81.6,31.7,269
2019-04-14,Tyler Flowers,fly_ball,89.1,33.6,343
2019-04-14,Dansby Swanson,fly_ball,98.5,49.5,292
2019-04-14,Dominic Smith,fly_ball,97.7,49.2,290
2019-04-14,Freddie Freeman,fly_ball,88.6,47.5,275
2019-04-14,Starlin Castro,fly_ball,85.6,35,285
2019-04-14,Jean Segura,fly_ball,101,32.6,367
2019-04-14,Lewis Brinson,fly_ball,91.8,45.9,291
2019-04-14,Austin Dean,fly_ball,83.9,45.1,265
2019-04-14,JT Riddle,fly_ball,94.5,32.2,346
2019-04-14,Brian Anderson,fly_ball,101.4,36.3,380
2019-04-14,JT Riddle,fly_ball,88.3,38.1,319
2019-04-14,Rhys Hoskins,fly_ball,86.8,45.8,277
2019-04-14,JT Riddle,fly_ball,88,36.1,330
2019-04-14,Bryce Harper,fly_ball,82.3,43.2,262
2019-04-14,Rhys Hoskins,fly_ball,93.4,47.6,285
2019-04-14,Chad Wallach,fly_ball,104.3,36,365
2019-04-14,Miguel Rojas,fly_ball,77.1,31.3,281
2019-04-14,Cesar Hernandez,fly_ball,94.7,40.1,324
2019-04-14,Scott Kingery,fly_ball,84.8,48.3,254
2019-04-14,Andrew McCutchen,fly_ball,102.6,48,328
2019-04-14,Odubel Herrera,fly_ball,103,36.8,369
2019-04-14,Andrew McCutchen,fly_ball,98.8,27,393
2019-04-14,Jean Segura,fly_ball,97.5,31,376
2019-04-14,Brett Gardner,fly_ball,90.2,41.5,293
2019-04-14,Kyle Higashioka,fly_ball,80.9,53,229
2019-04-14,Tim Anderson,fly_ball,99.8,23,373
2019-04-14,James McCann,fly_ball,84.9,45,256
2019-04-14,Kyle Higashioka,fly_ball,94.1,46.9,299
2019-04-14,José Abreu,fly_ball,100.2,24,351
2019-04-14,Tim Anderson,fly_ball,71.4,49.9,199
2019-04-14,Mike Tauchman,fly_ball,98.2,48.3,311
2019-04-15,Xander Bogaerts,fly_ball,98.1,53.3,282
2019-04-15,Rio Ruiz,fly_ball,101.3,36.9,376
2019-04-15,Dustin Pedroia,fly_ball,86.3,48.8,284
2019-04-15,Cedric Mullins,fly_ball,67.2,40.8,213
2019-04-15,Dustin Pedroia,fly_ball,92.2,27.6,345
2019-04-15,Mitch Moreland,fly_ball,85.3,30.2,334
2019-04-15,Chris Davis,fly_ball,108.1,28,408
2019-04-15,Xander Bogaerts,fly_ball,95.3,54.7,245
2019-04-15,Corey Seager,fly_ball,90.9,28.6,334
2019-04-15,Luis Castillo,fly_ball,70.6,25.1,215
2019-04-15,Jose Peraza,fly_ball,89.9,34.6,304
2019-04-15,José Iglesias,fly_ball,94.4,58.5,229
2019-04-15,Yasiel Puig,fly_ball,95.7,38.1,331
2019-04-15,Joc Pederson,fly_ball,99.2,30.7,384
2019-04-15,Nolan Arenado,fly_ball,103,43.4,340
2019-04-15,Drew Butera,fly_ball,87.8,56.8,223
2019-04-15,Manuel Margot,fly_ball,81.2,31.6,288
2019-04-15,Drew Butera,fly_ball,74.2,33.4,262
2019-04-15,Raimel Tapia,fly_ball,86.7,34.7,291
2019-04-15,Ian Desmond,fly_ball,98.5,30.2,381
2019-04-15,Fernando Tatis,fly_ball,98.5,38.7,336
2019-04-15,Manuel Margot,fly_ball,84.8,42.6,271
2019-04-15,Franmil Reyes,fly_ball,96.2,52.7,261
2019-04-15,Wil Myers,fly_ball,110.2,28.8,428
2019-04-15,Leonys Martín,fly_ball,86.7,46.7,275
2019-04-15,Jose Ramirez,fly_ball,105.3,33.2,401
2019-04-15,Dan Vogelbach,fly_ball,80.5,39.4,270
2019-04-15,Leonys Martín,fly_ball,91.8,39.4,312
2019-04-15,Mallex Smith,fly_ball,89.7,56.1,227
2019-04-15,Tim Beckham,fly_ball,95,24.2,367
2019-04-15,Edwin Encarnacion,fly_ball,109.3,22.2,429
2019-04-15,Omar Narvaez,fly_ball,100.3,40.8,363
2019-04-15,Mallex Smith,fly_ball,89.2,45.7,285
2019-04-15,Brian Goodwin,fly_ball,103.9,31.5,420
2019-04-15,Danny Santana,fly_ball,71.6,37.7,241
2019-04-15,Tommy La Stella,fly_ball,91.7,53.1,261
2019-04-15,Zack Cozart,fly_ball,88.2,34.5,314
2019-04-15,Brian Goodwin,fly_ball,88.8,50.6,264
2019-04-15,Kevan Smith,fly_ball,102.7,36.8,372
2019-04-15,Shin-Soo Choo,fly_ball,106.8,35.2,416
2019-04-15,Asdrubal Cabrera,fly_ball,96.7,35.4,348
2019-04-15,Kole Calhoun,fly_ball,101.1,41.9,350
2019-04-15,Danny Santana,fly_ball,101,34.1,390
2019-04-15,Kole Calhoun,fly_ball,94.5,55,257
2019-04-15,Albert Pujols,fly_ball,100.9,25.7,384
2019-04-15,David Fletcher,fly_ball,97.3,31.6,368
2019-04-15,Kole Calhoun,fly_ball,101.1,28.3,422
2019-04-15,Asdrubal Cabrera,fly_ball,91.7,40.2,328
2019-04-15,Shin-Soo Choo,fly_ball,96.3,29.6,358
2019-04-15,Andrelton Simmons,fly_ball,93.8,28.1,362
2019-04-15,Billy McKinney,fly_ball,103.6,22.1,400
2019-04-15,Teoscar Hernandez,fly_ball,99.7,37.3,356
2019-04-15,Eddie Rosario,fly_ball,95.7,48.4,279
2019-04-15,C. J. Cron,fly_ball,102.6,34.3,384
2019-04-15,C. J. Cron,fly_ball,104.9,28.2,418
2019-04-15,Willians Astudillo,fly_ball,97.5,36.6,366
2019-04-15,Eddie Rosario,fly_ball,87.8,38.2,302
2019-04-15,Alen Hanson,fly_ball,78.2,38,262
2019-04-15,Randal Grichuk,fly_ball,102.7,26,375
2019-04-15,Teoscar Hernandez,fly_ball,109.7,33.6,405
2019-04-15,Luke Maile,fly_ball,101.8,34.3,383
2019-04-15,Freddy Galvis,fly_ball,100.8,29.1,385
2019-04-15,Michael Conforto,fly_ball,78.5,47.5,248
2019-04-15,Andrew McCutchen,fly_ball,96.5,29.3,326
2019-04-15,Cesar Hernandez,fly_ball,66.3,25.4,179
2019-04-15,Maikel Franco,fly_ball,106.6,30.6,430
2019-04-15,J. D. Davis,fly_ball,103.6,31.3,384
2019-04-15,Brandon Nimmo,fly_ball,97.5,34.9,348
2019-04-15,Maikel Franco,fly_ball,88.8,51.1,247
2019-04-15,Jean Segura,fly_ball,94.9,43.2,297
2019-04-15,J. T. Realmuto,fly_ball,90.3,35.3,315
2019-04-15,Hunter Dozier,fly_ball,102.2,28.1,421
2019-04-15,Ryan O'Hearn,fly_ball,100.4,39.1,343
2019-04-15,Chris Owings,fly_ball,106.9,22,393
2019-04-15,Whit Merrifield,fly_ball,77.3,32.4,281
2019-04-15,Eloy Jimenez,fly_ball,97,26.5,362
2019-04-15,Alex Gordon,fly_ball,91.1,36.8,323
2019-04-15,Whit Merrifield,fly_ball,88.5,49.9,269
2019-04-15,Yonder Alonso,fly_ball,83.4,33.3,294
2019-04-15,Yonder Alonso,fly_ball,80.5,39.5,267
2019-04-15,Welington Castillo,fly_ball,96.1,50.4,256
2019-04-15,Whit Merrifield,fly_ball,83,29.7,276
2019-04-15,Adalberto Mondesi,fly_ball,81.9,29.1,306
2019-04-15,Lucas Duda,fly_ball,96.2,25.3,344
2019-04-15,Welington Castillo,fly_ball,100.1,28.7,359
2019-04-15,Ben Zobrist,fly_ball,96.4,43.2,317
2019-04-15,Curtis Granderson,fly_ball,92.5,33.2,373
2019-04-15,Kris Bryant,fly_ball,94.4,34.8,351
2019-04-15,Miguel Rojas,fly_ball,90.2,41.1,298
2019-04-15,Yu Darvish,fly_ball,89.8,25.9,329
2019-04-15,Chad Wallach,fly_ball,105.1,32.2,405
2019-04-15,Ben Zobrist,fly_ball,101.1,31.1,382
2019-04-15,Anthony Rizzo,fly_ball,98.7,30.1,355
2019-04-15,Javier Baez,fly_ball,83.8,52.4,207
2019-04-15,Albert Almora,fly_ball,93.9,48.9,291
2019-04-15,Javier Baez,fly_ball,91.4,41,308
2019-04-15,Willson Contreras,fly_ball,105,28.8,420
2019-04-15,Jason Heyward,fly_ball,79.3,43.1,266
2019-04-15,JT Riddle,fly_ball,85.2,51.8,230
2019-04-15,Matt Carpenter,fly_ball,89.5,59.6,220
2019-04-15,Paul Goldschmidt,fly_ball,107.2,27.2,443
2019-04-15,Paul DeJong,fly_ball,109.7,23.4,462
2019-04-15,Yadier Molina,fly_ball,86,30.6,330
2019-04-15,Matt Carpenter,fly_ball,98.3,34.7,366
2019-04-15,Eric Thames,fly_ball,102.3,52.8,286
2019-04-15,Paul DeJong,fly_ball,86.1,45.9,268
2019-04-15,Orlando Arcia,fly_ball,93.1,50.6,265
2019-04-15,Christian Yelich,fly_ball,105.8,39.2,380
2019-04-15,Dexter Fowler,fly_ball,72.2,36.5,243
2019-04-15,Christian Yelich,fly_ball,101.1,32.8,388
2019-04-15,Travis Shaw,fly_ball,96.2,27.3,329
2019-04-15,Marcell Ozuna,fly_ball,108,30,419
2019-04-16,Josh Harrison,fly_ball,90.1,29.3,318
2019-04-16,Miguel Cabrera,fly_ball,101.7,30.2,390
2019-04-16,Josh Bell,fly_ball,105.3,29.8,411
2019-04-16,Christin Stewart,fly_ball,77.5,38.3,265
2019-04-16,Francisco Cervelli,fly_ball,74.6,34.7,268
2019-04-16,Josh Harrison,fly_ball,79.5,45.2,239
2019-04-16,Jung Ho Kang,fly_ball,108.7,29.3,399
2019-04-16,Josh Harrison,fly_ball,89,32.5,297
2019-04-16,Erik Gonzalez,fly_ball,90.1,25.5,328
2019-04-16,Francisco Cervelli,fly_ball,98.3,39.6,323
2019-04-16,Josh Harrison,fly_ball,80.3,44.9,244
2019-04-16,Starling Marte,fly_ball,108.6,32.1,406
2019-04-16,Eugenio Suarez,fly_ball,84.3,52.5,224
2019-04-16,Joc Pederson,fly_ball,101.3,40,344
2019-04-16,Max Muncy,fly_ball,97.6,52.9,263
2019-04-16,Yasiel Puig,fly_ball,77.7,38,257
2019-04-16,Jose Peraza,fly_ball,70.1,33.1,222
2019-04-16,Joc Pederson,fly_ball,104.1,21,395
2019-04-16,Jesse Winker,fly_ball,86.3,29.2,328
2019-04-16,Jose Peraza,fly_ball,91,49.1,268
2019-04-16,Kenta Maeda,fly_ball,79.1,33.9,274
2019-04-16,Corey Seager,fly_ball,101.4,26.2,361
2019-04-16,Derek Dietrich,fly_ball,73.2,39.3,250
2019-04-16,Yasiel Puig,fly_ball,89.8,46.5,278
2019-04-16,Chris Taylor,fly_ball,87,32.5,303
2019-04-16,Matt Kemp,fly_ball,91,51.8,255
2019-04-16,Evan Longoria,fly_ball,89.4,40.4,288
2019-04-16,Victor Robles,fly_ball,82.6,55.1,215
2019-04-16,Adam Eaton,fly_ball,80,55.9,211
2019-04-16,Anthony Rendon,fly_ball,99.4,43.9,324
2019-04-16,Evan Longoria,fly_ball,104,26.6,398
2019-04-16,Steven Duggar,fly_ball,102.4,23.2,388
2019-04-16,Joe Panik,fly_ball,93.8,25.3,363
2019-04-16,Adam Eaton,fly_ball,76.6,36.9,259
2019-04-16,Howie Kendrick,fly_ball,96.6,40.6,325
2019-04-16,Alex Bregman,fly_ball,84.6,35.3,296
2019-04-16,Josh Reddick,fly_ball,102.8,29.2,380
2019-04-16,Tyler White,fly_ball,76.2,37.9,265
2019-04-16,Robinson Chirinos,fly_ball,82.1,39.2,284
2019-04-16,Michael Brantley,fly_ball,86.2,37.1,291
2019-04-16,Josh Reddick,fly_ball,78.4,36.1,257
2019-04-16,Alex Bregman,fly_ball,100.2,30.9,386
2019-04-16,Kendrys Morales,fly_ball,78.2,42.5,238
2019-04-16,Robinson Chirinos,fly_ball,90.9,36.4,300
2019-04-16,Kendrys Morales,fly_ball,85.2,31,302
2019-04-16,Tony Kemp,fly_ball,91.2,35.2,333
2019-04-16,Jurickson Profar,fly_ball,74.4,27.1,255
2019-04-16,Robinson Chirinos,fly_ball,95.8,45,296
2019-04-16,Kendrys Morales,fly_ball,100.3,27.2,353
2019-04-16,Charlie Blackmon,fly_ball,100.8,41.8,342
2019-04-16,Nolan Arenado,fly_ball,100.4,32.2,400
2019-04-16,Pat Valaika,fly_ball,78,34.7,265
2019-04-16,Francisco Mejia,fly_ball,97,31.5,340
2019-04-16,Manuel Margot,fly_ball,87.9,49.6,247
2019-04-16,Wil Myers,fly_ball,104.1,25.7,392
2019-04-16,Manny Machado,fly_ball,93.9,30.2,317
2019-04-16,Garrett Hampson,fly_ball,95.6,31.8,364
2019-04-16,Trevor Story,fly_ball,71.7,44,224
2019-04-16,Eric Hosmer,fly_ball,79.7,33.5,270
2019-04-16,Mark Reynolds,fly_ball,99.1,35.5,339
2019-04-16,Mitch Haniger,fly_ball,97,35.4,359
2019-04-16,Hanley Ramirez,fly_ball,92.4,27.5,325
2019-04-16,Tyler Naquin,fly_ball,97.5,32.5,336
2019-04-16,Edwin Encarnacion,fly_ball,77.7,48.6,226
2019-04-16,Jay Bruce,fly_ball,103.2,41.3,347
2019-04-16,Jake Bauers,fly_ball,93.2,33.4,338
2019-04-16,Mitch Haniger,fly_ball,79.9,52,227
2019-04-16,Jose Ramirez,fly_ball,103.4,36.7,379
2019-04-16,Jay Bruce,fly_ball,76.3,34.1,271
2019-04-16,Ryon Healy,fly_ball,97.8,38.3,344
2019-04-16,Kevin Plawecki,fly_ball,87.1,44.4,281
2019-04-16,Leonys Martín,fly_ball,97.9,23,367
2019-04-16,Jose Ramirez,fly_ball,87.4,35.1,310
2019-04-16,Jay Bruce,fly_ball,105.6,26.5,437
2019-04-16,Dee Gordon,fly_ball,73.2,28,254
2019-04-16,Ji-Man Choi,fly_ball,88.1,27,345
2019-04-16,Cedric Mullins,fly_ball,88.3,37.4,304
2019-04-16,Avisail Garcia,fly_ball,84.6,49.5,255
2019-04-16,Kevin Kiermaier,fly_ball,80.1,47.5,242
2019-04-16,Rio Ruiz,fly_ball,83.9,43.5,268
2019-04-16,Hanser Alberto,fly_ball,91.5,36,337
2019-04-16,Yandy Díaz,fly_ball,84.3,37.6,287
2019-04-16,Avisail Garcia,fly_ball,105.1,23.8,428
2019-04-16,Kevin Kiermaier,fly_ball,99.2,48.1,298
2019-04-16,Jesus Sucre,fly_ball,94.7,30.5,361
2019-04-16,Asdrubal Cabrera,fly_ball,92.9,35.5,333
2019-04-16,Logan Forsythe,fly_ball,71.8,30.4,243
2019-04-16,Jeff Mathis,fly_ball,97.5,40.7,333
2019-04-16,Elvis Andrus,fly_ball,78.7,42.6,261
2019-04-16,Albert Pujols,fly_ball,88.7,47.5,261
2019-04-16,Kole Calhoun,fly_ball,95.3,38.3,332
2019-04-16,Asdrubal Cabrera,fly_ball,95.4,28.2,363
2019-04-16,Peter Bourjos,fly_ball,90,52.3,267
2019-04-16,Shin-Soo Choo,fly_ball,99.4,42.1,345
2019-04-16,Joey Gallo,fly_ball,110.3,32.1,439
2019-04-16,Jeff Mathis,fly_ball,68.7,45,222
2019-04-16,Shin-Soo Choo,fly_ball,100.9,36,371
2019-04-16,Zack Cozart,fly_ball,86.4,45.3,282
2019-04-16,Danny Santana,fly_ball,96.7,30,395
2019-04-16,David Fletcher,fly_ball,82,45.6,260
2019-04-16,Randal Grichuk,fly_ball,97.2,40.6,322
2019-04-16,Jorge Polanco,fly_ball,95,35.4,330
2019-04-16,Justin Smoak,fly_ball,101.7,32.5,380
2019-04-16,Rowdy Tellez,fly_ball,99.2,41.7,344
2019-04-16,Eric Sogard,fly_ball,95.3,30.1,367
2019-04-16,Jorge Polanco,fly_ball,108.1,30.3,412
2019-04-16,Teoscar Hernandez,fly_ball,90.3,48,269
2019-04-16,Socrates Brito,fly_ball,99.1,33.8,349
2019-04-16,Eddie Rosario,fly_ball,107.8,32,421
2019-04-16,Max Kepler,fly_ball,80.6,43.3,255
2019-04-16,Justin Smoak,fly_ball,88.4,26.9,335
2019-04-16,Marwin Gonzalez,fly_ball,107.7,27.8,437
2019-04-16,Robinson Cano,fly_ball,102.2,32.5,378
2019-04-16,J. T. Realmuto,fly_ball,90.3,26.1,332
2019-04-16,Scott Kingery,fly_ball,100.2,29.3,374
2019-04-16,Maikel Franco,fly_ball,107.5,21.6,420
2019-04-16,Wilson Ramos,fly_ball,104.6,23.7,360
2019-04-16,Michael Conforto,fly_ball,102.3,31.8,380
2019-04-16,Andrew Knapp,fly_ball,94.1,58.8,226
2019-04-16,J. T. Realmuto,fly_ball,108.4,24.9,421
2019-04-16,Robinson Cano,fly_ball,104.9,20.3,388
2019-04-16,Wilson Ramos,fly_ball,87.8,30.6,315
2019-04-16,Maikel Franco,fly_ball,83.5,35.7,282
2019-04-16,Andrew Knapp,fly_ball,97.4,43.7,323
2019-04-16,Aaron Altherr,fly_ball,72.8,32.7,250
2019-04-16,Robinson Cano,fly_ball,77.6,46.5,226
2019-04-16,Jerad Eickhoff,fly_ball,97.9,43,326
2019-04-16,Odubel Herrera,fly_ball,78.8,38.2,259
2019-04-16,J. T. Realmuto,fly_ball,85.3,35.3,296
2019-04-16,Aaron Altherr,fly_ball,101.8,55,259
2019-04-16,Freddie Freeman,fly_ball,99.1,40.8,348
2019-04-16,Nick Ahmed,fly_ball,90.9,40.9,320
2019-04-16,Adam Jones,fly_ball,81,36.4,297
2019-04-16,Ozzie Albies,fly_ball,83.3,39.9,287
2019-04-16,Wilmer Flores,fly_ball,67.3,26.6,190
2019-04-16,Freddie Freeman,fly_ball,84.6,43.5,278
2019-04-16,Carson Kelly,fly_ball,95.9,30.3,352
2019-04-16,Tyler Flowers,fly_ball,81.2,43.4,265
2019-04-16,Ozzie Albies,fly_ball,103.5,32,415
2019-04-16,Christian Walker,fly_ball,106.9,29.7,416
2019-04-16,Adam Jones,fly_ball,91.1,29.5,329
2019-04-16,Alex Gordon,fly_ball,67.4,28.7,211
2019-04-16,Hunter Dozier,fly_ball,92.7,38.7,312
2019-04-16,Yoan Moncada,fly_ball,108.7,21.2,418
2019-04-16,Jorge Soler,fly_ball,78.9,42.7,243
2019-04-16,Billy Hamilton,fly_ball,75.8,40.2,252
2019-04-16,Leury Garcia,fly_ball,106.8,24,428
2019-04-16,Carlos Sanchez,fly_ball,88.8,36.3,315
2019-04-16,Cam Gallagher,fly_ball,88.9,36.1,309
2019-04-16,Alex Gordon,fly_ball,103.5,24.8,396
2019-04-16,Jorge Soler,fly_ball,72.1,47.2,199
2019-04-16,Kris Bryant,fly_ball,85.4,33.3,324
2019-04-16,Kris Bryant,fly_ball,84.1,31.6,301
2019-04-16,Neil Walker,fly_ball,79.4,40.5,261
2019-04-16,Kris Bryant,fly_ball,100.5,25.9,379
2019-04-16,Javier Baez,fly_ball,109.3,24,439
2019-04-16,Jorge Alfaro,fly_ball,105.4,35.5,387
2019-04-16,Albert Almora,fly_ball,95.1,24.5,344
2019-04-16,Ben Zobrist,fly_ball,87.5,44.2,267
2019-04-16,Aaron Judge,fly_ball,106.6,45.2,333
2019-04-16,Austin Romine,fly_ball,95.7,26.7,343
2019-04-16,Xander Bogaerts,fly_ball,95.7,42,324
2019-04-16,J. D. Martinez,fly_ball,78,54.2,215
2019-04-16,Clint Frazier,fly_ball,100.6,29.5,364
2019-04-16,Brett Gardner,fly_ball,87.1,45.4,273
2019-04-16,Eduardo Nunez,fly_ball,76.1,52,203
2019-04-16,Jackie Bradley,fly_ball,97.1,44.8,316
2019-04-16,Mike Tauchman,fly_ball,100.5,28,399
2019-04-16,Gleyber Torres,fly_ball,103,29.8,376
2019-04-16,Mookie Betts,fly_ball,89.6,57.1,214
2019-04-16,Steve Pearce,fly_ball,88.4,44,289
2019-04-16,Mitch Moreland,fly_ball,98.2,46.6,299
2019-04-16,Matt Carpenter,fly_ball,86.3,55,233
2019-04-16,Paul DeJong,fly_ball,94.3,32,361
2019-04-16,Lorenzo Cain,fly_ball,109.1,20.3,419
2019-04-16,Yasmani Grandal,fly_ball,103.2,34.8,404
2019-04-16,Matt Carpenter,fly_ball,88.4,33,341
2019-04-16,Christian Yelich,fly_ball,109,29.8,428
2019-04-16,Travis Shaw,fly_ball,85.1,52.4,236
2019-04-16,Jesus Aguilar,fly_ball,82.4,46.7,259
2019-04-17,Starling Marte,fly_ball,92.4,40.4,311
2019-04-17,Nick Castellanos,fly_ball,100.7,35.9,347
2019-04-17,Jeimer Candelario,fly_ball,76.3,40.9,248
2019-04-17,Jason Martin,fly_ball,102.9,33.7,373
2019-04-17,Ronny Rodriguez,fly_ball,74,32.8,263
2019-04-17,John Hicks,fly_ball,71.5,34.1,237
2019-04-17,Adam Frazier,fly_ball,91.1,49.5,250
2019-04-17,Josh Bell,fly_ball,90.3,34.7,320
2019-04-17,Josh Bell,fly_ball,101.5,42.3,330
2019-04-17,Melky Cabrera,fly_ball,90.2,40.1,297
2019-04-17,Christin Stewart,fly_ball,103.4,51.1,299
2019-04-17,Ronny Rodriguez,fly_ball,80.8,34,284
2019-04-17,Matt Kemp,fly_ball,93.9,49.1,295
2019-04-17,Austin Barnes,fly_ball,76.4,42.8,247
2019-04-17,Matt Kemp,fly_ball,95.1,29.2,381
2019-04-17,Alex Verdugo,fly_ball,78.6,36.9,270
2019-04-17,Chris Taylor,fly_ball,81.4,31.1,295
2019-04-17,A. J. Pollock,fly_ball,102.1,30.7,409
2019-04-17,Yasiel Puig,fly_ball,74.7,29.9,265
2019-04-17,Enrique Hernandez,fly_ball,82.3,53.6,221
2019-04-17,Scott Schebler,fly_ball,81,38.8,278
2019-04-17,Matt Kemp,fly_ball,96.9,44.8,311
2019-04-17,Howie Kendrick,fly_ball,105.2,36.4,402
2019-04-17,Evan Longoria,fly_ball,88.5,55,212
2019-04-17,Kevin Pillar,fly_ball,73.4,42.3,213
2019-04-17,Victor Robles,fly_ball,90,52.1,248
2019-04-17,Joe Panik,fly_ball,94.4,34.6,337
2019-04-17,Brandon Belt,fly_ball,100.8,21.9,387
2019-04-17,Pablo Sandoval,fly_ball,104.1,31.9,356
2019-04-17,Juan Soto,fly_ball,96.7,39,340
2019-04-17,Matt Adams,fly_ball,107.1,31.7,406
2019-04-17,Kurt Suzuki,fly_ball,95,31.1,350
2019-04-17,Adam Eaton,fly_ball,90.1,30,336
2019-04-17,Gerardo Parra,fly_ball,100.3,29.8,390
2019-04-17,Buster Posey,fly_ball,102.3,23.4,406
2019-04-17,Stephen Piscotty,fly_ball,76.9,36,262
2019-04-17,Josh Phegley,fly_ball,96.4,35.4,354
2019-04-17,Matt Chapman,fly_ball,83.5,42.3,264
2019-04-17,Robinson Chirinos,fly_ball,85.3,46.4,260
2019-04-17,Chad Pinder,fly_ball,79.5,46.3,229
2019-04-17,Josh Phegley,fly_ball,85.3,41.4,287
2019-04-17,Carlos Correa,fly_ball,92.9,37.2,338
2019-04-17,Jose Ramirez,fly_ball,91.6,43.1,305
2019-04-17,Jason Kipnis,fly_ball,90.4,34.9,326
2019-04-17,Jake Bauers,fly_ball,104.6,28.4,407
2019-04-17,Tim Beckham,fly_ball,101.5,39.4,351
2019-04-17,Omar Narvaez,fly_ball,85.7,35,297
2019-04-17,Greg Allen,fly_ball,91.9,32.7,305
2019-04-17,Leonys Martín,fly_ball,93.7,37.6,307
2019-04-17,Domingo Santana,fly_ball,98.9,38.9,363
2019-04-17,Tommy Pham,fly_ball,102.2,23.1,391
2019-04-17,Brandon Lowe,fly_ball,108.9,33.3,409
2019-04-17,Tommy Pham,fly_ball,86.1,40.8,278
2019-04-17,Ji-Man Choi,fly_ball,107.3,29.5,426
2019-04-17,Trey Mancini,fly_ball,96.9,29.6,376
2019-04-17,Rio Ruiz,fly_ball,100.7,34.3,375
2019-04-17,Kevin Kiermaier,fly_ball,77.5,45.7,218
2019-04-17,Guillermo Heredia,fly_ball,71.6,28.9,225
2019-04-17,Asdrubal Cabrera,fly_ball,95.3,45.4,311
2019-04-17,Justin Bour,fly_ball,84.4,45.6,264
2019-04-17,Tommy La Stella,fly_ball,92.3,45.9,323
2019-04-17,Zack Cozart,fly_ball,92.4,26,350
2019-04-17,Justin Bour,fly_ball,85.2,51.7,239
2019-04-17,Brian Goodwin,fly_ball,94.2,39.6,318
2019-04-17,Logan Forsythe,fly_ball,97,32.5,360
2019-04-17,Isiah Kiner-Falefa,fly_ball,79.4,46.8,240
2019-04-17,Tommy La Stella,fly_ball,97.5,26,385
2019-04-17,Nomar Mazara,fly_ball,90.1,55.2,221
2019-04-17,Joey Gallo,fly_ball,86.8,33.7,325
2019-04-17,David Fletcher,fly_ball,87.1,31,329
2019-04-17,Randal Grichuk,fly_ball,99.6,31.2,371
2019-04-17,Justin Smoak,fly_ball,70.9,28.5,256
2019-04-17,Teoscar Hernandez,fly_ball,83.2,27.8,299
2019-04-17,Jonathan Schoop,fly_ball,94.6,42.3,315
2019-04-17,Byron Buxton,fly_ball,100.7,41.4,339
2019-04-17,Jonathan Schoop,fly_ball,94.8,33.2,336
2019-04-17,Rowdy Tellez,fly_ball,93.2,27.7,326
2019-04-17,Billy McKinney,fly_ball,86.6,51.2,249
2019-04-17,Justin Smoak,fly_ball,82.7,30.4,288
2019-04-17,Jason Castro,fly_ball,99.9,34.6,358
2019-04-17,Jason Castro,fly_ball,102.1,35.1,368
2019-04-17,Robinson Cano,fly_ball,100.1,31.2,356
2019-04-17,Andrew McCutchen,fly_ball,93.3,49.9,275
2019-04-17,Keon Broxton,fly_ball,102.4,39.8,356
2019-04-17,Scott Kingery,fly_ball,107.9,23.8,386
2019-04-17,Cesar Hernandez,fly_ball,101.6,31.6,393
2019-04-17,Michael Conforto,fly_ball,109.8,35.1,385
2019-04-17,Amed Rosario,fly_ball,98.7,38.2,344
2019-04-17,Michael Conforto,fly_ball,88.3,29.4,318
2019-04-17,Ozzie Albies,fly_ball,81.5,46.5,248
2019-04-17,Adam Jones,fly_ball,89.5,53.9,242
2019-04-17,Nick Ahmed,fly_ball,81.2,49.1,244
2019-04-17,Caleb Joseph,fly_ball,96.2,32.1,347
2019-04-17,Ronald Acuna,fly_ball,81.3,30.3,300
2019-04-17,Adam Jones,fly_ball,105.8,30.2,432
2019-04-17,Dansby Swanson,fly_ball,79.8,36.3,294
2019-04-17,Caleb Joseph,fly_ball,93.1,31.7,380
2019-04-17,Dansby Swanson,fly_ball,91.9,29.7,316
2019-04-17,Lucas Duda,fly_ball,78.1,50.1,214
2019-04-17,Yonder Alonso,fly_ball,90.4,49.9,268
2019-04-17,Adalberto Mondesi,fly_ball,91.9,56.3,224
2019-04-17,Ryan O'Hearn,fly_ball,90.3,45.1,292
2019-04-17,Yonder Alonso,fly_ball,86.6,45.1,278
2019-04-17,Tim Anderson,fly_ball,104.6,34.4,418
2019-04-17,Chris Owings,fly_ball,90.4,32.7,361
2019-04-17,James McCann,fly_ball,75.8,38.5,248
2019-04-17,Alex Gordon,fly_ball,90.9,43.6,311
2019-04-17,Hunter Dozier,fly_ball,103,44.4,350
2019-04-17,Ben Zobrist,fly_ball,95.4,29.2,383
2019-04-17,Willson Contreras,fly_ball,91.2,27.2,350
2019-04-17,Cole Hamels,fly_ball,82.6,55.3,215
2019-04-17,Daniel Descalso,fly_ball,94.2,32.1,360
2019-04-17,Kris Bryant,fly_ball,91,44.5,284
2019-04-17,Willson Contreras,fly_ball,104.3,36.4,369
2019-04-17,Javier Baez,fly_ball,101.8,25.9,392
2019-04-17,J. D. Martinez,fly_ball,106.5,28.2,424
2019-04-17,Brett Gardner,fly_ball,88,59.5,212
2019-04-17,Dustin Pedroia,fly_ball,80.7,35.7,246
2019-04-17,Christian Vazquez,fly_ball,95.8,35.3,350
2019-04-17,Mike Tauchman,fly_ball,92.3,34.4,337
2019-04-17,Mookie Betts,fly_ball,77.5,32,264
2019-04-17,Mitch Moreland,fly_ball,100,32.6,382
2019-04-17,Mookie Betts,fly_ball,77.2,30.2,275
2019-04-17,Austin Romine,fly_ball,94.9,50.8,263
2019-04-17,Xander Bogaerts,fly_ball,88,35.1,291
2019-04-17,Eduardo Nunez,fly_ball,88,29.3,306
2019-04-17,Christian Vazquez,fly_ball,89.7,35.6,301
2019-04-17,Yasmani Grandal,fly_ball,87.5,30,289
2019-04-17,Marcell Ozuna,fly_ball,103.2,23,409
2019-04-17,Orlando Arcia,fly_ball,89.5,36.9,310
2019-04-17,Matt Carpenter,fly_ball,108.9,34.3,419
2019-04-17,Mike Moustakas,fly_ball,69.1,43,223
2019-04-17,Kolten Wong,fly_ball,94,33.9,338
2019-04-17,Aaron Wilkerson,fly_ball,97,26.8,386
2019-04-17,Matt Carpenter,fly_ball,76.2,39.5,255
2019-04-18,Mitch Haniger,fly_ball,94.6,52.8,257
2019-04-18,Mike Trout,fly_ball,85.6,36.2,313
2019-04-18,Ryon Healy,fly_ball,101.8,22.6,416
2019-04-18,Peter Bourjos,fly_ball,91.8,40.4,311
2019-04-18,Edwin Encarnacion,fly_ball,77,32.3,273
2019-04-18,Edwin Encarnacion,fly_ball,94.5,42.1,326
2019-04-18,Tim Beckham,fly_ball,94.1,26.6,353
2019-04-18,Mike Trout,fly_ball,98.7,25.4,375
2019-04-18,Omar Narvaez,fly_ball,69.1,35.3,243
2019-04-18,Ryon Healy,fly_ball,100.5,24.7,399
2019-04-18,Omar Narvaez,fly_ball,99.9,30.2,411
2019-04-18,Kole Calhoun,fly_ball,103.4,31.1,414
2019-04-18,Omar Narvaez,fly_ball,92.8,44.2,311
2019-04-18,Peter Bourjos,fly_ball,87.1,38.5,292
2019-04-18,Trevor Story,fly_ball,89.7,52,273
2019-04-18,Maikel Franco,fly_ball,92,39.9,328
2019-04-18,Nolan Arenado,fly_ball,94.9,38.6,357
2019-04-18,Trevor Story,fly_ball,93.9,43.8,337
2019-04-18,Ryan McMahon,fly_ball,101.9,26,412
2019-04-18,J. T. Realmuto,fly_ball,104.6,23.1,387
2019-04-18,David Dahl,fly_ball,99.1,26,383
2019-04-18,Trevor Story,fly_ball,93.2,38,342
2019-04-18,Ryan McMahon,fly_ball,103.8,23.1,416
2019-04-18,Scott Kingery,fly_ball,98.1,47.3,337
2019-04-18,Ian Desmond,fly_ball,77.5,28.9,262
2019-04-18,JaCoby Jones,fly_ball,94.9,24.2,360
2019-04-18,Welington Castillo,fly_ball,103.9,24.1,387
2019-04-18,Yonder Alonso,fly_ball,87.4,54.3,240
2019-04-18,Tim Anderson,fly_ball,68,26.8,208
2019-04-18,Ryan Cordell,fly_ball,101,37.9,367
2019-04-18,Josh Harrison,fly_ball,75,51.2,213
2019-04-18,José Abreu,fly_ball,98.3,26.2,350
2019-04-18,Eloy Jimenez,fly_ball,102.4,29,378
2019-04-18,Carlos Sanchez,fly_ball,86.3,47.2,256
2019-04-18,Grayson Greiner,fly_ball,94.4,45,298
2019-04-18,Josh Harrison,fly_ball,85.5,51.1,249
2019-04-18,Niko Goodrum,fly_ball,95.1,31.4,341
2019-04-18,Eloy Jimenez,fly_ball,100.2,39.7,329
2019-04-18,Welington Castillo,fly_ball,103.5,28.8,400
2019-04-18,Nick Castellanos,fly_ball,101,25.3,374
2019-04-18,Miguel Cabrera,fly_ball,95.6,30.8,356
2019-04-18,Yonder Alonso,fly_ball,98.8,29.8,397
2019-04-18,Yan Gomes,fly_ball,83.5,35,264
2019-04-18,Evan Longoria,fly_ball,93.5,28,348
2019-04-18,Wilmer Difo,fly_ball,99.1,31.8,380
2019-04-18,Erik Kratz,fly_ball,93.3,40.6,307
2019-04-18,Pablo Sandoval,fly_ball,75.2,39.5,244
2019-04-18,Juan Soto,fly_ball,75.2,45.9,223
2019-04-18,Joey Votto,fly_ball,103.4,32.1,411
2019-04-18,Eric Hosmer,fly_ball,97.1,39.7,329
2019-04-18,Jesse Winker,fly_ball,85.3,34,312
2019-04-18,Tanner Roark,fly_ball,72.1,26.5,231
2019-04-18,Tucker Barnhart,fly_ball,103.4,24.3,375
2019-04-18,Hunter Renfroe,fly_ball,71.4,36.3,219
2019-04-18,Manuel Margot,fly_ball,93.4,27.1,349
2019-04-18,Matt Kemp,fly_ball,101.5,40.9,355
2019-04-18,Manny Machado,fly_ball,91.3,36.8,324
2019-04-18,Scott Schebler,fly_ball,96.7,47.1,297
2019-04-18,Joey Votto,fly_ball,84.6,32.6,281
2019-04-18,Fernando Tatis,fly_ball,100.4,38.1,341
2019-04-18,Eugenio Suarez,fly_ball,78.8,39.5,260
2019-04-18,Jesse Winker,fly_ball,100.8,30.2,375
2019-04-18,Yasiel Puig,fly_ball,80.7,32.5,283
2019-04-18,Austin Meadows,fly_ball,99.9,24,401
2019-04-18,Rio Ruiz,fly_ball,91.7,51.5,263
2019-04-18,Cedric Mullins,fly_ball,88.2,56.6,223
2019-04-18,Tommy Pham,fly_ball,106.5,25.7,421
2019-04-18,Pedro Severino,fly_ball,104.4,29.3,426
2019-04-18,Brandon Lowe,fly_ball,102.5,37.1,386
2019-04-18,Mike Zunino,fly_ball,89.9,38,331
2019-04-18,Joey Rickard,fly_ball,97.3,30.3,353
2019-04-18,Daniel Robertson,fly_ball,89.5,43.7,296
2019-04-18,Trey Mancini,fly_ball,91.3,31.3,352
2019-04-18,Dwight Smith,fly_ball,94.1,41.6,308
2019-04-18,Rio Ruiz,fly_ball,71.1,31.3,219
2019-04-18,Randal Grichuk,fly_ball,95.7,24.2,381
2019-04-18,Justin Smoak,fly_ball,92.6,28.5,346
2019-04-18,Nelson Cruz,fly_ball,108,38.9,373
2019-04-18,Teoscar Hernandez,fly_ball,89.3,31,336
2019-04-18,Brandon Drury,fly_ball,97.8,31.8,376
2019-04-18,Eddie Rosario,fly_ball,100.8,32.7,380
2019-04-18,Eric Sogard,fly_ball,84.6,34.4,303
2019-04-18,Justin Smoak,fly_ball,106.2,26.8,408
2019-04-18,Rowdy Tellez,fly_ball,73.6,50.8,209
2019-04-18,Danny Jansen,fly_ball,82.1,44.7,258
2019-04-18,Marwin Gonzalez,fly_ball,90.9,38.5,322
2019-04-18,Jonathan Schoop,fly_ball,91.4,25.6,347
2019-04-18,Nelson Cruz,fly_ball,89.3,38.3,297
2019-04-18,Jonathan Schoop,fly_ball,91,28.5,321
2019-04-18,Jorge Polanco,fly_ball,85.7,37.4,303
2019-04-18,Teoscar Hernandez,fly_ball,103,23.9,383
2019-04-18,Eddie Rosario,fly_ball,103.9,28.9,408
2019-04-18,Brandon Drury,fly_ball,104.3,36.1,373
2019-04-18,Jorge Polanco,fly_ball,89.3,44.1,294
2019-04-18,Dansby Swanson,fly_ball,99,36.3,323
2019-04-18,Christian Walker,fly_ball,105.2,24.6,419
2019-04-18,Freddie Freeman,fly_ball,105.7,42.3,392
2019-04-18,Christian Walker,fly_ball,94.3,26.4,375
2019-04-18,Jorge Soler,fly_ball,96,39.1,336
2019-04-18,Martin Maldonado,fly_ball,85.8,44.3,271
2019-04-18,Clint Frazier,fly_ball,79.2,43.4,230
2019-04-18,Mike Ford,fly_ball,84.3,33.6,303
2019-04-18,Austin Romine,fly_ball,91.7,36.7,305
2019-04-18,Alex Gordon,fly_ball,85.1,41.7,275
2019-04-18,Ryan O'Hearn,fly_ball,106.1,24,394
2019-04-18,Gleyber Torres,fly_ball,97.6,45.7,305
2019-04-18,Billy Hamilton,fly_ball,70.9,29.1,233
2019-04-18,Hunter Dozier,fly_ball,103.1,21.7,392
2019-04-18,Adalberto Mondesi,fly_ball,103.9,32.2,378
2019-04-18,Justin Turner,fly_ball,97.7,32.5,361
2019-04-18,Christian Yelich,fly_ball,88.5,48.2,275
2019-04-18,Max Muncy,fly_ball,95.6,25.4,358
2019-04-18,Corey Seager,fly_ball,97.3,46.6,315
2019-04-18,Enrique Hernandez,fly_ball,101.3,40.3,349
2019-04-18,Ryan Braun,fly_ball,103.3,29.7,390
2019-04-18,Travis Shaw,fly_ball,94,39,322
2019-04-18,Ryan Braun,fly_ball,106,44.7,345
2019-04-18,Cody Bellinger,fly_ball,99.5,29.5,360
2019-04-18,Max Muncy,fly_ball,93.3,44.6,308
2019-04-18,Christian Yelich,fly_ball,106.2,30.3,435
2019-04-19,Mallex Smith,fly_ball,91.8,51.4,268
2019-04-19,Albert Pujols,fly_ball,99.8,36.3,366
2019-04-19,Jay Bruce,fly_ball,102.3,27.8,422
2019-04-19,Albert Pujols,fly_ball,87.9,43.8,284
2019-04-19,Dan Vogelbach,fly_ball,96.4,28.1,379
2019-04-19,Edwin Encarnacion,fly_ball,80.8,46.5,244
2019-04-19,Ryon Healy,fly_ball,81.2,53.8,202
2019-04-19,Dee Gordon,fly_ball,95.3,36.6,334
2019-04-19,Kole Calhoun,fly_ball,96.6,29,378
2019-04-19,Mike Trout,fly_ball,109.2,28.6,428
2019-04-19,Tim Beckham,fly_ball,107.3,22.6,397
2019-04-19,Omar Narvaez,fly_ball,100.6,35.8,379
2019-04-19,Jonathan Lucroy,fly_ball,95.8,38.6,325
2019-04-19,Adam Jones,fly_ball,85.6,31.8,307
2019-04-19,Willson Contreras,fly_ball,97.1,23,378
2019-04-19,Jason Heyward,fly_ball,100.6,24.3,393
2019-04-19,Kyle Schwarber,fly_ball,100,41,322
2019-04-19,Kris Bryant,fly_ball,76.6,35.2,259
2019-04-19,David Bote,fly_ball,82.7,38.3,258
2019-04-19,Nolan Arenado,fly_ball,90.6,31.3,373
2019-04-19,Ian Desmond,fly_ball,94.5,34.1,349
2019-04-19,German Marquez,fly_ball,86.8,32,335
2019-04-19,Nolan Arenado,fly_ball,91.2,31.9,352
2019-04-19,Tony Wolters,fly_ball,93.2,45.6,318
2019-04-19,Bryce Harper,fly_ball,88,41.8,310
2019-04-19,Trevor Story,fly_ball,106.1,30.7,459
2019-04-19,Trevor Story,fly_ball,75.2,48.1,225
2019-04-19,Philip Gosselin,fly_ball,91.2,35,339
2019-04-19,David Dahl,fly_ball,91.2,39,342
2019-04-19,Cesar Hernandez,fly_ball,77.6,30.4,295
2019-04-19,Nolan Arenado,fly_ball,90.4,46.5,298
2019-04-19,Raimel Tapia,fly_ball,79.1,47.5,255
2019-04-19,Charlie Blackmon,fly_ball,104.9,24.6,444
2019-04-19,Leury Garcia,fly_ball,83.5,29.6,288
2019-04-19,Yoan Moncada,fly_ball,109.3,30.2,459
2019-04-19,Ryan Cordell,fly_ball,91.4,43.2,278
2019-04-19,JaCoby Jones,fly_ball,101.4,25.1,409
2019-04-19,Josh Harrison,fly_ball,105,25.6,417
2019-04-19,Nick Castellanos,fly_ball,93.4,39.9,325
2019-04-19,Grayson Greiner,fly_ball,92.5,35.2,325
2019-04-19,Eloy Jimenez,fly_ball,90.8,39,306
2019-04-19,Grayson Greiner,fly_ball,96,28.2,367
2019-04-19,José Abreu,fly_ball,103,50.5,296
2019-04-19,Niko Goodrum,fly_ball,103,29.6,408
2019-04-19,Jeimer Candelario,fly_ball,82.7,46.3,238
2019-04-19,Gordon Beckham,fly_ball,101.1,37.8,366
2019-04-19,Robbie Grossman,fly_ball,85.1,54.4,228
2019-04-19,Kendrys Morales,fly_ball,88.5,50.9,252
2019-04-19,Randal Grichuk,fly_ball,93.5,35.9,328
2019-04-19,Ramon Laureano,fly_ball,95.9,42.8,326
2019-04-19,Josh Phegley,fly_ball,72.9,47.1,219
2019-04-19,Justin Smoak,fly_ball,91.4,29.1,359
2019-04-19,Josh Phegley,fly_ball,83.5,55.4,205
2019-04-19,Matt Chapman,fly_ball,87.6,56.8,217
2019-04-19,Ramon Laureano,fly_ball,94.1,39.8,319
2019-04-19,Billy McKinney,fly_ball,89.3,32.7,339
2019-04-19,Brandon Belt,fly_ball,98.1,44.6,331
2019-04-19,Kevin Pillar,fly_ball,78.4,40.8,242
2019-04-19,Starling Marte,fly_ball,93,30.3,357
2019-04-19,Brandon Belt,fly_ball,75.6,42.1,218
2019-04-19,Evan Longoria,fly_ball,94.7,43,318
2019-04-19,Yangervis Solarte,fly_ball,70.5,41.6,229
2019-04-19,Francisco Cervelli,fly_ball,91.3,41.2,307
2019-04-19,Eugenio Suarez,fly_ball,101.4,29.5,390
2019-04-19,Manny Machado,fly_ball,68.5,43.8,197
2019-04-19,Joey Votto,fly_ball,90.8,34.2,329
2019-04-19,Fernando Tatis,fly_ball,110.1,23.6,438
2019-04-19,Eugenio Suarez,fly_ball,91.8,47.3,278
2019-04-19,Jesse Winker,fly_ball,92,40.5,315
2019-04-19,José Iglesias,fly_ball,99.1,44.4,324
2019-04-19,Jose Peraza,fly_ball,96.5,26.7,368
2019-04-19,Eric Hosmer,fly_ball,94.6,54.4,253
2019-04-19,Manny Machado,fly_ball,94.5,26.3,364
2019-04-19,Wil Myers,fly_ball,92.5,57.2,214
2019-04-19,Yasiel Puig,fly_ball,102.2,29.7,386
2019-04-19,Matt Kemp,fly_ball,80.3,35.7,287
2019-04-19,Austin Hedges,fly_ball,98.7,34,356
2019-04-19,Jesse Winker,fly_ball,96.6,49.7,292
2019-04-19,Fernando Tatis,fly_ball,97.1,30.8,372
2019-04-19,Joey Votto,fly_ball,67.8,32.5,203
2019-04-19,Curt Casali,fly_ball,86.6,33.8,299
2019-04-19,Derek Dietrich,fly_ball,98.1,27.5,354
2019-04-19,Joey Votto,fly_ball,91.9,36.6,334
2019-04-19,Amed Rosario,fly_ball,92,36.7,323
2019-04-19,Marcell Ozuna,fly_ball,102.6,33.9,384
2019-04-19,Matt Carpenter,fly_ball,95.4,44.1,324
2019-04-19,Paul Goldschmidt,fly_ball,106.7,38,384
2019-04-19,Marcell Ozuna,fly_ball,102.9,34.7,382
2019-04-19,Jose Martinez,fly_ball,104.1,31.5,425
2019-04-19,Kolten Wong,fly_ball,81.6,33.5,261
2019-04-19,Robinson Cano,fly_ball,73.2,34.6,259
2019-04-19,Lane Thomas,fly_ball,100.8,32.4,372
2019-04-19,Amed Rosario,fly_ball,98.8,26,380
2019-04-19,Dominic Smith,fly_ball,96.6,48.5,285
2019-04-19,Jose Martinez,fly_ball,81.1,40.7,256
2019-04-19,Mitch Moreland,fly_ball,98.7,35.3,363
2019-04-19,Avisail Garcia,fly_ball,70.2,43.5,218
2019-04-19,Xander Bogaerts,fly_ball,93.8,53.3,256
2019-04-19,Brandon Lowe,fly_ball,94,42.4,334
2019-04-19,Michael Perez,fly_ball,98.9,34.8,368
2019-04-19,Daniel Robertson,fly_ball,78.5,43.6,243
2019-04-19,Guillermo Heredia,fly_ball,96,52.1,262
2019-04-19,Christian Vazquez,fly_ball,103.3,32.4,411
2019-04-19,Mookie Betts,fly_ball,103.4,28.1,424
2019-04-19,Mitch Moreland,fly_ball,101.1,27.4,411
2019-04-19,J. D. Martinez,fly_ball,93.3,47,295
2019-04-19,Kevin Kiermaier,fly_ball,79,43.3,247
2019-04-19,Jose Altuve,fly_ball,109.3,27.2,389
2019-04-19,Alex Bregman,fly_ball,102.6,29.1,417
2019-04-19,Jake Marisnick,fly_ball,100.5,40.2,357
2019-04-19,Joey Gallo,fly_ball,90.6,53.9,237
2019-04-19,Elvis Andrus,fly_ball,96.8,29,371
2019-04-19,Logan Forsythe,fly_ball,74.2,34.7,267
2019-04-19,Delino DeShields,fly_ball,101,25.4,390
2019-04-19,Shin-Soo Choo,fly_ball,101.4,36.5,363
2019-04-19,Yuli Gurriel,fly_ball,87.9,49.4,262
2019-04-19,Danny Santana,fly_ball,103.6,34.8,404
2019-04-19,Jeff Mathis,fly_ball,91.1,38.5,314
2019-04-19,Kurt Suzuki,fly_ball,90.5,50.7,254
2019-04-19,Rosell Herrera,fly_ball,84.9,37.3,300
2019-04-19,Rosell Herrera,fly_ball,74.8,30.8,271
2019-04-19,Ryan Zimmerman,fly_ball,82.2,53,226
2019-04-19,Brian Anderson,fly_ball,93.6,21.7,308
2019-04-19,Isaac Galloway,fly_ball,73.1,31.9,258
2019-04-19,Brian Dozier,fly_ball,91.2,35.9,344
2019-04-19,Adalberto Mondesi,fly_ball,86.7,31.7,330
2019-04-19,Chris Owings,fly_ball,87.5,47.8,272
2019-04-19,Mike Tauchman,fly_ball,93.9,34.2,296
2019-04-19,Whit Merrifield,fly_ball,80.9,31.2,276
2019-04-19,Brett Gardner,fly_ball,100.9,31.1,396
2019-04-19,Clint Frazier,fly_ball,89.8,30.2,350
2019-04-19,Adalberto Mondesi,fly_ball,77.4,45.7,242
2019-04-19,Mike Tauchman,fly_ball,98.2,26,389
2019-04-19,Hunter Dozier,fly_ball,90.6,40.4,314
2019-04-19,Chris Owings,fly_ball,99.5,31.3,379
2019-04-19,Christian Yelich,fly_ball,99.2,32.1,408
2019-04-19,Joc Pederson,fly_ball,99.5,46.5,309
2019-04-19,Cody Bellinger,fly_ball,99,29.9,351
2019-04-19,A. J. Pollock,fly_ball,85,42.5,286
2019-04-19,Eric Thames,fly_ball,97.2,35,351
2019-04-19,Orlando Arcia,fly_ball,100.7,33.6,371
2019-04-19,Justin Turner,fly_ball,95.8,38.7,342
2019-04-19,Max Muncy,fly_ball,92.6,39.9,323
2019-04-19,Eric Thames,fly_ball,72.4,42.1,230
2019-04-19,Christian Yelich,fly_ball,102.2,44,335
2019-04-19,Chris Taylor,fly_ball,98.8,48.8,296
2019-04-19,Eric Thames,fly_ball,98.3,31.8,384
2019-04-19,Max Muncy,fly_ball,95.8,33,361
2019-04-20,Mitch Haniger,fly_ball,107.6,39.7,407
2019-04-20,Dan Vogelbach,fly_ball,105,34.3,401
2019-04-20,Albert Pujols,fly_ball,97,40.9,322
2019-04-20,Ryon Healy,fly_ball,98.4,38.9,352
2019-04-20,Domingo Santana,fly_ball,95.4,53.4,275
2019-04-20,Jonathan Lucroy,fly_ball,73.4,42.5,237
2019-04-20,Zack Cozart,fly_ball,98.2,28.9,382
2019-04-20,Edwin Encarnacion,fly_ball,109.6,25.8,432
2019-04-20,Omar Narvaez,fly_ball,97,37.1,352
2019-04-20,Domingo Santana,fly_ball,106.1,28.8,410
2019-04-20,Jay Bruce,fly_ball,83,44.5,265
2019-04-20,Dee Gordon,fly_ball,74.8,50,217
2019-04-20,Edwin Encarnacion,fly_ball,105.8,45.5,345
2019-04-20,Albert Pujols,fly_ball,106.7,25.2,436
2019-04-20,Jonathan Lucroy,fly_ball,86.8,38.1,281
2019-04-20,Nelson Cruz,fly_ball,103.6,32.9,410
2019-04-20,Joey Rickard,fly_ball,93.1,46.6,293
2019-04-20,Hanser Alberto,fly_ball,71.6,31.8,249
2019-04-20,Eddie Rosario,fly_ball,101.4,35.1,402
2019-04-20,Mitch Garver,fly_ball,99.6,35.3,378
2019-04-20,Joey Rickard,fly_ball,85.5,47.1,264
2019-04-20,Renato Nunez,fly_ball,102.1,26.3,397
2019-04-20,Byron Buxton,fly_ball,92.3,45.3,296
2019-04-20,Nelson Cruz,fly_ball,91,47.3,277
2019-04-20,Joey Rickard,fly_ball,93.1,40,325
2019-04-20,Hanser Alberto,fly_ball,99.3,28,376
2019-04-20,Ehire Adrianza,fly_ball,92.5,35.2,316
2019-04-20,Mitch Garver,fly_ball,98.2,24.5,394
2019-04-20,Nelson Cruz,fly_ball,107.7,27.9,415
2019-04-20,Jonathan Schoop,fly_ball,104.1,25.9,435
2019-04-20,Rio Ruiz,fly_ball,85.6,31.1,324
2019-04-20,Joey Rickard,fly_ball,98.1,32.1,389
2019-04-20,Jorge Polanco,fly_ball,90.7,57.7,214
2019-04-20,Nelson Cruz,fly_ball,100.3,47.2,305
2019-04-20,Renato Nunez,fly_ball,94.1,31.1,307
2019-04-20,Eddie Rosario,fly_ball,104.3,30.2,415
2019-04-20,Willians Astudillo,fly_ball,103.2,25,372
2019-04-20,Jonathan Schoop,fly_ball,72.9,33.8,241
2019-04-20,Jorge Polanco,fly_ball,96.4,55.5,238
2019-04-20,Dwight Smith,fly_ball,103.6,23.9,389
2019-04-20,Renato Nunez,fly_ball,108.3,32.3,410
2019-04-20,Chris Davis,fly_ball,94.6,26.3,355
2019-04-20,Jonathan Schoop,fly_ball,98.8,30.8,338
2019-04-20,Nelson Cruz,fly_ball,95.6,47.8,284
2019-04-20,Eddie Rosario,fly_ball,100.2,31.8,367
2019-04-20,Willians Astudillo,fly_ball,77.8,53.2,207
2019-04-20,Marwin Gonzalez,fly_ball,92.2,52.1,258
2019-04-20,Eddie Rosario,fly_ball,94.8,31,382
2019-04-20,Chris Davis,fly_ball,97.2,28.9,368
2019-04-20,Pedro Severino,fly_ball,104.3,22.3,406
2019-04-20,Trey Mancini,fly_ball,98.2,38.6,332
2019-04-20,Dwight Smith,fly_ball,72.2,29.4,227
2019-04-20,Rio Ruiz,fly_ball,94.9,41,331
2019-04-20,Eduardo Escobar,fly_ball,104.1,33.3,385
2019-04-20,Jarrod Dyson,fly_ball,93.7,38.8,287
2019-04-20,Willson Contreras,fly_ball,74.7,35.4,236
2019-04-20,Adam Jones,fly_ball,94.5,38.4,329
2019-04-20,Kris Bryant,fly_ball,105.4,28,382
2019-04-20,Anthony Rizzo,fly_ball,77.5,30.9,239
2019-04-20,Eduardo Escobar,fly_ball,93.2,42.9,295
2019-04-20,Daniel Descalso,fly_ball,83.9,31.7,320
2019-04-20,Kyle Schwarber,fly_ball,86.4,41.2,239
2019-04-20,J. R. Murphy,fly_ball,91.9,31.1,331
2019-04-20,Kyle Schwarber,fly_ball,97.7,39.7,333
2019-04-20,Javier Baez,fly_ball,90.6,44,285
2019-04-20,Tyler Naquin,fly_ball,78.4,38.2,252
2019-04-20,Ozzie Albies,fly_ball,92.6,28.8,366
2019-04-20,Tyler Flowers,fly_ball,104.6,34.1,390
2019-04-20,Francisco Lindor,fly_ball,87.4,37.1,309
2019-04-20,Dansby Swanson,fly_ball,103.9,26,414
2019-04-20,Johan Camargo,fly_ball,85,45.2,268
2019-04-20,Carlos Santana,fly_ball,88,56.3,224
2019-04-20,Matthew Joyce,fly_ball,97.9,40.3,324
2019-04-20,Nick Markakis,fly_ball,84.2,41,253
2019-04-20,Jose Ramirez,fly_ball,91.6,40,318
2019-04-20,Brian McCann,fly_ball,103.5,25.5,409
2019-04-20,Matthew Joyce,fly_ball,100.6,27.6,393
2019-04-20,Jose Ramirez,fly_ball,96.8,41.7,317
2019-04-20,Brian McCann,fly_ball,87.2,35.3,304
2019-04-20,Johan Camargo,fly_ball,79.6,36.7,267
2019-04-20,Charlie Blackmon,fly_ball,100.8,35.7,404
2019-04-20,Raimel Tapia,fly_ball,102.6,37.7,407
2019-04-20,Ryan McMahon,fly_ball,82.2,45.5,272
2019-04-20,Philip Gosselin,fly_ball,96.3,31.7,390
2019-04-20,Bryce Harper,fly_ball,91.8,32.6,334
2019-04-20,Rhys Hoskins,fly_ball,100.4,37,401
2019-04-20,Maikel Franco,fly_ball,98.7,44.3,347
2019-04-20,David Dahl,fly_ball,82,38.8,276
2019-04-20,Raimel Tapia,fly_ball,86.9,44.6,293
2019-04-20,Philip Gosselin,fly_ball,88.1,45.1,296
2019-04-20,Ian Desmond,fly_ball,87.5,35.2,317
2019-04-20,Andrew McCutchen,fly_ball,101.3,25.9,404
2019-04-20,J. T. Realmuto,fly_ball,86.6,42.7,299
2019-04-20,Freddy Galvis,fly_ball,94.2,37,321
2019-04-20,Kendrys Morales,fly_ball,99.7,30.5,383
2019-04-20,Freddy Galvis,fly_ball,82.5,51,243
2019-04-20,Rowdy Tellez,fly_ball,103.4,21.9,418
2019-04-20,Justin Smoak,fly_ball,92.7,30.4,354
2019-04-20,Khris Davis,fly_ball,78.3,32.2,300
2019-04-20,Brandon Drury,fly_ball,96.4,23,359
2019-04-20,Marcus Semien,fly_ball,79.3,31.9,288
2019-04-20,Billy McKinney,fly_ball,93,38.7,329
2019-04-20,Freddy Galvis,fly_ball,74.6,42.3,237
2019-04-20,Randal Grichuk,fly_ball,83.5,31.4,308
2019-04-20,Ramon Laureano,fly_ball,87,41.5,294
2019-04-20,Billy McKinney,fly_ball,93.2,42.3,311
2019-04-20,Nick Hundley,fly_ball,87.4,34.8,313
2019-04-20,Mark Canha,fly_ball,91.1,36.6,327
2019-04-20,Jurickson Profar,fly_ball,94.8,36.6,362
2019-04-20,Brandon Crawford,fly_ball,95.8,28.7,374
2019-04-20,Jung Ho Kang,fly_ball,110.2,30.4,431
2019-04-20,Jason Martin,fly_ball,99.4,35.8,362
2019-04-20,Cole Tucker,fly_ball,104.4,32.1,431
2019-04-20,Jose Peraza,fly_ball,68.7,33.1,231
2019-04-20,Eric Hosmer,fly_ball,103.3,28.7,405
2019-04-20,Fernando Tatis,fly_ball,88.6,36.8,298
2019-04-20,Jose Peraza,fly_ball,89.3,31.5,344
2019-04-20,Francisco Mejia,fly_ball,90.2,43.5,296
2019-04-20,José Iglesias,fly_ball,86.6,55.3,224
2019-04-20,Jose Pirela,fly_ball,96.6,48,282
2019-04-20,Yasiel Puig,fly_ball,87,38.9,290
2019-04-20,José Iglesias,fly_ball,93,23.6,357
2019-04-20,Kyle Farmer,fly_ball,96.5,38.2,339
2019-04-20,Wil Myers,fly_ball,96.5,41.9,311
2019-04-20,Jesse Winker,fly_ball,98.6,32.8,394
2019-04-20,Jose Peraza,fly_ball,81.9,38.3,270
2019-04-20,Matt Carpenter,fly_ball,95.4,38.3,355
2019-04-20,Paul Goldschmidt,fly_ball,96.2,38.2,342
2019-04-20,Marcell Ozuna,fly_ball,99.2,29.7,366
2019-04-20,Yadier Molina,fly_ball,101.1,36.3,363
2019-04-20,Dexter Fowler,fly_ball,98.1,46.3,314
2019-04-20,Jeff McNeil,fly_ball,85.8,34,333
2019-04-20,J. D. Davis,fly_ball,78.6,44.9,248
2019-04-20,Brandon Nimmo,fly_ball,99.6,44.4,323
2019-04-20,Michael Conforto,fly_ball,100,26.6,373
2019-04-20,Amed Rosario,fly_ball,97.2,25.4,363
2019-04-20,Jedd Gyorko,fly_ball,90.7,40.1,311
2019-04-20,Brandon Nimmo,fly_ball,92.8,41.7,319
2019-04-20,Pete Alonso,fly_ball,91.4,36.7,316
2019-04-20,Paul Goldschmidt,fly_ball,109.1,27.3,464
2019-04-20,Paul DeJong,fly_ball,99.7,26.4,386
2019-04-20,Andrew Benintendi,fly_ball,103.4,22.2,405
2019-04-20,Brandon Lowe,fly_ball,102,50.7,293
2019-04-20,Austin Meadows,fly_ball,89.2,52,260
2019-04-20,Tzu-Wei Lin,fly_ball,92.5,42.9,315
2019-04-20,Ji-Man Choi,fly_ball,101,26.4,399
2019-04-20,Andrew Benintendi,fly_ball,91.3,38.5,317
2019-04-20,Yandy Díaz,fly_ball,100.7,26.1,350
2019-04-20,Andrew Benintendi,fly_ball,86,37.4,314
2019-04-20,Steve Pearce,fly_ball,94.5,30.7,334
2019-04-20,Nick Ciuffo,fly_ball,76.5,50,216
2019-04-20,Jose Altuve,fly_ball,88.9,45.9,294
2019-04-20,Yuli Gurriel,fly_ball,88.3,44.8,292
2019-04-20,Jose Altuve,fly_ball,101.9,36.9,373
2019-04-20,Joey Gallo,fly_ball,110.7,34.6,433
2019-04-20,Delino DeShields,fly_ball,96.2,33.1,364
2019-04-20,Max Stassi,fly_ball,101.3,34.4,367
2019-04-20,Shin-Soo Choo,fly_ball,71.1,46.1,196
2019-04-20,Carlos Correa,fly_ball,106.4,36.7,392
2019-04-20,Max Stassi,fly_ball,99.8,50.9,274
2019-04-20,Logan Forsythe,fly_ball,94.4,49,270
2019-04-20,Josh Reddick,fly_ball,100.6,42.4,348
2019-04-20,Max Stassi,fly_ball,89,46.6,277
2019-04-20,Jorge Alfaro,fly_ball,97.5,33.9,357
2019-04-20,Adam Eaton,fly_ball,90.6,52,246
2019-04-20,Curtis Granderson,fly_ball,99.9,28,396
2019-04-20,Starlin Castro,fly_ball,74.3,27.7,230
2019-04-20,Isaac Galloway,fly_ball,101.6,25.5,400
2019-04-20,Curtis Granderson,fly_ball,99.9,26.7,399
2019-04-20,Martin Prado,fly_ball,95.1,29.6,367
2019-04-20,Whit Merrifield,fly_ball,97.9,42.9,320
2019-04-20,Aaron Judge,fly_ball,105.2,36.3,369
2019-04-20,Gleyber Torres,fly_ball,89.1,52.4,283
2019-04-20,Clint Frazier,fly_ball,98.5,33.9,356
2019-04-20,Aaron Judge,fly_ball,81.3,37.4,243
2019-04-20,Austin Romine,fly_ball,106.1,20.7,383
2019-04-20,DJ LeMahieu,fly_ball,100,25.1,373
2019-04-20,Whit Merrifield,fly_ball,96.6,25.6,363
2019-04-20,Mike Ford,fly_ball,85.3,50.9,238
2019-04-20,DJ LeMahieu,fly_ball,92.1,55.6,238
2019-04-20,Mike Ford,fly_ball,72.9,25.5,239
2019-04-20,Cody Bellinger,fly_ball,94.1,37.1,337
2019-04-20,Christian Yelich,fly_ball,89.4,35.1,318
2019-04-20,Chris Taylor,fly_ball,98.4,42.7,323
2019-04-20,Rocky Gale,fly_ball,91.2,27.2,306
2019-04-20,Mike Moustakas,fly_ball,67.6,34.9,218
2019-04-20,Hernan Perez,fly_ball,92.2,31.1,354
2019-04-20,Corey Seager,fly_ball,83.1,55.9,219
2019-04-20,Christian Yelich,fly_ball,104.1,26.3,386
2019-04-20,Hernan Perez,fly_ball,88.9,54.4,249
2019-04-20,A. J. Pollock,fly_ball,76.1,40,269
2019-04-20,Christian Yelich,fly_ball,109.3,21.6,421
2019-04-20,Manny Pina,fly_ball,74.6,43.8,236
2019-04-20,Orlando Arcia,fly_ball,85.4,54.1,229
2019-04-20,Corey Seager,fly_ball,98.1,41.7,337
2019-04-20,Manny Pina,fly_ball,94.7,42,322
2019-04-21,Kevan Smith,fly_ball,100.4,29.8,405
2019-04-21,Zack Cozart,fly_ball,93.7,34.8,325
2019-04-21,Kole Calhoun,fly_ball,100.8,39.8,360
2019-04-21,Zack Cozart,fly_ball,91.8,32.9,358
2019-04-21,Dylan Moore,fly_ball,93.7,28.4,373
2019-04-21,David Fletcher,fly_ball,82.3,41.2,256
2019-04-21,Mike Trout,fly_ball,92.9,42.1,313
2019-04-21,Andrelton Simmons,fly_ball,82.4,47.1,251
2019-04-21,Brian Goodwin,fly_ball,101,25.8,415
2019-04-21,Brian Goodwin,fly_ball,84.4,54.5,215
2019-04-21,Domingo Santana,fly_ball,81,41.5,286
2019-04-21,Tommy La Stella,fly_ball,104.8,27,433
2019-04-21,Tom Murphy,fly_ball,101.7,35.8,395
2019-04-21,Dee Gordon,fly_ball,98.6,35.9,367
2019-04-21,Mitch Haniger,fly_ball,100,27.1,398
2019-04-21,Jorge Polanco,fly_ball,91.3,53.2,255
2019-04-21,Trey Mancini,fly_ball,84.7,33,286
2019-04-21,Dwight Smith,fly_ball,97.7,21.9,396
2019-04-21,Jonathan Schoop,fly_ball,86.2,41,295
2019-04-21,Hanser Alberto,fly_ball,83.8,35.6,266
2019-04-21,Jake Cave,fly_ball,89.5,34.7,342
2019-04-21,Hanser Alberto,fly_ball,93.6,37.1,345
2019-04-21,Byron Buxton,fly_ball,103.5,38.9,360
2019-04-21,Jake Cave,fly_ball,89.8,45.4,276
2019-04-21,Willians Astudillo,fly_ball,80.8,48.9,236
2019-04-21,Nelson Cruz,fly_ball,93.7,50.8,274
2019-04-21,Pedro Severino,fly_ball,99.1,44.8,321
2019-04-21,Jarrod Dyson,fly_ball,83.9,31.2,306
2019-04-21,Javier Baez,fly_ball,95.7,49.2,277
2019-04-21,Mark Zagunis,fly_ball,79.9,38.1,252
2019-04-21,Wilmer Flores,fly_ball,96.1,34.5,357
2019-04-21,Albert Almora,fly_ball,80,53.5,200
2019-04-21,Javier Baez,fly_ball,107.4,23.3,383
2019-04-21,Adam Jones,fly_ball,92.4,42.8,289
2019-04-21,Eduardo Escobar,fly_ball,97.7,35.8,356
2019-04-21,Daniel Descalso,fly_ball,91.2,42.5,307
2019-04-21,Wilmer Flores,fly_ball,90.7,43,288
2019-04-21,Ozzie Albies,fly_ball,91.3,35.2,338
2019-04-21,Josh Donaldson,fly_ball,103.6,24.4,409
2019-04-21,Francisco Lindor,fly_ball,82.6,30.1,306
2019-04-21,Jason Kipnis,fly_ball,87.5,38.5,301
2019-04-21,Josh Donaldson,fly_ball,104.7,28.2,398
2019-04-21,Freddie Freeman,fly_ball,103,35.5,373
2019-04-21,Jake Bauers,fly_ball,91.6,55.2,227
2019-04-21,Nick Markakis,fly_ball,92.7,33.8,337
2019-04-21,Dansby Swanson,fly_ball,75.5,45.6,227
2019-04-21,Matthew Joyce,fly_ball,86,49.1,254
2019-04-21,Leonys Martín,fly_ball,92.8,26.5,321
2019-04-21,Ronald Acuna,fly_ball,90.4,47.3,276
2019-04-21,Carlos Santana,fly_ball,99.7,36.4,356
2019-04-21,Jason Kipnis,fly_ball,74.5,34.3,248
2019-04-21,Nick Markakis,fly_ball,88,37.8,281
2019-04-21,Francisco Lindor,fly_ball,97.1,31.5,368
2019-04-21,Jose Ramirez,fly_ball,99.2,29.4,355
2019-04-21,Greg Allen,fly_ball,67.1,28.2,200
2019-04-21,Jason Kipnis,fly_ball,91,32.8,331
2019-04-21,Matthew Joyce,fly_ball,73.2,47.8,200
2019-04-21,Ender Inciarte,fly_ball,72.8,40.2,237
2019-04-21,Roberto Perez,fly_ball,106.9,25.3,421
2019-04-21,Carlos Santana,fly_ball,92.8,34.3,342
2019-04-21,Jason Kipnis,fly_ball,70.9,32.4,236
2019-04-21,Ryan McMahon,fly_ball,87.8,29.4,349
2019-04-21,Tony Wolters,fly_ball,91.1,45.4,302
2019-04-21,Garrett Hampson,fly_ball,84.2,28.9,331
2019-04-21,Ryan McMahon,fly_ball,96.2,44.1,328
2019-04-21,Maikel Franco,fly_ball,95.8,21.7,328
2019-04-21,Roman Quinn,fly_ball,97.8,45.1,337
2019-04-21,Andrew McCutchen,fly_ball,82.8,34.6,325
2019-04-21,Charlie Blackmon,fly_ball,93.5,26.1,351
2019-04-21,Bryce Harper,fly_ball,93.3,41.3,347
2019-04-21,Tony Wolters,fly_ball,97.5,20.1,352
2019-04-21,Philip Gosselin,fly_ball,92.8,48.3,308
2019-04-21,Ian Desmond,fly_ball,71.4,43.8,234
2019-04-21,Rhys Hoskins,fly_ball,89.2,30.7,337
2019-04-21,Pat Valaika,fly_ball,92.3,26.8,345
2019-04-21,Nick Castellanos,fly_ball,100.3,31,383
2019-04-21,Gordon Beckham,fly_ball,96.5,35.7,349
2019-04-21,Leury Garcia,fly_ball,90.6,35.1,307
2019-04-21,JaCoby Jones,fly_ball,97.4,43.5,308
2019-04-21,Yonder Alonso,fly_ball,79.4,30.8,282
2019-04-21,Nick Castellanos,fly_ball,94,26.9,325
2019-04-21,Niko Goodrum,fly_ball,89.6,46.4,257
2019-04-21,Eloy Jimenez,fly_ball,90.9,48.2,252
2019-04-21,Josh Harrison,fly_ball,72.6,44.2,212
2019-04-21,Nick Castellanos,fly_ball,89.4,45.6,264
2019-04-21,Miguel Cabrera,fly_ball,93.7,23.5,338
2019-04-21,Yonder Alonso,fly_ball,90.7,52.9,245
2019-04-21,Gordon Beckham,fly_ball,104.7,39.1,366
2019-04-21,JaCoby Jones,fly_ball,76.1,41.1,230
2019-04-21,Nick Castellanos,fly_ball,105.3,30.9,397
2019-04-21,Teoscar Hernandez,fly_ball,105.3,36.2,388
2019-04-21,Nick Hundley,fly_ball,76.7,43.8,251
2019-04-21,Robbie Grossman,fly_ball,95.6,28.6,362
2019-04-21,Justin Smoak,fly_ball,105.8,30.6,413
2019-04-21,Teoscar Hernandez,fly_ball,92.3,43.6,295
2019-04-21,Matt Chapman,fly_ball,97.6,33.6,339
2019-04-21,Khris Davis,fly_ball,71.6,34.2,255
2019-04-21,Kendrys Morales,fly_ball,95.4,25,357
2019-04-21,Steven Duggar,fly_ball,85.3,56.1,222
2019-04-21,Kevin Pillar,fly_ball,98.7,38.9,339
2019-04-21,Bryan Reynolds,fly_ball,97.4,54.4,254
2019-04-21,Evan Longoria,fly_ball,99.3,32.5,372
2019-04-21,Joe Panik,fly_ball,90.8,39.1,315
2019-04-21,Josh Bell,fly_ball,105.9,29,416
2019-04-21,Francisco Cervelli,fly_ball,96.8,36.4,355
2019-04-21,Buster Posey,fly_ball,107.1,23.5,409
2019-04-21,Evan Longoria,fly_ball,93.8,35.1,332
2019-04-21,Jason Martin,fly_ball,95.6,35.9,346
2019-04-21,Dereck Rodriguez,fly_ball,94.7,39.4,332
2019-04-21,Melky Cabrera,fly_ball,79.1,30.6,286
2019-04-21,Gerardo Parra,fly_ball,88.6,31.2,338
2019-04-21,Adam Frazier,fly_ball,79.9,36.5,271
2019-04-21,Colin Moran,fly_ball,79.1,40.1,269
2019-04-21,Jose Peraza,fly_ball,81.9,44.7,241
2019-04-21,Jesse Winker,fly_ball,92.8,27.2,339
2019-04-21,Ian Kinsler,fly_ball,89.8,29.4,315
2019-04-21,Manuel Margot,fly_ball,67.7,36.3,226
2019-04-21,Wil Myers,fly_ball,93.1,28.9,350
2019-04-21,Franmil Reyes,fly_ball,91.7,43.4,295
2019-04-21,Kyle Farmer,fly_ball,102.5,27,393
2019-04-21,Tucker Barnhart,fly_ball,79.7,45.1,234
2019-04-21,Eugenio Suarez,fly_ball,102.5,25.3,372
2019-04-21,Ian Kinsler,fly_ball,73.9,41.2,241
2019-04-21,Hunter Renfroe,fly_ball,86.6,48.7,250
2019-04-21,Manuel Margot,fly_ball,73.6,42.9,228
2019-04-21,Michael Conforto,fly_ball,98.4,25.5,367
2019-04-21,Keon Broxton,fly_ball,97,37.7,337
2019-04-21,Matt Carpenter,fly_ball,81.8,44.1,267
2019-04-21,Jeff McNeil,fly_ball,86.6,46.9,269
2019-04-21,Jose Martinez,fly_ball,67.8,39.3,214
2019-04-21,Noah Syndergaard,fly_ball,100.7,29.8,405
2019-04-21,Paul DeJong,fly_ball,98.4,49.3,299
2019-04-21,Robinson Cano,fly_ball,102.2,24.4,397
2019-04-21,Yadier Molina,fly_ball,86.9,51.7,242
2019-04-21,Matt Carpenter,fly_ball,101.1,39.2,368
2019-04-21,Paul Goldschmidt,fly_ball,90.2,29.2,344
2019-04-21,Michael Conforto,fly_ball,103.3,32.2,406
2019-04-21,Jeff McNeil,fly_ball,85.2,33.6,306
2019-04-21,Joey Wendle,fly_ball,98.4,28.4,386
2019-04-21,J. D. Martinez,fly_ball,93.4,29.7,354
2019-04-21,Michael Chavis,fly_ball,89.9,58.4,214
2019-04-21,Jackie Bradley,fly_ball,82.9,42.3,272
2019-04-21,Christian Vazquez,fly_ball,90.2,40.5,326
2019-04-21,Steve Pearce,fly_ball,88.4,50.5,254
2019-04-21,Rafael Devers,fly_ball,71.1,32,245
2019-04-21,Joey Wendle,fly_ball,91.4,23.9,344
2019-04-21,George Springer,fly_ball,98.1,32.3,379
2019-04-21,Shin-Soo Choo,fly_ball,100.1,31.8,373
2019-04-21,Hunter Pence,fly_ball,88.1,38.5,284
2019-04-21,Logan Forsythe,fly_ball,104.4,34.1,408
2019-04-21,Patrick Wisdom,fly_ball,93.3,42.1,327
2019-04-21,Yuli Gurriel,fly_ball,79,52,231
2019-04-21,Shin-Soo Choo,fly_ball,72.8,32.8,249
2019-04-21,Joey Gallo,fly_ball,104.1,41,389
2019-04-21,George Springer,fly_ball,94.4,43.3,319
2019-04-21,Alex Bregman,fly_ball,102.4,22.2,440
2019-04-21,Michael Brantley,fly_ball,106.3,21.2,433
2019-04-21,Alex Bregman,fly_ball,97.6,25.2,403
2019-04-21,Logan Forsythe,fly_ball,93.3,29.8,367
2019-04-21,Josh Reddick,fly_ball,91.9,28,370
2019-04-21,Tony Kemp,fly_ball,82.4,49.6,257
2019-04-21,Victor Robles,fly_ball,71.9,42.4,234
2019-04-21,Starlin Castro,fly_ball,87.3,50.4,244
2019-04-21,Juan Soto,fly_ball,101,36.2,352
2019-04-21,Ryan Zimmerman,fly_ball,96,35.7,352
2019-04-21,Brian Dozier,fly_ball,99.9,39.5,355
2019-04-21,Lewis Brinson,fly_ball,84.8,36.9,269
2019-04-21,Ryan Zimmerman,fly_ball,98,35.8,363
2019-04-21,Miguel Rojas,fly_ball,80.9,32.8,281
2019-04-21,Alex Gordon,fly_ball,81.1,33.2,278
2019-04-21,Luke Voit,fly_ball,96.8,29.4,354
2019-04-21,Brett Gardner,fly_ball,82.9,33.4,259
2019-04-21,Clint Frazier,fly_ball,93.4,29.7,308
2019-04-21,Gio Urshela,fly_ball,90.1,34.1,309
2019-04-21,Brett Gardner,fly_ball,98.4,38.7,343
2019-04-21,Lucas Duda,fly_ball,106.6,34.2,393
2019-04-21,DJ LeMahieu,fly_ball,77.2,33.9,265
2019-04-21,Clint Frazier,fly_ball,106.8,26.1,430
2019-04-21,Austin Romine,fly_ball,83.1,55.5,212
2019-04-21,Chris Owings,fly_ball,96.5,35.5,343
2019-04-21,Alex Gordon,fly_ball,99.3,33.3,365
2019-04-21,Hunter Dozier,fly_ball,108.9,23.4,420
2019-04-21,Alex Gordon,fly_ball,81.2,32.7,295
2019-04-21,Austin Romine,fly_ball,95.3,28.4,359
2019-04-21,Joc Pederson,fly_ball,105.9,20.8,421
2019-04-21,Alex Verdugo,fly_ball,88.4,27.4,341
2019-04-21,Jesus Aguilar,fly_ball,90.1,26.4,351
2019-04-21,Justin Turner,fly_ball,96.3,29.5,386
2019-04-21,Orlando Arcia,fly_ball,78.9,31.8,273
2019-04-21,Lorenzo Cain,fly_ball,104.3,34.5,390
2019-04-21,Justin Turner,fly_ball,104,37.3,380
2019-04-21,Yasmani Grandal,fly_ball,89.7,52.8,253
2019-04-21,Christian Yelich,fly_ball,103.1,37.2,376
2019-04-21,Eric Thames,fly_ball,102.6,27.3,407
2019-04-21,Cody Bellinger,fly_ball,95.8,27.5,380
2019-04-22,Andrelton Simmons,fly_ball,86.1,58.8,211
2019-04-22,Jonathan Lucroy,fly_ball,100.4,26.7,401
2019-04-22,Gleyber Torres,fly_ball,86.6,49.8,263
2019-04-22,Clint Frazier,fly_ball,90.8,42.9,289
2019-04-22,Mike Ford,fly_ball,96.9,34.9,357
2019-04-22,Kyle Higashioka,fly_ball,92.3,47.4,285
2019-04-22,Jonathan Lucroy,fly_ball,72.4,46,221
2019-04-22,Clint Frazier,fly_ball,87.9,37.3,298
2019-04-22,Luke Voit,fly_ball,80.8,33.1,276
2019-04-22,Mike Trout,fly_ball,67.2,31.7,226
2019-04-22,Kevan Smith,fly_ball,86.3,34.3,282
2019-04-22,Gio Urshela,fly_ball,97.2,46,309
2019-04-22,Kyle Higashioka,fly_ball,80.9,50.2,234
2019-04-22,Tommy La Stella,fly_ball,84.9,44.3,271
2019-04-22,Gio Urshela,fly_ball,89.2,31.5,326
2019-04-22,DJ LeMahieu,fly_ball,84.9,34,295
2019-04-22,Andrelton Simmons,fly_ball,83.2,31.4,299
2019-04-22,Leury Garcia,fly_ball,90.4,52.8,244
2019-04-22,Joey Rickard,fly_ball,73.1,46.1,211
2019-04-22,Tim Anderson,fly_ball,87.8,59.2,197
2019-04-22,James McCann,fly_ball,87.2,41.9,293
2019-04-22,Leury Garcia,fly_ball,101.5,35.5,372
2019-04-22,José Abreu,fly_ball,95.6,49,291
2019-04-22,James McCann,fly_ball,107.4,31.4,421
2019-04-22,Joey Rickard,fly_ball,90.9,38.4,313
2019-04-22,Trey Mancini,fly_ball,101.6,26.6,388
2019-04-22,Renato Nunez,fly_ball,95.5,47.8,291
2019-04-22,Tim Anderson,fly_ball,94.2,26.2,340
2019-04-22,José Abreu,fly_ball,104.4,25.8,388
2019-04-22,Joey Rickard,fly_ball,90.2,33.9,343
2019-04-22,Ryan Cordell,fly_ball,90.1,27.4,337
2019-04-22,José Abreu,fly_ball,93.9,56.1,245
2019-04-22,Pedro Severino,fly_ball,100.5,32.3,382
2019-04-22,Trevor Story,fly_ball,90.3,48.6,282
2019-04-22,Tony Wolters,fly_ball,77.1,38.5,275
2019-04-22,Brian Dozier,fly_ball,106,30,435
2019-04-22,Victor Robles,fly_ball,83.4,45.2,279
2019-04-22,Mark Reynolds,fly_ball,103.3,26.3,430
2019-04-22,Charlie Blackmon,fly_ball,96.5,35.5,369
2019-04-22,Adam Eaton,fly_ball,78.9,33.2,297
2019-04-22,Nolan Arenado,fly_ball,103.3,28,419
2019-04-22,Trevor Story,fly_ball,84.6,48,264
2019-04-22,Tony Wolters,fly_ball,88,33.1,309
2019-04-22,Raimel Tapia,fly_ball,100.2,27.4,376
2019-04-22,Alex Bregman,fly_ball,89.2,30.4,334
2019-04-22,Michael Brantley,fly_ball,98.9,26.6,393
2019-04-22,Jason Castro,fly_ball,104.9,34.6,390
2019-04-22,Max Kepler,fly_ball,88.6,30,347
2019-04-22,Nelson Cruz,fly_ball,85.9,54.7,221
2019-04-22,Eddie Rosario,fly_ball,92.4,42.6,310
2019-04-22,Byron Buxton,fly_ball,80.3,51.8,236
2019-04-22,Tyler White,fly_ball,97.2,22.8,381
2019-04-22,Alex Bregman,fly_ball,84.4,29.1,291
2019-04-22,Byron Buxton,fly_ball,90.3,38,325
2019-04-22,Michael Brantley,fly_ball,100,32,379
2019-04-22,Robinson Chirinos,fly_ball,89.5,41.6,306
2019-04-22,Jason Castro,fly_ball,92.3,35.2,328
2019-04-22,Nelson Cruz,fly_ball,103.8,39.4,351
2019-04-22,George Springer,fly_ball,71.8,43.5,232
2019-04-22,Brandon Nimmo,fly_ball,72.3,33.1,258
2019-04-22,Jeff McNeil,fly_ball,86.6,57.3,210
2019-04-22,Rhys Hoskins,fly_ball,103.9,35,401
2019-04-22,J. T. Realmuto,fly_ball,102.2,43.8,331
2019-04-22,Jeff McNeil,fly_ball,107.2,25.4,383
2019-04-22,Maikel Franco,fly_ball,103.1,38,368
2019-04-22,Brandon Nimmo,fly_ball,86,58.5,211
2019-04-22,Michael Conforto,fly_ball,97.6,34.5,367
2019-04-22,Jurickson Profar,fly_ball,80.2,41.8,252
2019-04-22,Matt Chapman,fly_ball,92.3,41.9,298
2019-04-22,Nomar Mazara,fly_ball,96.3,42.9,320
2019-04-22,Marcus Semien,fly_ball,83.4,42.8,256
2019-04-22,Asdrubal Cabrera,fly_ball,74.2,32.3,260
2019-04-22,Delino DeShields,fly_ball,84.5,40.3,287
2019-04-22,Shin-Soo Choo,fly_ball,99.1,35.7,355
2019-04-22,Christian Walker,fly_ball,77.7,37.5,273
2019-04-22,Elias Diaz,fly_ball,82.6,30.7,302
2019-04-22,Eduardo Escobar,fly_ball,92.1,36.3,341
2019-04-22,David Peralta,fly_ball,102.6,24.1,369
2019-04-22,Bryan Reynolds,fly_ball,93.6,59.2,231
2019-04-22,Cole Tucker,fly_ball,83.5,36.5,287
2019-04-22,Christian Walker,fly_ball,93.9,29.4,351
2019-04-22,Nick Ahmed,fly_ball,91,34.8,325
2019-04-22,Adam Frazier,fly_ball,93.2,31.5,306
2019-04-22,Adam Jones,fly_ball,76.3,53.8,199
2019-04-22,Christian Walker,fly_ball,100.9,35.7,365
2019-04-22,Eduardo Escobar,fly_ball,72.8,31.4,237
2019-04-22,JB Shuck,fly_ball,94.3,34,345
2019-04-22,Ketel Marte,fly_ball,104.8,38.8,382
2019-04-22,Caleb Joseph,fly_ball,84.3,30.8,295
2019-04-22,Gregory Polanco,fly_ball,94.9,41,323
2019-04-22,Yasmani Grandal,fly_ball,81.3,44.3,264
2019-04-22,Hernan Perez,fly_ball,84.2,50.6,252
2019-04-22,Dexter Fowler,fly_ball,100.5,28.6,418
2019-04-22,Ryan Braun,fly_ball,104.2,23.2,367
2019-04-22,Paul Goldschmidt,fly_ball,104.9,36.7,397
2019-04-22,Yasmani Grandal,fly_ball,101.2,32.8,395
2019-04-22,Yadier Molina,fly_ball,98.6,37.3,362
2019-04-22,Dexter Fowler,fly_ball,99,23.6,396
2019-04-22,Paul DeJong,fly_ball,91.5,40.3,321
2019-04-22,Travis Shaw,fly_ball,106.7,30.3,438
2019-04-22,Eric Thames,fly_ball,84.2,30.2,298
2019-04-22,Alex Gordon,fly_ball,105.2,33,416
2019-04-22,Yandy Díaz,fly_ball,93.7,33.1,340
2019-04-22,Adalberto Mondesi,fly_ball,94.7,24.9,382
2019-04-22,Hunter Dozier,fly_ball,69.9,34.1,238
2019-04-22,Jorge Soler,fly_ball,102.1,38.7,370
2019-04-22,Billy Hamilton,fly_ball,89,34.6,325
2019-04-22,Adalberto Mondesi,fly_ball,74.6,27.9,263
2019-04-22,Hunter Dozier,fly_ball,96.5,36.8,389
2019-04-22,Ryan O'Hearn,fly_ball,97.9,45.1,312
2019-04-22,Mike Zunino,fly_ball,106.6,29.4,425
2019-04-22,Yandy Díaz,fly_ball,93.2,31,351
2019-04-22,Joey Wendle,fly_ball,81.5,48.9,245
2019-04-22,Jorge Soler,fly_ball,76.7,40.7,248
2019-04-23,Luke Voit,fly_ball,101.1,32.5,403
2019-04-23,Justin Bour,fly_ball,89.6,56.2,236
2019-04-23,Andrelton Simmons,fly_ball,99.5,31.5,383
2019-04-23,Justin Bour,fly_ball,96.5,55.7,238
2019-04-23,Gleyber Torres,fly_ball,89.8,33.3,312
2019-04-23,Kevan Smith,fly_ball,95.5,52.6,251
2019-04-23,Luke Voit,fly_ball,105.2,33.2,371
2019-04-23,Mike Tauchman,fly_ball,95.7,26.9,362
2019-04-23,Justin Bour,fly_ball,105.5,23.3,435
2019-04-23,DJ LeMahieu,fly_ball,84.5,43.5,263
2019-04-23,Adam Engel,fly_ball,92.5,32.5,356
2019-04-23,José Abreu,fly_ball,102.2,21.8,362
2019-04-23,Chris Davis,fly_ball,99.5,26,392
2019-04-23,Yonder Alonso,fly_ball,92.8,39.5,313
2019-04-23,Dwight Smith,fly_ball,104.9,40.9,355
2019-04-23,Joey Rickard,fly_ball,92,35.9,342
2019-04-23,Renato Nunez,fly_ball,93.6,53.5,258
2019-04-23,Ryan Cordell,fly_ball,83.4,29.7,312
2019-04-23,Carlos Sanchez,fly_ball,93.6,25.5,356
2019-04-23,Jesus Sucre,fly_ball,92.5,31.6,325
2019-04-23,Renato Nunez,fly_ball,73.5,43.5,237
2019-04-23,Josh Harrison,fly_ball,79.8,43.2,258
2019-04-23,Michael Chavis,fly_ball,93.9,31.2,352
2019-04-23,Miguel Cabrera,fly_ball,82.6,33.6,276
2019-04-23,Grayson Greiner,fly_ball,103,28.9,389
2019-04-23,Nick Castellanos,fly_ball,90.6,42.5,299
2019-04-23,Sandy Leon,fly_ball,88.2,53.8,220
2019-04-23,Andrew Benintendi,fly_ball,88.3,34,328
2019-04-23,Ronny Rodriguez,fly_ball,100,31,392
2019-04-23,Xander Bogaerts,fly_ball,106.3,41.6,359
2019-04-23,Miguel Cabrera,fly_ball,93,43.7,302
2019-04-23,Tzu-Wei Lin,fly_ball,99.6,39.3,360
2019-04-23,Dustin Peterson,fly_ball,87.5,44,280
2019-04-23,Ronny Rodriguez,fly_ball,91.2,29.2,352
2019-04-23,Josh Harrison,fly_ball,98.5,25.1,372
2019-04-23,Miguel Cabrera,fly_ball,66.8,30.2,203
2019-04-23,Xander Bogaerts,fly_ball,93.3,35.4,345
2019-04-23,Rafael Devers,fly_ball,94.7,30.3,343
2019-04-23,Christian Vazquez,fly_ball,93.3,40,318
2019-04-23,JaCoby Jones,fly_ball,83.2,51.3,223
2019-04-23,Mookie Betts,fly_ball,93.8,37.1,317
2019-04-23,Miguel Cabrera,fly_ball,95.4,57,215
2019-04-23,Michael Chavis,fly_ball,110.2,26.7,441
2019-04-23,Andrew Benintendi,fly_ball,71.6,30.9,228
2019-04-23,Ronny Rodriguez,fly_ball,98.5,33.4,379
2019-04-23,Josh Harrison,fly_ball,81.3,30.7,299
2019-04-23,Daniel Descalso,fly_ball,93.8,26.9,325
2019-04-23,A. J. Pollock,fly_ball,103.8,22.2,388
2019-04-23,Ben Zobrist,fly_ball,71.5,25.9,224
2019-04-23,Anthony Rizzo,fly_ball,104.1,23.9,382
2019-04-23,Justin Turner,fly_ball,99.6,35.6,365
2019-04-23,A. J. Pollock,fly_ball,83.7,49.4,231
2019-04-23,Javier Baez,fly_ball,104.1,24.3,377
2019-04-23,Yasiel Puig,fly_ball,105.7,25.2,432
2019-04-23,Tucker Barnhart,fly_ball,87,44.1,271
2019-04-23,Eugenio Suarez,fly_ball,71.2,41.7,216
2019-04-23,Tucker Barnhart,fly_ball,99.1,31.3,380
2019-04-23,Tyler Flowers,fly_ball,90.1,56.5,227
2019-04-23,Jesse Winker,fly_ball,93.3,24.3,356
2019-04-23,Josh Donaldson,fly_ball,82.5,47.3,256
2019-04-23,Yasiel Puig,fly_ball,93.6,38.6,337
2019-04-23,Tucker Barnhart,fly_ball,91.3,35.5,306
2019-04-23,Josh Donaldson,fly_ball,106.4,38.1,371
2019-04-23,Curtis Granderson,fly_ball,93.9,42.5,317
2019-04-23,Brian Anderson,fly_ball,77.4,32.4,259
2019-04-23,Jorge Alfaro,fly_ball,100,35.9,357
2019-04-23,Martin Prado,fly_ball,91.8,42.1,304
2019-04-23,Curtis Granderson,fly_ball,74.5,48.1,213
2019-04-23,Jose Ramirez,fly_ball,91.6,49.9,275
2019-04-23,Jason Kipnis,fly_ball,85.5,37.1,293
2019-04-23,Yan Gomes,fly_ball,85,38.8,313
2019-04-23,Raimel Tapia,fly_ball,104.4,30.7,429
2019-04-23,Drew Butera,fly_ball,78.3,33.6,291
2019-04-23,Howie Kendrick,fly_ball,89.9,41.3,323
2019-04-23,Charlie Blackmon,fly_ball,75.8,38.2,271
2019-04-23,Yan Gomes,fly_ball,102.5,53.6,295
2019-04-23,Brian Dozier,fly_ball,103.2,35.8,402
2019-04-23,Nolan Arenado,fly_ball,98,47,319
2019-04-23,Yan Gomes,fly_ball,85.6,35.9,306
2019-04-23,Ian Desmond,fly_ball,98.2,38.6,355
2019-04-23,Victor Robles,fly_ball,92.4,44.3,316
2019-04-23,Eddie Rosario,fly_ball,96,29.7,339
2019-04-23,Byron Buxton,fly_ball,93,42.1,313
2019-04-23,Jorge Polanco,fly_ball,96.2,28.5,366
2019-04-23,Eddie Rosario,fly_ball,97.6,30.9,376
2019-04-23,Alex Bregman,fly_ball,86.8,42.2,287
2019-04-23,Max Stassi,fly_ball,94.1,51.1,279
2019-04-23,Jorge Polanco,fly_ball,83,42.2,276
2019-04-23,Mitch Garver,fly_ball,85.2,32,317
2019-04-23,Jose Altuve,fly_ball,104.9,40,391
2019-04-23,Marwin Gonzalez,fly_ball,81.7,32.4,299
2019-04-23,Jeff McNeil,fly_ball,100.9,42.4,332
2019-04-23,Jeff McNeil,fly_ball,87.7,33,316
2019-04-23,Todd Frazier,fly_ball,95.9,57.8,209
2019-04-23,Luis Guillorme,fly_ball,72.6,46.3,232
2019-04-23,Zach Wheeler,fly_ball,101.4,32.1,385
2019-04-23,Juan Lagares,fly_ball,90.4,56.5,225
2019-04-23,Pete Alonso,fly_ball,91.3,52.8,234
2019-04-23,Todd Frazier,fly_ball,98.5,35.8,357
2019-04-23,Rhys Hoskins,fly_ball,100.8,48.7,292
2019-04-23,Elvis Andrus,fly_ball,68.6,32.6,238
2019-04-23,Matt Chapman,fly_ball,106.5,34.3,394
2019-04-23,Khris Davis,fly_ball,90,41.7,309
2019-04-23,Stephen Piscotty,fly_ball,99.3,32.6,370
2019-04-23,Josh Phegley,fly_ball,98.9,56.5,249
2019-04-23,Robbie Grossman,fly_ball,70.8,33,248
2019-04-23,Stephen Piscotty,fly_ball,100.3,35.5,414
2019-04-23,Kendrys Morales,fly_ball,94.2,36.6,341
2019-04-23,Josh Phegley,fly_ball,96.2,36.6,354
2019-04-23,Logan Forsythe,fly_ball,91.3,34,325
2019-04-23,Danny Santana,fly_ball,82.1,55.8,216
2019-04-23,Adam Frazier,fly_ball,70,40.2,234
2019-04-23,Melky Cabrera,fly_ball,99.7,22.5,388
2019-04-23,Cole Tucker,fly_ball,81.3,40.6,264
2019-04-23,Ketel Marte,fly_ball,82.2,30.4,298
2019-04-23,Carson Kelly,fly_ball,90.7,44.4,306
2019-04-23,Jung Ho Kang,fly_ball,76.2,44.2,251
2019-04-23,Manuel Margot,fly_ball,72.3,37.2,236
2019-04-23,Manny Machado,fly_ball,93.9,37.2,318
2019-04-23,Ryon Healy,fly_ball,92.5,41.3,307
2019-04-23,Dee Gordon,fly_ball,72.3,25.1,247
2019-04-23,Franmil Reyes,fly_ball,98.5,26.3,402
2019-04-23,Manuel Margot,fly_ball,96.2,24.3,368
2019-04-23,Eric Hosmer,fly_ball,76.6,32.5,274
2019-04-23,Tim Beckham,fly_ball,70.2,28.9,218
2019-04-23,Dee Gordon,fly_ball,74,51.4,203
2019-04-23,Franmil Reyes,fly_ball,94.3,37.7,328
2019-04-23,Wil Myers,fly_ball,103.5,42.1,342
2019-04-23,Franmil Reyes,fly_ball,106.7,31.8,417
2019-04-23,Austin Hedges,fly_ball,102.5,23.7,399
2019-04-23,Domingo Santana,fly_ball,82.4,34.7,297
2019-04-23,Dan Vogelbach,fly_ball,94.2,56.5,235
2019-04-23,Mallex Smith,fly_ball,74.1,36.7,240
2019-04-23,Eric Hosmer,fly_ball,89.4,44.3,277
2019-04-23,Mitch Haniger,fly_ball,78.2,32.3,260
2019-04-23,Ryan Braun,fly_ball,75.3,43.1,236
2019-04-23,Manny Pina,fly_ball,90,26.4,340
2019-04-23,Kolten Wong,fly_ball,93.4,23.3,353
2019-04-23,Manny Pina,fly_ball,82.4,53.1,228
2019-04-23,Paul DeJong,fly_ball,84.5,36.2,305
2019-04-23,Orlando Arcia,fly_ball,107.5,21.6,419
2019-04-23,Marcell Ozuna,fly_ball,96.2,45.2,307
2019-04-23,Travis Shaw,fly_ball,109.5,29.1,414
2019-04-23,Hernan Perez,fly_ball,72.3,27.5,249
2019-04-23,Dexter Fowler,fly_ball,97.4,37.1,344
2019-04-23,Travis Shaw,fly_ball,102.9,23.1,389
2019-04-23,Whit Merrifield,fly_ball,92.3,27.2,343
2019-04-23,Alex Gordon,fly_ball,95.8,26,363
2019-04-23,Jorge Soler,fly_ball,94.1,53.9,255
2019-04-23,Avisail Garcia,fly_ball,81.6,40.9,262
2019-04-23,Willy Adames,fly_ball,89.1,34.6,307
2019-04-23,Tommy Pham,fly_ball,101.6,34.3,380
2019-04-23,Martin Maldonado,fly_ball,98.2,26.9,377
2019-04-23,Whit Merrifield,fly_ball,99.7,28.4,379
2019-04-23,Mike Zunino,fly_ball,108.1,31.9,425
2019-04-23,Martin Maldonado,fly_ball,103.1,26.6,425
2019-04-23,Buster Posey,fly_ball,100.8,38.9,359
2019-04-23,Rowdy Tellez,fly_ball,94.5,29.6,355
2019-04-23,Eric Sogard,fly_ball,84.5,28.7,310
2019-04-23,Richard Urena,fly_ball,94.3,32.6,344
2019-04-23,Kevin Pillar,fly_ball,84.1,34.8,306
2019-04-23,Justin Smoak,fly_ball,98.3,40.8,350
2019-04-23,Brandon Drury,fly_ball,89,43.2,300
2019-04-23,Joe Panik,fly_ball,101.9,27.4,414
2019-04-23,Evan Longoria,fly_ball,105,26.3,409
2019-04-23,Brandon Crawford,fly_ball,79.1,31.9,298
2019-04-23,Eric Sogard,fly_ball,95.9,33.9,368
2019-04-23,Richard Urena,fly_ball,99.5,34.6,372
2019-04-23,Rowdy Tellez,fly_ball,96.8,22.8,372
2019-04-23,Steven Duggar,fly_ball,89.3,32.1,311
2019-04-23,Brandon Belt,fly_ball,104.7,27.9,434
2019-04-23,Pablo Sandoval,fly_ball,105.4,29.2,424
2019-04-23,Randal Grichuk,fly_ball,102.9,22.4,377
2019-04-23,Teoscar Hernandez,fly_ball,99.6,48.8,297
2019-04-24,David Fletcher,fly_ball,96.5,34.7,357
2019-04-24,Mike Trout,fly_ball,86.1,31.2,291
2019-04-24,Andrelton Simmons,fly_ball,101.9,28.1,410
2019-04-24,Albert Pujols,fly_ball,72.6,26.7,251
2019-04-24,Kevan Smith,fly_ball,89.6,26.8,330
2019-04-24,Andrelton Simmons,fly_ball,98.5,32.9,385
2019-04-24,Albert Pujols,fly_ball,70.8,30.5,243
2019-04-24,Kole Calhoun,fly_ball,99.6,31.6,404
2019-04-24,Brian Goodwin,fly_ball,78.3,34.4,291
2019-04-24,Kole Calhoun,fly_ball,99.1,30.2,378
2019-04-24,DJ LeMahieu,fly_ball,98.8,39.2,343
2019-04-24,Gleyber Torres,fly_ball,89.8,51.9,237
2019-04-24,Jonathan Lucroy,fly_ball,86,34.3,289
2019-04-24,Mike Tauchman,fly_ball,94.9,31,363
2019-04-24,Luke Voit,fly_ball,84.6,31.6,323
2019-04-24,José Abreu,fly_ball,96.2,54.3,260
2019-04-24,Yoan Moncada,fly_ball,99.7,33,374
2019-04-24,Jonathan Villar,fly_ball,97.1,38.9,335
2019-04-24,Renato Nunez,fly_ball,99.5,27.2,383
2019-04-24,Joey Rickard,fly_ball,97.7,28,346
2019-04-24,Dwight Smith,fly_ball,73.6,43.6,229
2019-04-24,Rio Ruiz,fly_ball,91.7,41.5,310
2019-04-24,Stevie Wilkerson,fly_ball,104.3,23,423
2019-04-24,Tim Anderson,fly_ball,91.5,33.9,338
2019-04-24,Joey Rickard,fly_ball,91.9,30.8,364
2019-04-24,Jonathan Villar,fly_ball,91.5,44.7,307
2019-04-24,Trey Mancini,fly_ball,86.8,27.4,333
2019-04-24,Ryan Cordell,fly_ball,99.4,24.9,379
2019-04-24,Renato Nunez,fly_ball,86.3,42.9,274
2019-04-24,Rio Ruiz,fly_ball,93.4,29.2,312
2019-04-24,Jeimer Candelario,fly_ball,83.6,47.7,237
2019-04-24,Ronny Rodriguez,fly_ball,81.3,50.7,223
2019-04-24,Christian Vazquez,fly_ball,95.8,46.8,301
2019-04-24,Mookie Betts,fly_ball,101.3,24.7,395
2019-04-24,Rafael Devers,fly_ball,78,37.4,261
2019-04-24,Miguel Cabrera,fly_ball,95.6,32.7,374
2019-04-24,Jackie Bradley,fly_ball,100.9,24.3,372
2019-04-24,Andrew Benintendi,fly_ball,84.1,30.4,285
2019-04-24,Mitch Moreland,fly_ball,95.6,33.9,350
2019-04-24,J. D. Martinez,fly_ball,88.8,49.8,263
2019-04-24,Grayson Greiner,fly_ball,91.3,30.4,343
2019-04-24,JaCoby Jones,fly_ball,93.8,47.2,297
2019-04-24,Daniel Descalso,fly_ball,93.4,50.1,272
2019-04-24,Javier Baez,fly_ball,101.3,56,244
2019-04-24,Anthony Rizzo,fly_ball,103.5,32.9,377
2019-04-24,Kyle Schwarber,fly_ball,97,45.4,313
2019-04-24,Justin Turner,fly_ball,100.5,41.9,339
2019-04-24,Willson Contreras,fly_ball,80.7,35.8,273
2019-04-24,Albert Almora,fly_ball,94.7,43.4,307
2019-04-24,Cody Bellinger,fly_ball,101.8,35.5,361
2019-04-24,Kris Bryant,fly_ball,91.1,38.8,306
2019-04-24,Javier Baez,fly_ball,98.5,34.8,369
2019-04-24,Enrique Hernandez,fly_ball,92.6,30.5,354
2019-04-24,Justin Turner,fly_ball,79.5,33.3,271
2019-04-24,Alex Verdugo,fly_ball,106.3,27.2,421
2019-04-24,Ozzie Albies,fly_ball,102.9,32.3,400
2019-04-24,Nick Markakis,fly_ball,80.9,59.1,191
2019-04-24,Johan Camargo,fly_ball,85.9,34.1,305
2019-04-24,Yasiel Puig,fly_ball,94.9,44.9,305
2019-04-24,Ronald Acuna,fly_ball,94.9,34.4,327
2019-04-24,Brian Anderson,fly_ball,82.6,32,304
2019-04-24,Jose Ramirez,fly_ball,107.2,24.4,389
2019-04-24,Carlos Gonzalez,fly_ball,98.8,42.9,305
2019-04-24,Jason Kipnis,fly_ball,96.1,36,346
2019-04-24,Jake Bauers,fly_ball,88.8,50.5,258
2019-04-24,Jon Berti,fly_ball,100.2,39.5,329
2019-04-24,Mike Freeman,fly_ball,99.3,42.5,327
2019-04-24,Starlin Castro,fly_ball,84.6,54.8,207
2019-04-24,Martin Prado,fly_ball,97.9,23.1,381
2019-04-24,Francisco Lindor,fly_ball,70.2,35.3,236
2019-04-24,Carlos Santana,fly_ball,95.7,39.8,330
2019-04-24,Juan Soto,fly_ball,83.6,42.8,291
2019-04-24,Juan Soto,fly_ball,96.1,31.1,400
2019-04-24,Nolan Arenado,fly_ball,93.8,31.1,372
2019-04-24,German Marquez,fly_ball,81,32.7,308
2019-04-24,Charlie Blackmon,fly_ball,99.5,38.3,398
2019-04-24,Trevor Story,fly_ball,93.5,25.9,339
2019-04-24,David Dahl,fly_ball,102.4,33.9,406
2019-04-24,Adam Eaton,fly_ball,94.6,31.6,376
2019-04-24,Brian Dozier,fly_ball,100.4,44.1,338
2019-04-24,Ryan McMahon,fly_ball,97.2,52.6,287
2019-04-24,Raimel Tapia,fly_ball,82.4,30.5,323
2019-04-24,Howie Kendrick,fly_ball,104.2,41.5,392
2019-04-24,Jorge Polanco,fly_ball,77.6,33.4,286
2019-04-24,Jose Altuve,fly_ball,74.8,50.6,212
2019-04-24,Carlos Correa,fly_ball,101.8,33.7,365
2019-04-24,Willians Astudillo,fly_ball,80.6,30.9,303
2019-04-24,Alex Bregman,fly_ball,93.1,41.3,327
2019-04-24,Michael Brantley,fly_ball,101.8,27.5,388
2019-04-24,Max Kepler,fly_ball,79.9,39.5,263
2019-04-24,Jorge Polanco,fly_ball,105.3,31.1,405
2019-04-24,Nelson Cruz,fly_ball,100.4,38.5,359
2019-04-24,George Springer,fly_ball,96.3,26.4,372
2019-04-24,Jose Altuve,fly_ball,75.8,44.1,235
2019-04-24,Alex Bregman,fly_ball,100.3,33.6,373
2019-04-24,Willians Astudillo,fly_ball,81.6,50.8,224
2019-04-24,Josh Reddick,fly_ball,95.9,31.4,346
2019-04-24,Maikel Franco,fly_ball,81.8,56.2,190
2019-04-24,Todd Frazier,fly_ball,84.1,44.8,268
2019-04-24,Juan Lagares,fly_ball,86.4,45.2,277
2019-04-24,Maikel Franco,fly_ball,76.8,42,241
2019-04-24,Roman Quinn,fly_ball,95.3,39.3,324
2019-04-24,Rhys Hoskins,fly_ball,89.6,43.5,285
2019-04-24,Jeff McNeil,fly_ball,102.8,48.8,300
2019-04-24,Maikel Franco,fly_ball,96.9,28.3,356
2019-04-24,Dominic Smith,fly_ball,90.4,31.1,347
2019-04-24,Brandon Nimmo,fly_ball,77.9,48.8,234
2019-04-24,Michael Conforto,fly_ball,91.1,38.5,320
2019-04-24,Andrew McCutchen,fly_ball,82.6,40,283
2019-04-24,Rhys Hoskins,fly_ball,94.1,38.9,342
2019-04-24,Shin-Soo Choo,fly_ball,66.4,26.6,213
2019-04-24,Matt Chapman,fly_ball,96.3,41.4,336
2019-04-24,Nomar Mazara,fly_ball,106.6,30.3,427
2019-04-24,Stephen Piscotty,fly_ball,83.4,44.8,263
2019-04-24,Khris Davis,fly_ball,81.2,32.3,304
2019-04-24,Logan Forsythe,fly_ball,105.7,25.5,432
2019-04-24,Jeff Mathis,fly_ball,96.3,51.8,270
2019-04-24,Delino DeShields,fly_ball,87.4,33.6,295
2019-04-24,Shin-Soo Choo,fly_ball,73.1,33.5,250
2019-04-24,Matt Chapman,fly_ball,105.4,29.6,399
2019-04-24,Nomar Mazara,fly_ball,96.5,30.2,364
2019-04-24,Stephen Piscotty,fly_ball,79.3,36.6,286
2019-04-24,Joey Gallo,fly_ball,107.3,45.1,351
2019-04-24,Asdrubal Cabrera,fly_ball,87.1,58.8,220
2019-04-24,Marcus Semien,fly_ball,72.7,29.3,259
2019-04-24,Khris Davis,fly_ball,84.8,43.5,275
2019-04-24,Ketel Marte,fly_ball,93.7,40.2,316
2019-04-24,Wilmer Flores,fly_ball,82,32.4,295
2019-04-24,Nick Ahmed,fly_ball,102.5,24.3,418
2019-04-24,Eduardo Escobar,fly_ball,100.6,23.1,393
2019-04-24,David Peralta,fly_ball,89.4,35.2,322
2019-04-24,Christian Walker,fly_ball,101.4,38.7,361
2019-04-24,Caleb Joseph,fly_ball,73.6,44.1,232
2019-04-24,Josh Bell,fly_ball,102,25.4,423
2019-04-24,Jason Martin,fly_ball,89.8,38.1,318
2019-04-24,Ketel Marte,fly_ball,102,27.1,423
2019-04-24,David Peralta,fly_ball,82.6,41.2,277
2019-04-24,Jung Ho Kang,fly_ball,107.9,33.9,403
2019-04-24,Christian Walker,fly_ball,93.5,31.3,329
2019-04-24,Wilmer Flores,fly_ball,95.2,24,357
2019-04-24,Franmil Reyes,fly_ball,93.2,48.2,284
2019-04-24,Ryon Healy,fly_ball,83.7,33.6,293
2019-04-24,Ian Kinsler,fly_ball,97.5,26.3,347
2019-04-24,Domingo Santana,fly_ball,85.3,39.3,290
2019-04-24,Ryon Healy,fly_ball,90.3,41.5,285
2019-04-24,Manny Machado,fly_ball,75.1,43.8,242
2019-04-24,Dee Gordon,fly_ball,77,36.6,264
2019-04-24,Ian Kinsler,fly_ball,83.2,37.8,276
2019-04-24,Mitch Haniger,fly_ball,102.8,47.2,349
2019-04-24,Eric Thames,fly_ball,106.9,23.6,373
2019-04-24,Matt Carpenter,fly_ball,91,52.9,258
2019-04-24,Paul Goldschmidt,fly_ball,99.4,28.6,366
2019-04-24,Paul DeJong,fly_ball,89.4,36.9,315
2019-04-24,Eric Thames,fly_ball,102.6,42,351
2019-04-24,Travis Shaw,fly_ball,101.1,53.3,263
2019-04-24,Paul Goldschmidt,fly_ball,75.4,44.9,229
2019-04-24,Yadier Molina,fly_ball,100.3,29,399
2019-04-24,Ben Gamel,fly_ball,91.5,27.8,345
2019-04-24,Orlando Arcia,fly_ball,99.7,23.5,376
2019-04-24,Jesus Aguilar,fly_ball,96.6,45.2,310
2019-04-24,Hernan Perez,fly_ball,92.1,55,241
2019-04-24,Matt Carpenter,fly_ball,95.5,50.4,287
2019-04-24,Lorenzo Cain,fly_ball,91.1,26.5,344
2019-04-24,Jorge Soler,fly_ball,68.1,32.8,207
2019-04-24,Whit Merrifield,fly_ball,104.3,33.4,413
2019-04-24,Alex Gordon,fly_ball,71.4,42,229
2019-04-24,Cam Gallagher,fly_ball,73.6,25.9,264
2019-04-24,Terrance Gore,fly_ball,68.2,33.3,237
2019-04-24,Adalberto Mondesi,fly_ball,104.4,26.5,391
2019-04-24,Cam Gallagher,fly_ball,93.3,37.3,329
2019-04-24,Whit Merrifield,fly_ball,96.9,29,391
2019-04-24,Brandon Crawford,fly_ball,73.8,35.7,270
2019-04-24,Kevin Pillar,fly_ball,76.3,48.2,222
2019-04-24,Justin Smoak,fly_ball,80.5,59.2,207
2019-04-24,Steven Duggar,fly_ball,85.9,42.2,269
2019-04-24,Buster Posey,fly_ball,102.9,23.7,399
2019-04-24,Brandon Crawford,fly_ball,75.3,37.3,272
2019-04-24,Justin Smoak,fly_ball,79.4,50.7,235
2019-04-24,Randal Grichuk,fly_ball,94,37.5,336
2019-04-24,Kevin Pillar,fly_ball,91.8,31.6,334
2019-04-25,Justin Bour,fly_ball,91.6,32,361
2019-04-25,Brian Goodwin,fly_ball,89.7,52.5,254
2019-04-25,Luke Voit,fly_ball,92,30.7,373
2019-04-25,Gio Urshela,fly_ball,102.9,24.2,396
2019-04-25,Brian Goodwin,fly_ball,89.6,49.4,281
2019-04-25,Tommy La Stella,fly_ball,96.2,28,401
2019-04-25,Kole Calhoun,fly_ball,100.5,26.8,405
2019-04-25,Mike Trout,fly_ball,85.6,38.5,288
2019-04-25,Tyler Wade,fly_ball,96.7,24.5,346
2019-04-25,David Fletcher,fly_ball,76.6,33.4,233
2019-04-25,Gary Sanchez,fly_ball,75.4,42,252
2019-04-25,Mike Tauchman,fly_ball,81.9,39.4,270
2019-04-25,Gleyber Torres,fly_ball,95,56.2,238
2019-04-25,Jeimer Candelario,fly_ball,97,21.4,365
2019-04-25,Miguel Cabrera,fly_ball,97.8,25.7,338
2019-04-25,Brandon Dixon,fly_ball,94,27.5,309
2019-04-25,Michael Chavis,fly_ball,98.3,28.1,374
2019-04-25,JaCoby Jones,fly_ball,108.2,21.5,409
2019-04-25,Josh Harrison,fly_ball,84.1,33.7,290
2019-04-25,Andrew Benintendi,fly_ball,102.8,25.9,405
2019-04-25,Nick Castellanos,fly_ball,102,44.7,325
2019-04-25,Miguel Cabrera,fly_ball,89.7,39.5,291
2019-04-25,Brandon Dixon,fly_ball,77.6,47.6,232
2019-04-25,Andrew Benintendi,fly_ball,93,31.4,337
2019-04-25,JaCoby Jones,fly_ball,88.2,42.1,292
2019-04-25,Nick Castellanos,fly_ball,89.6,38.6,319
2019-04-25,J. D. Martinez,fly_ball,90.8,31.9,309
2019-04-25,Jeimer Candelario,fly_ball,89.4,34.4,312
2019-04-25,Justin Turner,fly_ball,102.4,36.2,379
2019-04-25,David Freese,fly_ball,86.8,41.6,260
2019-04-25,Ben Zobrist,fly_ball,91.2,40.4,305
2019-04-25,Anthony Rizzo,fly_ball,87.1,28.8,333
2019-04-25,Alex Verdugo,fly_ball,102.9,35.3,373
2019-04-25,Cody Bellinger,fly_ball,99.6,34.5,361
2019-04-25,Javier Baez,fly_ball,103.2,24,371
2019-04-25,Albert Almora,fly_ball,102.2,26.3,399
2019-04-25,Nick Markakis,fly_ball,83.3,50.8,248
2019-04-25,Eugenio Suarez,fly_ball,93.6,45.3,307
2019-04-25,Eugenio Suarez,fly_ball,91.7,30.8,365
2019-04-25,Nick Markakis,fly_ball,77.9,54.7,211
2019-04-25,Freddie Freeman,fly_ball,76.2,48.8,227
2019-04-25,Yasiel Puig,fly_ball,86.3,35.9,295
2019-04-25,Johan Camargo,fly_ball,89.2,41.8,298
2019-04-25,Kyle Farmer,fly_ball,81.6,36.8,293
2019-04-25,Robinson Chirinos,fly_ball,95.6,36.7,352
2019-04-25,George Springer,fly_ball,106,35.2,411
2019-04-25,Jose Altuve,fly_ball,91.5,30.3,343
2019-04-25,Yuli Gurriel,fly_ball,89.2,44.1,289
2019-04-25,Jake Bauers,fly_ball,94.6,31.6,344
2019-04-25,Francisco Lindor,fly_ball,74.7,49.6,229
2019-04-25,Carlos Santana,fly_ball,93,40.2,327
2019-04-25,Alex Bregman,fly_ball,89.3,27.1,345
2019-04-25,Blake Swihart,fly_ball,87.4,54.5,226
2019-04-25,Elias Diaz,fly_ball,100.7,22.7,359
2019-04-25,Christian Walker,fly_ball,98,25.6,347
2019-04-25,Eduardo Escobar,fly_ball,91.9,24.1,358
2019-04-25,Ketel Marte,fly_ball,86.9,42,300
2019-04-25,Eduardo Escobar,fly_ball,96.9,29.7,389
2019-04-25,Wilmer Flores,fly_ball,98.6,54.7,271
2019-04-25,Dan Vogelbach,fly_ball,82.6,31.1,279
2019-04-25,Isiah Kiner-Falefa,fly_ball,98.9,29.3,382
2019-04-25,Patrick Wisdom,fly_ball,79.7,33.2,280
2019-04-25,Omar Narvaez,fly_ball,85.7,32.4,322
2019-04-25,Tim Beckham,fly_ball,105.2,23.4,417
2019-04-25,Domingo Santana,fly_ball,90.2,30,326
2019-04-25,Cesar Hernandez,fly_ball,89.6,31.3,324
2019-04-25,Sean Rodriguez,fly_ball,105.1,24.8,396
2019-04-25,Brian Anderson,fly_ball,97.4,34.5,343
2019-04-25,Jorge Alfaro,fly_ball,96.7,43,323
2019-04-25,Miguel Rojas,fly_ball,90.4,31,310
2019-04-25,Bryce Harper,fly_ball,73.8,32.2,268
2019-04-25,Curtis Granderson,fly_ball,93.9,57.8,234
2019-04-25,Brian Anderson,fly_ball,80.9,41,273
2019-04-25,Starlin Castro,fly_ball,94.7,36.4,342
2019-04-25,Rhys Hoskins,fly_ball,77.2,51,223
2019-04-25,Philip Gosselin,fly_ball,100.6,32.4,372
2019-04-25,Neil Walker,fly_ball,97.9,27.3,332
2019-04-25,Sean Rodriguez,fly_ball,92.2,48.9,267
2019-04-26,Ben Zobrist,fly_ball,89.4,29.8,362
2019-04-26,Adam Jones,fly_ball,84.5,39,293
2019-04-26,Javier Baez,fly_ball,111,26.7,447
2019-04-26,Ketel Marte,fly_ball,92.8,34.1,347
2019-04-26,Nick Ahmed,fly_ball,98,27.6,368
2019-04-26,Kyle Schwarber,fly_ball,90.6,50.2,271
2019-04-26,Michael Brantley,fly_ball,89.4,34.5,302
2019-04-26,Jason Kipnis,fly_ball,90.4,36.3,329
2019-04-26,Francisco Lindor,fly_ball,103.5,33.5,421
2019-04-26,Josh Reddick,fly_ball,87.2,36.6,312
2019-04-26,Carlos Gonzalez,fly_ball,101,27.5,385
2019-04-26,Roberto Perez,fly_ball,90.5,35.2,310
2019-04-26,Tyler Naquin,fly_ball,93.8,33.3,357
2019-04-26,Carlos Correa,fly_ball,100.5,34.7,356
2019-04-26,Tyler White,fly_ball,88.8,42.4,296
2019-04-26,Francisco Lindor,fly_ball,94.6,30.8,351
2019-04-26,Brian Goodwin,fly_ball,96.4,31.8,345
2019-04-26,Peter Bourjos,fly_ball,92.7,30.3,315
2019-04-26,Hunter Dozier,fly_ball,93.3,41.4,331
2019-04-26,Mike Trout,fly_ball,96,44.5,316
2019-04-26,Peter Bourjos,fly_ball,75.2,35.5,246
2019-04-26,Adalberto Mondesi,fly_ball,82,27.9,302
2019-04-26,Kole Calhoun,fly_ball,105.9,30.1,396
2019-04-26,David Fletcher,fly_ball,82.5,50.7,237
2019-04-26,Adalberto Mondesi,fly_ball,83.1,30.3,299
2019-04-26,A. J. Pollock,fly_ball,94.2,25.8,342
2019-04-26,Austin Barnes,fly_ball,102.8,21.5,399
2019-04-26,Joc Pederson,fly_ball,89.4,45.9,284
2019-04-26,Adam Frazier,fly_ball,89.1,44.4,284
2019-04-26,Gregory Polanco,fly_ball,77.7,43.2,247
2019-04-26,Corey Seager,fly_ball,85.6,32.7,311
2019-04-26,Enrique Hernandez,fly_ball,75,34.6,224
2019-04-26,Corey Seager,fly_ball,82.9,28.4,313
2019-04-26,Melky Cabrera,fly_ball,84.6,32.1,285
2019-04-26,Francisco Cervelli,fly_ball,85,38,290
2019-04-26,Cole Tucker,fly_ball,74.2,37,253
2019-04-26,Wil Myers,fly_ball,85.5,49.7,234
2019-04-26,Ian Kinsler,fly_ball,92.9,32.6,327
2019-04-26,Anthony Rendon,fly_ball,81.7,33.8,283
2019-04-26,Ryan Zimmerman,fly_ball,80.6,44,253
2019-04-26,Yan Gomes,fly_ball,107.1,38.5,385
2019-04-26,Eric Hosmer,fly_ball,106.2,27.3,428
2019-04-26,Victor Robles,fly_ball,98.7,41.6,313
2019-04-26,Manuel Margot,fly_ball,84.6,57.6,195
2019-04-26,Carter Kieboom,fly_ball,100.9,25.1,400
2019-04-26,Adam Eaton,fly_ball,77.6,36.4,252
2019-04-26,Victor Robles,fly_ball,94.6,39.9,323
2019-04-26,Hunter Renfroe,fly_ball,100.9,21.1,404
2019-04-26,Todd Frazier,fly_ball,101.9,28.2,378
2019-04-26,Jeff McNeil,fly_ball,99.8,48.9,275
2019-04-26,Jesus Aguilar,fly_ball,94.3,55.6,218
2019-04-26,Michael Conforto,fly_ball,99.4,44.7,303
2019-04-26,Travis Shaw,fly_ball,71.1,41.6,221
2019-04-26,Wilson Ramos,fly_ball,94.4,44.3,300
2019-04-26,Amed Rosario,fly_ball,90.9,41.9,311
2019-04-26,Jeff Mathis,fly_ball,89.4,53.1,238
2019-04-26,Domingo Santana,fly_ball,68.2,27.7,206
2019-04-26,Nomar Mazara,fly_ball,108.9,22.2,425
2019-04-26,Ryon Healy,fly_ball,94.2,33.5,338
2019-04-26,Dan Vogelbach,fly_ball,90.5,39.2,304
2019-04-26,Jay Bruce,fly_ball,96.3,34,336
2019-04-26,Omar Narvaez,fly_ball,93.9,45.5,292
2019-04-26,Dee Gordon,fly_ball,91.5,35.6,327
2019-04-26,Nomar Mazara,fly_ball,90.5,52.7,240
2019-04-26,Dan Vogelbach,fly_ball,95.1,31.6,353
2019-04-26,Danny Santana,fly_ball,96.1,27.7,332
2019-04-26,Luke Voit,fly_ball,98.4,57.2,262
2019-04-26,Buster Posey,fly_ball,88.3,44.2,267
2019-04-26,Kevin Pillar,fly_ball,95.4,36.9,343
2019-04-26,Thairo Estrada,fly_ball,98.3,31.5,376
2019-04-26,Buster Posey,fly_ball,86,44.9,274
2019-04-26,Gleyber Torres,fly_ball,95.6,56.7,246
2019-04-26,Cameron Maybin,fly_ball,88.4,32,323
2019-04-26,Brandon Belt,fly_ball,100.7,31,400
2019-04-26,Cameron Maybin,fly_ball,84.2,53.7,225
2019-04-26,Mike Tauchman,fly_ball,82.4,47.4,241
2019-04-26,Evan Longoria,fly_ball,85.9,38.8,286
2019-04-26,Brandon Crawford,fly_ball,95.3,52.5,255
2019-04-26,Luke Voit,fly_ball,108,24.4,414
2019-04-26,Kevin Pillar,fly_ball,95.1,41.2,327
2019-04-26,Eugenio Suarez,fly_ball,104.7,27.8,425
2019-04-26,Paul Goldschmidt,fly_ball,103.9,45.1,330
2019-04-26,Kolten Wong,fly_ball,82.9,41.5,287
2019-04-26,Jesse Winker,fly_ball,107.6,28.2,408
2019-04-26,Kolten Wong,fly_ball,98.1,39,347
2019-04-26,Joey Votto,fly_ball,104,28.2,403
2019-04-26,Joey Votto,fly_ball,89.7,28.7,337
2019-04-26,Yasiel Puig,fly_ball,103.1,23.5,414
2019-04-26,José Iglesias,fly_ball,97.4,25.5,379
2019-04-26,Jose Peraza,fly_ball,105.5,27.3,432
2019-04-26,Curt Casali,fly_ball,99.7,25.8,381
2019-04-26,Marcus Semien,fly_ball,101.5,36.1,378
2019-04-26,Matt Chapman,fly_ball,94.1,39.6,332
2019-04-26,Eric Sogard,fly_ball,99.6,32.6,390
2019-04-26,Rowdy Tellez,fly_ball,90.7,50.6,276
2019-04-26,Teoscar Hernandez,fly_ball,105.7,46.9,331
2019-04-26,Eric Sogard,fly_ball,76.4,54.8,205
2019-04-26,Vladimir Guerrero,fly_ball,89.6,30.9,333
2019-04-26,Stephen Piscotty,fly_ball,99.3,50.4,299
2019-04-26,Randal Grichuk,fly_ball,95,58.2,221
2019-04-26,Vladimir Guerrero,fly_ball,99.8,34.4,366
2019-04-26,Kendrys Morales,fly_ball,100.9,28.6,359
2019-04-26,Billy McKinney,fly_ball,82.2,54.3,232
2019-04-26,Brandon Drury,fly_ball,85.8,30.2,337
2019-04-26,Jurickson Profar,fly_ball,98.9,36.9,358
2019-04-26,Robbie Grossman,fly_ball,98.3,30.7,381
2019-04-26,Justin Smoak,fly_ball,96.8,56.2,235
2019-04-26,Brandon Drury,fly_ball,104.5,31.4,396
2019-04-26,Nelson Cruz,fly_ball,103.6,27,412
2019-04-26,Eddie Rosario,fly_ball,103.7,29.5,411
2019-04-26,C. J. Cron,fly_ball,110.2,24.4,430
2019-04-26,Joey Rickard,fly_ball,92.5,38.6,308
2019-04-26,Marwin Gonzalez,fly_ball,102.4,22.8,396
2019-04-26,Jesus Sucre,fly_ball,97.5,31.3,363
2019-04-26,Nelson Cruz,fly_ball,103.8,26.2,363
2019-04-26,Renato Nunez,fly_ball,95.4,56.8,235
2019-04-26,Hanser Alberto,fly_ball,85.6,37,318
2019-04-26,Mitch Garver,fly_ball,96.7,51.7,270
2019-04-26,Jorge Polanco,fly_ball,86.8,25,321
2019-04-26,Marwin Gonzalez,fly_ball,100.4,30.2,363
2019-04-26,Martin Prado,fly_ball,81.8,35.2,278
2019-04-26,J. T. Realmuto,fly_ball,97.6,27,362
2019-04-26,Bryce Harper,fly_ball,96.7,24.5,364
2019-04-26,Rhys Hoskins,fly_ball,87.7,49,258
2019-04-26,Starlin Castro,fly_ball,88.9,49.2,276
2019-04-26,Maikel Franco,fly_ball,99.7,25.1,354
2019-04-26,Andrew McCutchen,fly_ball,88.6,49.7,255
2019-04-26,Bryce Harper,fly_ball,107.1,33.9,400
2019-04-26,Brian Anderson,fly_ball,93.7,25.9,326
2019-04-26,Miguel Rojas,fly_ball,101.1,35,377
2019-04-26,Charlie Blackmon,fly_ball,100.5,32,360
2019-04-26,Nolan Arenado,fly_ball,96.7,36.5,362
2019-04-26,Ender Inciarte,fly_ball,73.2,24.9,235
2019-04-26,Tyler Flowers,fly_ball,108.5,29.2,438
2019-04-26,Trevor Story,fly_ball,95.2,27.9,373
2019-04-26,Nolan Arenado,fly_ball,83.6,53.3,232
2019-04-26,Josh Donaldson,fly_ball,100.7,27.8,390
2019-04-26,Freddie Freeman,fly_ball,77.2,41.8,270
2019-04-26,Nick Castellanos,fly_ball,102.7,29.8,418
2019-04-26,Tim Anderson,fly_ball,96.9,28.3,384
2019-04-26,James McCann,fly_ball,88.8,50.5,269
2019-04-26,James McCann,fly_ball,87.7,34.1,321
2019-04-26,Yonder Alonso,fly_ball,105.9,31.6,422
2019-04-26,Jose Rondon,fly_ball,70.3,47.5,194
2019-04-26,JaCoby Jones,fly_ball,101.2,26.3,386
2019-04-26,Adam Engel,fly_ball,80.1,40.1,254
2019-04-26,Leury Garcia,fly_ball,93.4,30.2,326
2019-04-26,José Abreu,fly_ball,104.6,27.5,419
2019-04-26,Jeimer Candelario,fly_ball,96.3,48.3,292
2019-04-26,Ronny Rodriguez,fly_ball,101.7,31.3,405
2019-04-26,Tim Anderson,fly_ball,99,23.7,373
2019-04-27,Daniel Descalso,fly_ball,89.9,33.5,338
2019-04-27,Daniel Descalso,fly_ball,90.5,40.1,316
2019-04-27,Kris Bryant,fly_ball,100.1,36.4,357
2019-04-27,David Peralta,fly_ball,106.9,22.7,448
2019-04-27,Anthony Rizzo,fly_ball,108.9,31.3,429
2019-04-27,Daniel Descalso,fly_ball,85.2,47.1,275
2019-04-27,Kris Bryant,fly_ball,95.3,35.6,358
2019-04-27,Eduardo Escobar,fly_ball,99,32.8,387
2019-04-27,Javier Baez,fly_ball,94.8,46.9,296
2019-04-27,Christian Walker,fly_ball,98.1,36.7,364
2019-04-27,Nick Ahmed,fly_ball,88.9,45.5,286
2019-04-27,Yandy Díaz,fly_ball,105.1,24.7,428
2019-04-27,Xander Bogaerts,fly_ball,90.8,30.5,330
2019-04-27,Mitch Moreland,fly_ball,85.5,32.5,280
2019-04-27,Xander Bogaerts,fly_ball,89.1,29.7,348
2019-04-27,Michael Chavis,fly_ball,88.3,44.3,288
2019-04-27,Tommy Pham,fly_ball,102.9,42.1,336
2019-04-27,Mookie Betts,fly_ball,102.3,28.7,406
2019-04-27,Mitch Moreland,fly_ball,91.8,36,311
2019-04-27,Jason Kipnis,fly_ball,89.5,48.3,287
2019-04-27,Jake Bauers,fly_ball,80.3,34.7,291
2019-04-27,Jason Kipnis,fly_ball,96.5,35.8,354
2019-04-27,Tyler Naquin,fly_ball,92.1,57.2,221
2019-04-27,Carlos Santana,fly_ball,88.3,37.7,315
2019-04-27,Michael Brantley,fly_ball,82.2,39.9,287
2019-04-27,Francisco Lindor,fly_ball,86.2,42.4,284
2019-04-27,Aledmys Díaz,fly_ball,98.2,44.5,320
2019-04-27,Jose Ramirez,fly_ball,94,43.2,317
2019-04-27,Tony Kemp,fly_ball,99.1,27.5,360
2019-04-27,Martin Maldonado,fly_ball,82.7,34.9,277
2019-04-27,Whit Merrifield,fly_ball,90.8,45.2,284
2019-04-27,Kole Calhoun,fly_ball,98.8,36.1,350
2019-04-27,Whit Merrifield,fly_ball,70.7,25.8,209
2019-04-27,Alex Gordon,fly_ball,101.1,30.4,362
2019-04-27,Luis Rengifo,fly_ball,97.8,37.2,351
2019-04-27,Martin Maldonado,fly_ball,94.6,28.2,354
2019-04-27,Adalberto Mondesi,fly_ball,89.4,57.1,216
2019-04-27,Jonathan Lucroy,fly_ball,90,42.2,299
2019-04-27,Mike Trout,fly_ball,79.2,35.1,270
2019-04-27,Cody Bellinger,fly_ball,101,35.8,378
2019-04-27,Chris Taylor,fly_ball,91,53.9,245
2019-04-27,Adam Frazier,fly_ball,90.8,41.5,306
2019-04-27,Corey Seager,fly_ball,81.6,58.6,209
2019-04-27,Francisco Cervelli,fly_ball,71.4,33.1,229
2019-04-27,Chris Taylor,fly_ball,96.9,49.4,288
2019-04-27,Francisco Cervelli,fly_ball,81.6,40.6,253
2019-04-27,JB Shuck,fly_ball,93.6,39.2,323
2019-04-27,Hunter Renfroe,fly_ball,103.4,33.6,412
2019-04-27,Francisco Mejia,fly_ball,92.2,50.3,258
2019-04-27,Manny Machado,fly_ball,103.4,23.2,365
2019-04-27,Howie Kendrick,fly_ball,100.8,31.8,359
2019-04-27,Eric Lauer,fly_ball,93.6,50.8,256
2019-04-27,Yan Gomes,fly_ball,85.5,37.2,308
2019-04-27,Juan Soto,fly_ball,110.5,33.9,414
2019-04-27,Victor Robles,fly_ball,91.7,29.2,345
2019-04-27,Howie Kendrick,fly_ball,91.2,34.6,318
2019-04-27,Hunter Renfroe,fly_ball,90.8,42.1,288
2019-04-27,Howie Kendrick,fly_ball,109.8,20.3,424
2019-04-27,Pete Alonso,fly_ball,78.1,31.7,289
2019-04-27,Ben Gamel,fly_ball,103.4,22.8,377
2019-04-27,Jeff McNeil,fly_ball,101.5,39,344
2019-04-27,Yasmani Grandal,fly_ball,86.8,48.7,269
2019-04-27,Pete Alonso,fly_ball,100.5,34.8,384
2019-04-27,Robinson Cano,fly_ball,75,35.2,264
2019-04-27,Travis Shaw,fly_ball,92,40.3,303
2019-04-27,Elvis Andrus,fly_ball,106.4,25.8,440
2019-04-27,Joey Gallo,fly_ball,91.1,31.3,335
2019-04-27,Domingo Santana,fly_ball,109.5,40.4,401
2019-04-27,Rougned Odor,fly_ball,111,41.7,375
2019-04-27,Elvis Andrus,fly_ball,86.5,43.3,269
2019-04-27,Jay Bruce,fly_ball,101.4,55.9,253
2019-04-27,Nomar Mazara,fly_ball,88.3,30.9,322
2019-04-27,Hunter Pence,fly_ball,91.6,31.4,327
2019-04-27,Edwin Encarnacion,fly_ball,91.4,43.4,294
2019-04-27,Nomar Mazara,fly_ball,75.1,40.9,246
2019-04-27,Ryon Healy,fly_ball,85.4,35.9,300
2019-04-27,Joey Gallo,fly_ball,100.8,32.4,376
2019-04-27,Joey Gallo,fly_ball,102.8,56.6,254
2019-04-27,Shin-Soo Choo,fly_ball,100.7,41.1,341
2019-04-27,Kevin Pillar,fly_ball,99.7,30.6,381
2019-04-27,Tyler Austin,fly_ball,99.9,56.2,268
2019-04-27,Gio Urshela,fly_ball,89.7,51,245
2019-04-27,Buster Posey,fly_ball,98,42.2,319
2019-04-27,Thairo Estrada,fly_ball,92,44.5,298
2019-04-27,Buster Posey,fly_ball,83.7,51.7,247
2019-04-27,Evan Longoria,fly_ball,93,33.5,347
2019-04-27,Gary Sanchez,fly_ball,110.8,27.7,467
2019-04-27,Gary Sanchez,fly_ball,108.8,36.2,388
2019-04-27,Yangervis Solarte,fly_ball,95.9,31.6,350
2019-04-27,Erik Kratz,fly_ball,96.5,33.6,365
2019-04-27,Eugenio Suarez,fly_ball,89.6,40.2,318
2019-04-27,Eugenio Suarez,fly_ball,79.7,43.6,252
2019-04-27,Marcell Ozuna,fly_ball,101.4,25.7,424
2019-04-27,Matt Carpenter,fly_ball,93.4,38.9,334
2019-04-27,Marcell Ozuna,fly_ball,104.9,23.6,362
2019-04-27,Derek Dietrich,fly_ball,99.5,31.5,392
2019-04-27,Phil Ervin,fly_ball,76.3,33.9,274
2019-04-27,Marcell Ozuna,fly_ball,88.5,36.1,317
2019-04-27,Kolten Wong,fly_ball,97.3,32,365
2019-04-27,Tucker Barnhart,fly_ball,86.7,31.4,293
2019-04-27,Robbie Grossman,fly_ball,88.6,45.5,286
2019-04-27,Brandon Drury,fly_ball,103.1,22.9,390
2019-04-27,Justin Smoak,fly_ball,73.3,27.2,246
2019-04-27,Randal Grichuk,fly_ball,81.4,40.7,273
2019-04-27,Alen Hanson,fly_ball,86.6,38.7,301
2019-04-27,Khris Davis,fly_ball,84.4,45.4,259
2019-04-27,Stephen Piscotty,fly_ball,86.2,32.4,315
2019-04-27,Ramon Laureano,fly_ball,87.9,45.1,285
2019-04-27,Jonathan Villar,fly_ball,75.9,43.9,235
2019-04-27,Trey Mancini,fly_ball,74.2,42.1,227
2019-04-27,Dwight Smith,fly_ball,97.7,24,346
2019-04-27,Jorge Polanco,fly_ball,87.1,34,315
2019-04-27,Chris Davis,fly_ball,103.2,34.9,405
2019-04-27,Stevie Wilkerson,fly_ball,95.2,33.5,335
2019-04-27,Max Kepler,fly_ball,84.5,38.3,272
2019-04-27,Jorge Polanco,fly_ball,101.2,44,332
2019-04-27,Dwight Smith,fly_ball,91,37.4,314
2019-04-27,Renato Nunez,fly_ball,102.2,31.9,367
2019-04-27,Eddie Rosario,fly_ball,93.2,24.7,363
2019-04-27,Jonathan Schoop,fly_ball,82.8,37.2,284
2019-04-27,Eddie Rosario,fly_ball,84.9,31,300
2019-04-27,C. J. Cron,fly_ball,98.6,41.7,331
2019-04-27,Marwin Gonzalez,fly_ball,106.5,28.5,435
2019-04-27,Jonathan Schoop,fly_ball,89,44.2,282
2019-04-27,Jason Castro,fly_ball,110.1,26.4,443
2019-04-27,Nick Williams,fly_ball,108,21.5,419
2019-04-27,Bryce Harper,fly_ball,81.1,31.9,288
2019-04-27,Jake Arrieta,fly_ball,84.9,56.5,211
2019-04-27,Andrew McCutchen,fly_ball,94.9,29.7,369
2019-04-27,Brian Anderson,fly_ball,96,48.9,288
2019-04-27,Martin Prado,fly_ball,90.5,26.6,329
2019-04-27,Curtis Granderson,fly_ball,73.7,36.3,247
2019-04-27,Jorge Alfaro,fly_ball,110.7,22.5,369
2019-04-27,Neil Walker,fly_ball,68.6,28.8,222
2019-04-27,Rhys Hoskins,fly_ball,104,34.7,383
2019-04-27,Daniel Murphy,fly_ball,89.7,52.9,263
2019-04-27,Nolan Arenado,fly_ball,102.9,22,393
2019-04-27,Raimel Tapia,fly_ball,89.8,55.6,234
2019-04-27,Ender Inciarte,fly_ball,97.6,26.8,380
2019-04-27,Charlie Blackmon,fly_ball,100.6,33.6,379
2019-04-27,Johan Camargo,fly_ball,73.2,26.4,236
2019-04-27,Daniel Murphy,fly_ball,96.6,25.8,362
2019-04-27,Trevor Story,fly_ball,95.3,41.1,316
2019-04-27,Daniel Murphy,fly_ball,84.7,47.9,264
2019-04-27,David Dahl,fly_ball,107.1,22.6,405
2019-04-27,Trevor Story,fly_ball,105.6,30.4,429
2019-04-27,Daniel Murphy,fly_ball,79.7,50.3,217
2019-04-27,Ozzie Albies,fly_ball,86,52.4,239
2019-04-28,Anthony Rizzo,fly_ball,81.2,45.5,257
2019-04-28,Adam Jones,fly_ball,80.1,48.8,228
2019-04-28,Ketel Marte,fly_ball,84.2,35.2,284
2019-04-28,Daniel Descalso,fly_ball,83.5,35.6,314
2019-04-28,Kris Bryant,fly_ball,102,27.1,374
2019-04-28,Willson Contreras,fly_ball,92.6,28.9,366
2019-04-28,Eduardo Escobar,fly_ball,103.8,38.7,391
2019-04-28,Wilmer Flores,fly_ball,92,36.8,338
2019-04-28,Eduardo Escobar,fly_ball,104,30.4,418
2019-04-28,Anthony Rizzo,fly_ball,94.2,32.3,356
2019-04-28,Albert Almora,fly_ball,93.6,32.8,330
2019-04-28,David Bote,fly_ball,85.7,43.9,287
2019-04-28,Ketel Marte,fly_ball,102,23.8,406
2019-04-28,Eduardo Escobar,fly_ball,81.6,34.5,303
2019-04-28,Jason Heyward,fly_ball,97,27.4,349
2019-04-28,Anthony Rizzo,fly_ball,93.3,31.2,355
2019-04-28,Kris Bryant,fly_ball,101.1,45.9,335
2019-04-28,Daniel Robertson,fly_ball,102.3,37.8,361
2019-04-28,Kevin Kiermaier,fly_ball,92.2,37.7,319
2019-04-28,Yandy Díaz,fly_ball,106.7,28.1,409
2019-04-28,Tommy Pham,fly_ball,94.5,47.2,295
2019-04-28,Mitch Moreland,fly_ball,87.5,42.3,280
2019-04-28,Michael Chavis,fly_ball,108.5,23.2,441
2019-04-28,Jackie Bradley,fly_ball,96.1,26.4,337
2019-04-28,Christian Vazquez,fly_ball,95.3,42.1,327
2019-04-28,Andrew Benintendi,fly_ball,86.2,37.4,298
2019-04-28,Mookie Betts,fly_ball,93.5,46.5,286
2019-04-28,Mitch Moreland,fly_ball,96.2,26.8,365
2019-04-28,Leonys Martín,fly_ball,97.2,30.9,367
2019-04-28,George Springer,fly_ball,104.8,52.3,284
2019-04-28,Jason Kipnis,fly_ball,86.6,33.3,307
2019-04-28,Tony Kemp,fly_ball,88.9,48.9,270
2019-04-28,Carlos Santana,fly_ball,96.6,31.3,368
2019-04-28,Carlos Correa,fly_ball,97.7,33.1,355
2019-04-28,Carlos Gonzalez,fly_ball,80.1,33.9,272
2019-04-28,Jose Altuve,fly_ball,72.6,39.1,266
2019-04-28,Alex Bregman,fly_ball,81,51.4,223
2019-04-28,Yuli Gurriel,fly_ball,93.5,37.8,334
2019-04-28,Robinson Chirinos,fly_ball,104.4,32.7,426
2019-04-28,Michael Brantley,fly_ball,78.5,33.3,292
2019-04-28,Tyler Naquin,fly_ball,92.5,29.4,314
2019-04-28,Ryan O'Hearn,fly_ball,86.8,47,266
2019-04-28,Brian Goodwin,fly_ball,106.8,30.1,394
2019-04-28,Adalberto Mondesi,fly_ball,92.3,39.3,326
2019-04-28,Jonathan Lucroy,fly_ball,81.9,35.2,286
2019-04-28,Jorge Soler,fly_ball,92.2,34.9,308
2019-04-28,Kole Calhoun,fly_ball,91.9,31.5,342
2019-04-28,Mike Trout,fly_ball,98.5,28.5,351
2019-04-28,Andrelton Simmons,fly_ball,88.3,50.9,241
2019-04-28,Hunter Dozier,fly_ball,91.4,51,262
2019-04-28,Luis Rengifo,fly_ball,89.9,51,259
2019-04-28,Andrelton Simmons,fly_ball,95.7,28.6,367
2019-04-28,Albert Pujols,fly_ball,66.3,26.4,204
2019-04-28,Justin Bour,fly_ball,110.2,24.4,401
2019-04-28,Chris Owings,fly_ball,70.3,37.5,219
2019-04-28,Cam Gallagher,fly_ball,79.9,38.7,237
2019-04-28,Adam Frazier,fly_ball,92.6,33.1,307
2019-04-28,Melky Cabrera,fly_ball,102.5,31,388
2019-04-28,Corey Seager,fly_ball,84.1,35.9,307
2019-04-28,Cody Bellinger,fly_ball,94.1,33.2,364
2019-04-28,Melky Cabrera,fly_ball,104.3,22.3,397
2019-04-28,Jung Ho Kang,fly_ball,95.1,45.5,297
2019-04-28,Elias Diaz,fly_ball,76.1,54.2,209
2019-04-28,Cody Bellinger,fly_ball,101.6,28.1,402
2019-04-28,Alex Verdugo,fly_ball,79,38.6,256
2019-04-28,Max Muncy,fly_ball,69.1,27.8,236
2019-04-28,Jung Ho Kang,fly_ball,94.2,50.8,271
2019-04-28,Alex Verdugo,fly_ball,73.7,37,249
2019-04-28,Enrique Hernandez,fly_ball,102,24.2,351
2019-04-28,Russell Martin,fly_ball,100.9,42.7,338
2019-04-28,Jung Ho Kang,fly_ball,81.6,54.3,220
2019-04-28,Elias Diaz,fly_ball,82.7,41.9,259
2019-04-28,Fernando Tatis,fly_ball,102.2,36.3,367
2019-04-28,Greg Garcia,fly_ball,99,33.3,364
2019-04-28,Kurt Suzuki,fly_ball,91.9,51.4,258
2019-04-28,Carter Kieboom,fly_ball,96.9,29,365
2019-04-28,Eric Hosmer,fly_ball,104.8,24.2,386
2019-04-28,Juan Soto,fly_ball,104.7,31.5,403
2019-04-28,Victor Robles,fly_ball,94.7,29.6,380
2019-04-28,Brian Dozier,fly_ball,88.1,49.5,252
2019-04-28,Juan Soto,fly_ball,97.8,27.1,347
2019-04-28,Manny Machado,fly_ball,97.2,35.3,308
2019-04-28,Kurt Suzuki,fly_ball,98.1,49.3,270
2019-04-28,Matt Adams,fly_ball,98.4,38.8,342
2019-04-28,Matt Adams,fly_ball,100.2,55.1,247
2019-04-28,Kurt Suzuki,fly_ball,91.8,43.1,310
2019-04-28,Austin Hedges,fly_ball,95.9,34.2,349
2019-04-28,Ian Kinsler,fly_ball,78.5,43,251
2019-04-28,Matt Adams,fly_ball,107.6,35.2,423
2019-04-28,Pete Alonso,fly_ball,102.4,38.3,360
2019-04-28,Jesus Aguilar,fly_ball,96.9,29.1,357
2019-04-28,Jeff McNeil,fly_ball,100.9,38.7,358
2019-04-28,Wilson Ramos,fly_ball,94.4,35.8,323
2019-04-28,Amed Rosario,fly_ball,94.5,51.5,270
2019-04-28,Ryan Braun,fly_ball,97.2,55.3,239
2019-04-28,Mike Moustakas,fly_ball,106.1,25.7,414
2019-04-28,Hernan Perez,fly_ball,89.1,32.4,347
2019-04-28,Todd Frazier,fly_ball,97.4,41.7,346
2019-04-28,Amed Rosario,fly_ball,74.7,30.5,241
2019-04-28,Danny Santana,fly_ball,76.2,43.3,243
2019-04-28,Tim Beckham,fly_ball,91.7,58.7,200
2019-04-28,Dee Gordon,fly_ball,91.5,25.7,325
2019-04-28,Hunter Pence,fly_ball,108.1,20.2,396
2019-04-28,Logan Forsythe,fly_ball,94.4,47.4,269
2019-04-28,Rougned Odor,fly_ball,96.8,32.4,337
2019-04-28,Omar Narvaez,fly_ball,101.1,30.8,386
2019-04-28,Danny Santana,fly_ball,97.6,27.7,350
2019-04-28,Mallex Smith,fly_ball,90.7,27.3,313
2019-04-28,Logan Forsythe,fly_ball,99.2,30.3,350
2019-04-28,Dan Vogelbach,fly_ball,99.2,31.1,337
2019-04-28,Shin-Soo Choo,fly_ball,110.9,25.9,418
2019-04-28,Elvis Andrus,fly_ball,95.9,26.4,352
2019-04-28,Tim Beckham,fly_ball,95.8,26.2,360
2019-04-28,Yangervis Solarte,fly_ball,99.5,28.1,372
2019-04-28,DJ LeMahieu,fly_ball,86.5,36.6,291
2019-04-28,Gleyber Torres,fly_ball,102.2,25.9,400
2019-04-28,Brett Gardner,fly_ball,92.1,24.4,351
2019-04-28,Tyler Wade,fly_ball,84.6,46.1,270
2019-04-28,Brandon Belt,fly_ball,70.4,40.9,226
2019-04-28,Cameron Maybin,fly_ball,79.3,46.1,235
2019-04-28,Erik Kratz,fly_ball,93.1,27.8,333
2019-04-28,Eugenio Suarez,fly_ball,80,31.4,286
2019-04-28,Paul Goldschmidt,fly_ball,102.5,30.1,378
2019-04-28,Scott Schebler,fly_ball,82.2,49.6,244
2019-04-28,Jose Peraza,fly_ball,84.3,31.9,315
2019-04-28,Jack Flaherty,fly_ball,84,44.4,257
2019-04-28,Paul DeJong,fly_ball,80,36.9,283
2019-04-28,Jose Peraza,fly_ball,67.9,35.6,228
2019-04-28,Joey Votto,fly_ball,86.9,36.8,305
2019-04-28,Kolten Wong,fly_ball,88.5,39.5,295
2019-04-28,Paul Goldschmidt,fly_ball,87.7,32.3,354
2019-04-28,Eric Sogard,fly_ball,94.4,32.7,360
2019-04-28,Robbie Grossman,fly_ball,78.2,32.7,287
2019-04-28,Mark Canha,fly_ball,90.6,40.3,314
2019-04-28,Brandon Drury,fly_ball,93.5,35.6,349
2019-04-28,Stephen Piscotty,fly_ball,102.7,27.5,382
2019-04-28,Josh Phegley,fly_ball,82.1,48.6,246
2019-04-28,Marcus Semien,fly_ball,99.1,27.1,381
2019-04-28,Billy McKinney,fly_ball,96.9,53.4,267
2019-04-28,Matt Chapman,fly_ball,93,50.6,269
2019-04-28,Eric Sogard,fly_ball,70.2,25.4,227
2019-04-28,Justin Smoak,fly_ball,95.8,46.6,302
2019-04-28,Randal Grichuk,fly_ball,96.5,30.9,335
2019-04-28,Danny Jansen,fly_ball,80.5,28.8,294
2019-04-28,Chad Pinder,fly_ball,91.7,48.5,287
2019-04-28,Ramon Laureano,fly_ball,99.4,27.2,381
2019-04-28,Josh Phegley,fly_ball,94.8,24.7,368
2019-04-28,Rowdy Tellez,fly_ball,101.6,34.4,379
2019-04-28,Brandon Drury,fly_ball,105.8,30,397
2019-04-28,Eric Sogard,fly_ball,89.7,34.4,320
2019-04-28,Jonathan Villar,fly_ball,101.4,32.5,379
2019-04-28,Max Kepler,fly_ball,105.5,30.3,396
2019-04-28,Byron Buxton,fly_ball,109.6,35,401
2019-04-28,Max Kepler,fly_ball,85.4,38.2,280
2019-04-28,Marwin Gonzalez,fly_ball,80.1,46.8,244
2019-04-28,Max Kepler,fly_ball,88.7,43.7,289
2019-04-28,Eddie Rosario,fly_ball,97.1,29.6,362
2019-04-28,Max Kepler,fly_ball,92.1,47.3,289
2019-04-28,Austin Wynns,fly_ball,94.3,33.5,326
2019-04-28,Chris Davis,fly_ball,102.9,32.1,392
2019-04-28,Eddie Rosario,fly_ball,94.7,41.2,315
2019-04-28,C. J. Cron,fly_ball,81.4,31.3,309
2019-04-28,Andrew McCutchen,fly_ball,90.4,38.8,306
2019-04-28,Starlin Castro,fly_ball,93,32.4,308
2019-04-28,Miguel Rojas,fly_ball,73.7,41.5,222
2019-04-28,Cesar Hernandez,fly_ball,88,47.5,274
2019-04-28,Chad Wallach,fly_ball,73.6,34.8,233
2019-04-28,Lewis Brinson,fly_ball,69,44.1,201
2019-04-28,Martin Prado,fly_ball,79.9,42.5,248
2019-04-28,Miguel Rojas,fly_ball,83.8,34.3,283
2019-04-28,Maikel Franco,fly_ball,98.3,36.9,354
2019-04-28,Brian Anderson,fly_ball,100.4,42,339
2019-04-28,Starlin Castro,fly_ball,85.4,53.2,231
2019-04-28,Miguel Rojas,fly_ball,95.8,51.2,273
2019-04-28,Nolan Arenado,fly_ball,89.4,45.6,292
2019-04-28,Ozzie Albies,fly_ball,103.1,35.1,410
2019-04-28,Freddie Freeman,fly_ball,108,29.2,434
2019-04-28,Daniel Murphy,fly_ball,97.1,38.3,369
2019-04-28,Nolan Arenado,fly_ball,92.1,48.7,284
2019-04-28,David Dahl,fly_ball,88.4,46.3,284
2019-04-28,Ozzie Albies,fly_ball,102.5,23.3,400
2019-04-28,Ian Desmond,fly_ball,104.4,26.5,392
2019-04-28,Tony Wolters,fly_ball,81.7,39.6,292
2019-04-28,Johan Camargo,fly_ball,93,29.5,341
2019-04-28,Dansby Swanson,fly_ball,94.6,35.6,341
2019-04-28,Johan Camargo,fly_ball,78.5,39.1,246
2019-04-28,Ian Desmond,fly_ball,101,33.7,367
2019-04-28,Johan Camargo,fly_ball,90.9,52,257
2019-04-28,Josh Donaldson,fly_ball,101.1,32.8,388
2019-04-28,Nick Markakis,fly_ball,88.5,40,305
2019-04-28,Daniel Murphy,fly_ball,86.6,37.5,315
2019-04-28,Nolan Arenado,fly_ball,73.9,32.4,267
2019-04-28,Ryan Cordell,fly_ball,91.1,58.9,206
2019-04-28,Jeimer Candelario,fly_ball,75.7,34.8,245
2019-04-28,Niko Goodrum,fly_ball,93.1,34.9,345
2019-04-28,Jose Rondon,fly_ball,92.8,46.9,263
2019-04-28,Carlos Sanchez,fly_ball,98.7,34.8,356
2019-04-28,Niko Goodrum,fly_ball,95.8,30.4,347
2019-04-29,Xander Bogaerts,fly_ball,102.4,38.9,361
2019-04-29,Andrew Benintendi,fly_ball,84.1,48.5,249
2019-04-29,Xander Bogaerts,fly_ball,88.6,26.6,323
2019-04-29,Kendrys Morales,fly_ball,97.5,40.3,330
2019-04-29,Ramon Laureano,fly_ball,79,33,291
2019-04-29,Rafael Devers,fly_ball,82.9,28.8,295
2019-04-29,Jurickson Profar,fly_ball,102.7,30.9,409
2019-04-29,Stephen Piscotty,fly_ball,77.1,45.3,235
2019-04-29,Adalberto Mondesi,fly_ball,92.7,49.4,279
2019-04-29,Michael Perez,fly_ball,100.7,27.8,408
2019-04-29,Ryan O'Hearn,fly_ball,99.1,38.7,347
2019-04-29,Hunter Dozier,fly_ball,92.3,49,295
2019-04-29,Michael Perez,fly_ball,96.9,45.9,303
2019-04-29,Whit Merrifield,fly_ball,89.4,48.6,269
2019-04-29,Kevin Kiermaier,fly_ball,86.6,31.2,295
2019-04-29,Hunter Dozier,fly_ball,98,29.3,369
2019-04-29,Tommy Pham,fly_ball,87.4,46.8,276
2019-04-29,Ji-Man Choi,fly_ball,90.5,46.8,293
2019-04-29,Ryan O'Hearn,fly_ball,102.8,49.6,307
2019-04-29,Jorge Soler,fly_ball,111,29,447
2019-04-29,Chris Owings,fly_ball,93.1,33.8,336
2019-04-29,Michael Perez,fly_ball,89,44.6,293
2019-04-29,Jedd Gyorko,fly_ball,98.3,31.1,344
2019-04-29,Carter Kieboom,fly_ball,93.8,26.9,304
2019-04-29,Paul Goldschmidt,fly_ball,96,42.6,306
2019-04-29,Howie Kendrick,fly_ball,91,30.1,351
2019-04-29,Adam Eaton,fly_ball,97.7,30.4,365
2019-04-29,Harrison Bader,fly_ball,108.5,22.1,417
2019-04-29,Matt Carpenter,fly_ball,95.8,49,296
2019-04-29,Paul Goldschmidt,fly_ball,93.7,47.1,277
2019-04-29,Adam Eaton,fly_ball,80.7,48.4,226
2019-04-29,Kolten Wong,fly_ball,81.4,44.1,243
2019-04-29,Howie Kendrick,fly_ball,96.4,27.6,327
2019-04-29,Paul DeJong,fly_ball,104.6,21.5,386
2019-04-29,Jose Peraza,fly_ball,87.7,28.6,301
2019-04-29,Brandon Nimmo,fly_ball,88.9,33.8,314
2019-04-29,Eugenio Suarez,fly_ball,99,26.4,379
2019-04-29,Wilson Ramos,fly_ball,104.2,24.9,367
2019-04-29,Jeff McNeil,fly_ball,99.6,28,370
2019-04-29,Jose Peraza,fly_ball,89.5,35.7,304
2019-04-29,Amed Rosario,fly_ball,99,27.9,368
2019-04-29,Keon Broxton,fly_ball,99.2,33.8,356
2019-04-29,Joey Votto,fly_ball,101.1,31,394
2019-04-29,Amed Rosario,fly_ball,81.9,39.6,268
2019-04-29,Joey Votto,fly_ball,95.9,37.7,330
2019-04-29,Eugenio Suarez,fly_ball,100.8,43.2,323
2019-04-29,Jesse Winker,fly_ball,104.5,27.2,415
2019-04-29,Corey Seager,fly_ball,94.8,38.9,331
2019-04-29,Buster Posey,fly_ball,99.4,35,338
2019-04-29,Pablo Sandoval,fly_ball,91.2,36.6,319
2019-04-29,Enrique Hernandez,fly_ball,90.1,52.3,245
2019-04-29,Austin Barnes,fly_ball,87,47.2,257
2019-04-29,Joc Pederson,fly_ball,93.9,49.4,281
2019-04-29,Joe Panik,fly_ball,100.2,36.2,370
2019-04-29,Justin Turner,fly_ball,87.7,36.7,294
2019-04-29,Max Muncy,fly_ball,88.4,30.4,339
2019-04-29,Kevin Pillar,fly_ball,92.3,46.7,289
2019-04-29,Corey Seager,fly_ball,99.9,23,379
2019-04-29,Buster Posey,fly_ball,93.7,33.3,324
2019-04-29,Evan Longoria,fly_ball,78,33.4,254
2019-04-29,Austin Barnes,fly_ball,91.7,32,343
2019-04-29,Austin Barnes,fly_ball,67.9,27.1,225
2019-04-29,Russell Martin,fly_ball,80.8,39.6,254
2019-04-29,Jose Altuve,fly_ball,76.6,48.9,218
2019-04-29,Jake Marisnick,fly_ball,83.5,29.5,277
2019-04-29,Michael Brantley,fly_ball,85.6,47.7,263
2019-04-29,Ehire Adrianza,fly_ball,106.9,29.8,397
2019-04-29,Jorge Polanco,fly_ball,89.8,55.5,233
2019-04-29,Carlos Correa,fly_ball,75.5,52.3,211
2019-04-29,Yuli Gurriel,fly_ball,92.6,41.5,325
2019-04-29,Jake Marisnick,fly_ball,98.4,48.4,307
2019-04-29,Robinson Chirinos,fly_ball,92.2,44,306
2019-04-29,Jorge Polanco,fly_ball,95.8,25.4,371
2019-04-29,Eric Hosmer,fly_ball,80.2,34.7,284
2019-04-29,Tyler Flowers,fly_ball,77.8,30.3,268
2019-04-29,Josh Donaldson,fly_ball,91.9,57,233
2019-04-29,Ozzie Albies,fly_ball,100.7,30.6,401
2019-04-29,Hunter Renfroe,fly_ball,92,54.5,236
2019-04-29,Ian Kinsler,fly_ball,90.8,41.1,299
2019-04-29,Franmil Reyes,fly_ball,83.5,49.2,254
2019-04-29,Rio Ruiz,fly_ball,94.1,51,271
2019-04-29,Tim Anderson,fly_ball,100.8,30,392
2019-04-29,Jose Rondon,fly_ball,87,51.2,243
2019-04-29,Renato Nunez,fly_ball,72.6,45.6,214
2019-04-29,James McCann,fly_ball,91.5,30.8,342
2019-04-29,Yoan Moncada,fly_ball,88.6,30.7,321
2019-04-29,Chris Davis,fly_ball,72.1,45.5,206
2019-04-29,Pedro Severino,fly_ball,78.4,51.1,228
2019-04-29,Leury Garcia,fly_ball,90.6,56.1,229
2019-04-29,Charlie Blackmon,fly_ball,96.2,48.2,284
2019-04-29,Yasmani Grandal,fly_ball,97.7,42.9,324
2019-04-29,Jesus Aguilar,fly_ball,102.7,28.5,412
2019-04-29,Mike Moustakas,fly_ball,72.9,37.9,240
2019-04-29,Ian Desmond,fly_ball,97.2,31.1,340
2019-04-29,Tony Wolters,fly_ball,95.9,33.5,354
2019-04-29,Ryan Braun,fly_ball,102.2,36.4,377
2019-04-29,Jesus Aguilar,fly_ball,105.7,26.7,380
2019-04-29,Orlando Arcia,fly_ball,92,33.9,353
2019-04-29,Raimel Tapia,fly_ball,70.4,35.6,248
2019-04-29,Hernan Perez,fly_ball,98.9,37.2,355
2019-04-30,Freddy Galvis,fly_ball,91.1,37.1,324
2019-04-30,Kole Calhoun,fly_ball,84.7,45.1,277
2019-04-30,Jonathan Lucroy,fly_ball,108,20.1,427
2019-04-30,Luis Rengifo,fly_ball,99.2,28.5,333
2019-04-30,Kole Calhoun,fly_ball,92.4,44.8,301
2019-04-30,Brandon Drury,fly_ball,100.9,33.8,374
2019-04-30,Randal Grichuk,fly_ball,70.7,30.2,236
2019-04-30,Justin Smoak,fly_ball,98.2,36.3,356
2019-04-30,Brian Goodwin,fly_ball,104.6,30.4,418
2019-04-30,Ketel Marte,fly_ball,79.3,57.3,203
2019-04-30,Eduardo Escobar,fly_ball,91,27.1,345
2019-04-30,Wilmer Flores,fly_ball,99.2,35.4,382
2019-04-30,Adam Jones,fly_ball,85.8,44,284
2019-04-30,Gleyber Torres,fly_ball,95.3,29.4,338
2019-04-30,Eduardo Escobar,fly_ball,89.1,26.3,349
2019-04-30,Tyler Wade,fly_ball,96,30.6,359
2019-04-30,Gary Sanchez,fly_ball,100.3,47.5,302
2019-04-30,David Peralta,fly_ball,99.5,38.6,361
2019-04-30,Robbie Grossman,fly_ball,99.2,31.7,367
2019-04-30,Mookie Betts,fly_ball,104,32.4,396
2019-04-30,Khris Davis,fly_ball,97.1,39.1,334
2019-04-30,Michael Chavis,fly_ball,73,31.3,255
2019-04-30,Rafael Devers,fly_ball,104.7,43.2,341
2019-04-30,Mitch Moreland,fly_ball,109.4,23.3,423
2019-04-30,J. D. Martinez,fly_ball,99.4,25.7,368
2019-04-30,Mitch Moreland,fly_ball,97.7,55.3,261
2019-04-30,Andrew Benintendi,fly_ball,93.1,40.1,327
2019-04-30,J. D. Martinez,fly_ball,93,44.2,300
2019-04-30,Xander Bogaerts,fly_ball,92.8,44.2,302
2019-04-30,Robbie Grossman,fly_ball,102.8,25.2,423
2019-04-30,Matt Chapman,fly_ball,99.9,39,343
2019-04-30,Paul DeJong,fly_ball,85.6,29,322
2019-04-30,Yadier Molina,fly_ball,88.3,31.8,291
2019-04-30,Matt Adams,fly_ball,70.4,27.2,234
2019-04-30,Adam Wainwright,fly_ball,84.9,33.3,288
2019-04-30,Victor Robles,fly_ball,101.1,35,391
2019-04-30,Paul Goldschmidt,fly_ball,92.7,26,367
2019-04-30,Paul Goldschmidt,fly_ball,93.4,27.4,345
2019-04-30,Marcell Ozuna,fly_ball,99.9,58.4,235
2019-04-30,Victor Robles,fly_ball,76.8,33.9,272
2019-04-30,Kurt Suzuki,fly_ball,84.3,34.9,290
2019-04-30,Adam Eaton,fly_ball,73.8,34.9,239
2019-04-30,Paul DeJong,fly_ball,98.5,29.8,376
2019-04-30,Todd Frazier,fly_ball,92.9,50.3,273
2019-04-30,José Iglesias,fly_ball,94.7,40.7,322
2019-04-30,Curt Casali,fly_ball,93.6,32.9,368
2019-04-30,José Iglesias,fly_ball,75.3,44.8,217
2019-04-30,Joey Votto,fly_ball,95.2,27.8,363
2019-04-30,Eugenio Suarez,fly_ball,102,25.6,383
2019-04-30,Jesse Winker,fly_ball,90.1,34.8,333
2019-04-30,Jose Peraza,fly_ball,94.6,36.1,345
2019-04-30,Todd Frazier,fly_ball,106.9,25,413
2019-04-30,Juan Lagares,fly_ball,95.3,31.7,367
2019-04-30,Eugenio Suarez,fly_ball,72.3,34.7,252
2019-04-30,Wilson Ramos,fly_ball,97.1,43.4,310
2019-04-30,Pete Alonso,fly_ball,103.3,35.6,347
2019-04-30,Daniel Descalso,fly_ball,100.8,26.3,393
2019-04-30,Kris Bryant,fly_ball,105,40.9,359
2019-04-30,Anthony Rizzo,fly_ball,102.6,28.8,389
2019-04-30,David Bote,fly_ball,91.3,27,340
2019-04-30,Edwin Encarnacion,fly_ball,107.3,25.3,418
2019-04-30,Daniel Descalso,fly_ball,92.3,49,276
2019-04-30,Walker Buehler,fly_ball,80,36.5,295
2019-04-30,David Freese,fly_ball,100.9,36.3,358
2019-04-30,Austin Barnes,fly_ball,89.3,34.4,312
2019-04-30,Brandon Belt,fly_ball,90.7,38.7,318
2019-04-30,Justin Turner,fly_ball,95.1,54.8,243
2019-04-30,Walker Buehler,fly_ball,88,52.6,247
2019-04-30,Enrique Hernandez,fly_ball,97.2,33.2,369
2019-04-30,Brandon Belt,fly_ball,97.7,28,387
2019-04-30,Justin Turner,fly_ball,103.6,25.3,402
2019-04-30,Cody Bellinger,fly_ball,91.8,36.3,319
2019-04-30,Erik Kratz,fly_ball,79.9,30.8,282
2019-04-30,David Freese,fly_ball,83.6,50.9,238
2019-04-30,Evan Longoria,fly_ball,97.7,41.4,324
2019-04-30,Bryan Reynolds,fly_ball,91.3,30.1,350
2019-04-30,Logan Forsythe,fly_ball,95.9,32.6,357
2019-04-30,Colin Moran,fly_ball,91.4,49.4,283
2019-04-30,Bryan Reynolds,fly_ball,92.6,29.6,342
2019-04-30,Gregory Polanco,fly_ball,93.6,33.2,343
2019-04-30,Asdrubal Cabrera,fly_ball,86.1,47.4,269
2019-04-30,Rougned Odor,fly_ball,95.8,42.7,342
2019-04-30,Hunter Pence,fly_ball,78.8,53.9,223
2019-04-30,Bryan Reynolds,fly_ball,101.3,29.1,408
2019-04-30,Adam Frazier,fly_ball,78.1,51.2,235
2019-04-30,Starling Marte,fly_ball,104.1,23.3,422
2019-04-30,Gregory Polanco,fly_ball,92.8,35.9,346
2019-04-30,Joey Gallo,fly_ball,108.6,31.6,467
2019-04-30,Eddie Rosario,fly_ball,92.8,40.7,307
2019-04-30,Ehire Adrianza,fly_ball,89.4,32.5,344
2019-04-30,Alex Bregman,fly_ball,88.6,40.7,294
2019-04-30,Carlos Correa,fly_ball,98.8,37.1,342
2019-04-30,Eddie Rosario,fly_ball,100.6,44.9,322
2019-04-30,Carlos Correa,fly_ball,103.1,24.5,376
2019-04-30,Jonathan Schoop,fly_ball,99.5,46.3,315
2019-04-30,Jake Marisnick,fly_ball,95.7,28.2,359
2019-04-30,Alex Bregman,fly_ball,100.2,26.2,379
2019-04-30,Michael Brantley,fly_ball,97.2,25.3,353
2019-04-30,Josh Reddick,fly_ball,89.6,29.7,336
2019-04-30,Byron Buxton,fly_ball,90.9,31.2,340
2019-04-30,Jake Marisnick,fly_ball,77.4,42.1,254
2019-04-30,Byron Buxton,fly_ball,97.3,43.2,329
2019-04-30,Eddie Rosario,fly_ball,90.7,51,246
2019-04-30,Jeimer Candelario,fly_ball,91.9,44.3,301
2019-04-30,Niko Goodrum,fly_ball,100.1,32.7,381
2019-04-30,Ronny Rodriguez,fly_ball,103.1,24.6,411
2019-04-30,Nick Williams,fly_ball,76.9,32.6,270
2019-04-30,Niko Goodrum,fly_ball,90.9,58.2,238
2019-04-30,Franmil Reyes,fly_ball,103.3,23.8,406
2019-04-30,Ty France,fly_ball,94.3,52.3,260
2019-04-30,Brian McCann,fly_ball,72.8,36.9,255
2019-04-30,Julio Teheran,fly_ball,85.2,38.1,298
2019-04-30,Freddie Freeman,fly_ball,103.5,31,404
2019-04-30,Matthew Joyce,fly_ball,96.8,32.6,369
2019-04-30,Ozzie Albies,fly_ball,73.7,32.9,247
2019-04-30,Franmil Reyes,fly_ball,103.4,29.4,380
2019-04-30,Eric Hosmer,fly_ball,107.6,21.9,416
2019-04-30,Nick Markakis,fly_ball,89,41.8,302
2019-04-30,Ty France,fly_ball,93.7,35.9,349
2019-04-30,Francisco Lindor,fly_ball,77.4,29.3,265
2019-04-30,Jake Bauers,fly_ball,87.1,54.4,248
2019-04-30,Roberto Perez,fly_ball,91.2,49.8,266
2019-04-30,Carlos Gonzalez,fly_ball,108,31.7,404
2019-04-30,Curtis Granderson,fly_ball,105.4,29.3,388
2019-04-30,Carlos Santana,fly_ball,88.3,35,320
2019-04-30,Carlos Gonzalez,fly_ball,92.9,44.2,295
2019-04-30,Jose Ramirez,fly_ball,93.7,35.2,332
2019-04-30,Mike Freeman,fly_ball,94.2,35,341
2019-04-30,Starlin Castro,fly_ball,78,34.3,277
2019-04-30,Rosell Herrera,fly_ball,75.7,43.7,248
2019-04-30,Daniel Murphy,fly_ball,76.6,44.6,226
2019-04-30,Raimel Tapia,fly_ball,72.7,25.1,240
2019-04-30,Ryan McMahon,fly_ball,95,27.3,350
2019-04-30,David Dahl,fly_ball,89.5,28.4,345
2019-04-30,Trevor Story,fly_ball,97.4,39.5,337
2019-04-30,Ben Gamel,fly_ball,105.1,22.8,363
2019-04-30,Jesus Aguilar,fly_ball,104.9,25.8,393
2019-04-30,Ian Desmond,fly_ball,108.2,32.5,425
2019-05-01,Albert Pujols,fly_ball,95.3,42.2,314
2019-05-01,Mike Trout,fly_ball,83.9,30.5,272
2019-05-01,Freddy Galvis,fly_ball,98.2,38.6,355
2019-05-01,David Fletcher,fly_ball,73.3,29.9,258
2019-05-01,Rowdy Tellez,fly_ball,105,24.1,408
2019-05-01,Tommy La Stella,fly_ball,84.8,41.6,283
2019-05-01,Freddy Galvis,fly_ball,100.5,35.5,367
2019-05-01,Randal Grichuk,fly_ball,107.8,22.1,405
2019-05-01,Billy McKinney,fly_ball,95.5,39.5,337
2019-05-01,Vladimir Guerrero,fly_ball,98.4,31.4,365
2019-05-01,Freddy Galvis,fly_ball,89.2,41.6,287
2019-05-01,Adam Jones,fly_ball,97.2,31.7,386
2019-05-01,Nick Ahmed,fly_ball,69.2,28.3,232
2019-05-01,Brett Gardner,fly_ball,88.5,34.7,304
2019-05-01,Adam Jones,fly_ball,96.2,42.2,325
2019-05-01,Gary Sanchez,fly_ball,98.4,37,367
2019-05-01,Ketel Marte,fly_ball,107.2,28.8,454
2019-05-01,Nick Ahmed,fly_ball,86.2,29.8,315
2019-05-01,Cameron Maybin,fly_ball,71,32.7,254
2019-05-01,David Peralta,fly_ball,98.4,33.2,368
2019-05-01,Luke Voit,fly_ball,109.9,27.3,398
2019-05-01,Gleyber Torres,fly_ball,103.1,24.9,413
2019-05-01,Thairo Estrada,fly_ball,78.4,34.7,258
2019-05-01,Adam Jones,fly_ball,95.5,27.9,349
2019-05-01,Brett Gardner,fly_ball,88.4,47.9,275
2019-05-01,Andrew Benintendi,fly_ball,99.3,51.7,288
2019-05-01,J. D. Martinez,fly_ball,100.3,30.6,370
2019-05-01,Mitch Moreland,fly_ball,99.8,45,320
2019-05-01,Khris Davis,fly_ball,95.2,41.5,314
2019-05-01,Mitch Moreland,fly_ball,102.8,29.4,399
2019-05-01,Mookie Betts,fly_ball,97.7,26.4,365
2019-05-01,Mitch Moreland,fly_ball,101,42.3,330
2019-05-01,Christian Vazquez,fly_ball,96.1,54.1,239
2019-05-01,Andrew Benintendi,fly_ball,74,36.5,256
2019-05-01,Christian Vazquez,fly_ball,98.3,31.9,372
2019-05-01,Andrew Benintendi,fly_ball,102,24.6,391
2019-05-01,Matt Chapman,fly_ball,110.1,22.6,417
2019-05-01,Adalberto Mondesi,fly_ball,78.6,37.5,271
2019-05-01,Kelvin Gutierrez,fly_ball,96.9,32.8,352
2019-05-01,Cam Gallagher,fly_ball,99,35.1,374
2019-05-01,Ryan O'Hearn,fly_ball,88.6,58.8,210
2019-05-01,Tommy Pham,fly_ball,103.4,35.2,381
2019-05-01,Ryan O'Hearn,fly_ball,93.2,57,232
2019-05-01,Brandon Lowe,fly_ball,97,44.2,317
2019-05-01,Cam Gallagher,fly_ball,89.3,32.7,302
2019-05-01,Ji-Man Choi,fly_ball,106.7,28.2,434
2019-05-01,Nate Lowe,fly_ball,100.1,37,362
2019-05-01,Daniel Robertson,fly_ball,106.8,24.1,391
2019-05-01,Mike Zunino,fly_ball,93.6,27.9,351
2019-05-01,Adalberto Mondesi,fly_ball,99.3,27.8,399
2019-05-01,Hunter Dozier,fly_ball,106.2,21.1,398
2019-05-01,Yandy Díaz,fly_ball,86.5,35.6,312
2019-05-01,Billy Hamilton,fly_ball,85.7,36.6,303
2019-05-01,Whit Merrifield,fly_ball,83.1,59,203
2019-05-01,Tommy Pham,fly_ball,79.6,41.4,255
2019-05-01,Yandy Díaz,fly_ball,97.5,31.8,368
2019-05-01,Kelvin Gutierrez,fly_ball,100.9,27,398
2019-05-01,Willy Adames,fly_ball,90.6,44.3,293
2019-05-01,Ji-Man Choi,fly_ball,84,33.1,316
2019-05-01,Whit Merrifield,fly_ball,98.9,30.2,380
2019-05-01,Nate Lowe,fly_ball,100,36.1,362
2019-05-01,Hunter Dozier,fly_ball,94.2,30.9,346
2019-05-01,Jorge Soler,fly_ball,84.6,35,310
2019-05-01,Willy Adames,fly_ball,96.1,30,336
2019-05-01,Brandon Lowe,fly_ball,83.2,45.5,256
2019-05-01,Ji-Man Choi,fly_ball,101.5,40.8,339
2019-05-01,Matt Carpenter,fly_ball,93.8,33.1,342
2019-05-01,Kolten Wong,fly_ball,81.1,32.8,306
2019-05-01,Harrison Bader,fly_ball,101.9,27.6,359
2019-05-01,Yan Gomes,fly_ball,86.2,50.1,241
2019-05-01,Yadier Molina,fly_ball,88,38.6,286
2019-05-01,Paul DeJong,fly_ball,101.2,38,349
2019-05-01,Michael Taylor,fly_ball,104.2,38.8,366
2019-05-01,Brian Dozier,fly_ball,67.7,32,231
2019-05-01,Marcell Ozuna,fly_ball,81.1,47.4,238
2019-05-01,Jeff McNeil,fly_ball,91.8,42,300
2019-05-01,Jose Peraza,fly_ball,87.8,35,280
2019-05-01,Pete Alonso,fly_ball,68.9,31.7,235
2019-05-01,Joey Votto,fly_ball,102.9,30.7,389
2019-05-01,Brandon Nimmo,fly_ball,105.2,33.9,381
2019-05-01,Tomas Nido,fly_ball,91.9,34.7,293
2019-05-01,Eugenio Suarez,fly_ball,95.2,29.7,354
2019-05-01,Jose Peraza,fly_ball,82.5,37.4,274
2019-05-01,Brandon Nimmo,fly_ball,89.2,58.8,184
2019-05-01,Amed Rosario,fly_ball,71.8,25.5,228
2019-05-01,Tucker Barnhart,fly_ball,96.8,56.6,231
2019-05-01,José Iglesias,fly_ball,98.5,29.8,375
2019-05-01,Brandon Nimmo,fly_ball,76.7,37.4,248
2019-05-01,Edwin Encarnacion,fly_ball,87.5,47.2,271
2019-05-01,Javier Baez,fly_ball,110.8,29.2,430
2019-05-01,Dan Vogelbach,fly_ball,75.4,35.9,267
2019-05-01,Ryon Healy,fly_ball,66,30.3,209
2019-05-01,Jason Heyward,fly_ball,68.3,44,210
2019-05-01,Ben Zobrist,fly_ball,88.9,37.7,303
2019-05-01,Anthony Rizzo,fly_ball,92.7,27.6,364
2019-05-01,Dan Vogelbach,fly_ball,84.6,34.6,307
2019-05-01,Tom Murphy,fly_ball,85.1,32.7,322
2019-05-01,Mitch Haniger,fly_ball,95.2,56.7,232
2019-05-01,Dan Vogelbach,fly_ball,92.2,50.7,270
2019-05-01,Willson Contreras,fly_ball,97.2,25.8,359
2019-05-01,Kyle Schwarber,fly_ball,92.3,48.5,277
2019-05-01,David Bote,fly_ball,92.2,39.4,308
2019-05-01,Justin Turner,fly_ball,87.4,52.1,245
2019-05-01,Tyler Austin,fly_ball,107.8,22.1,404
2019-05-01,Brandon Belt,fly_ball,104.6,33,383
2019-05-01,Evan Longoria,fly_ball,98.7,53.2,260
2019-05-01,Chris Taylor,fly_ball,92.9,55.5,227
2019-05-01,Alex Verdugo,fly_ball,92.7,34.3,334
2019-05-01,Hyun-Jin Ryu,fly_ball,91.2,49.5,262
2019-05-01,Enrique Hernandez,fly_ball,69.8,29.4,229
2019-05-01,Evan Longoria,fly_ball,97.7,35.1,333
2019-05-01,Justin Turner,fly_ball,93.5,52.8,261
2019-05-01,Evan Longoria,fly_ball,85.6,37.3,302
2019-05-01,Justin Turner,fly_ball,92.9,34,321
2019-05-01,Kevin Pillar,fly_ball,70.9,36,232
2019-05-01,Brandon Crawford,fly_ball,82.6,31.6,306
2019-05-01,Chris Taylor,fly_ball,86,39.1,287
2019-05-01,Starling Marte,fly_ball,97.8,41.4,353
2019-05-01,Shin-Soo Choo,fly_ball,102.6,35.8,375
2019-05-01,Josh Bell,fly_ball,92.8,30.2,346
2019-05-01,Asdrubal Cabrera,fly_ball,97.3,24.3,384
2019-05-01,Elias Diaz,fly_ball,91.7,31.3,323
2019-05-01,Adam Frazier,fly_ball,98.5,24.6,371
2019-05-01,Joey Gallo,fly_ball,84.1,49.5,255
2019-05-01,Jeff Mathis,fly_ball,93.5,32.9,336
2019-05-01,Shin-Soo Choo,fly_ball,89.6,35.1,382
2019-05-01,Colin Moran,fly_ball,78,30.2,268
2019-05-01,Logan Forsythe,fly_ball,89.9,31.2,329
2019-05-01,Alex Bregman,fly_ball,98.3,38.3,357
2019-05-01,Max Kepler,fly_ball,97.3,57.4,219
2019-05-01,Jonathan Schoop,fly_ball,108.1,28.4,465
2019-05-01,Max Stassi,fly_ball,102.7,44.8,320
2019-05-01,Byron Buxton,fly_ball,96.1,44.3,305
2019-05-01,Max Kepler,fly_ball,97.6,33.3,368
2019-05-01,Alex Bregman,fly_ball,93.5,29.6,346
2019-05-01,C. J. Cron,fly_ball,85.4,50.1,245
2019-05-01,Mitch Garver,fly_ball,86.8,53,217
2019-05-01,Yuli Gurriel,fly_ball,89.1,47.5,272
2019-05-01,Aledmys Díaz,fly_ball,92.5,53.5,252
2019-05-01,Jose Altuve,fly_ball,100.5,52.8,263
2019-05-01,Nelson Cruz,fly_ball,99.6,26,388
2019-05-01,C. J. Cron,fly_ball,103.4,40.5,349
2019-05-01,Andrew McCutchen,fly_ball,75.8,48.9,223
2019-05-01,Maikel Franco,fly_ball,95.5,36.2,334
2019-05-01,Daniel Norris,fly_ball,83.3,31.3,278
2019-05-01,Nick Castellanos,fly_ball,81.9,29.9,265
2019-05-01,Bryce Harper,fly_ball,82.3,31.4,296
2019-05-01,Rhys Hoskins,fly_ball,89.5,42.8,292
2019-05-01,Miguel Cabrera,fly_ball,90.1,39.7,285
2019-05-01,Cesar Hernandez,fly_ball,88.7,29.7,297
2019-05-01,Nick Castellanos,fly_ball,69.8,31.2,222
2019-05-01,Bryce Harper,fly_ball,93.5,29.2,336
2019-05-01,Jordy Mercer,fly_ball,102.6,33.6,378
2019-05-01,Niko Goodrum,fly_ball,75.6,39.6,254
2019-05-01,Hunter Renfroe,fly_ball,100,34.9,386
2019-05-01,Dansby Swanson,fly_ball,99.8,33.9,368
2019-05-01,Nick Markakis,fly_ball,86.8,52.5,252
2019-05-01,Brian McCann,fly_ball,89.5,32.7,336
2019-05-01,Ozzie Albies,fly_ball,99.7,30.1,355
2019-05-01,Hunter Renfroe,fly_ball,104.1,46.7,331
2019-05-01,Ender Inciarte,fly_ball,96.9,23,355
2019-05-01,Freddie Freeman,fly_ball,92,41,318
2019-05-01,Johan Camargo,fly_ball,74.8,41.1,246
2019-05-01,Ozzie Albies,fly_ball,97.6,33.5,362
2019-05-01,Dansby Swanson,fly_ball,101.3,31.3,406
2019-05-01,Matthew Joyce,fly_ball,88.7,38.7,314
2019-05-01,Rio Ruiz,fly_ball,90.1,30,323
2019-05-01,Dwight Smith,fly_ball,68,28.5,223
2019-05-01,Yonder Alonso,fly_ball,97.3,25.4,364
2019-05-01,Tim Anderson,fly_ball,95.1,30.5,332
2019-05-01,Carlos Sanchez,fly_ball,72.9,30.4,258
2019-05-01,Rio Ruiz,fly_ball,95.1,33.5,355
2019-05-01,José Abreu,fly_ball,109.5,24.6,433
2019-05-01,Stevie Wilkerson,fly_ball,99.8,24.3,387
2019-05-01,Austin Wynns,fly_ball,91.1,41.9,295
2019-05-01,Renato Nunez,fly_ball,104.8,39.9,359
2019-05-01,Chris Davis,fly_ball,88.1,43.8,286
2019-05-01,Austin Wynns,fly_ball,92.3,33.4,343
2019-05-01,Jonathan Villar,fly_ball,101.1,22.5,390
2019-05-01,Tim Anderson,fly_ball,88.6,43.2,292
2019-05-01,Pedro Severino,fly_ball,86.3,37.4,313
2019-05-01,James McCann,fly_ball,91.7,39.3,323
2019-05-01,Jonathan Villar,fly_ball,95.9,59,212
2019-05-01,Joey Rickard,fly_ball,100.1,46.1,337
2019-05-01,Jonathan Villar,fly_ball,98.2,45.6,303
2019-05-01,Roberto Perez,fly_ball,104.7,27,413
2019-05-01,Starlin Castro,fly_ball,94.8,39.8,316
2019-05-01,Jordan Luplow,fly_ball,98.6,40.9,335
2019-05-01,Max Moroff,fly_ball,89.3,33,333
2019-05-01,Jose Ramirez,fly_ball,100.6,28,393
2019-05-01,Carlos Santana,fly_ball,103.9,28.3,406
2019-05-01,Nolan Arenado,fly_ball,107.3,22.2,425
2019-05-01,Mike Moustakas,fly_ball,100.8,27.1,388
2019-05-01,Travis Shaw,fly_ball,96.5,45.9,306
2019-05-01,Mike Moustakas,fly_ball,99.8,49.2,319
2019-05-01,Trevor Story,fly_ball,87.6,31,303
2019-05-01,Tony Wolters,fly_ball,90,35.8,318
2019-05-01,Trevor Story,fly_ball,105.7,24.8,411
2019-05-01,Hernan Perez,fly_ball,81.7,39.5,273
2019-05-01,Nolan Arenado,fly_ball,101.2,29.4,402
2019-05-02,Tommy La Stella,fly_ball,88.9,39.5,299
2019-05-02,Albert Pujols,fly_ball,97.7,27.2,371
2019-05-02,Kole Calhoun,fly_ball,102.5,33.2,400
2019-05-02,Tommy La Stella,fly_ball,84.5,38.4,284
2019-05-02,Alen Hanson,fly_ball,93.2,46.1,289
2019-05-02,Eric Sogard,fly_ball,79.6,41.7,265
2019-05-02,Kole Calhoun,fly_ball,97.9,34.5,355
2019-05-02,Kevan Smith,fly_ball,90.3,33.5,337
2019-05-02,Justin Bour,fly_ball,96.2,32.5,355
2019-05-02,Mike Trout,fly_ball,103.2,33.2,392
2019-05-02,Brian Goodwin,fly_ball,75.2,46.4,219
2019-05-02,Alen Hanson,fly_ball,95.3,39.5,332
2019-05-02,Guillermo Heredia,fly_ball,83.2,43,265
2019-05-02,Jorge Soler,fly_ball,85.7,42.9,280
2019-05-02,Guillermo Heredia,fly_ball,69.9,27.3,242
2019-05-02,Yandy Díaz,fly_ball,94.5,33.2,338
2019-05-02,Mike Zunino,fly_ball,95.8,48.4,287
2019-05-02,Brandon Lowe,fly_ball,98.3,29.1,376
2019-05-02,Jorge Soler,fly_ball,88.2,42.9,281
2019-05-02,Matt Carpenter,fly_ball,101.2,40.3,360
2019-05-02,Marcell Ozuna,fly_ball,87.3,55.6,215
2019-05-02,Wilmer Difo,fly_ball,82.6,29.9,308
2019-05-02,Kolten Wong,fly_ball,92.9,49.6,275
2019-05-02,Kolten Wong,fly_ball,87,42.6,293
2019-05-02,Kolten Wong,fly_ball,95,25.3,359
2019-05-02,Jedd Gyorko,fly_ball,92.1,47.7,270
2019-05-02,Curt Casali,fly_ball,86.2,47.6,263
2019-05-02,Noah Syndergaard,fly_ball,105.8,32,407
2019-05-02,Jeff McNeil,fly_ball,94.2,44,304
2019-05-02,Dominic Smith,fly_ball,80.4,32.6,301
2019-05-02,Yasiel Puig,fly_ball,83.7,39.5,277
2019-05-02,Noah Syndergaard,fly_ball,99,39.3,349
2019-05-02,Jeff McNeil,fly_ball,92.2,52.7,248
2019-05-02,Eugenio Suarez,fly_ball,93,34.5,310
2019-05-02,Jose Altuve,fly_ball,92.1,30.3,352
2019-05-02,Alex Bregman,fly_ball,98.3,37.7,360
2019-05-02,Michael Brantley,fly_ball,84.1,28.9,315
2019-05-02,Yuli Gurriel,fly_ball,91.4,40.6,306
2019-05-02,Josh Reddick,fly_ball,72.1,38.2,238
2019-05-02,Alex Bregman,fly_ball,77.8,51.1,223
2019-05-02,Jason Castro,fly_ball,108.8,23,426
2019-05-02,Yuli Gurriel,fly_ball,98.9,27.6,368
2019-05-02,Josh Reddick,fly_ball,82.3,45.5,245
2019-05-02,Max Kepler,fly_ball,76.2,33,278
2019-05-02,Jorge Polanco,fly_ball,88.1,33.9,306
2019-05-02,Jorge Polanco,fly_ball,104.1,22.5,404
2019-05-02,Tony Kemp,fly_ball,90.7,45,303
2019-05-02,George Springer,fly_ball,79,46.2,218
2019-05-02,Jose Altuve,fly_ball,86.5,31.1,315
2019-05-02,Byron Buxton,fly_ball,95,41.5,317
2019-05-02,Ian Kinsler,fly_ball,91.7,39.9,327
2019-05-02,Eric Hosmer,fly_ball,99.8,38.5,351
2019-05-02,Manuel Margot,fly_ball,93.4,29.2,330
2019-05-02,Nick Markakis,fly_ball,96,37.9,343
2019-05-02,Tyler Flowers,fly_ball,99,43.6,322
2019-05-02,Ian Kinsler,fly_ball,101.2,28.4,406
2019-05-02,Ronald Acuna,fly_ball,86.1,33.8,298
2019-05-02,Franmil Reyes,fly_ball,80.8,42.3,262
2019-05-02,Eric Hosmer,fly_ball,99.7,34.9,354
2019-05-02,Ian Kinsler,fly_ball,87,42.4,295
2019-05-02,Ozzie Albies,fly_ball,76.7,33.7,290
2019-05-02,Dansby Swanson,fly_ball,102.2,34.7,399
2019-05-02,Ronald Acuna,fly_ball,90.7,38.9,327
2019-05-02,Nick Markakis,fly_ball,97.4,32.4,363
2019-05-02,Ian Kinsler,fly_ball,78.1,45.9,245
2019-05-02,Francisco Mejia,fly_ball,94.8,31.3,359
2019-05-02,Tyler Flowers,fly_ball,102.3,28.1,387
2019-05-02,James McCann,fly_ball,102,31.9,403
2019-05-02,Andrew Benintendi,fly_ball,100.3,29.9,376
2019-05-02,Mitch Moreland,fly_ball,87.8,31,324
2019-05-02,José Abreu,fly_ball,99.2,22.3,378
2019-05-02,James McCann,fly_ball,101.3,27,378
2019-05-02,Michael Chavis,fly_ball,94.9,33.8,344
2019-05-02,Rafael Devers,fly_ball,87.7,39,296
2019-05-02,Nick Delmonico,fly_ball,98.7,30,402
2019-05-02,Tony Wolters,fly_ball,90.7,32.8,354
2019-05-02,Nolan Arenado,fly_ball,99.3,29.8,403
2019-05-02,Ryan McMahon,fly_ball,93,40.7,313
2019-05-02,Mark Reynolds,fly_ball,87.1,43.8,280
2019-05-02,Travis Shaw,fly_ball,105,39,375
2019-05-02,Ryan Braun,fly_ball,102.7,29.2,374
2019-05-02,Ben Gamel,fly_ball,97,29.3,360
2019-05-02,David Dahl,fly_ball,72,27.3,233
2019-05-02,Ben Gamel,fly_ball,81.2,41.2,271
2019-05-02,Eric Thames,fly_ball,78.4,33,289
2019-05-02,Nolan Arenado,fly_ball,79.5,50.4,224
2019-05-02,Raimel Tapia,fly_ball,99.7,28.2,409
2019-05-03,Mike Zunino,fly_ball,109.2,29.4,422
2019-05-03,Ji-Man Choi,fly_ball,91.9,46.1,290
2019-05-03,Avisail Garcia,fly_ball,72,34,243
2019-05-03,Nate Lowe,fly_ball,86,40.2,281
2019-05-03,Mike Zunino,fly_ball,102.6,54.4,263
2019-05-03,Hanser Alberto,fly_ball,83.2,28.3,294
2019-05-03,Chris Davis,fly_ball,93.9,25.8,359
2019-05-03,Dwight Smith,fly_ball,71.1,26.7,216
2019-05-03,Paul DeJong,fly_ball,89.6,41.2,288
2019-05-03,Marcell Ozuna,fly_ball,100.3,38.6,343
2019-05-03,Yadier Molina,fly_ball,97.6,33.8,340
2019-05-03,Anthony Rizzo,fly_ball,102.5,32.8,379
2019-05-03,Paul Goldschmidt,fly_ball,72.3,39.9,253
2019-05-03,Harrison Bader,fly_ball,73.5,26.6,244
2019-05-03,Jack Flaherty,fly_ball,74.7,21.4,247
2019-05-03,Willson Contreras,fly_ball,90,32.3,310
2019-05-03,Joe Panik,fly_ball,75.9,37.6,272
2019-05-03,Nick Senzel,fly_ball,74.5,34.9,255
2019-05-03,Derek Dietrich,fly_ball,96.3,37.3,372
2019-05-03,Evan Longoria,fly_ball,93.2,51.6,262
2019-05-03,Brandon Crawford,fly_ball,83.7,43.3,270
2019-05-03,Derek Dietrich,fly_ball,103.1,27.6,410
2019-05-03,Kevin Pillar,fly_ball,75.9,44.2,234
2019-05-03,Yasiel Puig,fly_ball,91.7,56.4,233
2019-05-03,Buster Posey,fly_ball,85.9,27.9,334
2019-05-03,Kyle Farmer,fly_ball,98.5,27.7,359
2019-05-03,Nick Senzel,fly_ball,92.5,39,328
2019-05-03,Joe Panik,fly_ball,102.3,24.5,401
2019-05-03,Joey Votto,fly_ball,78.7,45.2,243
2019-05-03,Kyle Farmer,fly_ball,97.7,46.5,310
2019-05-03,Kevin Pillar,fly_ball,90.3,36.2,326
2019-05-03,Stephen Vogt,fly_ball,103.2,32.7,386
2019-05-03,Eugenio Suarez,fly_ball,90.8,52.7,251
2019-05-03,Evan Longoria,fly_ball,96.2,36.8,361
2019-05-03,Omar Narvaez,fly_ball,100,38.5,350
2019-05-03,Tim Beckham,fly_ball,99.8,34.4,366
2019-05-03,Ryon Healy,fly_ball,88.1,42.4,290
2019-05-03,Jake Bauers,fly_ball,88.1,46.7,274
2019-05-03,Adam Jones,fly_ball,88.3,41.5,305
2019-05-03,Ketel Marte,fly_ball,107.8,27.2,442
2019-05-03,Nick Ahmed,fly_ball,83.6,31,316
2019-05-03,Trevor Story,fly_ball,91.4,39.7,343
2019-05-03,Charlie Blackmon,fly_ball,98.1,27,411
2019-05-03,Adam Jones,fly_ball,108.5,33,441
2019-05-03,Eduardo Escobar,fly_ball,103.6,31.2,433
2019-05-03,Carson Kelly,fly_ball,87.6,48.2,289
2019-05-03,Ryan McMahon,fly_ball,108.9,22.1,453
2019-05-03,Ketel Marte,fly_ball,105.8,22.3,442
2019-05-03,Mark Reynolds,fly_ball,95.8,43,336
2019-05-03,Charlie Blackmon,fly_ball,100.2,30.2,413
2019-05-03,Martin Maldonado,fly_ball,94,47.7,285
2019-05-03,Miguel Cabrera,fly_ball,78.3,50.2,225
2019-05-03,Alex Gordon,fly_ball,87,42,284
2019-05-03,Ronny Rodriguez,fly_ball,96.8,53.3,256
2019-05-03,Martin Maldonado,fly_ball,91.2,53.2,257
2019-05-03,Jeimer Candelario,fly_ball,92.7,31.2,324
2019-05-03,Nick Castellanos,fly_ball,94.3,39.2,329
2019-05-03,Gordon Beckham,fly_ball,69.7,40.6,215
2019-05-03,Jorge Soler,fly_ball,107.5,22.5,440
2019-05-03,Marcus Semien,fly_ball,91.5,47.1,289
2019-05-03,Jurickson Profar,fly_ball,88.2,36.2,317
2019-05-03,Pablo Reyes,fly_ball,84.4,45.8,273
2019-05-03,Jurickson Profar,fly_ball,85,47.1,281
2019-05-03,Francisco Cervelli,fly_ball,94.5,38.5,332
2019-05-03,Matt Chapman,fly_ball,105,24.6,381
2019-05-03,Khris Davis,fly_ball,94.2,40.6,330
2019-05-03,Josh Bell,fly_ball,96.8,34.2,360
2019-05-03,Jurickson Profar,fly_ball,84.3,58.5,211
2019-05-03,Josh Phegley,fly_ball,104.4,25.4,413
2019-05-03,Enrique Hernandez,fly_ball,103.2,33.1,390
2019-05-03,Justin Turner,fly_ball,85.9,39.2,294
2019-05-03,Ian Kinsler,fly_ball,91.1,43.4,291
2019-05-03,Manny Machado,fly_ball,110.5,28.1,438
2019-05-03,Austin Hedges,fly_ball,78,45.5,253
2019-05-03,Joc Pederson,fly_ball,98.5,34.3,359
2019-05-03,Ian Kinsler,fly_ball,95.8,29.6,372
2019-05-03,Chris Taylor,fly_ball,89.7,33,352
2019-05-03,Corey Seager,fly_ball,98.3,37.4,348
2019-05-03,Austin Barnes,fly_ball,96.8,24.6,383
2019-05-03,Chris Taylor,fly_ball,73.7,32.3,248
2019-05-03,Manny Machado,fly_ball,95.1,26.8,350
2019-05-03,Asdrubal Cabrera,fly_ball,87.8,32.7,316
2019-05-03,Danny Santana,fly_ball,92.3,50,286
2019-05-03,Elvis Andrus,fly_ball,95,33,357
2019-05-03,Nomar Mazara,fly_ball,73.6,46.2,228
2019-05-03,Asdrubal Cabrera,fly_ball,88.5,31.3,304
2019-05-03,Randal Grichuk,fly_ball,84.1,50,249
2019-05-03,Elvis Andrus,fly_ball,73,35.8,255
2019-05-03,Nomar Mazara,fly_ball,104.2,42.9,355
2019-05-03,Jean Segura,fly_ball,105.1,23.5,371
2019-05-03,J. T. Realmuto,fly_ball,109.3,23.3,401
2019-05-03,Carter Kieboom,fly_ball,83.1,29.9,296
2019-05-03,Nick Williams,fly_ball,76,42.5,239
2019-05-03,Carter Kieboom,fly_ball,101.9,29.4,374
2019-05-03,Nick Williams,fly_ball,74.8,40.8,256
2019-05-03,Howie Kendrick,fly_ball,97.9,41.1,327
2019-05-03,Kurt Suzuki,fly_ball,99.8,29.8,400
2019-05-03,Rhys Hoskins,fly_ball,106.8,25.5,398
2019-05-03,J. T. Realmuto,fly_ball,100.7,42.2,333
2019-05-03,Adam Eaton,fly_ball,94.6,26.4,348
2019-05-03,Maikel Franco,fly_ball,91,43.5,300
2019-05-03,Andrew Knapp,fly_ball,100.4,36.8,363
2019-05-03,Jean Segura,fly_ball,88.7,38.6,298
2019-05-03,Bryce Harper,fly_ball,92.2,54.6,241
2019-05-03,Rafael Devers,fly_ball,110.7,26,436
2019-05-03,J. D. Martinez,fly_ball,73.8,29.6,263
2019-05-03,Jose Rondon,fly_ball,94.9,26.9,318
2019-05-03,Michael Chavis,fly_ball,109.9,27.8,459
2019-05-03,Xander Bogaerts,fly_ball,94.8,37.6,327
2019-05-03,Michael Chavis,fly_ball,98.4,44.6,297
2019-05-03,Welington Castillo,fly_ball,101,21.7,375
2019-05-03,José Abreu,fly_ball,90.2,38.7,312
2019-05-03,Freddie Freeman,fly_ball,103.6,31.3,418
2019-05-03,Nick Markakis,fly_ball,87,31.2,335
2019-05-03,Ozzie Albies,fly_ball,94.6,36.2,340
2019-05-03,Josh Donaldson,fly_ball,83,55.1,216
2019-05-03,Dansby Swanson,fly_ball,91.9,26.6,318
2019-05-03,Brian McCann,fly_ball,93.1,39,327
2019-05-03,Ozzie Albies,fly_ball,68.9,47.6,194
2019-05-03,Miguel Rojas,fly_ball,66.2,32.9,226
2019-05-03,Brian McCann,fly_ball,102.6,23.6,411
2019-05-03,Ender Inciarte,fly_ball,75.4,30.2,269
2019-05-03,Jorge Alfaro,fly_ball,70.2,27.2,243
2019-05-03,Rosell Herrera,fly_ball,79.3,43.6,235
2019-05-03,Curtis Granderson,fly_ball,97.6,27.5,352
2019-05-03,Ronald Acuna,fly_ball,94.3,25.1,355
2019-05-03,Brian McCann,fly_ball,86.5,36.9,301
2019-05-03,Jorge Alfaro,fly_ball,98.2,40,338
2019-05-03,Gleyber Torres,fly_ball,80.8,32.6,299
2019-05-03,Tyler Wade,fly_ball,82,38.9,261
2019-05-03,Gleyber Torres,fly_ball,77.4,32,270
2019-05-03,Lorenzo Cain,fly_ball,103.3,25.8,425
2019-05-03,Yasmani Grandal,fly_ball,96,38.5,342
2019-05-03,Orlando Arcia,fly_ball,82.2,32,301
2019-05-03,Michael Conforto,fly_ball,92.8,38.8,320
2019-05-03,Yasmani Grandal,fly_ball,100.4,39.5,356
2019-05-03,Jesus Aguilar,fly_ball,88.3,41.5,298
2019-05-03,Ben Gamel,fly_ball,77.7,31.3,255
2019-05-03,Orlando Arcia,fly_ball,97.6,43.4,320
2019-05-03,Lorenzo Cain,fly_ball,75.1,37.9,256
2019-05-03,Jeff McNeil,fly_ball,97.4,24.3,345
2019-05-03,Robinson Cano,fly_ball,98,25.8,376
2019-05-03,Eric Thames,fly_ball,92.8,30.8,339
2019-05-04,Tommy Pham,fly_ball,99.1,45.1,319
2019-05-04,Renato Nunez,fly_ball,73.6,33.5,265
2019-05-04,Michael Perez,fly_ball,86,49.1,262
2019-05-04,Chris Davis,fly_ball,97.5,41.7,340
2019-05-04,Dwight Smith,fly_ball,107.4,22.4,429
2019-05-04,Rio Ruiz,fly_ball,94.9,39.2,336
2019-05-04,Austin Wynns,fly_ball,87.4,36.9,288
2019-05-04,Brandon Lowe,fly_ball,79.3,36.6,289
2019-05-04,Avisail Garcia,fly_ball,84.1,44.8,271
2019-05-04,Anthony Rizzo,fly_ball,84.7,31.8,297
2019-05-04,Jose Martinez,fly_ball,110.8,24.5,440
2019-05-04,Jose Martinez,fly_ball,96.3,39.7,305
2019-05-04,Taylor Davis,fly_ball,103.9,27.3,416
2019-05-04,Jason Heyward,fly_ball,98.3,24.7,371
2019-05-04,Jose Martinez,fly_ball,107.2,29.6,403
2019-05-04,Marcell Ozuna,fly_ball,88.2,40.2,284
2019-05-04,Javier Baez,fly_ball,107.7,25.7,413
2019-05-04,Brandon Crawford,fly_ball,85.2,48.6,258
2019-05-04,Dereck Rodriguez,fly_ball,95.2,42.6,324
2019-05-04,Nick Senzel,fly_ball,99.3,42.4,333
2019-05-04,Eugenio Suarez,fly_ball,104.2,28.8,402
2019-05-04,Joe Panik,fly_ball,98.7,29.5,380
2019-05-04,Nick Senzel,fly_ball,105.9,32,397
2019-05-04,Tucker Barnhart,fly_ball,96.6,29.8,372
2019-05-04,Derek Dietrich,fly_ball,106.1,37.8,384
2019-05-04,Nick Senzel,fly_ball,101.5,28.5,379
2019-05-04,Buster Posey,fly_ball,91.9,54.4,241
2019-05-04,Yasiel Puig,fly_ball,103.2,30.2,404
2019-05-04,Derek Dietrich,fly_ball,93.3,53.6,254
2019-05-04,Tucker Barnhart,fly_ball,98.8,40.9,342
2019-05-04,Jose Ramirez,fly_ball,99.8,21.7,373
2019-05-04,Edwin Encarnacion,fly_ball,100.7,24.5,402
2019-05-04,Jay Bruce,fly_ball,106.8,36,380
2019-05-04,Francisco Lindor,fly_ball,106.9,32.7,406
2019-05-04,Tim Beckham,fly_ball,100.3,58.9,217
2019-05-04,Dylan Moore,fly_ball,100.1,24.1,387
2019-05-04,Tyler Naquin,fly_ball,94.4,30.3,316
2019-05-04,Jose Ramirez,fly_ball,99.8,49.1,285
2019-05-04,Tim Beckham,fly_ball,104.2,27.1,395
2019-05-04,Mitch Haniger,fly_ball,90.3,36.3,328
2019-05-04,Dan Vogelbach,fly_ball,87.8,56.6,223
2019-05-04,Carlos Santana,fly_ball,106.8,23.8,411
2019-05-04,Daniel Murphy,fly_ball,96.6,55.1,255
2019-05-04,Christian Walker,fly_ball,102.2,54.4,277
2019-05-04,Nick Ahmed,fly_ball,100,27.9,422
2019-05-04,Carson Kelly,fly_ball,101.8,34.4,428
2019-05-04,Luke Weaver,fly_ball,95.2,30.6,385
2019-05-04,David Peralta,fly_ball,99.2,30.7,405
2019-05-04,Nolan Arenado,fly_ball,98.9,32.5,386
2019-05-04,David Peralta,fly_ball,85.7,36.6,305
2019-05-04,Luke Weaver,fly_ball,79.3,30.7,290
2019-05-04,Ian Desmond,fly_ball,97.5,20.9,363
2019-05-04,Daniel Murphy,fly_ball,90.1,26.4,361
2019-05-04,Wilmer Flores,fly_ball,87.9,29.5,304
2019-05-04,Nolan Arenado,fly_ball,94.4,33.2,367
2019-05-04,Christian Walker,fly_ball,103.4,23.5,419
2019-05-04,Alex Gordon,fly_ball,101,34.7,350
2019-05-04,Jorge Soler,fly_ball,110.3,22.4,419
2019-05-04,Jeimer Candelario,fly_ball,87.5,28.1,333
2019-05-04,Niko Goodrum,fly_ball,83.4,32.6,311
2019-05-04,Jeimer Candelario,fly_ball,96,31.4,394
2019-05-04,Ryan O'Hearn,fly_ball,93.1,48.6,287
2019-05-04,Martin Maldonado,fly_ball,88.7,53.3,238
2019-05-04,Billy Hamilton,fly_ball,88.9,31,332
2019-05-04,Whit Merrifield,fly_ball,102.2,33.9,434
2019-05-04,Alex Gordon,fly_ball,94,37.4,333
2019-05-04,Whit Merrifield,fly_ball,77.3,32,275
2019-05-04,Jeimer Candelario,fly_ball,90.4,39.1,311
2019-05-04,Ronny Rodriguez,fly_ball,99.5,33.9,373
2019-05-04,Robbie Grossman,fly_ball,84.2,32.4,310
2019-05-04,Stephen Piscotty,fly_ball,66,26.2,216
2019-05-04,Adam Frazier,fly_ball,70.7,31.5,225
2019-05-04,Gregory Polanco,fly_ball,98.1,46.4,310
2019-05-04,Josh Bell,fly_ball,103.5,26.7,379
2019-05-04,Cole Tucker,fly_ball,84.8,33.2,315
2019-05-04,Jurickson Profar,fly_ball,88.3,33.4,320
2019-05-04,Gregory Polanco,fly_ball,102.3,32.5,381
2019-05-04,Marcus Semien,fly_ball,98.6,41.7,344
2019-05-04,Matt Chapman,fly_ball,101.8,39.6,362
2019-05-04,Gregory Polanco,fly_ball,82.5,43.4,255
2019-05-04,Starling Marte,fly_ball,96,44.4,324
2019-05-04,Gregory Polanco,fly_ball,94.2,29.2,361
2019-05-04,Josh Bell,fly_ball,92.6,47.7,293
2019-05-04,Corey Seager,fly_ball,75.2,42.6,239
2019-05-04,Manny Machado,fly_ball,103.2,38.1,387
2019-05-04,Austin Hedges,fly_ball,73.1,48.4,195
2019-05-04,Justin Turner,fly_ball,97.9,31.1,338
2019-05-04,David Freese,fly_ball,100.9,25.1,387
2019-05-04,Max Muncy,fly_ball,96.9,28.6,363
2019-05-04,Justin Turner,fly_ball,79.4,29.2,272
2019-05-04,Alex Verdugo,fly_ball,89.3,26.7,325
2019-05-04,Ian Kinsler,fly_ball,94.8,33.4,354
2019-05-04,Franmil Reyes,fly_ball,103,37.3,376
2019-05-04,Eric Hosmer,fly_ball,86.7,34.8,310
2019-05-04,Eric Sogard,fly_ball,81.3,54.8,218
2019-05-04,Nomar Mazara,fly_ball,110.5,26.6,444
2019-05-04,Nomar Mazara,fly_ball,89.5,36.2,315
2019-05-04,Justin Smoak,fly_ball,94.4,39.6,332
2019-05-04,Rougned Odor,fly_ball,85.3,44.5,282
2019-05-04,Elvis Andrus,fly_ball,86.7,29.9,338
2019-05-04,Randal Grichuk,fly_ball,86.2,44.5,280
2019-05-04,Billy McKinney,fly_ball,85.2,43.8,284
2019-05-04,Elvis Andrus,fly_ball,93.3,56.1,225
2019-05-04,Socrates Brito,fly_ball,96.1,28.6,390
2019-05-04,Freddy Galvis,fly_ball,91.2,48.5,292
2019-05-04,Bryce Harper,fly_ball,98.9,24.4,370
2019-05-04,Maikel Franco,fly_ball,91.4,48.9,287
2019-05-04,Brian Dozier,fly_ball,106,30.6,395
2019-05-04,Jean Segura,fly_ball,84.1,44.5,260
2019-05-04,Victor Robles,fly_ball,68.7,26.8,220
2019-05-04,Adam Eaton,fly_ball,80.8,41.8,270
2019-05-04,Wilmer Difo,fly_ball,93.8,38.2,332
2019-05-04,Philip Gosselin,fly_ball,103,32.4,380
2019-05-04,Adam Eaton,fly_ball,89.8,23,293
2019-05-04,Odubel Herrera,fly_ball,88.1,45.6,272
2019-05-04,Yan Gomes,fly_ball,93.3,47.6,292
2019-05-04,Kurt Suzuki,fly_ball,97,26.3,358
2019-05-04,Victor Robles,fly_ball,101.8,27.8,370
2019-05-04,Jean Segura,fly_ball,87.9,49.3,254
2019-05-04,J. T. Realmuto,fly_ball,97.8,36.4,348
2019-05-04,Andrew Knapp,fly_ball,97.4,36.7,349
2019-05-04,José Abreu,fly_ball,70.2,26,227
2019-05-04,Michael Chavis,fly_ball,82.7,29.3,304
2019-05-04,Andrew Benintendi,fly_ball,72.3,27.2,246
2019-05-04,Eduardo Nunez,fly_ball,103.7,23.8,409
2019-05-04,Mookie Betts,fly_ball,87.6,34,302
2019-05-04,Mookie Betts,fly_ball,86.9,50.1,249
2019-05-04,Michael Chavis,fly_ball,108.2,25.7,438
2019-05-04,Steve Pearce,fly_ball,93.3,52.8,272
2019-05-04,Xander Bogaerts,fly_ball,99.7,56.5,236
2019-05-04,Steve Pearce,fly_ball,90.2,31.6,312
2019-05-04,Yonder Alonso,fly_ball,78.5,41.1,264
2019-05-04,Sandy Leon,fly_ball,67.8,33.1,209
2019-05-04,José Abreu,fly_ball,105.8,23.7,423
2019-05-04,Starlin Castro,fly_ball,97.6,53.4,257
2019-05-04,Ender Inciarte,fly_ball,82.1,31,308
2019-05-04,Ender Inciarte,fly_ball,95.9,31.8,369
2019-05-04,Ozzie Albies,fly_ball,88.9,52.2,246
2019-05-04,Freddie Freeman,fly_ball,96.1,36.9,326
2019-05-04,Ozzie Albies,fly_ball,101.2,28,388
2019-05-04,Jorge Alfaro,fly_ball,99.6,24.5,368
2019-05-04,Neil Walker,fly_ball,94.6,25.1,326
2019-05-04,Starlin Castro,fly_ball,94,48.2,291
2019-05-04,Luke Voit,fly_ball,88.1,35.9,313
2019-05-04,Austin Romine,fly_ball,99.7,25.1,356
2019-05-04,Jonathan Schoop,fly_ball,91.4,31.3,336
2019-05-04,C. J. Cron,fly_ball,107.2,33.5,409
2019-05-04,Jorge Polanco,fly_ball,91.5,39.1,302
2019-05-04,Max Kepler,fly_ball,95.8,46.6,292
2019-05-04,Mitch Garver,fly_ball,88.9,43.3,277
2019-05-04,Miguel Andujar,fly_ball,97.6,24.6,382
2019-05-04,Gleyber Torres,fly_ball,69.7,48,203
2019-05-04,Nelson Cruz,fly_ball,109.9,27.4,436
2019-05-04,Eddie Rosario,fly_ball,92.6,54.7,250
2019-05-04,C. J. Cron,fly_ball,100.5,41.1,344
2019-05-04,Michael Conforto,fly_ball,75.1,35,272
2019-05-04,Ben Gamel,fly_ball,67.5,34.2,216
2019-05-04,Wilson Ramos,fly_ball,99.7,35.6,370
2019-05-04,Mike Moustakas,fly_ball,96.4,39.9,340
2019-05-04,Eric Thames,fly_ball,71.5,45.3,227
2019-05-04,Yasmani Grandal,fly_ball,97.6,36.4,349
2019-05-04,Pete Alonso,fly_ball,110.9,20.9,398
2019-05-04,Michael Conforto,fly_ball,87.9,34.8,330
2019-05-04,Orlando Arcia,fly_ball,92.6,42.6,295
2019-05-04,Wilson Ramos,fly_ball,92.1,35.9,323
2019-05-04,Mike Moustakas,fly_ball,95.9,25.6,349
2019-05-04,Ryan Braun,fly_ball,92.3,25.7,367
2019-05-04,Orlando Arcia,fly_ball,88.4,54.6,230
2019-05-04,Yasmani Grandal,fly_ball,73.4,45.2,218
2019-05-04,Hernan Perez,fly_ball,80.5,31.9,266
2019-05-04,Mike Moustakas,fly_ball,89.9,36.4,325
2019-05-05,Matt Carpenter,fly_ball,78,45.2,242
2019-05-05,Kris Bryant,fly_ball,92.5,30.6,357
2019-05-05,Willson Contreras,fly_ball,106.5,32.1,419
2019-05-05,Paul DeJong,fly_ball,87.8,39.1,317
2019-05-05,Anthony Rizzo,fly_ball,89.6,44.2,287
2019-05-05,Jason Heyward,fly_ball,85,26.2,327
2019-05-05,Paul Goldschmidt,fly_ball,91.4,29,349
2019-05-05,Marcell Ozuna,fly_ball,72.4,25.2,236
2019-05-05,Jose Martinez,fly_ball,83.4,39.3,269
2019-05-05,Yadier Molina,fly_ball,92.6,31.7,381
2019-05-05,Matt Carpenter,fly_ball,89.9,56.1,246
2019-05-05,Kyle Schwarber,fly_ball,93,30.6,349
2019-05-05,Anthony Rizzo,fly_ball,90.9,56.1,232
2019-05-05,David Bote,fly_ball,97.5,30.7,345
2019-05-05,Kris Bryant,fly_ball,100.6,29.9,417
2019-05-05,Anthony Rizzo,fly_ball,81.3,52.3,230
2019-05-05,Paul DeJong,fly_ball,96.8,36.2,366
2019-05-05,Marcell Ozuna,fly_ball,102.2,35.4,383
2019-05-05,Joey Votto,fly_ball,74.5,26.6,259
2019-05-05,Eugenio Suarez,fly_ball,94.8,33.8,339
2019-05-05,Jesse Winker,fly_ball,103.3,33.9,408
2019-05-05,Derek Dietrich,fly_ball,110,29,421
2019-05-05,Tucker Barnhart,fly_ball,88.9,29.6,346
2019-05-05,Eugenio Suarez,fly_ball,94.4,39.5,334
2019-05-05,Kevin Pillar,fly_ball,75,28,267
2019-05-05,Nick Senzel,fly_ball,78,37.9,278
2019-05-05,Luis Castillo,fly_ball,75.3,45.8,219
2019-05-05,Tucker Barnhart,fly_ball,97.8,51.5,279
2019-05-05,Buster Posey,fly_ball,101.4,28.7,400
2019-05-05,Brandon Crawford,fly_ball,103.8,29.9,398
2019-05-05,Kyle Farmer,fly_ball,95.2,36.6,349
2019-05-05,Jay Bruce,fly_ball,102.9,30,392
2019-05-05,Mitch Haniger,fly_ball,104.5,26.4,408
2019-05-05,Kevin Plawecki,fly_ball,99.3,38.6,333
2019-05-05,Edwin Encarnacion,fly_ball,103.8,29.4,416
2019-05-05,Carlos Gonzalez,fly_ball,80.4,29.1,273
2019-05-05,Dylan Moore,fly_ball,88.2,53.1,238
2019-05-05,Kevin Plawecki,fly_ball,96,34.9,333
2019-05-05,Jason Kipnis,fly_ball,85.4,37.8,288
2019-05-05,Dylan Moore,fly_ball,82.5,33.5,299
2019-05-05,Tim Beckham,fly_ball,79.6,30.5,291
2019-05-05,Ketel Marte,fly_ball,79.5,45.2,255
2019-05-05,Trevor Story,fly_ball,91.8,34.6,339
2019-05-05,Daniel Murphy,fly_ball,91.7,33.9,361
2019-05-05,Eduardo Escobar,fly_ball,96.9,30.5,371
2019-05-05,Raimel Tapia,fly_ball,92,45.3,325
2019-05-05,Zack Greinke,fly_ball,93.9,30.6,374
2019-05-05,Blake Swihart,fly_ball,100.4,27.8,404
2019-05-05,Eduardo Escobar,fly_ball,95.7,39.8,384
2019-05-05,Ryan McMahon,fly_ball,98.6,44.6,337
2019-05-05,Raimel Tapia,fly_ball,98.6,27.8,403
2019-05-05,David Peralta,fly_ball,89,36,332
2019-05-05,Cam Gallagher,fly_ball,84.6,36.2,271
2019-05-05,Hunter Dozier,fly_ball,100.3,34.2,344
2019-05-05,Alex Gordon,fly_ball,88.9,44.9,277
2019-05-05,Brandon Dixon,fly_ball,99.8,31.1,376
2019-05-05,Adam Frazier,fly_ball,80.2,42.7,249
2019-05-05,Starling Marte,fly_ball,92.5,28.8,338
2019-05-05,Stephen Piscotty,fly_ball,98.3,37.2,355
2019-05-05,Colin Moran,fly_ball,92.3,47.4,292
2019-05-05,Matt Chapman,fly_ball,95.2,54.1,256
2019-05-05,Gregory Polanco,fly_ball,91.9,45.6,294
2019-05-05,Josh Phegley,fly_ball,72.5,43,221
2019-05-05,Josh Bell,fly_ball,90.1,42.3,306
2019-05-05,Melky Cabrera,fly_ball,89,40.5,310
2019-05-05,Matt Chapman,fly_ball,86.3,49.6,261
2019-05-05,Jung Ho Kang,fly_ball,102.4,48.4,307
2019-05-05,Jurickson Profar,fly_ball,94.2,35.6,344
2019-05-05,Josh Phegley,fly_ball,91.8,31.5,358
2019-05-05,Josh Bell,fly_ball,98.9,49.2,301
2019-05-05,Melky Cabrera,fly_ball,77.7,36,273
2019-05-05,Starling Marte,fly_ball,100.9,30.5,414
2019-05-05,Enrique Hernandez,fly_ball,91.8,55.9,247
2019-05-05,Justin Turner,fly_ball,93.4,38,307
2019-05-05,Franmil Reyes,fly_ball,109.6,28.7,457
2019-05-05,Eric Hosmer,fly_ball,91.2,30.6,360
2019-05-05,Alex Dickerson,fly_ball,95.2,56.6,207
2019-05-05,Max Muncy,fly_ball,90.4,46.9,285
2019-05-05,Max Muncy,fly_ball,107.2,27.6,399
2019-05-05,Chris Taylor,fly_ball,97.7,32.7,375
2019-05-05,Justin Turner,fly_ball,93.5,51.5,254
2019-05-05,Corey Seager,fly_ball,90.4,41,304
2019-05-05,Manny Machado,fly_ball,87.1,24.5,313
2019-05-05,Enrique Hernandez,fly_ball,103,46.1,354
2019-05-05,Hunter Renfroe,fly_ball,106.1,27.1,429
2019-05-05,Rougned Odor,fly_ball,100.7,29.8,418
2019-05-05,Teoscar Hernandez,fly_ball,86.3,36.9,317
2019-05-05,Asdrubal Cabrera,fly_ball,103.2,33.6,383
2019-05-05,Rougned Odor,fly_ball,95,25.4,358
2019-05-05,Randal Grichuk,fly_ball,81.8,30.4,305
2019-05-05,Elvis Andrus,fly_ball,98.1,27.7,371
2019-05-05,Joey Gallo,fly_ball,89.2,33.1,341
2019-05-05,Asdrubal Cabrera,fly_ball,92.9,54.4,260
2019-05-05,Socrates Brito,fly_ball,91.9,39.4,339
2019-05-05,Adam Eaton,fly_ball,101,33.1,377
2019-05-05,Andrew McCutchen,fly_ball,88.5,45.9,284
2019-05-05,Rhys Hoskins,fly_ball,96.6,55.4,250
2019-05-05,Adam Eaton,fly_ball,99.1,39.3,340
2019-05-05,Kurt Suzuki,fly_ball,102.2,36.3,396
2019-05-05,Victor Robles,fly_ball,88.9,37.2,328
2019-05-05,Brian Dozier,fly_ball,90.4,50.6,257
2019-05-05,Maikel Franco,fly_ball,88.9,50.3,260
2019-05-05,Philip Gosselin,fly_ball,95.4,41.2,331
2019-05-05,Bryce Harper,fly_ball,94.8,47.9,297
2019-05-05,Andrew Benintendi,fly_ball,92.4,35.6,333
2019-05-05,José Abreu,fly_ball,82.8,36.7,272
2019-05-05,Michael Chavis,fly_ball,102.8,40.3,357
2019-05-05,Tim Anderson,fly_ball,68.6,42,218
2019-05-05,Carlos Sanchez,fly_ball,87.5,39.2,299
2019-05-05,Xander Bogaerts,fly_ball,85.9,50.6,252
2019-05-05,Rafael Devers,fly_ball,95,37,334
2019-05-05,Xander Bogaerts,fly_ball,84.2,45.9,270
2019-05-05,Rafael Devers,fly_ball,90.9,53.3,256
2019-05-05,Ryan Cordell,fly_ball,107.7,24.2,417
2019-05-05,José Abreu,fly_ball,103.1,30.8,399
2019-05-05,Yonder Alonso,fly_ball,95.8,45.9,308
2019-05-05,Tim Anderson,fly_ball,73.4,36.8,237
2019-05-05,Carlos Sanchez,fly_ball,72.2,37.1,239
2019-05-05,Xander Bogaerts,fly_ball,91.7,30.5,356
2019-05-05,Rafael Devers,fly_ball,80.1,33.3,284
2019-05-05,Ryan Cordell,fly_ball,95.2,43.7,324
2019-05-05,Ozzie Albies,fly_ball,79.4,33,299
2019-05-05,Curtis Granderson,fly_ball,75,38.4,265
2019-05-05,Neil Walker,fly_ball,99.2,22.6,357
2019-05-05,Starlin Castro,fly_ball,79.8,41.8,264
2019-05-05,Chad Wallach,fly_ball,98.1,44.3,318
2019-05-05,Neil Walker,fly_ball,66.4,35.1,217
2019-05-05,Starlin Castro,fly_ball,81,52.8,217
2019-05-05,Nick Markakis,fly_ball,99.9,38.2,357
2019-05-05,Tyler Flowers,fly_ball,93.1,43.3,304
2019-05-05,Matthew Joyce,fly_ball,92.9,45.7,298
2019-05-05,Ozzie Albies,fly_ball,89.7,40.8,309
2019-05-05,Dansby Swanson,fly_ball,86.5,32.2,334
2019-05-05,Johan Camargo,fly_ball,89,32.3,327
2019-05-05,Miguel Rojas,fly_ball,84,40.2,279
2019-05-05,Charlie Culberson,fly_ball,88.4,44.3,292
2019-05-05,Peter O'Brien,fly_ball,107.5,50.2,344
2019-05-05,Martin Prado,fly_ball,83.3,32.2,286
2019-05-05,Luke Voit,fly_ball,87.6,36.1,321
2019-05-05,Ehire Adrianza,fly_ball,92,25,352
2019-05-05,Ehire Adrianza,fly_ball,87.9,47.2,273
2019-05-05,Brett Gardner,fly_ball,91.8,49.4,272
2019-05-05,Cameron Maybin,fly_ball,88.9,44.1,277
2019-05-05,DJ LeMahieu,fly_ball,103.1,27.7,404
2019-05-05,Ehire Adrianza,fly_ball,91.5,30.5,340
2019-05-05,Christian Yelich,fly_ball,94.9,34.1,348
2019-05-05,Pete Alonso,fly_ball,89.1,27.8,339
2019-05-05,Travis Shaw,fly_ball,83.4,53.3,229
2019-05-05,Juan Lagares,fly_ball,88.6,57.3,218
2019-05-05,Lorenzo Cain,fly_ball,82,30.7,310
2019-05-05,Christian Yelich,fly_ball,110.5,33.9,440
2019-05-05,Todd Frazier,fly_ball,93.6,56.7,235
2019-05-05,Manny Pina,fly_ball,89.6,57.4,243
2019-05-05,Brandon Nimmo,fly_ball,90.1,51.4,258
2019-05-05,Juan Lagares,fly_ball,103.3,21.7,389
2019-05-05,Travis Shaw,fly_ball,79.1,48.7,232
2019-05-05,Manny Pina,fly_ball,97,27,353
2019-05-05,Orlando Arcia,fly_ball,89.5,38.3,309
2019-05-06,Mookie Betts,fly_ball,89,40.9,300
2019-05-06,Jonathan Villar,fly_ball,96.7,31.5,358
2019-05-06,Jonathan Villar,fly_ball,100.3,26.7,407
2019-05-06,Trey Mancini,fly_ball,91.8,41.1,313
2019-05-06,Jackie Bradley,fly_ball,93.1,44.6,306
2019-05-06,Jonathan Villar,fly_ball,101.2,42.5,345
2019-05-06,Steve Pearce,fly_ball,78.7,47.4,253
2019-05-06,Eduardo Nunez,fly_ball,92,26.7,356
2019-05-06,Dwight Smith,fly_ball,84,49.1,239
2019-05-06,J. D. Martinez,fly_ball,96.5,32.1,377
2019-05-06,Starlin Castro,fly_ball,86.8,44.5,275
2019-05-06,Isaac Galloway,fly_ball,89.4,42,298
2019-05-06,Starlin Castro,fly_ball,94,33.3,332
2019-05-06,Ben Zobrist,fly_ball,96.5,26.4,357
2019-05-06,Jon Berti,fly_ball,105.4,30.4,403
2019-05-06,Miguel Rojas,fly_ball,76.5,47.8,206
2019-05-06,Martin Prado,fly_ball,86.9,46.8,242
2019-05-06,Kris Bryant,fly_ball,89.8,38.3,283
2019-05-06,Nick Senzel,fly_ball,99.5,27.8,369
2019-05-06,Eugenio Suarez,fly_ball,102.2,33.6,392
2019-05-06,Jose Peraza,fly_ball,83.9,43.3,259
2019-05-06,Nick Senzel,fly_ball,99.3,27.6,350
2019-05-06,Pablo Sandoval,fly_ball,97.6,48.9,309
2019-05-06,Brandon Crawford,fly_ball,93.5,29.7,351
2019-05-06,Tyler Austin,fly_ball,102.9,41.1,355
2019-05-06,Steven Duggar,fly_ball,97,30,354
2019-05-06,Pablo Sandoval,fly_ball,107.8,21.1,427
2019-05-06,Joey Votto,fly_ball,87.8,48.7,264
2019-05-06,Curt Casali,fly_ball,84.8,31.7,306
2019-05-06,Stephen Vogt,fly_ball,85.3,38.4,287
2019-05-06,Josh VanMeter,fly_ball,88.4,25.8,335
2019-05-06,Mike Gerber,fly_ball,85.3,53.4,236
2019-05-06,Yoan Moncada,fly_ball,107.1,38,409
2019-05-06,Nick Delmonico,fly_ball,80.5,39.3,276
2019-05-06,Jake Bauers,fly_ball,93.5,48.7,290
2019-05-06,Yoan Moncada,fly_ball,93.1,31.1,372
2019-05-06,James McCann,fly_ball,106.3,27.6,436
2019-05-06,Roberto Perez,fly_ball,76.3,31.8,252
2019-05-06,Jose Ramirez,fly_ball,86.7,39.2,302
2019-05-06,Carlos Sanchez,fly_ball,74,35.7,246
2019-05-06,Leury Garcia,fly_ball,83.3,29.8,299
2019-05-06,José Abreu,fly_ball,102.3,33.5,380
2019-05-06,James McCann,fly_ball,98.1,36.4,357
2019-05-06,Jose Ramirez,fly_ball,90.8,51.4,266
2019-05-06,Hunter Dozier,fly_ball,82.2,29.1,298
2019-05-06,Ryan O'Hearn,fly_ball,94.1,35.7,348
2019-05-06,Carlos Correa,fly_ball,102.8,28.3,425
2019-05-06,Kelvin Gutierrez,fly_ball,88.2,28.5,305
2019-05-06,Adalberto Mondesi,fly_ball,106.2,24.6,443
2019-05-06,Michael Brantley,fly_ball,88.3,36.8,316
2019-05-06,Yuli Gurriel,fly_ball,70.2,42.5,223
2019-05-06,Michael Brantley,fly_ball,98.6,22.9,394
2019-05-06,Ronald Acuna,fly_ball,89.1,37.4,308
2019-05-06,Alex Verdugo,fly_ball,86.5,33.5,324
2019-05-06,Dansby Swanson,fly_ball,100.6,35.7,360
2019-05-06,Corey Seager,fly_ball,72.4,27.1,240
2019-05-06,Josh Donaldson,fly_ball,90.1,38.3,318
2019-05-06,Ronald Acuna,fly_ball,97.9,30.3,368
2019-05-06,Enrique Hernandez,fly_ball,92,38.4,330
2019-05-06,Nick Markakis,fly_ball,102.2,25.3,395
2019-05-06,Austin Barnes,fly_ball,86.7,30.5,306
2019-05-06,Enrique Hernandez,fly_ball,72.6,44.4,221
2019-05-06,Cody Bellinger,fly_ball,99.6,50.7,284
2019-05-06,Austin Hedges,fly_ball,86,42.9,282
2019-05-06,Adeiny Hechavarria,fly_ball,93.5,50.1,270
2019-05-06,Hunter Renfroe,fly_ball,93.5,28,371
2019-05-06,Michael Conforto,fly_ball,100.4,44.4,341
2019-05-06,Adeiny Hechavarria,fly_ball,79.6,29.8,298
2019-05-06,Rhys Hoskins,fly_ball,90.3,53.2,259
2019-05-06,Yadier Molina,fly_ball,99.8,31,391
2019-05-06,Maikel Franco,fly_ball,98.1,27.3,378
2019-05-06,Paul DeJong,fly_ball,79.7,34.2,285
2019-05-06,Yadier Molina,fly_ball,100.5,26.3,402
2019-05-06,Matt Carpenter,fly_ball,101,30.8,402
2019-05-06,Paul DeJong,fly_ball,102.9,24.6,419
2019-05-06,Marcell Ozuna,fly_ball,95.7,54.9,259
2019-05-06,Kolten Wong,fly_ball,87.2,35.9,305
2019-05-06,Miles Mikolas,fly_ball,88.9,43.9,295
2019-05-06,Andrew McCutchen,fly_ball,95.6,36.7,337
2019-05-06,Harrison Bader,fly_ball,87.3,40.8,307
2019-05-06,Matt Carpenter,fly_ball,89,32.9,344
2019-05-06,Tommy Pham,fly_ball,109.5,26,443
2019-05-06,Kevin Kiermaier,fly_ball,88.2,27.8,329
2019-05-06,Brandon Lowe,fly_ball,100.5,30.8,386
2019-05-06,Adam Jones,fly_ball,83.2,50.2,243
2019-05-06,Wilmer Flores,fly_ball,84.6,31.5,272
2019-05-06,Wilmer Flores,fly_ball,74.9,35.9,270
2019-05-06,Kevin Kiermaier,fly_ball,92.7,47.1,280
2019-05-06,Daniel Robertson,fly_ball,98.1,23.5,378
2019-05-06,Nate Lowe,fly_ball,102.2,24.3,397
2019-05-06,Avisail Garcia,fly_ball,104.3,29,415
2019-05-06,Christian Walker,fly_ball,89.6,51.7,258
2019-05-06,Wilmer Flores,fly_ball,80.4,46.5,248
2019-05-06,Eric Sogard,fly_ball,82.2,31.3,311
2019-05-06,Jason Castro,fly_ball,110.5,22.5,427
2019-05-06,Rowdy Tellez,fly_ball,92.2,42.3,320
2019-05-06,Eddie Rosario,fly_ball,97.4,40,341
2019-05-06,Byron Buxton,fly_ball,86.5,31.3,286
2019-05-06,Eddie Rosario,fly_ball,104.3,25.9,412
2019-05-06,C. J. Cron,fly_ball,96.9,49.3,288
2019-05-06,Teoscar Hernandez,fly_ball,93.8,36.9,336
2019-05-06,Byron Buxton,fly_ball,88.4,34.5,319
2019-05-06,Jorge Polanco,fly_ball,103.1,30.7,404
2019-05-06,Justin Smoak,fly_ball,92.4,24.7,357
2019-05-06,Byron Buxton,fly_ball,76.5,37.2,266
2019-05-06,Luke Voit,fly_ball,108.8,27.4,406
2019-05-06,Gary Sanchez,fly_ball,80,40.7,245
2019-05-06,Domingo Santana,fly_ball,100.3,47.9,303
2019-05-06,Thairo Estrada,fly_ball,102,27.4,393
2019-05-06,Mike Tauchman,fly_ball,102.2,23.2,367
2019-05-06,Miguel Andujar,fly_ball,82.4,37.2,284
2019-05-06,Luke Voit,fly_ball,93.7,26.2,332
2019-05-06,Dee Gordon,fly_ball,94.7,27.6,357
2019-05-06,Mitch Haniger,fly_ball,76.4,40.1,256
2019-05-06,Howie Kendrick,fly_ball,99.5,25.3,385
2019-05-06,Brian Dozier,fly_ball,99.6,39.5,357
2019-05-06,Orlando Arcia,fly_ball,97.3,25.9,393
2019-05-06,Wilmer Difo,fly_ball,84.1,54.2,225
2019-05-06,Jesus Aguilar,fly_ball,92.6,35.9,322
2019-05-06,Brian Dozier,fly_ball,94.9,47.7,291
2019-05-07,J. D. Martinez,fly_ball,106.9,23.6,416
2019-05-07,Mitch Moreland,fly_ball,88.6,45.3,295
2019-05-07,Rio Ruiz,fly_ball,96.1,30.3,379
2019-05-07,Stevie Wilkerson,fly_ball,99.8,27.7,392
2019-05-07,Xander Bogaerts,fly_ball,104.3,24,426
2019-05-07,Hanser Alberto,fly_ball,102.2,26.5,418
2019-05-07,Mitch Moreland,fly_ball,103.7,25.2,406
2019-05-07,Hanser Alberto,fly_ball,91.3,46.7,277
2019-05-07,Rafael Devers,fly_ball,99,26.8,376
2019-05-07,Jonathan Villar,fly_ball,93.1,57.1,228
2019-05-07,Trey Mancini,fly_ball,66.7,29.7,228
2019-05-07,Curtis Granderson,fly_ball,87.7,40.1,246
2019-05-07,Starlin Castro,fly_ball,99.1,30.3,358
2019-05-07,Albert Almora,fly_ball,93.5,37.9,317
2019-05-07,Kris Bryant,fly_ball,94.9,37.5,347
2019-05-07,Javier Baez,fly_ball,92.9,30.4,348
2019-05-07,Miguel Rojas,fly_ball,84.6,37.7,288
2019-05-07,Jon Lester,fly_ball,83.2,25.5,310
2019-05-07,Isaac Galloway,fly_ball,107.2,37.5,386
2019-05-07,Jason Heyward,fly_ball,88.8,25.9,308
2019-05-07,Curtis Granderson,fly_ball,100.7,26.9,381
2019-05-07,Kris Bryant,fly_ball,99.7,44.8,293
2019-05-07,Kris Bryant,fly_ball,101.7,27.2,405
2019-05-07,Francisco Lindor,fly_ball,70,34.1,224
2019-05-07,Jose Ramirez,fly_ball,85,44.9,263
2019-05-07,Ryan Cordell,fly_ball,94.7,40.6,310
2019-05-07,Carlos Sanchez,fly_ball,77.6,53.6,205
2019-05-07,José Abreu,fly_ball,103.5,29.4,355
2019-05-07,Charlie Blackmon,fly_ball,102.3,30.5,431
2019-05-07,Daniel Murphy,fly_ball,87,56.1,230
2019-05-07,Evan Longoria,fly_ball,102.8,32.2,415
2019-05-07,Ian Desmond,fly_ball,83.3,46.9,271
2019-05-07,Steven Duggar,fly_ball,79.9,39.9,279
2019-05-07,Kevin Pillar,fly_ball,99.2,31.1,408
2019-05-07,Ian Desmond,fly_ball,101.5,26.1,413
2019-05-07,Brandon Belt,fly_ball,88.2,27.3,342
2019-05-07,Chris Iannetta,fly_ball,94.1,34,366
2019-05-07,Joe Panik,fly_ball,82.7,32.1,323
2019-05-07,Chris Iannetta,fly_ball,93.1,49.4,319
2019-05-07,Ian Desmond,fly_ball,106.8,21.4,417
2019-05-07,Joe Panik,fly_ball,77.7,45.4,250
2019-05-07,Mark Reynolds,fly_ball,104.6,39.5,393
2019-05-07,Trevor Story,fly_ball,96.4,25.9,362
2019-05-07,David Fletcher,fly_ball,79.3,36.4,266
2019-05-07,Jeimer Candelario,fly_ball,94.3,48.2,265
2019-05-07,Nick Castellanos,fly_ball,98.7,35.7,350
2019-05-07,Jonathan Lucroy,fly_ball,100,56.8,249
2019-05-07,Albert Pujols,fly_ball,102.4,27.3,375
2019-05-07,JaCoby Jones,fly_ball,97.2,49.1,287
2019-05-07,Mike Trout,fly_ball,93,42.1,300
2019-05-07,Andrelton Simmons,fly_ball,76.3,47.9,210
2019-05-07,Harold Castro,fly_ball,85,32.1,291
2019-05-07,Albert Pujols,fly_ball,91,26.9,329
2019-05-07,Jordy Mercer,fly_ball,98.5,35.1,341
2019-05-07,Albert Pujols,fly_ball,85.9,38.7,292
2019-05-07,Whit Merrifield,fly_ball,71.4,28.9,254
2019-05-07,Alex Bregman,fly_ball,87.5,44.5,277
2019-05-07,Jorge Soler,fly_ball,109.8,27.4,435
2019-05-07,Billy Hamilton,fly_ball,74.3,26.7,262
2019-05-07,Michael Brantley,fly_ball,98.3,27.6,360
2019-05-07,Adalberto Mondesi,fly_ball,93.3,42.6,316
2019-05-07,Jorge Soler,fly_ball,91.3,54.5,242
2019-05-07,Jake Marisnick,fly_ball,94.8,40.9,327
2019-05-07,Hunter Dozier,fly_ball,91.6,37.1,326
2019-05-07,Alex Bregman,fly_ball,105,27.3,398
2019-05-07,Whit Merrifield,fly_ball,100.3,35.8,383
2019-05-07,Max Stassi,fly_ball,91.2,45.8,297
2019-05-07,Martin Maldonado,fly_ball,80.8,33.1,266
2019-05-07,Billy Hamilton,fly_ball,89.9,28.4,340
2019-05-07,Tyler White,fly_ball,77.1,48.2,229
2019-05-07,Ozzie Albies,fly_ball,91.2,39.5,316
2019-05-07,Enrique Hernandez,fly_ball,98.3,24.1,386
2019-05-07,Justin Turner,fly_ball,100.7,29.5,404
2019-05-07,Ronald Acuna,fly_ball,98.3,35.5,365
2019-05-07,Chris Taylor,fly_ball,72.3,46.7,207
2019-05-07,Alex Verdugo,fly_ball,99.6,33,379
2019-05-07,Justin Turner,fly_ball,103.8,24.7,406
2019-05-07,Chris Taylor,fly_ball,82,48.3,245
2019-05-07,Max Muncy,fly_ball,86.2,55.5,231
2019-05-07,Hyun-Jin Ryu,fly_ball,68.2,46.1,204
2019-05-07,Enrique Hernandez,fly_ball,89.2,47.3,262
2019-05-07,Ozzie Albies,fly_ball,71.4,29.2,236
2019-05-07,Enrique Hernandez,fly_ball,84.8,30,310
2019-05-07,Justin Turner,fly_ball,102.5,27.5,399
2019-05-07,Cody Bellinger,fly_ball,87.8,48.7,257
2019-05-07,Yasiel Puig,fly_ball,103,26,396
2019-05-07,Joey Votto,fly_ball,87.3,34.5,325
2019-05-07,Yasiel Puig,fly_ball,87.9,41.3,284
2019-05-07,Kendrys Morales,fly_ball,88.4,48.5,264
2019-05-07,Matt Olson,fly_ball,84.1,43.6,283
2019-05-07,Nick Senzel,fly_ball,94.5,47.9,290
2019-05-07,Josh Phegley,fly_ball,93.3,33,286
2019-05-07,Tucker Barnhart,fly_ball,90.5,26.7,323
2019-05-07,Joey Votto,fly_ball,102.9,33.6,394
2019-05-07,Tucker Barnhart,fly_ball,84.2,33.8,297
2019-05-07,Marcus Semien,fly_ball,86.6,32.1,297
2019-05-07,Robbie Grossman,fly_ball,70.1,36,230
2019-05-07,Delino DeShields,fly_ball,98.2,34.8,375
2019-05-07,Adam Frazier,fly_ball,90.6,37.5,324
2019-05-07,Hunter Pence,fly_ball,107.4,24.5,429
2019-05-07,Bryan Reynolds,fly_ball,86.6,42.3,297
2019-05-07,Elvis Andrus,fly_ball,87.1,57.9,215
2019-05-07,Gregory Polanco,fly_ball,101.2,21.7,393
2019-05-07,Isiah Kiner-Falefa,fly_ball,93.3,27,335
2019-05-07,Jung Ho Kang,fly_ball,84.1,28.7,312
2019-05-07,Nomar Mazara,fly_ball,97.6,28.9,344
2019-05-07,Robinson Cano,fly_ball,102.1,26.4,390
2019-05-07,Pete Alonso,fly_ball,87.5,49.5,253
2019-05-07,Franmil Reyes,fly_ball,105.4,22.7,372
2019-05-07,Ty France,fly_ball,99.7,26.2,380
2019-05-07,Ian Kinsler,fly_ball,89.1,34.5,341
2019-05-07,Manny Machado,fly_ball,98.2,32.2,344
2019-05-07,Ty France,fly_ball,88.3,31.2,342
2019-05-07,Alex Dickerson,fly_ball,82.3,35.2,288
2019-05-07,Manny Machado,fly_ball,97,24.7,371
2019-05-07,J. D. Davis,fly_ball,98.8,35.2,361
2019-05-07,Bryce Harper,fly_ball,102.5,26.1,396
2019-05-07,Matt Wieters,fly_ball,105.7,32.2,428
2019-05-07,Cesar Hernandez,fly_ball,93.5,32.1,329
2019-05-07,Sean Rodriguez,fly_ball,76.9,38.9,267
2019-05-07,Paul Goldschmidt,fly_ball,93.5,29.7,362
2019-05-07,Rhys Hoskins,fly_ball,103,34.8,415
2019-05-07,David Peralta,fly_ball,97.5,29.2,381
2019-05-07,Brandon Lowe,fly_ball,107.5,35.3,425
2019-05-07,Ji-Man Choi,fly_ball,83.9,41.1,276
2019-05-07,Daniel Robertson,fly_ball,97.4,36.6,349
2019-05-07,David Peralta,fly_ball,81.9,39.2,276
2019-05-07,Brandon Lowe,fly_ball,76.7,33,251
2019-05-07,Tommy Pham,fly_ball,88,29.7,292
2019-05-07,Ketel Marte,fly_ball,77.7,31.8,298
2019-05-07,Christian Walker,fly_ball,83,53.3,223
2019-05-07,Mike Zunino,fly_ball,96.9,28.7,336
2019-05-07,Brandon Lowe,fly_ball,93.4,39.3,325
2019-05-07,Wilmer Flores,fly_ball,105.1,25.7,390
2019-05-07,Carson Kelly,fly_ball,100,36.2,370
2019-05-07,Justin Smoak,fly_ball,75.8,34.3,277
2019-05-07,Randal Grichuk,fly_ball,73.1,38.5,243
2019-05-07,Luke Maile,fly_ball,72.9,49.3,212
2019-05-07,Ehire Adrianza,fly_ball,84.6,46.5,269
2019-05-07,Randal Grichuk,fly_ball,87.5,50.3,250
2019-05-07,Vladimir Guerrero,fly_ball,74.5,45.3,221
2019-05-07,Eddie Rosario,fly_ball,73.2,45.7,228
2019-05-07,Mitch Garver,fly_ball,105.9,25,424
2019-05-07,Marwin Gonzalez,fly_ball,81,39,276
2019-05-07,Freddy Galvis,fly_ball,99.3,41.6,340
2019-05-07,Eddie Rosario,fly_ball,92.5,39.4,328
2019-05-07,Luke Maile,fly_ball,98,26.8,384
2019-05-07,Ryon Healy,fly_ball,102.6,23,390
2019-05-07,Gleyber Torres,fly_ball,87.9,47,270
2019-05-07,Cameron Maybin,fly_ball,89.6,31,331
2019-05-07,Jay Bruce,fly_ball,108.5,40.6,371
2019-05-07,Tim Beckham,fly_ball,99.5,36.9,358
2019-05-07,Gary Sanchez,fly_ball,79,37.8,245
2019-05-07,Miguel Andujar,fly_ball,91,35,325
2019-05-07,Domingo Santana,fly_ball,107.7,46.5,334
2019-05-07,Brett Gardner,fly_ball,87.1,34.8,286
2019-05-07,Tim Beckham,fly_ball,99.4,32.8,361
2019-05-07,Omar Narvaez,fly_ball,98.8,40.2,328
2019-05-07,Gio Urshela,fly_ball,107.8,24.4,433
2019-05-07,Adam Eaton,fly_ball,79.8,51,221
2019-05-07,Jesus Aguilar,fly_ball,84.7,50.6,252
2019-05-07,Kurt Suzuki,fly_ball,94.6,50.1,272
2019-05-07,Jesus Aguilar,fly_ball,77.6,34.9,280
2019-05-07,Adam Eaton,fly_ball,83.2,32.5,278
2019-05-07,Kurt Suzuki,fly_ball,97.2,31.5,368
2019-05-07,Orlando Arcia,fly_ball,94.5,41.9,329
2019-05-07,Jake Noll,fly_ball,83.8,25.2,315
2019-05-08,Andrew Benintendi,fly_ball,89.7,34.7,292
2019-05-08,Hanser Alberto,fly_ball,86.7,35,307
2019-05-08,Mookie Betts,fly_ball,105.7,33.3,400
2019-05-08,Trey Mancini,fly_ball,92.5,34.9,312
2019-05-08,Xander Bogaerts,fly_ball,86.9,46,262
2019-05-08,J. D. Martinez,fly_ball,86.5,45.7,257
2019-05-08,Rafael Devers,fly_ball,106.8,34.8,392
2019-05-08,Trey Mancini,fly_ball,101.6,24.2,400
2019-05-08,Andrew Benintendi,fly_ball,99.8,35.9,387
2019-05-08,J. D. Martinez,fly_ball,89.8,45.4,292
2019-05-08,Rosell Herrera,fly_ball,89.1,36.8,315
2019-05-08,Neil Walker,fly_ball,99.8,41.6,346
2019-05-08,Jason Heyward,fly_ball,93,44.4,298
2019-05-08,Peter O'Brien,fly_ball,102.7,57.3,245
2019-05-08,Curtis Granderson,fly_ball,85,52,242
2019-05-08,Albert Almora,fly_ball,95.4,46.6,299
2019-05-08,Jorge Alfaro,fly_ball,88.8,34.1,291
2019-05-08,Peter O'Brien,fly_ball,87.8,53.5,236
2019-05-08,Jason Heyward,fly_ball,99.9,24.5,370
2019-05-08,Jason Kipnis,fly_ball,102.3,26.9,374
2019-05-08,Carlos Santana,fly_ball,88.8,36.6,309
2019-05-08,Welington Castillo,fly_ball,101.6,30.4,369
2019-05-08,Tim Anderson,fly_ball,90.2,38,287
2019-05-08,Ryan Cordell,fly_ball,96.5,35.5,332
2019-05-08,Yoan Moncada,fly_ball,82.2,56.7,192
2019-05-08,José Abreu,fly_ball,100.5,25,348
2019-05-08,Tim Anderson,fly_ball,100.5,30.8,357
2019-05-08,Jose Ramirez,fly_ball,89,48.6,269
2019-05-08,José Abreu,fly_ball,102.9,29,360
2019-05-08,Charlie Tilson,fly_ball,66.8,35.7,208
2019-05-08,Jake Bauers,fly_ball,86.8,38.9,287
2019-05-08,Carlos Sanchez,fly_ball,76.2,42.6,234
2019-05-08,Jose Ramirez,fly_ball,104.2,27.6,412
2019-05-08,David Fletcher,fly_ball,103.3,25.3,413
2019-05-08,Mike Trout,fly_ball,93.8,43.4,285
2019-05-08,Albert Pujols,fly_ball,105.9,28.8,378
2019-05-08,John Hicks,fly_ball,92.9,37.8,299
2019-05-08,Albert Pujols,fly_ball,93.6,39.4,324
2019-05-08,Gordon Beckham,fly_ball,96.8,40.8,327
2019-05-08,Jonathan Lucroy,fly_ball,92.6,41.3,313
2019-05-08,Niko Goodrum,fly_ball,66.7,29.7,208
2019-05-08,Albert Pujols,fly_ball,93.5,31.7,342
2019-05-08,Brian Goodwin,fly_ball,86.5,40.7,279
2019-05-08,Jonathan Lucroy,fly_ball,103.5,25.2,397
2019-05-08,Kole Calhoun,fly_ball,85.6,30.4,309
2019-05-08,John Hicks,fly_ball,92.2,53,255
2019-05-08,Gordon Beckham,fly_ball,102.3,23.2,412
2019-05-08,Nick Castellanos,fly_ball,100.2,36,346
2019-05-08,Whit Merrifield,fly_ball,87,29,315
2019-05-08,George Springer,fly_ball,103.6,22.5,391
2019-05-08,Whit Merrifield,fly_ball,88.1,47.4,276
2019-05-08,Adalberto Mondesi,fly_ball,88.5,29.2,324
2019-05-08,Michael Brantley,fly_ball,100.7,31.4,388
2019-05-08,Carlos Correa,fly_ball,104.8,23.9,425
2019-05-08,Aledmys Díaz,fly_ball,86.5,43.9,275
2019-05-08,George Springer,fly_ball,96.6,40.9,337
2019-05-08,Michael Brantley,fly_ball,93.1,29.6,361
2019-05-08,George Springer,fly_ball,101.1,40.9,347
2019-05-08,Ryan O'Hearn,fly_ball,83.1,38,284
2019-05-08,Yuli Gurriel,fly_ball,79.5,45.5,252
2019-05-08,Aledmys Díaz,fly_ball,84.2,45.3,262
2019-05-08,Freddie Freeman,fly_ball,66.2,38.3,219
2019-05-08,Cody Bellinger,fly_ball,98.5,39.5,342
2019-05-08,Enrique Hernandez,fly_ball,100.3,22.7,385
2019-05-08,Josh Donaldson,fly_ball,97.7,25.8,340
2019-05-08,Max Muncy,fly_ball,103.6,39.5,380
2019-05-08,Ronald Acuna,fly_ball,104.7,27.2,396
2019-05-08,Dansby Swanson,fly_ball,80.8,44.5,254
2019-05-08,Corey Seager,fly_ball,87.6,56.6,232
2019-05-08,Corey Seager,fly_ball,94.4,46.5,307
2019-05-08,Ronald Acuna,fly_ball,99.6,35.7,366
2019-05-08,Nick Markakis,fly_ball,99.9,29.4,375
2019-05-08,Alex Verdugo,fly_ball,77.1,48.4,213
2019-05-08,Clayton Kershaw,fly_ball,86.1,51.3,241
2019-05-08,Enrique Hernandez,fly_ball,74.2,37.5,246
2019-05-08,Nick Markakis,fly_ball,84.1,39,286
2019-05-08,Justin Turner,fly_ball,102.2,29.5,404
2019-05-08,Nick Senzel,fly_ball,100.5,33.2,393
2019-05-08,Curt Casali,fly_ball,92.3,43.4,313
2019-05-08,Josh VanMeter,fly_ball,81.9,34.4,300
2019-05-08,Curt Casali,fly_ball,89.4,32.9,337
2019-05-08,Robbie Grossman,fly_ball,93.3,28.4,352
2019-05-08,Josh VanMeter,fly_ball,99.1,39.5,346
2019-05-08,Josh Phegley,fly_ball,78.5,33.4,273
2019-05-08,Marcus Semien,fly_ball,92,52.5,248
2019-05-08,Jurickson Profar,fly_ball,95.8,31.2,359
2019-05-08,Joey Votto,fly_ball,92.2,38.3,334
2019-05-08,Yasiel Puig,fly_ball,86.2,52,231
2019-05-08,Tucker Barnhart,fly_ball,91.5,34.8,345
2019-05-08,Rougned Odor,fly_ball,96,30.6,355
2019-05-08,Nomar Mazara,fly_ball,89,45.7,288
2019-05-08,Joey Gallo,fly_ball,109.8,29.4,443
2019-05-08,Asdrubal Cabrera,fly_ball,87.4,50.7,260
2019-05-08,Starling Marte,fly_ball,91.4,44.1,292
2019-05-08,Asdrubal Cabrera,fly_ball,84,37.2,302
2019-05-08,Gregory Polanco,fly_ball,66,46.4,206
2019-05-08,Josh Bell,fly_ball,93.7,42,318
2019-05-08,Jung Ho Kang,fly_ball,91.3,35.9,324
2019-05-08,Colin Moran,fly_ball,102.9,30.8,415
2019-05-08,Gregory Polanco,fly_ball,104.2,33.9,385
2019-05-08,Hunter Pence,fly_ball,105.3,33.5,415
2019-05-08,Shin-Soo Choo,fly_ball,95.9,28.7,360
2019-05-08,Rougned Odor,fly_ball,100,35.7,374
2019-05-08,Adam Frazier,fly_ball,90.2,55.3,239
2019-05-08,Pete Alonso,fly_ball,80.9,26.7,292
2019-05-08,Michael Conforto,fly_ball,95,25.2,354
2019-05-08,Manny Machado,fly_ball,101,20.7,346
2019-05-08,Tomas Nido,fly_ball,103.2,29.3,405
2019-05-08,Eric Hosmer,fly_ball,101.6,29.2,369
2019-05-08,Hunter Renfroe,fly_ball,98.4,48.2,289
2019-05-08,Ty France,fly_ball,96.3,55.8,234
2019-05-08,Manuel Margot,fly_ball,99.1,28.3,378
2019-05-08,Amed Rosario,fly_ball,84.1,43.1,270
2019-05-08,Franmil Reyes,fly_ball,71,49.5,198
2019-05-08,Manny Machado,fly_ball,92.6,41.2,301
2019-05-08,Austin Hedges,fly_ball,81.9,37.4,284
2019-05-08,Robinson Cano,fly_ball,91,42,305
2019-05-08,Pete Alonso,fly_ball,108.2,37,392
2019-05-08,J. D. Davis,fly_ball,101.7,31.9,376
2019-05-08,Hunter Renfroe,fly_ball,109.9,40.8,414
2019-05-08,Cesar Hernandez,fly_ball,96.6,30.8,378
2019-05-08,Bryce Harper,fly_ball,79.7,34,289
2019-05-08,Matt Carpenter,fly_ball,90,33.4,355
2019-05-08,Marcell Ozuna,fly_ball,97.9,40.1,346
2019-05-08,Jose Martinez,fly_ball,99.6,34.2,375
2019-05-08,Dexter Fowler,fly_ball,92.5,57.4,233
2019-05-08,Yadier Molina,fly_ball,87.6,31.8,325
2019-05-08,Dexter Fowler,fly_ball,95.9,36.2,356
2019-05-08,Matt Carpenter,fly_ball,99.6,40.6,349
2019-05-08,Paul Goldschmidt,fly_ball,94.5,26.5,349
2019-05-08,Cesar Hernandez,fly_ball,102.5,24,399
2019-05-08,Rhys Hoskins,fly_ball,94.6,37.7,341
2019-05-08,Matt Carpenter,fly_ball,87.4,36.2,291
2019-05-08,Adam Jones,fly_ball,83,32,273
2019-05-08,Nick Ahmed,fly_ball,92.2,50,267
2019-05-08,Eduardo Escobar,fly_ball,95.3,22.9,356
2019-05-08,Willy Adames,fly_ball,83.9,36.3,274
2019-05-08,Eddie Rosario,fly_ball,84.5,37.4,300
2019-05-08,Jorge Polanco,fly_ball,97.7,26.7,382
2019-05-08,C. J. Cron,fly_ball,104.1,36.6,377
2019-05-08,Jonathan Schoop,fly_ball,103.8,26.9,394
2019-05-08,Byron Buxton,fly_ball,94.9,45,308
2019-05-08,Billy McKinney,fly_ball,100.8,23.2,344
2019-05-08,Jorge Polanco,fly_ball,85.6,40.6,269
2019-05-08,Nelson Cruz,fly_ball,95.8,30.7,332
2019-05-08,Eddie Rosario,fly_ball,96.2,29.5,361
2019-05-08,Marwin Gonzalez,fly_ball,104.6,35.4,389
2019-05-08,Eddie Rosario,fly_ball,90.9,55.8,250
2019-05-08,C. J. Cron,fly_ball,100.7,34.2,350
2019-05-08,Luke Maile,fly_ball,89,52.3,251
2019-05-08,Max Kepler,fly_ball,81.1,40.6,275
2019-05-08,Ehire Adrianza,fly_ball,90.6,49.7,273
2019-05-08,Justin Smoak,fly_ball,98.7,32.7,378
2019-05-08,Luke Voit,fly_ball,86.7,56.1,221
2019-05-08,Cameron Maybin,fly_ball,96,35.4,359
2019-05-08,Mitch Haniger,fly_ball,103.7,33,411
2019-05-08,Dan Vogelbach,fly_ball,98,44.1,318
2019-05-08,Mike Tauchman,fly_ball,81.5,39.2,250
2019-05-08,Clint Frazier,fly_ball,90,41,295
2019-05-08,Miguel Andujar,fly_ball,85,36.6,282
2019-05-08,Luke Voit,fly_ball,77.9,40.2,258
2019-05-08,Ryon Healy,fly_ball,106.7,21.7,400
2019-05-08,Austin Romine,fly_ball,86,33.4,291
2019-05-08,Dylan Moore,fly_ball,85.5,31.6,323
2019-05-08,Eric Thames,fly_ball,89.6,52.1,268
2019-05-08,Wilmer Difo,fly_ball,74.9,47,218
2019-05-08,Mike Moustakas,fly_ball,104.3,40.3,355
2019-05-08,Ryan Braun,fly_ball,93.8,29.7,360
2019-05-08,Travis Shaw,fly_ball,94.8,29.4,371
2019-05-08,Victor Robles,fly_ball,90.2,46.1,288
2019-05-08,Brandon Woodruff,fly_ball,93.9,33.2,353
2019-05-08,Adrian Sanchez,fly_ball,89.2,41.4,296
2019-05-08,Manny Pina,fly_ball,98.8,31.3,395
2019-05-08,Victor Robles,fly_ball,81.7,34.1,302
2019-05-08,Anthony Rendon,fly_ball,100.2,40.1,349
2019-05-08,Mike Moustakas,fly_ball,97.3,25,340
2019-05-08,Ben Gamel,fly_ball,99.5,22.6,356
2019-05-09,Ozzie Albies,fly_ball,91,38.9,312
2019-05-09,Freddie Freeman,fly_ball,101.9,49.5,319
2019-05-09,Eduardo Escobar,fly_ball,72.6,40,244
2019-05-09,Adam Jones,fly_ball,100.8,32.1,383
2019-05-09,Adam Jones,fly_ball,87.4,35.2,293
2019-05-09,Ronald Acuna,fly_ball,101,32.8,364
2019-05-09,Christian Walker,fly_ball,74.5,38.4,258
2019-05-09,Dansby Swanson,fly_ball,79,50.1,235
2019-05-09,Brian McCann,fly_ball,95.9,25.8,358
2019-05-09,Matthew Joyce,fly_ball,77.2,44.3,249
2019-05-09,Christian Walker,fly_ball,98.2,47.7,303
2019-05-09,Blake Swihart,fly_ball,88.7,31.7,352
2019-05-09,David Peralta,fly_ball,106,29.4,432
2019-05-09,Ketel Marte,fly_ball,70.9,56.7,168
2019-05-09,Kris Bryant,fly_ball,110.2,25.9,416
2019-05-09,David Bote,fly_ball,103.1,36.7,379
2019-05-09,Kris Bryant,fly_ball,89.6,51.2,255
2019-05-09,Starlin Castro,fly_ball,89.5,54.6,244
2019-05-09,Jason Heyward,fly_ball,77.7,40.4,248
2019-05-09,Kyle Schwarber,fly_ball,95.6,42.4,311
2019-05-09,Taylor Davis,fly_ball,73.5,34.1,259
2019-05-09,Jason Heyward,fly_ball,95.4,47.9,284
2019-05-09,Anthony Rizzo,fly_ball,74.7,29.5,259
2019-05-09,Miguel Rojas,fly_ball,95.6,36.3,363
2019-05-09,Yonder Alonso,fly_ball,97.3,26.5,383
2019-05-09,James McCann,fly_ball,77.8,33.3,271
2019-05-09,Jordan Luplow,fly_ball,108.6,26.9,422
2019-05-09,Nick Delmonico,fly_ball,101.9,32,390
2019-05-09,Jordan Luplow,fly_ball,107,31.9,424
2019-05-09,Francisco Lindor,fly_ball,91.3,43.4,286
2019-05-09,Jose Ramirez,fly_ball,79.1,44.3,266
2019-05-09,Steven Duggar,fly_ball,84.9,33.4,293
2019-05-09,Trevor Story,fly_ball,74.6,36,245
2019-05-09,Nolan Arenado,fly_ball,101.6,33.4,402
2019-05-09,Mark Reynolds,fly_ball,106,26.1,425
2019-05-09,Raimel Tapia,fly_ball,71.3,30.4,247
2019-05-09,Aramis Garcia,fly_ball,77.9,44,238
2019-05-09,Ian Desmond,fly_ball,107.3,35.4,419
2019-05-09,Tyler Austin,fly_ball,104.8,31.4,417
2019-05-09,Trevor Story,fly_ball,95.9,28.6,337
2019-05-09,Brandon Crawford,fly_ball,94.9,27.4,377
2019-05-09,Mark Reynolds,fly_ball,94.4,33.6,360
2019-05-09,Chris Iannetta,fly_ball,104.9,35,392
2019-05-09,Mark Reynolds,fly_ball,85.4,43.4,281
2019-05-09,Tyler Austin,fly_ball,107.1,34.5,441
2019-05-09,Raimel Tapia,fly_ball,67.6,45.8,195
2019-05-09,Stephen Vogt,fly_ball,99.3,28.3,395
2019-05-09,Charlie Blackmon,fly_ball,102.4,22.5,391
2019-05-09,Brandon Crawford,fly_ball,102.3,29.2,409
2019-05-09,Jeimer Candelario,fly_ball,94.9,44.8,293
2019-05-09,Zack Cozart,fly_ball,91.3,30.5,323
2019-05-09,Tommy La Stella,fly_ball,98.3,28.3,365
2019-05-09,Mike Trout,fly_ball,84,49.6,240
2019-05-09,Albert Pujols,fly_ball,107.2,25.8,415
2019-05-09,Kole Calhoun,fly_ball,92,40.7,308
2019-05-09,Ronny Rodriguez,fly_ball,99.9,32.3,381
2019-05-09,JaCoby Jones,fly_ball,94.8,29,334
2019-05-09,Kole Calhoun,fly_ball,99,28.5,372
2019-05-09,Tommy La Stella,fly_ball,105.8,24.5,399
2019-05-09,Niko Goodrum,fly_ball,100,45.3,340
2019-05-09,Jeimer Candelario,fly_ball,102.4,39.3,347
2019-05-09,Justin Bour,fly_ball,109.3,21.2,425
2019-05-09,Zack Cozart,fly_ball,90.1,31.8,320
2019-05-09,Christin Stewart,fly_ball,96.7,38.8,349
2019-05-09,Rougned Odor,fly_ball,93.5,44.8,312
2019-05-09,Jose Altuve,fly_ball,93.8,49.6,283
2019-05-09,Hunter Pence,fly_ball,94.2,36.8,329
2019-05-09,Robinson Chirinos,fly_ball,97.7,26.9,397
2019-05-09,Alex Bregman,fly_ball,101.4,26.3,396
2019-05-09,Yuli Gurriel,fly_ball,66.4,32.1,227
2019-05-09,Howie Kendrick,fly_ball,99,26.5,401
2019-05-09,Justin Turner,fly_ball,97.4,38.2,343
2019-05-09,Adam Eaton,fly_ball,85.8,52.3,235
2019-05-09,Justin Turner,fly_ball,98.1,25.8,341
2019-05-09,Victor Robles,fly_ball,92,38.1,326
2019-05-09,Howie Kendrick,fly_ball,87.2,37.9,293
2019-05-09,Justin Turner,fly_ball,92.2,39.6,318
2019-05-09,Cody Bellinger,fly_ball,102.1,34.9,369
2019-05-09,Corey Seager,fly_ball,99.5,45,320
2019-05-09,Michael Taylor,fly_ball,93.5,39.8,321
2019-05-09,Wilmer Difo,fly_ball,70.6,31.1,228
2019-05-09,Howie Kendrick,fly_ball,95.9,32.6,360
2019-05-09,Chris Taylor,fly_ball,91.2,46.2,291
2019-05-09,Eugenio Suarez,fly_ball,103.2,26.3,415
2019-05-09,Josh Phegley,fly_ball,76,38,237
2019-05-09,Ramon Laureano,fly_ball,73.8,38.3,247
2019-05-09,Robbie Grossman,fly_ball,90.5,52.1,273
2019-05-09,Adam Frazier,fly_ball,78.2,33.6,257
2019-05-09,Gregory Polanco,fly_ball,105.4,24.3,426
2019-05-09,Melky Cabrera,fly_ball,95.9,49,291
2019-05-09,Paul Goldschmidt,fly_ball,84.6,36.8,293
2019-05-09,Cole Tucker,fly_ball,94.2,29.3,331
2019-05-09,Joe Musgrove,fly_ball,84.6,33,291
2019-05-09,Josh Bell,fly_ball,105.2,38,373
2019-05-09,Jose Martinez,fly_ball,96.6,30.5,363
2019-05-09,Yadier Molina,fly_ball,101.8,28.8,379
2019-05-09,Kolten Wong,fly_ball,99,22.7,376
2019-05-09,Yairo Munoz,fly_ball,102.2,33,376
2019-05-09,Gary Sanchez,fly_ball,97.8,42,318
2019-05-09,Miguel Andujar,fly_ball,76.5,33.9,260
2019-05-09,Mike Tauchman,fly_ball,67.3,31.3,226
2019-05-09,Braden Bishop,fly_ball,90,40.4,294
2019-05-09,Gleyber Torres,fly_ball,80.3,35.6,279
2019-05-09,Gary Sanchez,fly_ball,98.4,28.3,360
2019-05-09,Ryon Healy,fly_ball,72,31.2,236
2019-05-09,Cameron Maybin,fly_ball,96.2,35.6,348
2019-05-09,Thairo Estrada,fly_ball,84.3,46.9,232
2019-05-09,Jay Bruce,fly_ball,88,33.4,317
2019-05-10,Ronald Acuna,fly_ball,91.1,28.2,308
2019-05-10,Jarrod Dyson,fly_ball,85.8,35.9,324
2019-05-10,Adam Jones,fly_ball,96.9,33.8,384
2019-05-10,Tyler Flowers,fly_ball,93.6,45.1,304
2019-05-10,Nick Ahmed,fly_ball,102,23.4,414
2019-05-10,Jarrod Dyson,fly_ball,90.2,38,337
2019-05-10,Adam Jones,fly_ball,96.8,33.3,359
2019-05-10,Nick Ahmed,fly_ball,79.2,38.3,264
2019-05-10,Ketel Marte,fly_ball,97.6,25.8,373
2019-05-10,Ozzie Albies,fly_ball,79.2,34.2,284
2019-05-10,Trey Mancini,fly_ball,108.4,22.2,438
2019-05-10,Justin Bour,fly_ball,97.2,54.4,250
2019-05-10,Mike Trout,fly_ball,106.7,38.1,391
2019-05-10,Hanser Alberto,fly_ball,91.6,43.7,307
2019-05-10,Brian Goodwin,fly_ball,96.7,33.9,363
2019-05-10,Chris Davis,fly_ball,70.4,28.5,241
2019-05-10,David Fletcher,fly_ball,85.4,49.7,241
2019-05-10,Jonathan Lucroy,fly_ball,88.5,30.8,333
2019-05-10,Chris Davis,fly_ball,103,35.6,398
2019-05-10,Justin Bour,fly_ball,105.5,39.2,366
2019-05-10,Pedro Severino,fly_ball,84.2,52.8,227
2019-05-10,Shohei Ohtani,fly_ball,92.1,36.6,321
2019-05-10,Stevie Wilkerson,fly_ball,85.6,39.9,294
2019-05-10,Mookie Betts,fly_ball,87,42.8,292
2019-05-10,Mitch Moreland,fly_ball,108.9,26.8,436
2019-05-10,Ryon Healy,fly_ball,87.4,54.8,232
2019-05-10,Rafael Devers,fly_ball,103.5,29.9,398
2019-05-10,Christian Vazquez,fly_ball,98,31.7,358
2019-05-10,Mookie Betts,fly_ball,104.4,42.1,349
2019-05-10,Mitch Haniger,fly_ball,102.4,47.5,313
2019-05-10,Ryon Healy,fly_ball,88,60,186
2019-05-10,Andrew Benintendi,fly_ball,106.3,35.6,393
2019-05-10,J. P. Crawford,fly_ball,91.6,36.6,334
2019-05-10,Tom Murphy,fly_ball,92.4,28.3,359
2019-05-10,Steve Pearce,fly_ball,90.7,35.7,332
2019-05-10,Xander Bogaerts,fly_ball,103,22.4,381
2019-05-10,Domingo Santana,fly_ball,102,31.5,364
2019-05-10,Edwin Encarnacion,fly_ball,106.3,36.2,381
2019-05-10,Jay Bruce,fly_ball,96.9,43.8,321
2019-05-10,Anthony Rizzo,fly_ball,96.2,36.6,323
2019-05-10,Ryan Braun,fly_ball,109.4,29.3,411
2019-05-10,Willson Contreras,fly_ball,95.7,40.1,307
2019-05-10,Albert Almora,fly_ball,82.8,41.6,246
2019-05-10,Ben Gamel,fly_ball,100.7,24.7,341
2019-05-10,Lorenzo Cain,fly_ball,94.1,32.1,306
2019-05-10,Yasmani Grandal,fly_ball,97.1,20.8,292
2019-05-10,Ian Desmond,fly_ball,85.8,28.1,337
2019-05-10,Tony Wolters,fly_ball,88.9,33,320
2019-05-10,Trevor Story,fly_ball,105.5,28.7,431
2019-05-10,Ian Desmond,fly_ball,73.1,32.7,257
2019-05-10,Hunter Renfroe,fly_ball,92.3,35.2,351
2019-05-10,Ty France,fly_ball,88.2,40.4,301
2019-05-10,Shin-Soo Choo,fly_ball,71.1,44.8,219
2019-05-10,Isiah Kiner-Falefa,fly_ball,95.7,38.2,346
2019-05-10,Jake Marisnick,fly_ball,108.9,21.7,423
2019-05-10,Rougned Odor,fly_ball,92.6,33.9,345
2019-05-10,Josh Reddick,fly_ball,74,36.1,263
2019-05-10,Joey Gallo,fly_ball,102.5,37.3,370
2019-05-10,Hunter Pence,fly_ball,73.7,42.7,230
2019-05-10,Yuli Gurriel,fly_ball,103,23,412
2019-05-10,Robinson Chirinos,fly_ball,96.5,27.8,353
2019-05-10,Alex Gordon,fly_ball,110.6,26.3,429
2019-05-10,Ryan O'Hearn,fly_ball,97.7,38.7,342
2019-05-10,Rhys Hoskins,fly_ball,99.8,36.4,367
2019-05-10,Whit Merrifield,fly_ball,86.9,49.7,251
2019-05-10,Alex Gordon,fly_ball,109.5,23.8,401
2019-05-10,Jorge Soler,fly_ball,110.7,27.2,438
2019-05-10,Martin Maldonado,fly_ball,85.6,44.4,283
2019-05-10,Alex Gordon,fly_ball,101.4,48.4,307
2019-05-10,Anthony Rendon,fly_ball,86.1,33.5,325
2019-05-10,Joc Pederson,fly_ball,103.5,27,419
2019-05-10,Kurt Suzuki,fly_ball,97.3,25.6,373
2019-05-10,Brian Dozier,fly_ball,88,44.5,288
2019-05-10,Victor Robles,fly_ball,89,38.7,301
2019-05-10,Anthony Rendon,fly_ball,99.9,47.5,304
2019-05-10,Chris Taylor,fly_ball,67.7,42.7,203
2019-05-10,Enrique Hernandez,fly_ball,89.1,36.9,295
2019-05-10,Alex Verdugo,fly_ball,90.1,51.7,259
2019-05-10,Adam Eaton,fly_ball,95.1,37.1,345
2019-05-10,David Freese,fly_ball,104.4,33.7,392
2019-05-10,Gerardo Parra,fly_ball,86.4,35.3,326
2019-05-10,Amed Rosario,fly_ball,100,27.1,382
2019-05-10,Michael Conforto,fly_ball,107.1,32,420
2019-05-10,Jeff McNeil,fly_ball,106.3,22.1,409
2019-05-10,Rosell Herrera,fly_ball,70.6,30.7,242
2019-05-10,Wilson Ramos,fly_ball,73.2,27,226
2019-05-10,Jeff McNeil,fly_ball,96.8,38.5,331
2019-05-10,Wilson Ramos,fly_ball,87.6,36.3,301
2019-05-10,Rosell Herrera,fly_ball,79.5,35.7,267
2019-05-10,Robinson Cano,fly_ball,89.4,31.1,318
2019-05-10,Jon Berti,fly_ball,90.1,48.1,272
2019-05-10,Marcus Semien,fly_ball,88,39.1,316
2019-05-10,Jose Ramirez,fly_ball,75.4,32.6,254
2019-05-10,Matt Olson,fly_ball,105.3,35.7,384
2019-05-10,Stephen Piscotty,fly_ball,87.7,48.2,260
2019-05-10,Ramon Laureano,fly_ball,103.5,24.1,408
2019-05-10,Josh Phegley,fly_ball,82.8,47.2,247
2019-05-10,Francisco Lindor,fly_ball,92,49.2,288
2019-05-10,Carlos Santana,fly_ball,79.8,34.2,272
2019-05-10,Chad Pinder,fly_ball,88.4,49.4,256
2019-05-10,Tyler Naquin,fly_ball,92.7,28.3,339
2019-05-10,Francisco Lindor,fly_ball,94.3,37.8,329
2019-05-10,Matt Chapman,fly_ball,108,32.4,427
2019-05-10,Jesse Winker,fly_ball,88,33.8,327
2019-05-10,Yasiel Puig,fly_ball,91.2,51.3,259
2019-05-10,Nick Senzel,fly_ball,101.1,26,404
2019-05-10,Evan Longoria,fly_ball,75.6,47.6,208
2019-05-10,Joey Votto,fly_ball,92.1,33.4,345
2019-05-10,Derek Dietrich,fly_ball,89.3,45.6,290
2019-05-10,Jose Peraza,fly_ball,96.8,25.5,357
2019-05-10,Nick Senzel,fly_ball,102.4,31.4,369
2019-05-10,Adam Frazier,fly_ball,101.3,37.6,362
2019-05-10,Matt Carpenter,fly_ball,86.9,33.1,312
2019-05-10,Marcell Ozuna,fly_ball,103.8,26.7,388
2019-05-10,Yadier Molina,fly_ball,98,26.3,379
2019-05-10,Kolten Wong,fly_ball,86.2,29,320
2019-05-10,Matt Carpenter,fly_ball,87.2,46.8,282
2019-05-10,Marcell Ozuna,fly_ball,97.6,41.8,331
2019-05-10,Matt Carpenter,fly_ball,98.8,36,344
2019-05-10,Ji-Man Choi,fly_ball,90.5,27.3,351
2019-05-10,Luke Voit,fly_ball,91.3,49.2,276
2019-05-10,Austin Meadows,fly_ball,88.6,27.5,321
2019-05-10,Gio Urshela,fly_ball,99.9,30.9,382
2019-05-10,Austin Meadows,fly_ball,96.6,27.3,398
2019-05-10,Ji-Man Choi,fly_ball,107.8,28.6,427
2019-05-10,Clint Frazier,fly_ball,74.6,27.1,255
2019-05-10,Willy Adames,fly_ball,88.2,25.9,340
2019-05-10,Randal Grichuk,fly_ball,103.4,26.7,412
2019-05-10,Tim Anderson,fly_ball,94.2,41.1,326
2019-05-10,Teoscar Hernandez,fly_ball,105.3,27.9,405
2019-05-10,Eric Sogard,fly_ball,97.6,29.1,378
2019-05-10,Yonder Alonso,fly_ball,92.2,39.3,327
2019-05-10,Danny Jansen,fly_ball,100.3,30.5,391
2019-05-10,Tim Anderson,fly_ball,103.5,29,417
2019-05-10,Charlie Tilson,fly_ball,93.6,34.7,336
2019-05-10,Randal Grichuk,fly_ball,93.6,51.2,264
2019-05-10,Freddy Galvis,fly_ball,87.8,35.1,303
2019-05-10,Vladimir Guerrero,fly_ball,95.2,33.8,332
2019-05-10,Yonder Alonso,fly_ball,95.2,52.2,277
2019-05-10,Charlie Tilson,fly_ball,102.6,21.8,394
2019-05-10,Niko Goodrum,fly_ball,99.2,35.7,367
2019-05-10,Christin Stewart,fly_ball,95.5,30.8,347
2019-05-10,Nick Castellanos,fly_ball,103.5,35.7,401
2019-05-10,Jeimer Candelario,fly_ball,71.1,39.9,225
2019-05-10,Miguel Cabrera,fly_ball,87.6,30.6,311
2019-05-10,C. J. Cron,fly_ball,99.1,29.3,376
2019-05-10,Mitch Garver,fly_ball,105.1,27.9,407
2019-05-10,Byron Buxton,fly_ball,81.5,42.7,255
2019-05-10,Jeimer Candelario,fly_ball,85.9,43,281
2019-05-10,Jorge Polanco,fly_ball,88.8,33.3,320
2019-05-10,Nick Castellanos,fly_ball,91.5,34.1,322
2019-05-10,Eddie Rosario,fly_ball,97.4,32.4,370
2019-05-11,Ronald Acuna,fly_ball,93.3,34.9,344
2019-05-11,Eduardo Escobar,fly_ball,81,29.4,314
2019-05-11,Ozzie Albies,fly_ball,101.9,25,398
2019-05-11,Ketel Marte,fly_ball,80.8,52.8,227
2019-05-11,Eduardo Escobar,fly_ball,87.5,43.8,297
2019-05-11,Nick Ahmed,fly_ball,77.7,37.6,262
2019-05-11,Nick Markakis,fly_ball,82.2,38.9,279
2019-05-11,Brian McCann,fly_ball,102.6,35.1,419
2019-05-11,Ronald Acuna,fly_ball,95.7,36.5,359
2019-05-11,Adam Jones,fly_ball,106.8,22.6,379
2019-05-11,Ketel Marte,fly_ball,92.7,53.8,262
2019-05-11,Freddie Freeman,fly_ball,105.4,34.7,410
2019-05-11,Blake Swihart,fly_ball,94.5,34.2,380
2019-05-11,Johan Camargo,fly_ball,105.4,31.1,416
2019-05-11,Ketel Marte,fly_ball,88.5,30.4,323
2019-05-11,Albert Pujols,fly_ball,104.1,27.1,432
2019-05-11,Dwight Smith,fly_ball,98.5,24.6,396
2019-05-11,Stevie Wilkerson,fly_ball,87.9,51,240
2019-05-11,Tommy La Stella,fly_ball,87.3,30.5,306
2019-05-11,Shohei Ohtani,fly_ball,94.2,55.6,247
2019-05-11,Joey Rickard,fly_ball,83.4,47.1,250
2019-05-11,Albert Pujols,fly_ball,96.3,23.6,368
2019-05-11,Jonathan Lucroy,fly_ball,94.8,42.4,317
2019-05-11,Dwight Smith,fly_ball,97.1,24.5,356
2019-05-11,Chris Davis,fly_ball,90.7,51,279
2019-05-11,Brian Goodwin,fly_ball,98.5,45.1,331
2019-05-11,Trey Mancini,fly_ball,93.2,33.9,323
2019-05-11,Edwin Encarnacion,fly_ball,75.2,47.6,219
2019-05-11,Jay Bruce,fly_ball,105.7,24.7,408
2019-05-11,Mitch Haniger,fly_ball,92.7,33.4,346
2019-05-11,J. P. Crawford,fly_ball,82.4,40.2,269
2019-05-11,Mitch Moreland,fly_ball,100.1,34.3,384
2019-05-11,Sandy Leon,fly_ball,95.5,27.7,369
2019-05-11,Omar Narvaez,fly_ball,82.5,31.5,300
2019-05-11,Shed Long,fly_ball,96.1,44.2,315
2019-05-11,Michael Chavis,fly_ball,88,46.9,265
2019-05-11,Mitch Haniger,fly_ball,87.1,37,283
2019-05-11,Xander Bogaerts,fly_ball,96.7,59.2,220
2019-05-11,Omar Narvaez,fly_ball,90,45.6,284
2019-05-11,Ryon Healy,fly_ball,99.5,31.8,362
2019-05-11,Sandy Leon,fly_ball,82.7,48.7,247
2019-05-11,Mookie Betts,fly_ball,74.8,31.2,249
2019-05-11,Edwin Encarnacion,fly_ball,91.8,48.3,276
2019-05-11,Omar Narvaez,fly_ball,92.9,35.3,388
2019-05-11,Jason Heyward,fly_ball,99.9,25.9,395
2019-05-11,Kyle Schwarber,fly_ball,86.7,27,320
2019-05-11,Jason Heyward,fly_ball,89.4,43.5,275
2019-05-11,Anthony Rizzo,fly_ball,94,45.3,300
2019-05-11,Hernan Perez,fly_ball,103.2,21.5,390
2019-05-11,Lorenzo Cain,fly_ball,83.4,51.1,225
2019-05-11,David Bote,fly_ball,85.1,47.5,256
2019-05-11,Orlando Arcia,fly_ball,88.5,56.4,222
2019-05-11,Eric Thames,fly_ball,106.5,22.1,406
2019-05-11,Javier Baez,fly_ball,104.6,24.6,410
2019-05-11,Willson Contreras,fly_ball,87.9,39.3,294
2019-05-11,Kris Bryant,fly_ball,93.3,36.8,289
2019-05-11,Garrett Hampson,fly_ball,90,45.9,299
2019-05-11,Trevor Story,fly_ball,83.8,57.2,225
2019-05-11,Manny Machado,fly_ball,92.4,42.3,311
2019-05-11,Hunter Renfroe,fly_ball,110.9,22,470
2019-05-11,Mark Reynolds,fly_ball,101.3,43.2,340
2019-05-11,Franmil Reyes,fly_ball,88,43.9,290
2019-05-11,Charlie Blackmon,fly_ball,78.1,30.4,290
2019-05-11,Nolan Arenado,fly_ball,91.9,47.1,290
2019-05-11,Mark Reynolds,fly_ball,83.2,47.3,276
2019-05-11,Wil Myers,fly_ball,108.5,30.9,468
2019-05-11,Greg Garcia,fly_ball,88,54.4,239
2019-05-11,Ian Desmond,fly_ball,95.1,38.2,319
2019-05-11,David Dahl,fly_ball,104.7,29.2,414
2019-05-11,Charlie Blackmon,fly_ball,103.5,38.1,397
2019-05-11,Nolan Arenado,fly_ball,89.4,27.6,340
2019-05-11,Elvis Andrus,fly_ball,86.6,41,286
2019-05-11,George Springer,fly_ball,97.6,42.3,326
2019-05-11,Michael Brantley,fly_ball,86.2,36.1,316
2019-05-11,Tyler White,fly_ball,92.6,39.6,321
2019-05-11,Aledmys Díaz,fly_ball,85.2,49.5,263
2019-05-11,Carlos Correa,fly_ball,101.2,44.6,347
2019-05-11,Asdrubal Cabrera,fly_ball,97.9,41.5,336
2019-05-11,Shin-Soo Choo,fly_ball,102.8,35,384
2019-05-11,Yuli Gurriel,fly_ball,94.5,43.7,312
2019-05-11,Ronald Guzman,fly_ball,109.3,33.2,415
2019-05-11,Rhys Hoskins,fly_ball,99.4,45,350
2019-05-11,Ryan O'Hearn,fly_ball,96.7,32.3,375
2019-05-11,Andrew McCutchen,fly_ball,75.7,40.4,228
2019-05-11,Maikel Franco,fly_ball,94.3,35.6,342
2019-05-11,Martin Maldonado,fly_ball,99.3,32.6,380
2019-05-11,Ryan O'Hearn,fly_ball,90.3,36.3,335
2019-05-11,Andrew McCutchen,fly_ball,95.7,37.9,326
2019-05-11,J. T. Realmuto,fly_ball,104.7,25.6,387
2019-05-11,Anthony Rendon,fly_ball,78.2,50.7,216
2019-05-11,Yan Gomes,fly_ball,96.8,54.6,250
2019-05-11,Justin Turner,fly_ball,101.5,28.3,401
2019-05-11,Corey Seager,fly_ball,89.3,49.6,281
2019-05-11,Walker Buehler,fly_ball,96.5,25.2,359
2019-05-11,Anthony Rendon,fly_ball,100.9,36.6,378
2019-05-11,Corey Seager,fly_ball,85.6,54.6,232
2019-05-11,Yan Gomes,fly_ball,86,40.1,308
2019-05-11,Max Muncy,fly_ball,94.1,27.5,354
2019-05-11,Gerardo Parra,fly_ball,103.6,26.6,413
2019-05-11,Alex Verdugo,fly_ball,93.4,44,313
2019-05-11,Robinson Cano,fly_ball,94.8,34.1,338
2019-05-11,Michael Conforto,fly_ball,87.9,39.8,303
2019-05-11,Amed Rosario,fly_ball,85.5,30.9,298
2019-05-11,Miguel Rojas,fly_ball,90.1,32.2,301
2019-05-11,Brian Anderson,fly_ball,96.9,43.6,311
2019-05-11,Jacob deGrom,fly_ball,89.9,46.3,279
2019-05-11,Pete Alonso,fly_ball,106.5,34.2,383
2019-05-11,Michael Conforto,fly_ball,107.8,26.9,417
2019-05-11,Jeff McNeil,fly_ball,73.2,33.2,252
2019-05-11,Jurickson Profar,fly_ball,95.7,40.4,327
2019-05-11,Kendrys Morales,fly_ball,103.5,34.5,402
2019-05-11,Ramon Laureano,fly_ball,90.1,60,191
2019-05-11,Robbie Grossman,fly_ball,77.4,30.2,277
2019-05-11,Carlos Santana,fly_ball,73,42.9,230
2019-05-11,Jordan Luplow,fly_ball,91.6,29.1,338
2019-05-11,Leonys Martín,fly_ball,101.5,29.5,408
2019-05-11,Nick Hundley,fly_ball,96.8,33,368
2019-05-11,Jordan Luplow,fly_ball,100,57.6,228
2019-05-11,Matt Chapman,fly_ball,82.6,43.1,258
2019-05-11,Jason Kipnis,fly_ball,69.7,33.2,238
2019-05-11,Marcus Semien,fly_ball,83.5,44.3,257
2019-05-11,Yasiel Puig,fly_ball,106.1,25.6,422
2019-05-11,Derek Dietrich,fly_ball,106.7,41,362
2019-05-11,Evan Longoria,fly_ball,104.2,33.7,416
2019-05-11,Joey Votto,fly_ball,90.8,30.8,323
2019-05-11,Eugenio Suarez,fly_ball,87,51.8,238
2019-05-11,Jesse Winker,fly_ball,98.7,31.8,368
2019-05-11,Joey Votto,fly_ball,90.9,38.7,294
2019-05-11,Kevin Pillar,fly_ball,71.2,30.9,243
2019-05-11,Joe Panik,fly_ball,96.5,23.6,383
2019-05-11,Eugenio Suarez,fly_ball,108.5,33,429
2019-05-11,Mac Williamson,fly_ball,86.5,29.7,292
2019-05-11,Steven Duggar,fly_ball,74.7,45.8,229
2019-05-11,Derek Dietrich,fly_ball,71.5,40.7,235
2019-05-11,Kevin Pillar,fly_ball,93.8,43.7,303
2019-05-11,Joey Votto,fly_ball,87.5,30.4,292
2019-05-11,Kolten Wong,fly_ball,90.6,45.8,293
2019-05-11,Matt Carpenter,fly_ball,101.3,44.7,329
2019-05-11,Paul DeJong,fly_ball,101.6,26.4,354
2019-05-11,Matt Carpenter,fly_ball,101.1,30.4,382
2019-05-11,Paul DeJong,fly_ball,84.4,45.9,268
2019-05-11,Jose Martinez,fly_ball,98.2,25.3,390
2019-05-11,Yadier Molina,fly_ball,88.1,34.9,302
2019-05-11,Adam Frazier,fly_ball,84.1,41.2,278
2019-05-11,Luke Voit,fly_ball,103.6,25.8,410
2019-05-11,Yandy Díaz,fly_ball,88.3,38,301
2019-05-11,Gleyber Torres,fly_ball,98.5,29.9,371
2019-05-11,Avisail Garcia,fly_ball,108.6,35.5,407
2019-05-11,Brett Gardner,fly_ball,93.2,35.4,337
2019-05-11,Austin Meadows,fly_ball,97.7,50.8,312
2019-05-11,Willy Adames,fly_ball,85.7,39.2,306
2019-05-11,Ji-Man Choi,fly_ball,88.3,34.3,335
2019-05-11,Daniel Robertson,fly_ball,82.8,35.2,304
2019-05-11,DJ LeMahieu,fly_ball,103.5,30,413
2019-05-11,Yandy Díaz,fly_ball,97.9,25.3,393
2019-05-11,Gio Urshela,fly_ball,86.2,30.8,328
2019-05-11,Mike Tauchman,fly_ball,92,44.3,313
2019-05-11,Guillermo Heredia,fly_ball,67.6,37.7,233
2019-05-11,Yandy Díaz,fly_ball,103.1,31.5,393
2019-05-11,Eric Sogard,fly_ball,90.3,28.7,335
2019-05-11,Carlos Sanchez,fly_ball,94.7,30.4,349
2019-05-11,Justin Smoak,fly_ball,78.2,42.3,260
2019-05-11,James McCann,fly_ball,83.7,43.6,268
2019-05-11,Randal Grichuk,fly_ball,95.6,39.3,333
2019-05-11,Teoscar Hernandez,fly_ball,88.5,33.6,333
2019-05-11,Carlos Sanchez,fly_ball,97.5,31.7,368
2019-05-11,Eric Sogard,fly_ball,88,32,333
2019-05-11,Randal Grichuk,fly_ball,94,26.6,363
2019-05-11,Billy McKinney,fly_ball,81.7,40.6,284
2019-05-11,Carlos Sanchez,fly_ball,94.4,34.7,338
2019-05-11,Luke Maile,fly_ball,69.4,28.5,222
2019-05-11,Tim Anderson,fly_ball,77.1,49.1,218
2019-05-11,Christin Stewart,fly_ball,76.9,41.9,250
2019-05-11,Nick Castellanos,fly_ball,96.1,27.9,326
2019-05-11,Mitch Garver,fly_ball,92.9,43.3,292
2019-05-11,Max Kepler,fly_ball,91.3,40.6,300
2019-05-11,Jonathan Schoop,fly_ball,77,34.7,288
2019-05-11,Mitch Garver,fly_ball,101.4,26.5,381
2019-05-11,Niko Goodrum,fly_ball,102.1,39.9,352
2019-05-11,John Hicks,fly_ball,89.8,34.3,341
2019-05-11,Max Kepler,fly_ball,93,36.9,315
2019-05-11,Christin Stewart,fly_ball,90.5,29.2,309
2019-05-11,Marwin Gonzalez,fly_ball,103.4,38.4,364
2019-05-11,Nick Castellanos,fly_ball,87.3,39.4,291
2019-05-11,Jorge Polanco,fly_ball,90.8,32,349
2019-05-11,Nelson Cruz,fly_ball,109.4,27.7,398
2019-05-11,Miguel Cabrera,fly_ball,86.4,45.6,279
2019-05-11,Brandon Dixon,fly_ball,106.1,31.4,378
2019-05-11,John Hicks,fly_ball,96.6,27.8,342
2019-05-11,Max Kepler,fly_ball,81.7,31,299
2019-05-11,Nick Castellanos,fly_ball,85.6,43.3,278
2019-05-11,Ronny Rodriguez,fly_ball,105.6,27.4,414
2019-05-11,Brandon Dixon,fly_ball,101.5,34.1,376
2019-05-11,Eddie Rosario,fly_ball,99.6,42.8,326
2019-05-11,Miguel Cabrera,fly_ball,90,35.1,307
2019-05-11,Jonathan Schoop,fly_ball,98.6,23.5,352
2019-05-11,Jason Castro,fly_ball,108.5,27,443
2019-05-11,Jorge Polanco,fly_ball,77.8,45.1,236
2019-05-11,Harold Castro,fly_ball,93.2,27.4,337
2019-05-11,C. J. Cron,fly_ball,108.3,27.1,422
2019-05-11,John Hicks,fly_ball,92.2,25.9,363
2019-05-11,Nick Castellanos,fly_ball,100.9,46.3,311
2019-05-12,Ronald Acuna,fly_ball,94,28.9,353
2019-05-12,Adam Jones,fly_ball,100.4,23.9,378
2019-05-12,Dansby Swanson,fly_ball,103.2,29.7,387
2019-05-12,Adam Jones,fly_ball,103.4,28.5,406
2019-05-12,Ozzie Albies,fly_ball,86.3,54.7,245
2019-05-12,Eduardo Escobar,fly_ball,95.7,34,347
2019-05-12,Eduardo Escobar,fly_ball,86,48.6,262
2019-05-12,Dwight Smith,fly_ball,83.8,31.1,287
2019-05-12,Kevan Smith,fly_ball,90.7,35.4,331
2019-05-12,Chris Davis,fly_ball,96.2,34.4,346
2019-05-12,Stevie Wilkerson,fly_ball,95.9,28.1,395
2019-05-12,Mike Trout,fly_ball,106.2,26.7,426
2019-05-12,Dwight Smith,fly_ball,105.5,23.6,416
2019-05-12,Stevie Wilkerson,fly_ball,95.2,31.9,355
2019-05-12,Zack Cozart,fly_ball,68.1,37.8,211
2019-05-12,Dwight Smith,fly_ball,83.8,44,253
2019-05-12,Stevie Wilkerson,fly_ball,87.3,40.8,295
2019-05-12,Kevan Smith,fly_ball,107.3,22.9,404
2019-05-12,Pedro Severino,fly_ball,96.7,24,360
2019-05-12,Trey Mancini,fly_ball,88,50.7,245
2019-05-12,Albert Pujols,fly_ball,90.5,40.3,275
2019-05-12,Trey Mancini,fly_ball,89.5,51.6,234
2019-05-12,J. P. Crawford,fly_ball,93.2,35.8,335
2019-05-12,Edwin Encarnacion,fly_ball,96.8,42.5,333
2019-05-12,J. D. Martinez,fly_ball,105.4,34.6,384
2019-05-12,Jay Bruce,fly_ball,93.5,31.2,347
2019-05-12,Mookie Betts,fly_ball,94.5,55.5,253
2019-05-12,J. D. Martinez,fly_ball,104.8,35.6,381
2019-05-12,Dan Vogelbach,fly_ball,90.2,34.6,331
2019-05-12,Andrew Benintendi,fly_ball,95.5,25.5,352
2019-05-12,Omar Narvaez,fly_ball,104.6,31.9,400
2019-05-12,Shed Long,fly_ball,98.1,42.8,331
2019-05-12,J. D. Martinez,fly_ball,102.1,31.4,387
2019-05-12,Mike Moustakas,fly_ball,74.4,33.8,252
2019-05-12,Albert Almora,fly_ball,79.9,49.7,212
2019-05-12,Christian Yelich,fly_ball,101.7,26.3,314
2019-05-12,Willson Contreras,fly_ball,96.7,44.9,304
2019-05-12,Mike Moustakas,fly_ball,99.1,35.1,357
2019-05-12,Raimel Tapia,fly_ball,101.2,31,391
2019-05-12,Charlie Blackmon,fly_ball,107.6,28.3,464
2019-05-12,Trevor Story,fly_ball,79.1,51.6,236
2019-05-12,Manny Machado,fly_ball,92.1,31,352
2019-05-12,Ryan McMahon,fly_ball,93,32,373
2019-05-12,Charlie Blackmon,fly_ball,106.3,30.2,450
2019-05-12,Tony Wolters,fly_ball,88,27.3,354
2019-05-12,Austin Allen,fly_ball,72.7,28.2,240
2019-05-12,Trevor Story,fly_ball,70.8,34.8,240
2019-05-12,Raimel Tapia,fly_ball,102.7,26.2,423
2019-05-12,Trevor Story,fly_ball,90,31.4,346
2019-05-12,Franmil Reyes,fly_ball,103.4,40.8,403
2019-05-12,Michael Brantley,fly_ball,91,23.6,339
2019-05-12,Yuli Gurriel,fly_ball,86,34.2,303
2019-05-12,Ronald Guzman,fly_ball,90.6,40.6,309
2019-05-12,Tony Kemp,fly_ball,99.5,24.1,397
2019-05-12,Alex Bregman,fly_ball,104.5,25.1,385
2019-05-12,Michael Brantley,fly_ball,93,44.9,303
2019-05-12,Isiah Kiner-Falefa,fly_ball,102.4,29.3,397
2019-05-12,Max Stassi,fly_ball,88,32,327
2019-05-12,Aledmys Díaz,fly_ball,76.7,32.4,281
2019-05-12,Alex Bregman,fly_ball,102.9,26,421
2019-05-12,George Springer,fly_ball,106.4,29.2,420
2019-05-12,Yuli Gurriel,fly_ball,87.1,28.3,297
2019-05-12,Isiah Kiner-Falefa,fly_ball,91.6,54,247
2019-05-12,Elvis Andrus,fly_ball,92.6,32.7,350
2019-05-12,Hunter Pence,fly_ball,83.5,30.7,318
2019-05-12,Andrew McCutchen,fly_ball,96.2,36.4,348
2019-05-12,Rhys Hoskins,fly_ball,91.3,42.6,289
2019-05-12,Adalberto Mondesi,fly_ball,82.1,38,272
2019-05-12,Cesar Hernandez,fly_ball,94.6,31.4,359
2019-05-12,Chris Owings,fly_ball,79.7,54.4,209
2019-05-12,Maikel Franco,fly_ball,100.1,28.5,382
2019-05-12,Bryce Harper,fly_ball,99.2,34.8,349
2019-05-12,Maikel Franco,fly_ball,99.5,33.8,362
2019-05-12,Anthony Rendon,fly_ball,79.9,34.8,296
2019-05-12,Corey Seager,fly_ball,96.4,37.1,334
2019-05-12,Joc Pederson,fly_ball,81.6,43.2,248
2019-05-12,Anthony Rendon,fly_ball,95.5,37.8,348
2019-05-12,Justin Turner,fly_ball,69.3,29.6,231
2019-05-12,Kurt Suzuki,fly_ball,90.4,37,324
2019-05-12,Wilmer Difo,fly_ball,82.9,47.9,242
2019-05-12,Justin Turner,fly_ball,93,42.2,311
2019-05-12,Anthony Rendon,fly_ball,89.6,34.7,345
2019-05-12,Enrique Hernandez,fly_ball,100,22.8,386
2019-05-12,Cody Bellinger,fly_ball,68.2,39.1,225
2019-05-12,Rocky Gale,fly_ball,90.9,41.9,305
2019-05-12,Carlos Santana,fly_ball,99.1,32.5,352
2019-05-12,Marcus Semien,fly_ball,89.2,33.5,314
2019-05-12,Jurickson Profar,fly_ball,77.4,49,222
2019-05-12,Jose Ramirez,fly_ball,93.6,35.2,336
2019-05-12,Matt Olson,fly_ball,96.9,37.3,348
2019-05-12,Jordan Luplow,fly_ball,89.1,48.7,261
2019-05-12,Roberto Perez,fly_ball,104.8,37.6,368
2019-05-12,Josh Phegley,fly_ball,83,35.5,295
2019-05-12,Carlos Santana,fly_ball,89.5,55.4,221
2019-05-12,Roberto Perez,fly_ball,110.7,23.3,424
2019-05-12,Matt Olson,fly_ball,102.9,30,387
2019-05-12,Robbie Grossman,fly_ball,96.6,38,324
2019-05-12,Steven Duggar,fly_ball,100,26,385
2019-05-12,Pablo Sandoval,fly_ball,100.5,31.4,374
2019-05-12,Jose Peraza,fly_ball,96.9,27.7,377
2019-05-12,Pablo Sandoval,fly_ball,100.5,41.8,340
2019-05-12,Nick Senzel,fly_ball,94.9,47.8,284
2019-05-12,Yasiel Puig,fly_ball,103.1,33.5,388
2019-05-12,Brandon Belt,fly_ball,104.1,42.4,354
2019-05-12,Tyler Austin,fly_ball,76.2,32,243
2019-05-12,Bryan Reynolds,fly_ball,88.3,33.5,319
2019-05-12,Marcell Ozuna,fly_ball,104.7,37.8,375
2019-05-12,Paul Goldschmidt,fly_ball,77.8,39,258
2019-05-12,Jose Martinez,fly_ball,105.6,25.7,428
2019-05-12,Jedd Gyorko,fly_ball,91.1,32.4,333
2019-05-12,Kolten Wong,fly_ball,74.7,37.4,238
2019-05-12,Cole Tucker,fly_ball,101.8,30.3,399
2019-05-12,Starling Marte,fly_ball,90.1,27.6,334
2019-05-12,Marcell Ozuna,fly_ball,98.5,35.7,364
2019-05-12,Francisco Cervelli,fly_ball,74,36.6,236
2019-05-12,Kolten Wong,fly_ball,96.8,36.1,353
2019-05-12,Jose Martinez,fly_ball,97.1,27.1,363
2019-05-12,DJ LeMahieu,fly_ball,97.8,36.2,339
2019-05-12,Brandon Lowe,fly_ball,82.2,54.8,209
2019-05-12,Yandy Díaz,fly_ball,81.9,53.4,224
2019-05-12,Luke Voit,fly_ball,93.3,40.9,318
2019-05-12,Anthony Bemboom,fly_ball,85,38.5,301
2019-05-12,Thairo Estrada,fly_ball,98.4,24.3,367
2019-05-12,Mike Tauchman,fly_ball,74.6,29.2,260
2019-05-12,Freddy Galvis,fly_ball,68.3,29.5,227
2019-05-12,Freddy Galvis,fly_ball,90,37.2,324
2019-05-12,Vladimir Guerrero,fly_ball,101.1,37.8,362
2019-05-12,Yoan Moncada,fly_ball,78.2,42.8,253
2019-05-12,Yonder Alonso,fly_ball,103,29.6,404
2019-05-12,Tim Anderson,fly_ball,102.4,24.8,418
2019-05-12,Danny Jansen,fly_ball,74,43.6,232
2019-05-12,Justin Smoak,fly_ball,100.6,23.5,376
2019-05-12,Rowdy Tellez,fly_ball,82.1,39.2,291
2019-05-12,Vladimir Guerrero,fly_ball,90.9,51.7,257
2019-05-12,José Abreu,fly_ball,73.4,47.2,215
2019-05-12,Randal Grichuk,fly_ball,81.7,35.9,287
2019-05-12,Nick Castellanos,fly_ball,106.5,34.9,401
2019-05-12,Ronny Rodriguez,fly_ball,84.8,41.3,259
2019-05-12,Willians Astudillo,fly_ball,93.2,41.5,325
2019-05-12,Brandon Dixon,fly_ball,105,36.3,383
2019-05-12,Ehire Adrianza,fly_ball,81.5,43.6,261
2019-05-12,Willians Astudillo,fly_ball,92.6,41.6,321
2019-05-12,Niko Goodrum,fly_ball,80.6,41.8,262
2019-05-12,C. J. Cron,fly_ball,81.1,45.9,234
2019-05-12,Max Kepler,fly_ball,84.9,29.7,313
2019-05-12,Ronny Rodriguez,fly_ball,96.3,37.3,341
2019-05-12,Nick Castellanos,fly_ball,88.4,34.1,331
2019-05-12,Ehire Adrianza,fly_ball,105.5,29.7,407
2019-05-12,John Hicks,fly_ball,78.9,34.1,258
2019-05-12,C. J. Cron,fly_ball,94.8,46.3,295
2019-05-13,Nick Ahmed,fly_ball,95.2,28,383
2019-05-13,Cole Tucker,fly_ball,72.8,39.9,239
2019-05-13,Eduardo Escobar,fly_ball,91.2,32,324
2019-05-13,Adam Jones,fly_ball,82.5,29,313
2019-05-13,Christian Walker,fly_ball,102.3,29,424
2019-05-13,Eduardo Escobar,fly_ball,94.1,36.9,370
2019-05-13,Ketel Marte,fly_ball,88.7,44.2,285
2019-05-13,Adam Frazier,fly_ball,92.1,30.8,327
2019-05-13,Starling Marte,fly_ball,98.3,26.5,373
2019-05-13,Jarrod Dyson,fly_ball,77.3,50.8,227
2019-05-13,Adam Jones,fly_ball,88.8,31.9,342
2019-05-13,Starling Marte,fly_ball,74.4,41,244
2019-05-13,Christian Walker,fly_ball,108.3,22.3,416
2019-05-13,Nick Ahmed,fly_ball,92.8,30.6,315
2019-05-13,George Springer,fly_ball,98.9,35,366
2019-05-13,Niko Goodrum,fly_ball,94.1,42,321
2019-05-13,Carlos Correa,fly_ball,90,27.2,346
2019-05-13,Aledmys Díaz,fly_ball,107.3,26.7,424
2019-05-13,Robinson Chirinos,fly_ball,104.7,31,394
2019-05-13,Carlos Correa,fly_ball,103,28.8,411
2019-05-13,Miguel Cabrera,fly_ball,95.7,46.1,297
2019-05-13,Josh Harrison,fly_ball,78.4,34.8,272
2019-05-13,George Springer,fly_ball,90.6,39.7,301
2019-05-13,Alex Bregman,fly_ball,98.2,42.7,329
2019-05-13,Jeimer Candelario,fly_ball,95.3,23.6,355
2019-05-13,Jake Marisnick,fly_ball,111,21.2,427
2019-05-13,Miguel Cabrera,fly_ball,95.2,28.1,384
2019-05-13,Alex Bregman,fly_ball,98.7,24.5,365
2019-05-13,Michael Brantley,fly_ball,92.9,36.6,319
2019-05-13,Carlos Correa,fly_ball,84.4,35,277
2019-05-13,Grayson Greiner,fly_ball,95.7,41.9,311
2019-05-13,Mitch Haniger,fly_ball,109,38.5,406
2019-05-13,Matt Olson,fly_ball,81.4,36.9,286
2019-05-13,Ramon Laureano,fly_ball,99.1,26.4,383
2019-05-13,Ryon Healy,fly_ball,82.8,38.9,290
2019-05-13,Chad Pinder,fly_ball,71,40.3,236
2019-05-13,Matt Olson,fly_ball,79.6,30.5,270
2019-05-13,Omar Narvaez,fly_ball,97.4,40.5,328
2019-05-13,Khris Davis,fly_ball,100,25.4,384
2019-05-13,Edwin Encarnacion,fly_ball,100.7,23.7,400
2019-05-13,Domingo Santana,fly_ball,91.3,29.8,332
2019-05-13,Matt Olson,fly_ball,95.1,35.1,403
2019-05-13,Chad Pinder,fly_ball,80.7,40.1,273
2019-05-13,Khris Davis,fly_ball,92,36.7,351
2019-05-13,Dan Vogelbach,fly_ball,108.3,22,426
2019-05-13,Jay Bruce,fly_ball,91.8,59.2,223
2019-05-13,Marcus Semien,fly_ball,76.7,42.7,241
2019-05-13,Matt Olson,fly_ball,96.8,55.5,249
2019-05-13,Ramon Laureano,fly_ball,97.9,27.9,375
2019-05-13,Jorge Polanco,fly_ball,105.4,27,401
2019-05-13,Marwin Gonzalez,fly_ball,93.1,28.1,352
2019-05-13,Mitch Garver,fly_ball,103.7,38.4,363
2019-05-13,Marwin Gonzalez,fly_ball,104.1,34.4,395
2019-05-13,Tommy La Stella,fly_ball,100.5,26,369
2019-05-13,Albert Pujols,fly_ball,76.9,32.1,267
2019-05-13,Kole Calhoun,fly_ball,100.3,30.9,389
2019-05-13,Mitch Garver,fly_ball,87,31.7,294
2019-05-13,Byron Buxton,fly_ball,82,40.8,251
2019-05-13,Mitch Garver,fly_ball,101.3,31.2,375
2019-05-13,Lorenzo Cain,fly_ball,102.2,24.2,393
2019-05-13,Christian Yelich,fly_ball,97.9,32.7,335
2019-05-13,Christian Yelich,fly_ball,85.1,30.5,293
2019-05-13,Odubel Herrera,fly_ball,98,55.8,237
2019-05-13,Jean Segura,fly_ball,97.7,30.7,347
2019-05-13,Mike Moustakas,fly_ball,106.7,27.5,412
2019-05-13,Yasmani Grandal,fly_ball,86.8,29.3,298
2019-05-13,Christian Yelich,fly_ball,98.5,33.3,336
2019-05-13,Cesar Hernandez,fly_ball,101.8,31.9,390
2019-05-13,Mike Moustakas,fly_ball,97,37.7,339
2019-05-13,Hernan Perez,fly_ball,90.6,29.2,299
2019-05-13,Andrew McCutchen,fly_ball,89.5,44.5,294
2019-05-13,Manny Pina,fly_ball,89.9,47.9,265
2019-05-13,José Abreu,fly_ball,108.7,22.6,431
2019-05-13,Jake Bauers,fly_ball,86.8,43.3,274
2019-05-13,Welington Castillo,fly_ball,101.8,32.8,390
2019-05-13,Ryan Cordell,fly_ball,77.2,37.2,250
2019-05-13,Yoan Moncada,fly_ball,110.7,24.2,381
2019-05-13,Jake Bauers,fly_ball,94.1,47.6,285
2019-05-13,Tim Anderson,fly_ball,98.4,40.5,340
2019-05-13,Nick Delmonico,fly_ball,101,33.4,368
2019-05-13,Leonys Martín,fly_ball,87.1,26.1,329
2019-05-13,Welington Castillo,fly_ball,93.3,46.8,295
2019-05-13,Jason Kipnis,fly_ball,96.7,28.7,346
2019-05-13,Carlos Santana,fly_ball,98.9,23.7,379
2019-05-13,Yoan Moncada,fly_ball,101.2,29.1,363
2019-05-13,Kevin Plawecki,fly_ball,100.6,24.6,387
2019-05-13,Tim Anderson,fly_ball,92.9,33.1,327
2019-05-14,Eduardo Escobar,fly_ball,82.2,40.1,297
2019-05-14,Christian Walker,fly_ball,92.8,47.2,289
2019-05-14,Colin Moran,fly_ball,76.5,52.7,204
2019-05-14,Carson Kelly,fly_ball,93.2,47.8,288
2019-05-14,Ketel Marte,fly_ball,86.1,30.5,337
2019-05-14,Josh Bell,fly_ball,110.4,21.1,446
2019-05-14,Melky Cabrera,fly_ball,72.5,46.3,213
2019-05-14,Carson Kelly,fly_ball,74.1,34.4,270
2019-05-14,Adam Frazier,fly_ball,91,38.4,329
2019-05-14,Wilmer Flores,fly_ball,77.5,50.7,227
2019-05-14,Josh Bell,fly_ball,110.5,24.7,460
2019-05-14,Carson Kelly,fly_ball,102.5,28,392
2019-05-14,Starling Marte,fly_ball,94.9,26.6,378
2019-05-14,J. D. Martinez,fly_ball,108,24.7,424
2019-05-14,Rafael Devers,fly_ball,97.4,32,355
2019-05-14,Mark Reynolds,fly_ball,94.8,29.3,335
2019-05-14,Mookie Betts,fly_ball,88.6,44.9,273
2019-05-14,Rafael Devers,fly_ball,101,42.3,340
2019-05-14,Michael Chavis,fly_ball,82.1,34.1,283
2019-05-14,Steve Pearce,fly_ball,100.4,26.9,379
2019-05-14,Nolan Arenado,fly_ball,96.3,32.9,354
2019-05-14,Andrew Benintendi,fly_ball,92.2,40,339
2019-05-14,Mookie Betts,fly_ball,98.5,37.6,341
2019-05-14,J. D. Martinez,fly_ball,95.6,39.2,331
2019-05-14,Chris Iannetta,fly_ball,96,24.2,365
2019-05-14,Charlie Blackmon,fly_ball,106.2,29.8,417
2019-05-14,Mookie Betts,fly_ball,96.1,47.5,296
2019-05-14,Charlie Blackmon,fly_ball,94.1,35.7,326
2019-05-14,Andrew Benintendi,fly_ball,82.8,48.1,247
2019-05-14,Kyle Schwarber,fly_ball,77.8,30.4,282
2019-05-14,Derek Dietrich,fly_ball,85.1,42.1,287
2019-05-14,Javier Baez,fly_ball,93.3,33.7,337
2019-05-14,Joey Votto,fly_ball,106.4,25.9,425
2019-05-14,Willson Contreras,fly_ball,82.6,25.8,297
2019-05-14,Derek Dietrich,fly_ball,101.2,29.9,383
2019-05-14,Jason Heyward,fly_ball,94.6,50.1,270
2019-05-14,José Iglesias,fly_ball,81.3,30.9,303
2019-05-14,Albert Almora,fly_ball,95,26.6,327
2019-05-14,Joey Votto,fly_ball,77.1,55.1,200
2019-05-14,Aledmys Díaz,fly_ball,98.8,34.9,365
2019-05-14,Gordon Beckham,fly_ball,98.9,35.9,349
2019-05-14,JaCoby Jones,fly_ball,97.9,39.4,344
2019-05-14,Robinson Chirinos,fly_ball,96.1,40.8,334
2019-05-14,George Springer,fly_ball,107,21.6,421
2019-05-14,Niko Goodrum,fly_ball,98.8,29,357
2019-05-14,Michael Brantley,fly_ball,100.1,26.8,365
2019-05-14,Carlos Correa,fly_ball,101.7,25.9,393
2019-05-14,Ronny Rodriguez,fly_ball,105.5,31.8,435
2019-05-14,Grayson Greiner,fly_ball,88,38.3,311
2019-05-14,Alex Bregman,fly_ball,88.8,52.1,246
2019-05-14,Aledmys Díaz,fly_ball,101.7,28.8,375
2019-05-14,Nicky Lopez,fly_ball,90.6,26,326
2019-05-14,Alex Gordon,fly_ball,80.5,48.7,254
2019-05-14,Ryan O'Hearn,fly_ball,89.4,54.3,242
2019-05-14,Asdrubal Cabrera,fly_ball,95.4,48.3,296
2019-05-14,Joey Gallo,fly_ball,105.4,54.3,280
2019-05-14,Shin-Soo Choo,fly_ball,95.8,54.2,269
2019-05-14,Nicky Lopez,fly_ball,76.9,38.1,277
2019-05-14,Jorge Soler,fly_ball,97.4,26.7,384
2019-05-14,Hunter Dozier,fly_ball,82.1,39.6,282
2019-05-14,Franmil Reyes,fly_ball,106.3,20.2,419
2019-05-14,Cody Bellinger,fly_ball,104.8,23.1,409
2019-05-14,Austin Barnes,fly_ball,77.8,30.9,266
2019-05-14,Justin Turner,fly_ball,93,40.7,324
2019-05-14,Hunter Renfroe,fly_ball,89.6,40.2,306
2019-05-14,Max Muncy,fly_ball,95.1,34.1,357
2019-05-14,Justin Turner,fly_ball,99.4,37.7,357
2019-05-14,Cody Bellinger,fly_ball,66.6,25.3,214
2019-05-14,Corey Seager,fly_ball,80.8,33.3,294
2019-05-14,Austin Barnes,fly_ball,93.1,42.1,315
2019-05-14,Brandon Nimmo,fly_ball,82.1,39.7,268
2019-05-14,Brian Dozier,fly_ball,95.6,26.6,341
2019-05-14,Michael Conforto,fly_ball,76.8,42.7,240
2019-05-14,Jeff McNeil,fly_ball,95.5,42.5,308
2019-05-14,Anthony Rendon,fly_ball,93.7,37.8,310
2019-05-14,Pete Alonso,fly_ball,73.3,39.8,240
2019-05-14,Gerardo Parra,fly_ball,91.8,29.8,368
2019-05-14,Victor Robles,fly_ball,110.5,24.6,413
2019-05-14,Gerardo Parra,fly_ball,97.4,42.4,315
2019-05-14,Dominic Smith,fly_ball,108.5,24.7,435
2019-05-14,Robinson Cano,fly_ball,88.6,41.5,291
2019-05-14,Anthony Rendon,fly_ball,98.5,24.2,376
2019-05-14,Matt Chapman,fly_ball,102,44.8,332
2019-05-14,Domingo Santana,fly_ball,92.4,46.7,270
2019-05-14,Edwin Encarnacion,fly_ball,98.4,49.4,302
2019-05-14,Tim Beckham,fly_ball,108.6,21.9,425
2019-05-14,Stephen Piscotty,fly_ball,85.5,55.5,216
2019-05-14,Josh Phegley,fly_ball,98.5,38.4,342
2019-05-14,Tom Murphy,fly_ball,103,51.7,280
2019-05-14,Mitch Haniger,fly_ball,106.6,29.9,428
2019-05-14,Edwin Encarnacion,fly_ball,97.8,27,357
2019-05-14,Matt Chapman,fly_ball,96.3,42.8,304
2019-05-14,Matt Olson,fly_ball,87.6,51.9,256
2019-05-14,Tim Beckham,fly_ball,70.5,45.1,209
2019-05-14,J. P. Crawford,fly_ball,72.6,34.6,251
2019-05-14,Eric Sogard,fly_ball,76.2,55.5,207
2019-05-14,Justin Smoak,fly_ball,95.6,35,361
2019-05-14,Jonathan Davis,fly_ball,96.6,39.9,329
2019-05-14,Pablo Sandoval,fly_ball,106.8,28.9,419
2019-05-14,Stephen Vogt,fly_ball,102,42.5,338
2019-05-14,Jonathan Davis,fly_ball,93.5,49.6,278
2019-05-14,Evan Longoria,fly_ball,97,35,356
2019-05-14,Billy McKinney,fly_ball,97.4,24.6,383
2019-05-14,Mitch Garver,fly_ball,90.7,53,249
2019-05-14,Andrelton Simmons,fly_ball,84.9,30.7,325
2019-05-14,Willians Astudillo,fly_ball,86.3,38.9,294
2019-05-14,Jorge Polanco,fly_ball,76.8,40.6,246
2019-05-14,Eddie Rosario,fly_ball,93.1,38.4,335
2019-05-14,Albert Pujols,fly_ball,76.3,23.9,246
2019-05-14,Marwin Gonzalez,fly_ball,96.9,51.6,263
2019-05-14,Jonathan Schoop,fly_ball,93.6,56.6,229
2019-05-14,Jonathan Lucroy,fly_ball,67.5,31.1,227
2019-05-14,Mitch Garver,fly_ball,84.2,57.8,196
2019-05-14,Andrelton Simmons,fly_ball,74.4,39.2,231
2019-05-14,Tommy La Stella,fly_ball,82.5,49,247
2019-05-14,Christian Yelich,fly_ball,103.8,33.9,381
2019-05-14,Andrew McCutchen,fly_ball,96.8,35,334
2019-05-14,Yasmani Grandal,fly_ball,109.2,23.4,399
2019-05-14,Ryan Braun,fly_ball,107.6,21.1,405
2019-05-14,Mike Moustakas,fly_ball,74.2,41.9,245
2019-05-14,Christian Yelich,fly_ball,106.8,41.8,365
2019-05-14,Ryan Braun,fly_ball,92.9,28.7,347
2019-05-14,Mike Moustakas,fly_ball,92.3,31.3,342
2019-05-14,Keston Hiura,fly_ball,76.1,40,248
2019-05-14,Lorenzo Cain,fly_ball,73.7,33.9,241
2019-05-14,Ryan Braun,fly_ball,88,43.1,303
2019-05-14,Cesar Hernandez,fly_ball,85.7,42.4,270
2019-05-14,Ben Gamel,fly_ball,69.9,32.1,229
2019-05-14,Nick Williams,fly_ball,90.7,33.2,327
2019-05-14,Marcell Ozuna,fly_ball,106.1,40.6,372
2019-05-14,Dansby Swanson,fly_ball,98.8,33.5,356
2019-05-14,Ozzie Albies,fly_ball,74.6,47.6,211
2019-05-14,Paul DeJong,fly_ball,89.5,46.6,279
2019-05-14,Dexter Fowler,fly_ball,106.5,26.6,409
2019-05-14,Matt Carpenter,fly_ball,84.2,44,278
2019-05-14,Matt Carpenter,fly_ball,101.8,25,377
2019-05-14,Dansby Swanson,fly_ball,94.9,37.5,335
2019-05-14,Ozzie Albies,fly_ball,77,44.7,233
2019-05-14,Brian McCann,fly_ball,77.3,38.1,264
2019-05-14,Kolten Wong,fly_ball,89.2,35.7,332
2019-05-14,Harrison Bader,fly_ball,69.5,41.1,213
2019-05-14,Matt Wieters,fly_ball,85.2,36.5,318
2019-05-14,Kolten Wong,fly_ball,103.5,22.8,416
2019-05-14,Harrison Bader,fly_ball,100.6,30.9,370
2019-05-14,Roberto Perez,fly_ball,106.4,25,427
2019-05-14,Jason Kipnis,fly_ball,76.8,37,255
2019-05-14,Carlos Sanchez,fly_ball,92.9,30.3,334
2019-05-14,Jake Bauers,fly_ball,108.4,21.5,411
2019-05-14,Francisco Lindor,fly_ball,101.6,27.9,395
2019-05-14,Jordan Luplow,fly_ball,105.1,29.7,399
2019-05-14,Jose Ramirez,fly_ball,104.5,30.7,399
2019-05-14,Francisco Lindor,fly_ball,100.4,32.5,379
2019-05-14,Carlos Santana,fly_ball,99.4,45.8,312
2019-05-14,José Abreu,fly_ball,81.9,29.8,296
2019-05-14,Harold Ramirez,fly_ball,73.7,39.6,236
2019-05-14,Travis d'Arnaud,fly_ball,85.5,46.4,242
2019-05-14,Willy Adames,fly_ball,99.2,50,286
2019-05-14,Ji-Man Choi,fly_ball,102,21.8,378
2019-05-14,Curtis Granderson,fly_ball,76.2,47.2,222
2019-05-14,Neil Walker,fly_ball,66.5,34.7,232
2019-05-15,Gregory Polanco,fly_ball,76.3,48.4,235
2019-05-15,Nick Ahmed,fly_ball,81.8,31.8,273
2019-05-15,Francisco Cervelli,fly_ball,89.6,38.6,307
2019-05-15,Jake Elmore,fly_ball,84.6,38.2,308
2019-05-15,Eduardo Escobar,fly_ball,83.9,30.2,327
2019-05-15,Josh Bell,fly_ball,82.9,32.6,318
2019-05-15,Christian Walker,fly_ball,75.8,39.8,268
2019-05-15,Carson Kelly,fly_ball,98.7,40.7,346
2019-05-15,Blake Swihart,fly_ball,100,34.6,409
2019-05-15,Xander Bogaerts,fly_ball,88.9,44.1,296
2019-05-15,Andrew Benintendi,fly_ball,102.7,34.1,380
2019-05-15,J. D. Martinez,fly_ball,101.5,27.8,393
2019-05-15,Charlie Blackmon,fly_ball,79.6,29.4,293
2019-05-15,Rafael Devers,fly_ball,101.7,31.8,382
2019-05-15,Christian Vazquez,fly_ball,99.2,23.4,343
2019-05-15,Mookie Betts,fly_ball,73.6,53.4,201
2019-05-15,Raimel Tapia,fly_ball,93.9,56.4,223
2019-05-15,Xander Bogaerts,fly_ball,107.5,22.2,419
2019-05-15,Kyle Schwarber,fly_ball,91.2,33.2,317
2019-05-15,Taylor Davis,fly_ball,69.9,27.1,239
2019-05-15,José Iglesias,fly_ball,91.9,35.2,333
2019-05-15,Kris Bryant,fly_ball,94.1,43.3,319
2019-05-15,Albert Almora,fly_ball,99.5,27.6,391
2019-05-15,Derek Dietrich,fly_ball,72.9,30.7,250
2019-05-15,Nick Senzel,fly_ball,80.9,53.8,224
2019-05-15,Albert Almora,fly_ball,100.5,29.1,384
2019-05-15,Daniel Descalso,fly_ball,94.2,34.6,345
2019-05-15,José Iglesias,fly_ball,103.1,25.1,423
2019-05-15,Kyle Schwarber,fly_ball,98.9,30.9,392
2019-05-15,Eugenio Suarez,fly_ball,103.2,34.3,395
2019-05-15,Nick Senzel,fly_ball,88.2,42.9,299
2019-05-15,Yasiel Puig,fly_ball,101.3,23.5,383
2019-05-15,Alex Bregman,fly_ball,100,24.6,372
2019-05-15,Josh Reddick,fly_ball,70.1,30.7,234
2019-05-15,Ronny Rodriguez,fly_ball,94.9,52.8,249
2019-05-15,Yuli Gurriel,fly_ball,86,37.6,290
2019-05-15,Josh Harrison,fly_ball,96.7,37.5,348
2019-05-15,JaCoby Jones,fly_ball,107.4,28.3,436
2019-05-15,Robinson Chirinos,fly_ball,85,24.8,275
2019-05-15,George Springer,fly_ball,105.9,42,361
2019-05-15,Josh Harrison,fly_ball,97.8,23.7,381
2019-05-15,Alex Bregman,fly_ball,94.8,44,298
2019-05-15,Christin Stewart,fly_ball,85.7,34.7,322
2019-05-15,Jeimer Candelario,fly_ball,81.6,29.6,299
2019-05-15,Brandon Dixon,fly_ball,95.5,31,359
2019-05-15,Josh Reddick,fly_ball,98.2,35.2,358
2019-05-15,Robinson Chirinos,fly_ball,74.3,40,243
2019-05-15,Willie Calhoun,fly_ball,103.6,26.3,418
2019-05-15,Whit Merrifield,fly_ball,81.1,54.4,229
2019-05-15,Nicky Lopez,fly_ball,86.7,28,319
2019-05-15,Nicky Lopez,fly_ball,83,31,288
2019-05-15,Nomar Mazara,fly_ball,101,31,401
2019-05-15,Ronald Guzman,fly_ball,101.9,23.7,416
2019-05-15,Nomar Mazara,fly_ball,79.8,21.9,249
2019-05-15,Logan Forsythe,fly_ball,99,29.2,404
2019-05-15,Ronald Guzman,fly_ball,76.9,44.8,255
2019-05-15,Shin-Soo Choo,fly_ball,107.9,20.7,431
2019-05-15,Rougned Odor,fly_ball,78.7,32,290
2019-05-15,Billy Hamilton,fly_ball,81.9,31.8,283
2019-05-15,Manny Machado,fly_ball,75.2,38.4,250
2019-05-15,Cody Bellinger,fly_ball,98.5,31.9,370
2019-05-15,Kenta Maeda,fly_ball,66.5,44.1,199
2019-05-15,David Freese,fly_ball,99.8,26,363
2019-05-15,Manny Machado,fly_ball,98.9,27,360
2019-05-15,Austin Allen,fly_ball,76,46.3,234
2019-05-15,Chris Taylor,fly_ball,83.2,47.3,249
2019-05-15,Manny Machado,fly_ball,79.8,31.2,294
2019-05-15,Alex Verdugo,fly_ball,92.4,37.6,314
2019-05-15,Max Muncy,fly_ball,82.6,27.9,307
2019-05-15,Adam Eaton,fly_ball,94.1,31.1,351
2019-05-15,Victor Robles,fly_ball,102.4,31.4,390
2019-05-15,Anthony Rendon,fly_ball,104.7,22.3,378
2019-05-15,Juan Soto,fly_ball,94.3,37.8,328
2019-05-15,Brian Dozier,fly_ball,96.3,24.8,378
2019-05-15,Wilmer Difo,fly_ball,71.1,39.2,236
2019-05-15,Wilson Ramos,fly_ball,73.6,37.2,250
2019-05-15,Yan Gomes,fly_ball,92.8,58.4,210
2019-05-15,Wilson Ramos,fly_ball,93,48.2,261
2019-05-15,Anthony Rendon,fly_ball,97.7,31.6,349
2019-05-15,Michael Conforto,fly_ball,100.8,35.7,361
2019-05-15,Randal Grichuk,fly_ball,95.9,43.7,326
2019-05-15,Mac Williamson,fly_ball,93.6,55.9,237
2019-05-15,Kevin Pillar,fly_ball,82.1,31.6,254
2019-05-15,Aramis Garcia,fly_ball,102.7,31.8,404
2019-05-15,Freddy Galvis,fly_ball,95.7,36.4,337
2019-05-15,Mac Williamson,fly_ball,88,43.6,288
2019-05-15,Brandon Crawford,fly_ball,99.9,28.7,391
2019-05-15,Freddy Galvis,fly_ball,80.7,33.1,277
2019-05-15,Max Kepler,fly_ball,92.8,43.3,304
2019-05-15,David Fletcher,fly_ball,81.4,36.9,249
2019-05-15,Jared Walsh,fly_ball,86.8,53.4,236
2019-05-15,Jason Castro,fly_ball,97.3,35.2,355
2019-05-15,Tommy La Stella,fly_ball,99.9,31.8,376
2019-05-15,Jonathan Lucroy,fly_ball,75,26.5,268
2019-05-15,Willians Astudillo,fly_ball,83.3,31.8,294
2019-05-15,Luis Rengifo,fly_ball,79.7,52.2,232
2019-05-15,Byron Buxton,fly_ball,105.2,32,393
2019-05-15,Jorge Polanco,fly_ball,101.6,26.6,391
2019-05-15,Willians Astudillo,fly_ball,88.9,40.7,303
2019-05-15,Jonathan Lucroy,fly_ball,105.2,22.5,434
2019-05-15,Tommy La Stella,fly_ball,93.1,24.9,354
2019-05-15,Jason Castro,fly_ball,107.6,24.1,425
2019-05-15,Brian Goodwin,fly_ball,98.2,38.1,350
2019-05-15,Max Kepler,fly_ball,86.7,36.8,290
2019-05-15,Jean Segura,fly_ball,103.1,30.4,405
2019-05-15,Bryce Harper,fly_ball,105.9,36.3,383
2019-05-15,Keston Hiura,fly_ball,71.8,36.6,226
2019-05-15,Jean Segura,fly_ball,77,39.9,246
2019-05-15,Rhys Hoskins,fly_ball,87.7,37.2,306
2019-05-15,Philip Gosselin,fly_ball,87,52.2,254
2019-05-15,Andrew McCutchen,fly_ball,99.3,45,333
2019-05-15,Yasmani Grandal,fly_ball,74.8,25.6,233
2019-05-15,Eric Thames,fly_ball,86.4,31.5,325
2019-05-15,Rhys Hoskins,fly_ball,101.2,42.6,339
2019-05-15,Marcell Ozuna,fly_ball,76.9,38.4,270
2019-05-15,Yadier Molina,fly_ball,96.4,29.4,379
2019-05-15,Dansby Swanson,fly_ball,93.2,55.9,228
2019-05-15,Austin Riley,fly_ball,109.1,26.5,438
2019-05-15,Ozzie Albies,fly_ball,90.1,30.8,341
2019-05-15,Freddie Freeman,fly_ball,80.8,34.3,304
2019-05-15,Matt Carpenter,fly_ball,79.3,42.9,277
2019-05-15,Austin Riley,fly_ball,95.2,33.3,363
2019-05-15,Dexter Fowler,fly_ball,94.3,32.5,351
2019-05-15,Jedd Gyorko,fly_ball,101.1,40.2,360
2019-05-15,Matthew Joyce,fly_ball,93,46.8,289
2019-05-15,Austin Meadows,fly_ball,93.5,23.8,356
2019-05-15,Kevin Kiermaier,fly_ball,82,35.5,305
2019-05-15,Andrew Velazquez,fly_ball,95.8,36.3,353
2019-05-15,Brandon Lowe,fly_ball,89.2,51.1,272
2019-05-15,Neil Walker,fly_ball,73.3,42.7,240
2019-05-15,Austin Meadows,fly_ball,79.4,36.9,280
2019-05-15,Tommy Pham,fly_ball,99.1,23.9,386
2019-05-15,Brandon Lowe,fly_ball,80.3,54.2,204
2019-05-15,Starlin Castro,fly_ball,86.3,47.8,254
2019-05-15,Jorge Alfaro,fly_ball,88.9,26.6,327
2019-05-15,Curtis Granderson,fly_ball,85.7,50.1,245
2019-05-15,Dwight Smith,fly_ball,81.5,30.5,281
2019-05-15,Clint Frazier,fly_ball,102,34.5,364
2019-05-15,Pedro Severino,fly_ball,100.1,30.1,379
2019-05-15,Gleyber Torres,fly_ball,104.9,26.6,432
2019-05-15,Kendrys Morales,fly_ball,90.1,56.5,231
2019-05-15,Joey Rickard,fly_ball,87.7,40.2,293
2019-05-15,Jonathan Villar,fly_ball,86.6,38.5,302
2019-05-15,Trey Mancini,fly_ball,99.4,26.7,398
2019-05-15,Gleyber Torres,fly_ball,108,27.5,427
2019-05-15,Gio Urshela,fly_ball,96.8,38.9,339
2019-05-15,Cameron Maybin,fly_ball,97.1,30.4,355
2019-05-15,Renato Nunez,fly_ball,107.2,33.7,403
2019-05-15,Hanser Alberto,fly_ball,99.7,40.8,337
2019-05-15,Gleyber Torres,fly_ball,93.5,28.1,351
2019-05-15,Gio Urshela,fly_ball,96.2,39.8,323
2019-05-15,DJ LeMahieu,fly_ball,97,31.5,369
2019-05-15,Gleyber Torres,fly_ball,88.6,39.9,313
2019-05-15,Brett Gardner,fly_ball,90.3,44.4,295
2019-05-15,Joey Rickard,fly_ball,90.2,30.7,298
2019-05-16,Nick Senzel,fly_ball,89.7,31,345
2019-05-16,Joey Votto,fly_ball,91.5,36,330
2019-05-16,Jose Quintana,fly_ball,66.8,37.3,209
2019-05-16,Nick Senzel,fly_ball,89.2,41.3,305
2019-05-16,Yasiel Puig,fly_ball,85.8,47.6,281
2019-05-16,Mark Zagunis,fly_ball,94.8,35.4,348
2019-05-16,Kris Bryant,fly_ball,85,39.3,292
2019-05-16,Jose Peraza,fly_ball,96.5,34.2,356
2019-05-16,Kyle Farmer,fly_ball,87.7,36.8,331
2019-05-16,Francisco Lindor,fly_ball,94.5,31.2,360
2019-05-16,Jason Kipnis,fly_ball,104.7,28.5,403
2019-05-16,Jose Ramirez,fly_ball,98.1,44.9,316
2019-05-16,Renato Nunez,fly_ball,78.9,42.9,249
2019-05-16,Rio Ruiz,fly_ball,102.2,25.1,427
2019-05-16,Pedro Severino,fly_ball,80.4,31.3,306
2019-05-16,Jake Bauers,fly_ball,94.9,40.5,338
2019-05-16,Roberto Perez,fly_ball,83.8,50.1,251
2019-05-16,Trey Mancini,fly_ball,102.2,26.2,385
2019-05-16,Jason Kipnis,fly_ball,93.8,38.4,342
2019-05-16,Pedro Severino,fly_ball,90.9,55.1,232
2019-05-16,Leonys Martín,fly_ball,89.1,37.4,326
2019-05-16,Francisco Lindor,fly_ball,94.4,34.6,332
2019-05-16,Jason Kipnis,fly_ball,103.5,37.8,379
2019-05-16,Stevie Wilkerson,fly_ball,93.6,35,348
2019-05-16,Jordan Luplow,fly_ball,83.4,37.7,305
2019-05-16,Rio Ruiz,fly_ball,80.9,41.3,291
2019-05-16,Stevie Wilkerson,fly_ball,87.7,39.5,299
2019-05-16,Oscar Mercado,fly_ball,95.1,42.5,327
2019-05-16,Khris Davis,fly_ball,98.6,24.7,348
2019-05-16,Ronny Rodriguez,fly_ball,107.5,23.2,383
2019-05-16,Jurickson Profar,fly_ball,97.2,28.5,355
2019-05-16,Niko Goodrum,fly_ball,83.9,36.2,299
2019-05-16,Matt Chapman,fly_ball,80.8,33.8,275
2019-05-16,Jurickson Profar,fly_ball,84.8,33,300
2019-05-16,Dawel Lugo,fly_ball,89.5,30.7,289
2019-05-16,Josh Phegley,fly_ball,102.8,27.8,406
2019-05-16,Matt Olson,fly_ball,102.4,30.8,393
2019-05-16,Nick Castellanos,fly_ball,87.7,40.2,289
2019-05-16,Marcus Semien,fly_ball,104.9,28.3,397
2019-05-16,Dawel Lugo,fly_ball,74.4,40.6,237
2019-05-16,Jurickson Profar,fly_ball,90.6,41.4,302
2019-05-16,Christin Stewart,fly_ball,84,31.4,315
2019-05-16,Mark Canha,fly_ball,105.9,30.3,419
2019-05-16,Gordon Beckham,fly_ball,99.7,26.6,346
2019-05-16,Josh Harrison,fly_ball,70.9,26.1,226
2019-05-16,Dawel Lugo,fly_ball,101.8,24.4,366
2019-05-16,Danny Santana,fly_ball,84.4,41.6,289
2019-05-16,Hunter Dozier,fly_ball,87,32.4,346
2019-05-16,Rougned Odor,fly_ball,92,35.9,343
2019-05-16,Joey Gallo,fly_ball,105.6,42.7,402
2019-05-16,Ryan O'Hearn,fly_ball,93.2,31.8,347
2019-05-16,Danny Santana,fly_ball,68.8,35,243
2019-05-16,Hunter Pence,fly_ball,100.8,40.2,360
2019-05-16,Whit Merrifield,fly_ball,79.1,43.8,256
2019-05-16,Willie Calhoun,fly_ball,102.6,30.9,424
2019-05-16,Ryan O'Hearn,fly_ball,93.8,37.9,351
2019-05-16,Cam Gallagher,fly_ball,76.2,39.3,250
2019-05-16,Joey Gallo,fly_ball,103.3,25.3,400
2019-05-16,Rougned Odor,fly_ball,105.8,27.1,423
2019-05-16,Danny Santana,fly_ball,100.4,45.2,333
2019-05-16,Adalberto Mondesi,fly_ball,89.5,35,340
2019-05-16,Hunter Pence,fly_ball,109.2,22.4,456
2019-05-16,Ronald Guzman,fly_ball,91.9,53.1,256
2019-05-16,Willie Calhoun,fly_ball,90.5,32.2,370
2019-05-16,Victor Robles,fly_ball,83.7,48.5,227
2019-05-16,Anthony Rendon,fly_ball,91.9,45.9,293
2019-05-16,Michael Conforto,fly_ball,103.7,37,380
2019-05-16,Juan Soto,fly_ball,92.2,32.3,346
2019-05-16,Gerardo Parra,fly_ball,67.6,27.1,205
2019-05-16,Tomas Nido,fly_ball,98.6,24.9,370
2019-05-16,Gerardo Parra,fly_ball,98.7,26.5,375
2019-05-16,Keon Broxton,fly_ball,71.1,38,252
2019-05-16,Brandon Nimmo,fly_ball,83.1,34.1,306
2019-05-16,Pete Alonso,fly_ball,88.3,29.7,338
2019-05-16,Adam Eaton,fly_ball,81.6,56,220
2019-05-16,Anthony Rendon,fly_ball,85.3,34.9,313
2019-05-16,Todd Frazier,fly_ball,100.6,22.8,377
2019-05-16,Josh Bell,fly_ball,98.5,26.7,370
2019-05-16,Jake Elmore,fly_ball,73.8,43,244
2019-05-16,Franmil Reyes,fly_ball,102.1,23.7,404
2019-05-16,Eric Hosmer,fly_ball,95.9,35.1,355
2019-05-16,Gregory Polanco,fly_ball,74.4,47.7,220
2019-05-16,Alex Dickerson,fly_ball,95.2,30.3,339
2019-05-16,Gregory Polanco,fly_ball,81.5,33.5,287
2019-05-16,Alex Dickerson,fly_ball,92.4,30.3,314
2019-05-16,Ian Kinsler,fly_ball,100.6,24.9,370
2019-05-16,Starling Marte,fly_ball,100.4,39.7,348
2019-05-16,Gregory Polanco,fly_ball,107.8,22.5,423
2019-05-16,Kevin Newman,fly_ball,88.7,36.5,300
2019-05-16,Cole Tucker,fly_ball,96,35.5,343
2019-05-16,Dee Gordon,fly_ball,81.5,43.6,267
2019-05-16,Domingo Santana,fly_ball,94.3,36.2,343
2019-05-16,Ryon Healy,fly_ball,104.3,35.3,396
2019-05-16,Jason Castro,fly_ball,104.6,27.1,423
2019-05-16,Jorge Polanco,fly_ball,87.6,33.8,312
2019-05-16,J. P. Crawford,fly_ball,90.8,40.9,308
2019-05-16,Mallex Smith,fly_ball,100.5,27.4,398
2019-05-16,Dee Gordon,fly_ball,86.2,49.9,270
2019-05-16,Byron Buxton,fly_ball,104,24.9,415
2019-05-16,Dan Vogelbach,fly_ball,94.5,45.3,293
2019-05-16,Ryon Healy,fly_ball,103.9,28.7,402
2019-05-16,Jorge Polanco,fly_ball,86.3,49.1,260
2019-05-16,Edwin Encarnacion,fly_ball,97.9,43.6,320
2019-05-16,Dan Vogelbach,fly_ball,82,48.2,244
2019-05-16,Mallex Smith,fly_ball,84.7,47.4,251
2019-05-16,Dan Vogelbach,fly_ball,104,31.5,399
2019-05-16,Jason Castro,fly_ball,71.1,32.2,233
2019-05-16,Byron Buxton,fly_ball,88.1,50.3,247
2019-05-16,Ryon Healy,fly_ball,87.1,53.7,238
2019-05-16,Mallex Smith,fly_ball,87.3,53.5,257
2019-05-16,Christian Yelich,fly_ball,108.2,27.9,428
2019-05-16,Mike Moustakas,fly_ball,92.7,35.3,333
2019-05-16,Bryce Harper,fly_ball,103.8,43.2,345
2019-05-16,Jean Segura,fly_ball,104.4,29.3,411
2019-05-16,Keston Hiura,fly_ball,101.8,35,381
2019-05-16,Cesar Hernandez,fly_ball,74.6,49.5,224
2019-05-16,Rhys Hoskins,fly_ball,91.6,44.2,298
2019-05-16,Orlando Arcia,fly_ball,87.9,35.7,302
2019-05-16,Yasmani Grandal,fly_ball,92.6,40.6,314
2019-05-16,Orlando Arcia,fly_ball,99.5,47.5,325
2019-05-16,Cesar Hernandez,fly_ball,88.3,29.6,336
2019-05-16,Yasmani Grandal,fly_ball,100.9,30.7,392
2019-05-16,Maikel Franco,fly_ball,89,50.3,259
2019-05-16,Andrew McCutchen,fly_ball,92.1,31,316
2019-05-16,Christian Yelich,fly_ball,102.7,29.6,401
2019-05-16,Mike Moustakas,fly_ball,99.4,25.3,387
2019-05-16,Yasmani Grandal,fly_ball,94.6,58.6,214
2019-05-16,Andrew Knapp,fly_ball,86.7,34.7,301
2019-05-16,Yadier Molina,fly_ball,88.5,34.4,336
2019-05-16,Dansby Swanson,fly_ball,88.1,36.9,325
2019-05-16,Dansby Swanson,fly_ball,93.1,35.6,358
2019-05-16,Jedd Gyorko,fly_ball,93.7,55.1,250
2019-05-16,Matt Carpenter,fly_ball,82.7,32.6,283
2019-05-16,Marcell Ozuna,fly_ball,109.4,31.9,439
2019-05-16,Dansby Swanson,fly_ball,92.1,31,321
2019-05-16,Yadier Molina,fly_ball,69.9,45.3,217
2019-05-16,Matt Carpenter,fly_ball,100.4,32.8,398
2019-05-16,Freddie Freeman,fly_ball,105.6,34.6,427
2019-05-16,Josh Donaldson,fly_ball,98.6,51.5,265
2019-05-16,Touki Toussaint,fly_ball,101.1,30.7,385
2019-05-16,Dexter Fowler,fly_ball,101.5,23.7,403
2019-05-16,Kolten Wong,fly_ball,94.4,34.1,342
2019-05-16,Randal Grichuk,fly_ball,103,25.5,398
2019-05-16,José Abreu,fly_ball,89.2,54.5,239
2019-05-16,Freddy Galvis,fly_ball,104.7,22,396
2019-05-16,Brandon Drury,fly_ball,69.2,26.2,215
2019-05-16,Billy McKinney,fly_ball,90.7,33,304
2019-05-16,Carlos Sanchez,fly_ball,96.6,28.1,340
2019-05-16,Billy McKinney,fly_ball,89.4,41.6,306
2019-05-16,Vladimir Guerrero,fly_ball,86.6,37.6,305
2019-05-17,Mike Trout,fly_ball,104.6,39.7,359
2019-05-17,Martin Maldonado,fly_ball,83.3,47.2,250
2019-05-17,Chris Owings,fly_ball,86.6,36.6,305
2019-05-17,Joe Panik,fly_ball,96.7,38,353
2019-05-17,Brandon Belt,fly_ball,91.4,42.2,314
2019-05-17,Jarrod Dyson,fly_ball,72.4,36.6,261
2019-05-17,Brandon Crawford,fly_ball,81.8,37.1,307
2019-05-17,Kevin Pillar,fly_ball,94.4,31.8,344
2019-05-17,Adam Jones,fly_ball,70,38.1,214
2019-05-17,Ketel Marte,fly_ball,82.6,47,262
2019-05-17,Christian Walker,fly_ball,96.5,31.8,384
2019-05-17,Steven Duggar,fly_ball,69,39.4,236
2019-05-17,Eduardo Escobar,fly_ball,79.8,34.3,293
2019-05-17,David Peralta,fly_ball,104,27.5,419
2019-05-17,Merrill Kelly,fly_ball,81.1,32.4,298
2019-05-17,Steven Duggar,fly_ball,94.8,28.9,353
2019-05-17,Eduardo Escobar,fly_ball,93.7,45.3,313
2019-05-17,Carlos Correa,fly_ball,90.2,28.6,312
2019-05-17,J. D. Martinez,fly_ball,92.4,32.6,298
2019-05-17,Josh Reddick,fly_ball,87.6,53,250
2019-05-17,Michael Brantley,fly_ball,102,39.6,361
2019-05-17,Mitch Moreland,fly_ball,101.2,56.7,252
2019-05-17,Carlos Correa,fly_ball,82.3,36.9,310
2019-05-17,Josh Reddick,fly_ball,89.9,32.6,348
2019-05-17,Josh Reddick,fly_ball,77.6,43,249
2019-05-17,Mookie Betts,fly_ball,101.1,23.8,370
2019-05-17,George Springer,fly_ball,106.3,33.1,395
2019-05-17,Alex Bregman,fly_ball,99.3,52.6,276
2019-05-17,Josh Reddick,fly_ball,73.4,27.1,261
2019-05-17,Xander Bogaerts,fly_ball,86.6,33,325
2019-05-17,Joc Pederson,fly_ball,98.1,45.6,329
2019-05-17,Max Muncy,fly_ball,73.4,31.1,257
2019-05-17,Justin Turner,fly_ball,95.5,41.9,330
2019-05-17,Corey Seager,fly_ball,96.3,31.7,361
2019-05-17,Alex Verdugo,fly_ball,103.8,21.9,394
2019-05-17,Austin Barnes,fly_ball,87.7,50.6,261
2019-05-17,Joc Pederson,fly_ball,97.8,26.7,355
2019-05-17,Max Muncy,fly_ball,101.9,28.9,392
2019-05-17,Curt Casali,fly_ball,90.1,39.5,319
2019-05-17,Joey Votto,fly_ball,93.2,45.6,306
2019-05-17,Max Muncy,fly_ball,88.9,28.4,350
2019-05-17,Jose Peraza,fly_ball,93.9,23.4,363
2019-05-17,Dwight Smith,fly_ball,81,34.7,280
2019-05-17,Trey Mancini,fly_ball,93.9,27.6,347
2019-05-17,Jonathan Villar,fly_ball,101.9,34,378
2019-05-17,Kevin Plawecki,fly_ball,86.7,48,267
2019-05-17,Stevie Wilkerson,fly_ball,97.2,29.7,400
2019-05-17,Renato Nunez,fly_ball,88.4,41.1,305
2019-05-17,Trey Mancini,fly_ball,99.3,39.2,346
2019-05-17,Carlos Santana,fly_ball,86.1,41.4,293
2019-05-17,Trey Mancini,fly_ball,104.8,30,384
2019-05-17,Rio Ruiz,fly_ball,92.2,54.1,248
2019-05-17,Matt Chapman,fly_ball,98.7,51,285
2019-05-17,Ronny Rodriguez,fly_ball,80.9,30.4,295
2019-05-17,Mark Canha,fly_ball,82.6,40.7,269
2019-05-17,Khris Davis,fly_ball,88.9,34.3,305
2019-05-17,Marcus Semien,fly_ball,91.5,41.5,311
2019-05-17,Stephen Piscotty,fly_ball,88.8,49,261
2019-05-17,Chad Pinder,fly_ball,108.1,29.6,437
2019-05-17,Nick Castellanos,fly_ball,80,46.5,225
2019-05-17,Matt Olson,fly_ball,87.2,44.5,278
2019-05-17,Matt Chapman,fly_ball,95.9,50.3,278
2019-05-17,Daniel Descalso,fly_ball,96.4,25.4,355
2019-05-17,Cole Hamels,fly_ball,94.8,31.8,366
2019-05-17,Trea Turner,fly_ball,93.4,32,362
2019-05-17,Anthony Rendon,fly_ball,106.8,30.6,426
2019-05-17,Trea Turner,fly_ball,72,30.8,253
2019-05-17,Kris Bryant,fly_ball,99.7,30.9,401
2019-05-17,Jason Heyward,fly_ball,94.2,33.4,356
2019-05-17,Michael Taylor,fly_ball,104.4,36.8,375
2019-05-17,Addison Russell,fly_ball,94.7,40.4,318
2019-05-17,Kyle Schwarber,fly_ball,100.4,26.6,385
2019-05-17,Kris Bryant,fly_ball,102.3,37.9,383
2019-05-17,Trea Turner,fly_ball,92.7,41.4,323
2019-05-17,Addison Russell,fly_ball,95.9,30.3,329
2019-05-17,Franmil Reyes,fly_ball,109.9,27.4,420
2019-05-17,Elias Diaz,fly_ball,78.7,30.1,257
2019-05-17,Franmil Reyes,fly_ball,98.5,50.3,280
2019-05-17,Bryan Reynolds,fly_ball,103.2,24.1,415
2019-05-17,Starling Marte,fly_ball,92.4,28.1,322
2019-05-17,Ty France,fly_ball,103,29.6,402
2019-05-17,Jorge Polanco,fly_ball,97.8,32.2,367
2019-05-17,Max Kepler,fly_ball,96.2,32.9,361
2019-05-17,Ehire Adrianza,fly_ball,102.2,27.6,414
2019-05-17,Byron Buxton,fly_ball,92.5,55.5,219
2019-05-17,Jonathan Schoop,fly_ball,93.2,36.8,334
2019-05-17,Mitch Haniger,fly_ball,74.3,41.5,233
2019-05-17,Ehire Adrianza,fly_ball,98.3,33.4,357
2019-05-17,Domingo Santana,fly_ball,85.7,46.8,262
2019-05-17,J. P. Crawford,fly_ball,82.5,43.2,269
2019-05-17,Marcell Ozuna,fly_ball,99.1,39.8,348
2019-05-17,Kolten Wong,fly_ball,88.1,29.1,299
2019-05-17,Rougned Odor,fly_ball,105.3,22.9,412
2019-05-17,Yadier Molina,fly_ball,96.1,33.2,366
2019-05-17,Rougned Odor,fly_ball,81.2,41.6,282
2019-05-17,Hunter Pence,fly_ball,99.2,50,305
2019-05-17,Jose Martinez,fly_ball,96.4,30.9,342
2019-05-17,Asdrubal Cabrera,fly_ball,93.4,53.7,261
2019-05-17,Logan Forsythe,fly_ball,96.7,28.2,383
2019-05-17,Harrison Bader,fly_ball,97.8,36,357
2019-05-17,Charlie Blackmon,fly_ball,85.2,32,321
2019-05-17,Mark Reynolds,fly_ball,90.8,41.1,314
2019-05-17,J. T. Realmuto,fly_ball,91.3,44,299
2019-05-17,Andrew McCutchen,fly_ball,106.8,30.7,418
2019-05-17,Jean Segura,fly_ball,92.2,33.3,337
2019-05-17,Brendan Rodgers,fly_ball,90.3,57.5,234
2019-05-17,Trevor Story,fly_ball,98.3,36.7,363
2019-05-17,Mark Reynolds,fly_ball,94.4,27.9,371
2019-05-17,Ian Desmond,fly_ball,106.1,24.8,422
2019-05-17,Odubel Herrera,fly_ball,81.7,31.6,283
2019-05-17,Tony Wolters,fly_ball,74.1,31.4,245
2019-05-17,Jean Segura,fly_ball,95.1,25.5,342
2019-05-17,Daniel Murphy,fly_ball,89.6,56.7,222
2019-05-17,Ozzie Albies,fly_ball,85.8,28.7,315
2019-05-17,Freddie Freeman,fly_ball,107.7,31.7,433
2019-05-17,Max Fried,fly_ball,98.5,38.1,363
2019-05-17,Dansby Swanson,fly_ball,95.1,51.5,268
2019-05-17,Freddie Freeman,fly_ball,96.8,37.5,369
2019-05-17,Keston Hiura,fly_ball,84.3,32.8,309
2019-05-17,Austin Riley,fly_ball,67.3,46.4,190
2019-05-17,Christian Yelich,fly_ball,99,41.3,339
2019-05-17,Dansby Swanson,fly_ball,104.4,35,407
2019-05-17,Josh Donaldson,fly_ball,101.7,25,405
2019-05-17,Tyler Flowers,fly_ball,109,22.6,437
2019-05-17,Jacob Nottingham,fly_ball,89.2,35.1,321
2019-05-17,Jesus Aguilar,fly_ball,83,45.4,257
2019-05-17,Jacob Nottingham,fly_ball,98.7,36.5,362
2019-05-17,Hernan Perez,fly_ball,84.3,40,293
2019-05-17,Justin Smoak,fly_ball,104.5,36.1,398
2019-05-17,Danny Jansen,fly_ball,103.2,26.2,407
2019-05-17,Rowdy Tellez,fly_ball,88.8,34.9,316
2019-05-17,Brandon Drury,fly_ball,102.6,28.2,388
2019-05-17,Vladimir Guerrero,fly_ball,104,23.9,407
2019-05-17,Charlie Tilson,fly_ball,90.7,30.1,324
2019-05-17,Billy McKinney,fly_ball,79.8,32.5,283
2019-05-17,Yonder Alonso,fly_ball,94.8,34.1,329
2019-05-17,Tim Anderson,fly_ball,93.4,34.7,329
2019-05-17,Freddy Galvis,fly_ball,88.4,35.5,301
2019-05-17,Danny Jansen,fly_ball,66.7,28.4,186
2019-05-17,Yonder Alonso,fly_ball,99.4,45.4,319
2019-05-17,Nick Delmonico,fly_ball,94.7,40.6,324
2019-05-17,Brandon Nimmo,fly_ball,96.6,38.5,343
2019-05-17,Jon Berti,fly_ball,86.3,28.5,318
2019-05-17,Brian Anderson,fly_ball,79.7,32.9,298
2019-05-17,Pete Alonso,fly_ball,105.6,21.1,417
2019-05-17,Todd Frazier,fly_ball,94.9,33,340
2019-05-17,Pete Alonso,fly_ball,92.1,27.2,326
2019-05-17,Neil Walker,fly_ball,92.6,26.4,360
2019-05-17,Robinson Cano,fly_ball,88.8,34.9,327
2019-05-17,Jorge Alfaro,fly_ball,110,20.9,456
2019-05-17,Pete Alonso,fly_ball,88.7,47.5,266
2019-05-17,J. D. Davis,fly_ball,106,25.5,417
2019-05-17,Starlin Castro,fly_ball,97.6,30.4,349
2019-05-17,Pete Alonso,fly_ball,104.9,27.2,419
2019-05-17,Pete Alonso,fly_ball,85.9,42.4,296
2019-05-17,Wilson Ramos,fly_ball,103,23.1,387
2019-05-17,DJ LeMahieu,fly_ball,94.3,44.7,305
2019-05-17,Luke Voit,fly_ball,98.7,49.7,293
2019-05-17,Daniel Robertson,fly_ball,83.8,29.5,313
2019-05-17,Kendrys Morales,fly_ball,108.4,31.1,417
2019-05-17,Aaron Hicks,fly_ball,87.4,43.6,284
2019-05-17,Willy Adames,fly_ball,94,30.1,359
2019-05-17,Daniel Robertson,fly_ball,86.4,57.9,224
2019-05-17,Gary Sanchez,fly_ball,93.6,36.3,344
2019-05-17,Yandy Díaz,fly_ball,98.6,25.5,383
2019-05-17,Willy Adames,fly_ball,98,36.9,349
2019-05-17,Gary Sanchez,fly_ball,87.5,36.6,306
2019-05-17,Daniel Robertson,fly_ball,88.4,31.6,309
2019-05-17,Luke Voit,fly_ball,103.6,30.7,398
2019-05-18,Nicky Lopez,fly_ball,83.1,50.1,232
2019-05-18,Alex Gordon,fly_ball,90.8,42.5,301
2019-05-18,Hunter Dozier,fly_ball,95,49.4,278
2019-05-18,Kole Calhoun,fly_ball,73.4,38.1,238
2019-05-18,David Fletcher,fly_ball,82.2,34.9,293
2019-05-18,Billy Hamilton,fly_ball,75.9,35.9,256
2019-05-18,Mike Trout,fly_ball,90.5,30.8,358
2019-05-18,Shohei Ohtani,fly_ball,81.6,36.3,296
2019-05-18,Whit Merrifield,fly_ball,93.2,35.9,350
2019-05-18,Martin Maldonado,fly_ball,81.5,38.4,277
2019-05-18,Brian Goodwin,fly_ball,93.6,47.7,291
2019-05-18,Adalberto Mondesi,fly_ball,95.7,37.5,334
2019-05-18,Shohei Ohtani,fly_ball,111,39.4,393
2019-05-18,Kole Calhoun,fly_ball,86.7,39.4,303
2019-05-18,Hunter Dozier,fly_ball,88.7,54.1,237
2019-05-18,Adalberto Mondesi,fly_ball,68.4,27.9,216
2019-05-18,Brandon Belt,fly_ball,101.6,29.4,400
2019-05-18,Evan Longoria,fly_ball,70.5,28,237
2019-05-18,Ketel Marte,fly_ball,85.3,40.5,301
2019-05-18,Wilmer Flores,fly_ball,99.5,28.4,397
2019-05-18,Carson Kelly,fly_ball,79.7,35.9,296
2019-05-18,Adam Jones,fly_ball,99.8,27.8,372
2019-05-18,Eduardo Escobar,fly_ball,97.3,57.2,235
2019-05-18,Christian Walker,fly_ball,99.9,50.3,302
2019-05-18,Blake Swihart,fly_ball,83.9,38.8,304
2019-05-18,Wilmer Flores,fly_ball,85.8,35.3,294
2019-05-18,Brandon Belt,fly_ball,104.2,25.5,410
2019-05-18,Carson Kelly,fly_ball,97.7,30.7,385
2019-05-18,George Springer,fly_ball,103.3,24.4,398
2019-05-18,Michael Brantley,fly_ball,100.1,22.8,376
2019-05-18,Josh Reddick,fly_ball,77.4,31.8,265
2019-05-18,Rafael Devers,fly_ball,88.6,28.3,303
2019-05-18,George Springer,fly_ball,93.7,28.7,350
2019-05-18,Michael Brantley,fly_ball,70.1,27.8,217
2019-05-18,J. D. Martinez,fly_ball,96.1,46.2,308
2019-05-18,Mitch Moreland,fly_ball,95.7,39.8,333
2019-05-18,Christian Vazquez,fly_ball,95.9,39.5,311
2019-05-18,Jackie Bradley,fly_ball,74.2,27.2,256
2019-05-18,Josh Reddick,fly_ball,105.9,22.3,409
2019-05-18,J. D. Martinez,fly_ball,95.5,26.3,357
2019-05-18,Yuli Gurriel,fly_ball,94.8,35.7,338
2019-05-18,Michael Chavis,fly_ball,95.6,32.5,334
2019-05-18,Andrew Benintendi,fly_ball,96.1,26.5,365
2019-05-18,Josh Reddick,fly_ball,75.9,54.5,200
2019-05-18,Xander Bogaerts,fly_ball,98.3,38.7,334
2019-05-18,Corey Seager,fly_ball,92.5,27.3,343
2019-05-18,Jesse Winker,fly_ball,103.9,32.3,394
2019-05-18,Joc Pederson,fly_ball,89.4,49.2,263
2019-05-18,Joey Votto,fly_ball,81.1,48.4,249
2019-05-18,Eugenio Suarez,fly_ball,85.5,32.6,302
2019-05-18,Jesse Winker,fly_ball,93.4,25.7,365
2019-05-18,José Iglesias,fly_ball,86.7,44.5,290
2019-05-18,Joc Pederson,fly_ball,86.7,43.9,267
2019-05-18,Chris Taylor,fly_ball,81.8,45.7,257
2019-05-18,Carlos Santana,fly_ball,87.8,55.7,227
2019-05-18,Pedro Severino,fly_ball,93.9,30.4,339
2019-05-18,Francisco Lindor,fly_ball,89.6,33.9,313
2019-05-18,Chris Davis,fly_ball,95.1,30.2,379
2019-05-18,Carlos Santana,fly_ball,102.6,20.7,401
2019-05-18,Jordan Luplow,fly_ball,98.3,34,389
2019-05-18,Pedro Severino,fly_ball,71.3,28.2,250
2019-05-18,Jake Bauers,fly_ball,90.1,51.9,260
2019-05-18,Richie Martin,fly_ball,88.5,49.5,265
2019-05-18,Carlos Santana,fly_ball,105.1,29,426
2019-05-18,Dawel Lugo,fly_ball,85.6,42.5,273
2019-05-18,Ronny Rodriguez,fly_ball,85.4,49.9,237
2019-05-18,Robbie Grossman,fly_ball,82.4,30.2,276
2019-05-18,Nick Hundley,fly_ball,95.6,30.3,354
2019-05-18,Josh Harrison,fly_ball,86.7,37.7,303
2019-05-18,Stephen Piscotty,fly_ball,71.9,35,242
2019-05-18,Ramon Laureano,fly_ball,79.4,47.7,221
2019-05-18,Marcus Semien,fly_ball,95.7,32.5,354
2019-05-18,Josh Harrison,fly_ball,82.6,42,268
2019-05-18,Dawel Lugo,fly_ball,82.8,46.5,257
2019-05-18,Mark Canha,fly_ball,94.1,47.2,291
2019-05-18,Nick Castellanos,fly_ball,91.2,45.6,289
2019-05-18,Chad Pinder,fly_ball,105.9,28.1,435
2019-05-18,Nick Hundley,fly_ball,86.3,49.1,266
2019-05-18,Nick Castellanos,fly_ball,80.6,47.4,248
2019-05-18,Anthony Rizzo,fly_ball,85.6,59.3,208
2019-05-18,Howie Kendrick,fly_ball,98.5,33.7,365
2019-05-18,Brian Dozier,fly_ball,100.2,36.8,388
2019-05-18,Stephen Strasburg,fly_ball,94.6,30.7,356
2019-05-18,David Bote,fly_ball,96.4,26.8,389
2019-05-18,Brian Dozier,fly_ball,83.8,48.3,259
2019-05-18,David Bote,fly_ball,85,43.7,281
2019-05-18,Josh Bell,fly_ball,109.7,25.4,430
2019-05-18,Bryan Reynolds,fly_ball,106.3,25.6,398
2019-05-18,Josh Bell,fly_ball,100.7,31.7,379
2019-05-18,Kevin Newman,fly_ball,74,36.2,242
2019-05-18,Adam Frazier,fly_ball,91.1,33.9,327
2019-05-18,Austin Hedges,fly_ball,77.6,36.5,267
2019-05-18,Bryan Reynolds,fly_ball,96.7,32.3,350
2019-05-18,Ty France,fly_ball,82.4,24.7,270
2019-05-18,Manuel Margot,fly_ball,79.4,39.7,257
2019-05-18,Franmil Reyes,fly_ball,97.7,43.6,317
2019-05-18,Eddie Rosario,fly_ball,96.8,44.7,323
2019-05-18,C. J. Cron,fly_ball,98.3,30.3,372
2019-05-18,Byron Buxton,fly_ball,106.4,33.1,401
2019-05-18,C. J. Cron,fly_ball,108.3,30.8,415
2019-05-18,Miguel Sano,fly_ball,106.3,23.4,383
2019-05-18,Jonathan Schoop,fly_ball,102,23.4,402
2019-05-18,Eddie Rosario,fly_ball,92.4,46.4,283
2019-05-18,Jorge Polanco,fly_ball,77.8,53.2,215
2019-05-18,Dan Vogelbach,fly_ball,92.3,48.6,275
2019-05-18,Jason Castro,fly_ball,92.6,54.8,253
2019-05-18,Luis Arraez,fly_ball,87.5,28.5,331
2019-05-18,Jonathan Schoop,fly_ball,104,26.3,397
2019-05-18,C. J. Cron,fly_ball,97.2,37.1,346
2019-05-18,Max Kepler,fly_ball,84.9,34.7,293
2019-05-18,Miguel Sano,fly_ball,97.8,33.9,361
2019-05-18,Dan Vogelbach,fly_ball,92.5,45.2,291
2019-05-18,Edwin Encarnacion,fly_ball,101.5,39.4,329
2019-05-18,C. J. Cron,fly_ball,88.4,29.8,331
2019-05-18,Max Kepler,fly_ball,98.4,26.3,386
2019-05-18,Paul DeJong,fly_ball,94.8,35.9,349
2019-05-18,Ronald Guzman,fly_ball,74.4,31,275
2019-05-18,Asdrubal Cabrera,fly_ball,94.9,47.1,296
2019-05-18,Kolten Wong,fly_ball,80.1,36,273
2019-05-18,Matt Carpenter,fly_ball,97.9,35.9,359
2019-05-18,Isiah Kiner-Falefa,fly_ball,96.6,24,393
2019-05-18,Matt Carpenter,fly_ball,87,43.2,306
2019-05-18,Danny Santana,fly_ball,93.1,43,317
2019-05-18,Matt Carpenter,fly_ball,74.7,32.4,277
2019-05-18,Paul DeJong,fly_ball,102.7,41.2,380
2019-05-18,Yadier Molina,fly_ball,73.9,28.1,255
2019-05-18,Trevor Story,fly_ball,92.2,32.6,316
2019-05-18,Andrew McCutchen,fly_ball,87.3,31.7,311
2019-05-18,Tony Wolters,fly_ball,87.5,34,335
2019-05-18,Andrew McCutchen,fly_ball,94.2,37.3,345
2019-05-18,Trevor Story,fly_ball,96.7,38.6,342
2019-05-18,Ronald Acuna,fly_ball,98,25.6,361
2019-05-18,Nick Markakis,fly_ball,83.6,33,293
2019-05-18,Hernan Perez,fly_ball,80.2,34.3,279
2019-05-18,Brian McCann,fly_ball,78.3,30.4,283
2019-05-18,Austin Riley,fly_ball,104.4,28.4,385
2019-05-18,Dansby Swanson,fly_ball,91.2,41.4,311
2019-05-18,Charlie Culberson,fly_ball,91.1,31.3,345
2019-05-18,Keston Hiura,fly_ball,91.9,40.3,319
2019-05-18,Freddie Freeman,fly_ball,99.4,31.2,391
2019-05-18,Leury Garcia,fly_ball,103.2,24.1,396
2019-05-18,Richard Urena,fly_ball,88.7,46.3,275
2019-05-18,Vladimir Guerrero,fly_ball,91.3,29.2,333
2019-05-18,José Abreu,fly_ball,73.7,26.8,253
2019-05-18,Yoan Moncada,fly_ball,83.3,41,264
2019-05-18,Jon Berti,fly_ball,101.3,24.5,371
2019-05-18,Jeff McNeil,fly_ball,91.1,40.6,295
2019-05-18,Brandon Nimmo,fly_ball,91.7,32.6,335
2019-05-18,Starlin Castro,fly_ball,98.5,36.6,365
2019-05-18,Chad Wallach,fly_ball,95.1,38,342
2019-05-18,Brian Anderson,fly_ball,97.3,38.7,344
2019-05-18,Jeff McNeil,fly_ball,85.4,35.5,316
2019-05-18,Luke Voit,fly_ball,87.6,56.4,214
2019-05-18,Willy Adames,fly_ball,80.4,34,307
2019-05-18,Austin Romine,fly_ball,93.3,31.3,347
2019-05-18,Brandon Lowe,fly_ball,107.7,37.4,388
2019-05-18,Austin Romine,fly_ball,76.4,35.2,259
2019-05-18,Gio Urshela,fly_ball,97.3,25.4,361
2019-05-18,Austin Romine,fly_ball,84.3,49,246
2019-05-18,Clint Frazier,fly_ball,80.3,31.2,291
2019-05-19,David Fletcher,fly_ball,92.8,45.5,292
2019-05-19,Albert Pujols,fly_ball,78.3,33.8,277
2019-05-19,Zack Cozart,fly_ball,94.2,36.6,334
2019-05-19,Adalberto Mondesi,fly_ball,69.6,33.4,227
2019-05-19,Billy Hamilton,fly_ball,84.4,35.7,305
2019-05-19,Whit Merrifield,fly_ball,95.4,30.8,382
2019-05-19,Mike Trout,fly_ball,94,41.7,308
2019-05-19,Cam Gallagher,fly_ball,85.8,33.8,328
2019-05-19,Albert Pujols,fly_ball,101.8,35.1,371
2019-05-19,Zack Cozart,fly_ball,76.9,42.7,248
2019-05-19,Whit Merrifield,fly_ball,77.6,44.2,248
2019-05-19,Andrelton Simmons,fly_ball,83.9,37.8,288
2019-05-19,Adalberto Mondesi,fly_ball,101.5,44.3,338
2019-05-19,Alex Gordon,fly_ball,98.4,24.4,384
2019-05-19,Billy Hamilton,fly_ball,80.6,26.4,295
2019-05-19,Kevin Pillar,fly_ball,82.7,30.2,325
2019-05-19,Adam Jones,fly_ball,94.6,24.1,378
2019-05-19,Eduardo Escobar,fly_ball,91.1,33.8,331
2019-05-19,Steven Duggar,fly_ball,93,27.6,328
2019-05-19,Nick Ahmed,fly_ball,95,28.6,321
2019-05-19,Tyler Austin,fly_ball,99.6,35.7,398
2019-05-19,Stephen Vogt,fly_ball,90.9,45.6,296
2019-05-19,Buster Posey,fly_ball,97.4,29.3,366
2019-05-19,Brandon Crawford,fly_ball,92.8,29.7,355
2019-05-19,Eduardo Escobar,fly_ball,91.7,53,259
2019-05-19,Kevin Pillar,fly_ball,98.1,31.9,371
2019-05-19,Pablo Sandoval,fly_ball,102.4,23.5,415
2019-05-19,Joe Panik,fly_ball,89.2,35.3,329
2019-05-19,Josh Reddick,fly_ball,95,32.7,329
2019-05-19,Michael Brantley,fly_ball,101.3,34.6,385
2019-05-19,Carlos Correa,fly_ball,108.9,23.4,448
2019-05-19,J. D. Martinez,fly_ball,81.1,44.6,259
2019-05-19,Steve Pearce,fly_ball,90.3,48.4,273
2019-05-19,Michael Brantley,fly_ball,91.1,42.9,298
2019-05-19,Carlos Correa,fly_ball,94.7,27.3,350
2019-05-19,Michael Chavis,fly_ball,109.6,28.2,420
2019-05-19,Yuli Gurriel,fly_ball,97,27,386
2019-05-19,Tyler White,fly_ball,74,27,259
2019-05-19,Mitch Moreland,fly_ball,96.5,54.8,234
2019-05-19,Justin Turner,fly_ball,73.3,48.8,231
2019-05-19,José Iglesias,fly_ball,90.5,38.2,326
2019-05-19,Jose Peraza,fly_ball,79.5,38.3,260
2019-05-19,Tanner Roark,fly_ball,94.4,33,353
2019-05-19,Alex Verdugo,fly_ball,88.6,37.1,310
2019-05-19,Enrique Hernandez,fly_ball,87,28.3,336
2019-05-19,Justin Turner,fly_ball,99.5,34.6,363
2019-05-19,Curt Casali,fly_ball,90.8,28.9,347
2019-05-19,Hyun-Jin Ryu,fly_ball,82.2,37.3,284
2019-05-19,Eugenio Suarez,fly_ball,86.4,37.4,297
2019-05-19,Cody Bellinger,fly_ball,102.6,27.9,411
2019-05-19,Jesse Winker,fly_ball,81.1,48.7,253
2019-05-19,Russell Martin,fly_ball,100.8,30.4,415
2019-05-19,Eugenio Suarez,fly_ball,91.4,50.9,277
2019-05-19,Jesse Winker,fly_ball,97.4,25,384
2019-05-19,Jose Peraza,fly_ball,95.5,32.7,376
2019-05-19,Derek Dietrich,fly_ball,103.7,27.2,410
2019-05-19,Carlos Gonzalez,fly_ball,91,24.5,370
2019-05-19,Leonys Martín,fly_ball,98,38.6,348
2019-05-19,Carlos Santana,fly_ball,99.5,26,368
2019-05-19,Jake Bauers,fly_ball,83,46.5,274
2019-05-19,Stevie Wilkerson,fly_ball,71.6,42.6,218
2019-05-19,Jason Kipnis,fly_ball,77.7,40.9,255
2019-05-19,Rio Ruiz,fly_ball,85.9,54.6,228
2019-05-19,Jose Ramirez,fly_ball,87.4,35.1,296
2019-05-19,Mike Freeman,fly_ball,102.7,21.8,403
2019-05-19,Carlos Santana,fly_ball,98.7,38.9,359
2019-05-19,Carlos Gonzalez,fly_ball,92.3,54,262
2019-05-19,Dawel Lugo,fly_ball,94.5,26.2,309
2019-05-19,Ronny Rodriguez,fly_ball,99.8,38.4,367
2019-05-19,Josh Harrison,fly_ball,103.3,25.2,401
2019-05-19,Grayson Greiner,fly_ball,83.8,44.3,269
2019-05-19,Nick Castellanos,fly_ball,98.1,33.7,382
2019-05-19,Jurickson Profar,fly_ball,99.6,25.7,383
2019-05-19,Josh Phegley,fly_ball,98.3,36.7,338
2019-05-19,Nick Castellanos,fly_ball,95.6,35.1,348
2019-05-19,Stephen Piscotty,fly_ball,87.8,39.1,316
2019-05-19,Grayson Greiner,fly_ball,97.4,30.5,375
2019-05-19,Chad Pinder,fly_ball,103.4,30.7,386
2019-05-19,Matt Olson,fly_ball,98.5,52.6,280
2019-05-19,Trea Turner,fly_ball,93.1,29.4,374
2019-05-19,Adam Eaton,fly_ball,83.1,49.2,254
2019-05-19,Anthony Rizzo,fly_ball,100,24.8,385
2019-05-19,Willson Contreras,fly_ball,103.6,25.3,371
2019-05-19,Daniel Descalso,fly_ball,78.3,49.2,233
2019-05-19,Kyle Schwarber,fly_ball,94,40.9,316
2019-05-19,Kurt Suzuki,fly_ball,66.3,31.6,226
2019-05-19,Kyle McGowin,fly_ball,91.3,35.6,333
2019-05-19,Anthony Rendon,fly_ball,100.3,29.1,398
2019-05-19,Brian Dozier,fly_ball,73.5,40.2,264
2019-05-19,Gerardo Parra,fly_ball,66.6,26.7,212
2019-05-19,Colin Moran,fly_ball,99.7,36.3,412
2019-05-19,Adam Frazier,fly_ball,96.2,45.4,309
2019-05-19,Melky Cabrera,fly_ball,74.4,26.3,264
2019-05-19,Josh Bell,fly_ball,98,25.9,376
2019-05-19,Bryan Reynolds,fly_ball,86.9,32.6,305
2019-05-19,Ty France,fly_ball,98.7,36.2,356
2019-05-19,Colin Moran,fly_ball,96.5,35.4,347
2019-05-19,Ty France,fly_ball,87.1,55.5,216
2019-05-19,Bryan Reynolds,fly_ball,101.2,25.8,382
2019-05-19,Adam Frazier,fly_ball,89.8,49.4,268
2019-05-19,Gregory Polanco,fly_ball,85.2,51.7,246
2019-05-19,Edwin Encarnacion,fly_ball,87.6,27.5,330
2019-05-19,Byron Buxton,fly_ball,93,35.8,343
2019-05-19,Mallex Smith,fly_ball,93.3,37.1,337
2019-05-19,Eddie Rosario,fly_ball,91,52.9,252
2019-05-19,Domingo Santana,fly_ball,106.5,22.1,396
2019-05-19,Omar Narvaez,fly_ball,77.9,38.4,268
2019-05-19,Willians Astudillo,fly_ball,68.6,36.9,228
2019-05-19,Mitch Haniger,fly_ball,105.7,25.5,407
2019-05-19,Dan Vogelbach,fly_ball,101.5,28,393
2019-05-19,Edwin Encarnacion,fly_ball,100.7,26.5,416
2019-05-19,Eddie Rosario,fly_ball,99.6,40.7,336
2019-05-19,Jonathan Schoop,fly_ball,102.8,33.9,360
2019-05-19,Marcell Ozuna,fly_ball,100.2,43.7,324
2019-05-19,Dexter Fowler,fly_ball,94.7,33.1,336
2019-05-19,Shin-Soo Choo,fly_ball,102.6,33.9,431
2019-05-19,Logan Forsythe,fly_ball,80.6,46.6,244
2019-05-19,Nomar Mazara,fly_ball,74,51.2,225
2019-05-19,Jeff Mathis,fly_ball,95.8,50.1,289
2019-05-19,Yadier Molina,fly_ball,94.7,47.2,295
2019-05-19,Logan Forsythe,fly_ball,99,34.5,373
2019-05-19,Danny Santana,fly_ball,104.2,31.4,411
2019-05-19,Jeff Mathis,fly_ball,86.7,39.4,294
2019-05-19,Dexter Fowler,fly_ball,105.4,30.5,392
2019-05-19,Nomar Mazara,fly_ball,76.1,30.9,263
2019-05-19,Charlie Blackmon,fly_ball,103.7,29.3,416
2019-05-19,Cesar Hernandez,fly_ball,97.4,26,398
2019-05-19,Ryan McMahon,fly_ball,81,51.2,234
2019-05-19,Charlie Blackmon,fly_ball,83.3,50.2,246
2019-05-19,Andrew McCutchen,fly_ball,93.7,32,353
2019-05-19,Ryan McMahon,fly_ball,102.3,30.7,375
2019-05-19,Chris Iannetta,fly_ball,88.3,45.7,299
2019-05-19,Ryan McMahon,fly_ball,104.1,27.9,437
2019-05-19,Chris Iannetta,fly_ball,88.9,40.8,308
2019-05-19,Bryce Harper,fly_ball,106.2,30.2,404
2019-05-19,Maikel Franco,fly_ball,83.8,42.6,285
2019-05-19,Raimel Tapia,fly_ball,94.2,50.6,275
2019-05-19,Andrew McCutchen,fly_ball,93,24.9,372
2019-05-19,Mark Reynolds,fly_ball,80.4,40,284
2019-05-19,Christian Yelich,fly_ball,108.6,34.8,408
2019-05-19,Mike Moustakas,fly_ball,69.5,40.3,242
2019-05-19,Ronald Acuna,fly_ball,110,29.9,450
2019-05-19,Ben Gamel,fly_ball,81.2,32.4,299
2019-05-19,Ozzie Albies,fly_ball,83.9,47.4,272
2019-05-19,Dansby Swanson,fly_ball,88.2,44.5,291
2019-05-19,Freddie Freeman,fly_ball,71.1,28.6,220
2019-05-19,Dansby Swanson,fly_ball,97.6,36,374
2019-05-19,Freddie Freeman,fly_ball,109,22.8,418
2019-05-19,Brandon Woodruff,fly_ball,96.4,32.4,362
2019-05-19,Matthew Joyce,fly_ball,102.3,43.3,331
2019-05-19,Keston Hiura,fly_ball,91.7,44.9,279
2019-05-19,Freddie Freeman,fly_ball,94.2,43.6,321
2019-05-19,Ben Gamel,fly_ball,107.6,20.1,416
2019-05-19,Johan Camargo,fly_ball,79.8,40.9,280
2019-05-19,José Abreu,fly_ball,96.4,41.3,327
2019-05-19,Freddy Galvis,fly_ball,98.5,37.8,346
2019-05-19,Billy McKinney,fly_ball,98.6,25.9,370
2019-05-19,Randal Grichuk,fly_ball,82.6,50.4,242
2019-05-19,Danny Jansen,fly_ball,92.3,37.8,335
2019-05-19,Nick Delmonico,fly_ball,96.1,51,290
2019-05-19,Tim Anderson,fly_ball,73.8,46.3,228
2019-05-19,Vladimir Guerrero,fly_ball,93.1,29.1,312
2019-05-19,Justin Smoak,fly_ball,90.6,52.3,275
2019-05-19,José Abreu,fly_ball,91.5,58,221
2019-05-19,Yonder Alonso,fly_ball,85.9,54.8,246
2019-05-19,Vladimir Guerrero,fly_ball,101.5,31.7,395
2019-05-19,Danny Jansen,fly_ball,104.8,33.4,413
2019-05-19,Miguel Rojas,fly_ball,88.4,38.6,293
2019-05-19,Chad Wallach,fly_ball,92.8,37.5,324
2019-05-19,Brian Anderson,fly_ball,96.4,40.9,322
2019-05-19,Brian Anderson,fly_ball,93.5,44.4,303
2019-05-19,Miguel Rojas,fly_ball,83,37.2,286
2019-05-19,Rosell Herrera,fly_ball,98,45.4,308
2019-05-19,Gary Sanchez,fly_ball,97.6,39.4,344
2019-05-19,Willy Adames,fly_ball,96.1,39.5,331
2019-05-19,Brett Gardner,fly_ball,95.6,31.1,375
2019-05-19,DJ LeMahieu,fly_ball,97.8,26.5,370
2019-05-19,Brandon Lowe,fly_ball,105.1,31.2,421
2019-05-19,Willy Adames,fly_ball,89.5,45.4,299
2019-05-19,Aaron Hicks,fly_ball,104.4,30.2,416
2019-05-19,Gary Sanchez,fly_ball,95.7,29.9,339
2019-05-19,Kevin Kiermaier,fly_ball,95.5,38.8,336
2019-05-19,DJ LeMahieu,fly_ball,104.7,23.6,393
2019-05-19,Andrew Velazquez,fly_ball,83.3,52.6,220
2019-05-20,Tommy La Stella,fly_ball,93.7,26.3,337
2019-05-20,Mike Trout,fly_ball,82,34.6,287
2019-05-20,Miguel Sano,fly_ball,94,43.6,310
2019-05-20,Willians Astudillo,fly_ball,88,28.3,335
2019-05-20,Brian Goodwin,fly_ball,91.8,37.4,319
2019-05-20,Eddie Rosario,fly_ball,99.6,38.9,351
2019-05-20,Miguel Sano,fly_ball,99.7,48.7,300
2019-05-20,David Fletcher,fly_ball,95.8,31.5,363
2019-05-20,Miguel Sano,fly_ball,102.8,30.9,391
2019-05-20,DJ LeMahieu,fly_ball,93.7,34,348
2019-05-20,Gary Sanchez,fly_ball,101.1,47.3,303
2019-05-20,Gleyber Torres,fly_ball,100.2,26.9,415
2019-05-20,Rio Ruiz,fly_ball,76.7,57.2,203
2019-05-20,Hanser Alberto,fly_ball,99.6,23.9,408
2019-05-20,Trey Mancini,fly_ball,91.3,45.8,293
2019-05-20,Hanser Alberto,fly_ball,86.4,34.4,302
2019-05-20,Trey Mancini,fly_ball,92.9,33.9,340
2019-05-20,Aaron Hicks,fly_ball,83.4,49.6,260
2019-05-20,Joey Rickard,fly_ball,88.5,43.8,297
2019-05-20,Gleyber Torres,fly_ball,94.2,33.3,384
2019-05-20,Aaron Hicks,fly_ball,92.7,45.4,283
2019-05-20,Kendrys Morales,fly_ball,89.3,30.6,333
2019-05-20,Jean Segura,fly_ball,100.3,37.3,349
2019-05-20,Kyle Schwarber,fly_ball,102.5,31.1,358
2019-05-20,Kris Bryant,fly_ball,95.2,47.1,283
2019-05-20,Philip Gosselin,fly_ball,69.5,31.3,227
2019-05-20,J. T. Realmuto,fly_ball,85.5,33.2,299
2019-05-20,Kyle Schwarber,fly_ball,75.1,36.7,259
2019-05-20,Bryce Harper,fly_ball,91,48.6,279
2019-05-20,Rhys Hoskins,fly_ball,97.3,37.1,339
2019-05-20,J. T. Realmuto,fly_ball,96.8,28.8,377
2019-05-20,Matt Chapman,fly_ball,102.2,33.2,396
2019-05-20,Jurickson Profar,fly_ball,101.2,27.8,379
2019-05-20,Matt Olson,fly_ball,107.8,33.8,417
2019-05-20,Robbie Grossman,fly_ball,101.4,30.7,379
2019-05-20,Stephen Piscotty,fly_ball,90.4,38.6,318
2019-05-20,Carlos Santana,fly_ball,86.2,37.4,303
2019-05-20,Jordan Luplow,fly_ball,84.5,37,286
2019-05-20,Jose Ramirez,fly_ball,93.7,52,252
2019-05-20,Roberto Perez,fly_ball,100,25.3,354
2019-05-20,Leonys Martín,fly_ball,93.9,43.4,309
2019-05-20,Matt Chapman,fly_ball,108.2,20.8,388
2019-05-20,Tony Kemp,fly_ball,88.6,32,341
2019-05-20,José Abreu,fly_ball,104,21.6,401
2019-05-20,Robinson Chirinos,fly_ball,92,49.6,268
2019-05-20,Tyler White,fly_ball,105.7,30.1,418
2019-05-20,Alex Bregman,fly_ball,85.7,37.3,311
2019-05-20,Michael Brantley,fly_ball,94.7,30,355
2019-05-20,Charlie Tilson,fly_ball,72.8,34.4,260
2019-05-20,Trea Turner,fly_ball,104.4,22.9,403
2019-05-20,Juan Soto,fly_ball,96.7,44.1,329
2019-05-20,Amed Rosario,fly_ball,102,28.7,417
2019-05-20,Pete Alonso,fly_ball,108.1,31.3,416
2019-05-20,Victor Robles,fly_ball,85.7,41.5,293
2019-05-20,Carlos Gomez,fly_ball,75.6,36.7,258
2019-05-20,Jeff McNeil,fly_ball,90.6,42.4,306
2019-05-20,Trea Turner,fly_ball,80.8,38.9,253
2019-05-20,Jeff McNeil,fly_ball,92.4,32.1,323
2019-05-20,Juan Soto,fly_ball,103.5,51.5,276
2019-05-20,Pete Alonso,fly_ball,97.2,35.5,356
2019-05-20,Juan Lagares,fly_ball,97.6,28,330
2019-05-20,Kurt Suzuki,fly_ball,84.6,28.8,321
2019-05-20,Adam Eaton,fly_ball,84.9,44.2,276
2019-05-20,Eric Hosmer,fly_ball,100.7,29.4,362
2019-05-20,Hunter Renfroe,fly_ball,85.4,45.9,258
2019-05-20,Eduardo Escobar,fly_ball,91.1,37.2,325
2019-05-20,Ian Kinsler,fly_ball,92.7,29,326
2019-05-20,Blake Swihart,fly_ball,80.4,35.3,284
2019-05-20,Manny Machado,fly_ball,93.3,45.5,284
2019-05-20,Eric Hosmer,fly_ball,81.2,49.7,239
2019-05-20,Ian Kinsler,fly_ball,83.7,51.8,236
2019-05-20,Christian Walker,fly_ball,90.2,44.1,292
2019-05-20,Franmil Reyes,fly_ball,110.3,21.1,422
2019-05-20,Carson Kelly,fly_ball,93,30.6,366
2019-05-20,Ronald Acuna,fly_ball,111,38.7,399
2019-05-20,Ozzie Albies,fly_ball,104.5,34.9,391
2019-05-20,Austin Riley,fly_ball,107.7,26.8,424
2019-05-20,Brandon Crawford,fly_ball,104.3,31.5,406
2019-05-20,Ronald Acuna,fly_ball,109,30.9,417
2019-05-20,Nick Markakis,fly_ball,75.3,32.7,258
2019-05-20,Tyler Flowers,fly_ball,86.4,38.5,306
2019-05-20,Charlie Culberson,fly_ball,82.7,37.5,285
2019-05-20,Evan Longoria,fly_ball,89.1,33.1,326
2019-05-20,Hunter Pence,fly_ball,99.9,34.9,379
2019-05-20,Rougned Odor,fly_ball,109.6,26.6,458
2019-05-20,Asdrubal Cabrera,fly_ball,102,35.4,392
2019-05-20,Dee Gordon,fly_ball,67.5,44.4,204
2019-05-20,Mitch Haniger,fly_ball,99.1,31.5,390
2019-05-20,Asdrubal Cabrera,fly_ball,106.1,23.6,390
2019-05-20,Dee Gordon,fly_ball,78.3,32.9,282
2019-05-20,Ryon Healy,fly_ball,85.6,40,308
2019-05-20,Hunter Pence,fly_ball,108.3,29.8,449
2019-05-20,Domingo Santana,fly_ball,77.9,30.5,268
2019-05-20,Dan Vogelbach,fly_ball,68.9,38.4,245
2019-05-20,Tim Beckham,fly_ball,103.3,29.4,385
2019-05-20,Nomar Mazara,fly_ball,90.4,29.2,337
2019-05-20,Andrew Benintendi,fly_ball,82.5,35.1,310
2019-05-20,Brandon Drury,fly_ball,87.3,26.7,338
2019-05-20,Freddy Galvis,fly_ball,80.1,52.9,219
2019-05-20,Luke Maile,fly_ball,103.8,30.1,403
2019-05-20,Michael Chavis,fly_ball,101,28.5,389
2019-05-20,Rafael Devers,fly_ball,97,41.3,322
2019-05-20,Jackie Bradley,fly_ball,97.8,29.5,371
2019-05-20,Steve Pearce,fly_ball,94.2,39.1,342
2019-05-20,Billy McKinney,fly_ball,86.7,43.4,295
2019-05-20,Xander Bogaerts,fly_ball,104.1,28.2,417
2019-05-21,Mike Trout,fly_ball,99.8,27.1,375
2019-05-21,Albert Pujols,fly_ball,99.5,36.9,362
2019-05-21,Eddie Rosario,fly_ball,99.3,47.2,306
2019-05-21,Tommy La Stella,fly_ball,77.9,39.4,257
2019-05-21,Brian Goodwin,fly_ball,101.2,37,367
2019-05-21,Mike Trout,fly_ball,97.7,33.5,376
2019-05-21,Marwin Gonzalez,fly_ball,105.5,38.8,380
2019-05-21,Luis Arraez,fly_ball,82.7,49,242
2019-05-21,Marwin Gonzalez,fly_ball,98.9,25.2,376
2019-05-21,Luis Arraez,fly_ball,97.9,26.1,384
2019-05-21,Max Kepler,fly_ball,99.2,42.3,331
2019-05-21,Brian Goodwin,fly_ball,98.7,25.8,399
2019-05-21,Gary Sanchez,fly_ball,103.1,21.6,394
2019-05-21,Gio Urshela,fly_ball,100.2,33.5,371
2019-05-21,DJ LeMahieu,fly_ball,84.5,39.9,290
2019-05-21,Renato Nunez,fly_ball,85.2,43.6,272
2019-05-21,Gleyber Torres,fly_ball,101,22.7,390
2019-05-21,Clint Frazier,fly_ball,101.8,28.4,403
2019-05-21,Gary Sanchez,fly_ball,99.9,33.6,358
2019-05-21,Clint Frazier,fly_ball,101.7,25.6,411
2019-05-21,Trey Mancini,fly_ball,78.8,31,260
2019-05-21,Hanser Alberto,fly_ball,69.1,32.9,236
2019-05-21,Anthony Rizzo,fly_ball,86.4,44.3,264
2019-05-21,Willson Contreras,fly_ball,74.4,39.5,234
2019-05-21,Addison Russell,fly_ball,95.4,31.2,342
2019-05-21,Anthony Rizzo,fly_ball,94.2,30.7,340
2019-05-21,Maikel Franco,fly_ball,96.6,24.9,367
2019-05-21,Kyle Schwarber,fly_ball,102,43,328
2019-05-21,Anthony Rizzo,fly_ball,84.7,31.9,302
2019-05-21,Willson Contreras,fly_ball,92.5,45.6,283
2019-05-21,Rhys Hoskins,fly_ball,90.7,46,278
2019-05-21,Willson Contreras,fly_ball,80.7,42,240
2019-05-21,Matt Chapman,fly_ball,98.1,43.3,313
2019-05-21,Francisco Lindor,fly_ball,108.8,31.3,416
2019-05-21,Robbie Grossman,fly_ball,72.3,36.4,238
2019-05-21,Oscar Mercado,fly_ball,100,34.5,355
2019-05-21,Mark Canha,fly_ball,96.6,29.3,353
2019-05-21,Stephen Piscotty,fly_ball,88.7,26.6,333
2019-05-21,Carlos Santana,fly_ball,106.2,27.4,407
2019-05-21,Ramon Laureano,fly_ball,93.4,49.9,268
2019-05-21,Josh Phegley,fly_ball,88.9,30.6,326
2019-05-21,Matt Olson,fly_ball,104.4,31.8,379
2019-05-21,Carlos Gonzalez,fly_ball,104.6,34.2,367
2019-05-21,Jake Bauers,fly_ball,70.1,28.3,204
2019-05-21,Kevin Plawecki,fly_ball,84.4,42.5,270
2019-05-21,Matt Olson,fly_ball,88.6,48.7,243
2019-05-21,Leonys Martín,fly_ball,78.9,36.5,271
2019-05-21,Brian Anderson,fly_ball,96.7,37.9,341
2019-05-21,Neil Walker,fly_ball,76.6,35.9,245
2019-05-21,Dawel Lugo,fly_ball,82.9,31.6,298
2019-05-21,Chad Wallach,fly_ball,101.3,23.6,385
2019-05-21,Josh Harrison,fly_ball,90.5,51,261
2019-05-21,JaCoby Jones,fly_ball,100.6,31.3,377
2019-05-21,Niko Goodrum,fly_ball,95.3,50.1,273
2019-05-21,Miguel Rojas,fly_ball,94.2,32.4,318
2019-05-21,Dawel Lugo,fly_ball,96.1,39.5,338
2019-05-21,Brian Anderson,fly_ball,105.3,35,381
2019-05-21,Harold Ramirez,fly_ball,74,49,209
2019-05-21,Miguel Rojas,fly_ball,83.4,46,277
2019-05-21,Nick Castellanos,fly_ball,83,33.7,298
2019-05-21,Brian Anderson,fly_ball,104.1,26,392
2019-05-21,Neil Walker,fly_ball,97.6,26,378
2019-05-21,Christin Stewart,fly_ball,79,47,239
2019-05-21,Jorge Alfaro,fly_ball,102.9,39.4,355
2019-05-21,Chad Wallach,fly_ball,103.5,34.5,385
2019-05-21,Ronny Rodriguez,fly_ball,100.4,38.9,347
2019-05-21,Chad Wallach,fly_ball,106.1,22.4,418
2019-05-21,Welington Castillo,fly_ball,80.5,52.8,224
2019-05-21,Alex Bregman,fly_ball,72.7,38.5,261
2019-05-21,Yuli Gurriel,fly_ball,95.3,30.5,350
2019-05-21,Robinson Chirinos,fly_ball,93.6,51.3,266
2019-05-21,Charlie Tilson,fly_ball,76.4,40.3,245
2019-05-21,José Abreu,fly_ball,106,30,416
2019-05-21,Charlie Tilson,fly_ball,79.9,34.3,283
2019-05-21,Jake Marisnick,fly_ball,90.5,33.6,333
2019-05-21,Trea Turner,fly_ball,89.3,39.9,300
2019-05-21,Juan Soto,fly_ball,109.1,35.6,410
2019-05-21,Anthony Rendon,fly_ball,80,37.9,302
2019-05-21,Brian Dozier,fly_ball,77,50.6,217
2019-05-21,Carlos Gomez,fly_ball,98.3,30.5,377
2019-05-21,Amed Rosario,fly_ball,87.2,25.9,357
2019-05-21,Adam Eaton,fly_ball,93.6,32,351
2019-05-21,Pete Alonso,fly_ball,71,34.1,250
2019-05-21,Brian Dozier,fly_ball,99.6,29.3,414
2019-05-21,Jeff McNeil,fly_ball,71.4,40,245
2019-05-21,Howie Kendrick,fly_ball,74,28.5,237
2019-05-21,Trevor Story,fly_ball,93.2,35.3,329
2019-05-21,Ryan McMahon,fly_ball,93.8,33.5,331
2019-05-21,Starling Marte,fly_ball,88.2,30.6,313
2019-05-21,Charlie Blackmon,fly_ball,93.5,24.7,363
2019-05-21,Melky Cabrera,fly_ball,71.2,36.2,222
2019-05-21,Trevor Story,fly_ball,97.2,31.3,389
2019-05-21,Nolan Arenado,fly_ball,88.4,41.3,297
2019-05-21,Daniel Murphy,fly_ball,96.1,30.3,374
2019-05-21,Trevor Story,fly_ball,86.5,32.5,323
2019-05-21,Kevin Newman,fly_ball,82.5,46.2,252
2019-05-21,Tony Wolters,fly_ball,85.3,27.1,331
2019-05-21,Daniel Murphy,fly_ball,82.6,33.8,274
2019-05-21,Tony Wolters,fly_ball,92.3,31.2,329
2019-05-21,Nolan Arenado,fly_ball,83,52.7,232
2019-05-21,Adam Jones,fly_ball,95.2,26.7,383
2019-05-21,Manny Machado,fly_ball,97.8,31.3,349
2019-05-21,Adam Jones,fly_ball,95.3,37.2,354
2019-05-21,Manuel Margot,fly_ball,83.4,48.2,255
2019-05-21,Ian Kinsler,fly_ball,87.9,44.2,289
2019-05-21,Eduardo Escobar,fly_ball,105.4,26.3,387
2019-05-21,J. R. Murphy,fly_ball,102,33.9,392
2019-05-21,Eduardo Escobar,fly_ball,96.3,39.4,338
2019-05-21,Eric Hosmer,fly_ball,101.3,29.7,377
2019-05-21,Franmil Reyes,fly_ball,94.2,44.6,288
2019-05-21,Joe Panik,fly_ball,70.1,30.1,233
2019-05-21,Brandon Belt,fly_ball,97.8,37,355
2019-05-21,Dansby Swanson,fly_ball,94.6,33.9,325
2019-05-21,Kevin Pillar,fly_ball,89.6,35.8,324
2019-05-21,Buster Posey,fly_ball,97.8,29.4,368
2019-05-21,Brandon Belt,fly_ball,103.8,30.8,394
2019-05-21,Johan Camargo,fly_ball,73.8,40.8,231
2019-05-21,Ronald Acuna,fly_ball,91.9,39.9,311
2019-05-21,Austin Riley,fly_ball,102.7,39.3,367
2019-05-21,Brian McCann,fly_ball,95.1,31.4,359
2019-05-21,Evan Longoria,fly_ball,91.8,58.1,216
2019-05-21,Brandon Crawford,fly_ball,78.9,41.2,260
2019-05-21,Josh Donaldson,fly_ball,99.7,51.7,274
2019-05-21,Steven Duggar,fly_ball,68.5,25.6,211
2019-05-21,Brandon Belt,fly_ball,92.2,31.5,329
2019-05-21,Dansby Swanson,fly_ball,94.5,53,255
2019-05-21,Matt Beaty,fly_ball,100,35.9,381
2019-05-21,Justin Turner,fly_ball,88.9,40,299
2019-05-21,Max Muncy,fly_ball,81.7,35.9,299
2019-05-21,Ji-Man Choi,fly_ball,86.1,41.6,298
2019-05-21,David Freese,fly_ball,85.1,40,300
2019-05-21,Justin Turner,fly_ball,95,29.2,328
2019-05-21,Ji-Man Choi,fly_ball,79.4,31.9,269
2019-05-21,Brandon Lowe,fly_ball,78.2,31,289
2019-05-21,Willy Adames,fly_ball,87.1,58,215
2019-05-21,Jay Bruce,fly_ball,89.3,40.4,316
2019-05-21,Jeff Mathis,fly_ball,74.7,28.3,265
2019-05-21,Asdrubal Cabrera,fly_ball,89.2,44.2,301
2019-05-21,Domingo Santana,fly_ball,73.7,44,235
2019-05-21,Omar Narvaez,fly_ball,96.1,28.4,354
2019-05-21,Jay Bruce,fly_ball,92.3,37.9,324
2019-05-21,Hunter Pence,fly_ball,82.5,41.5,280
2019-05-21,Mitch Haniger,fly_ball,92.2,40.9,317
2019-05-21,Domingo Santana,fly_ball,97.4,41.2,343
2019-05-21,Edwin Encarnacion,fly_ball,87.9,31.7,339
2019-05-21,Omar Narvaez,fly_ball,100.1,27.3,420
2019-05-21,Jay Bruce,fly_ball,83.1,28.8,322
2019-05-21,Rowdy Tellez,fly_ball,82.3,30.3,302
2019-05-21,Andrew Benintendi,fly_ball,73,33,237
2019-05-21,Danny Jansen,fly_ball,76,38.4,249
2019-05-21,Justin Smoak,fly_ball,100.9,29.3,386
2019-05-21,Rowdy Tellez,fly_ball,102.9,32.2,399
2019-05-21,Randal Grichuk,fly_ball,106.8,22,396
2019-05-21,Andrew Benintendi,fly_ball,92.7,31.3,340
2019-05-21,Jonathan Davis,fly_ball,86.7,52.7,240
2019-05-21,Rowdy Tellez,fly_ball,104.4,33.2,397
2019-05-21,Randal Grichuk,fly_ball,96.1,41.4,316
2019-05-21,Mitch Moreland,fly_ball,98.3,26.6,352
2019-05-21,Rafael Devers,fly_ball,108.2,23.5,432
2019-05-21,Jackie Bradley,fly_ball,101.3,28.1,362
2019-05-21,Andrew Benintendi,fly_ball,96.4,29.8,351
2019-05-21,Nick Senzel,fly_ball,101.8,23.8,389
2019-05-21,Jose Peraza,fly_ball,79.8,37.4,281
2019-05-21,Mike Moustakas,fly_ball,92.9,33,358
2019-05-21,Curt Casali,fly_ball,95.6,53.8,255
2019-05-22,Thairo Estrada,fly_ball,103.2,26.9,417
2019-05-22,DJ LeMahieu,fly_ball,96.7,28.8,361
2019-05-22,Gleyber Torres,fly_ball,102.4,26,424
2019-05-22,Luke Voit,fly_ball,87.8,25.5,315
2019-05-22,Chris Davis,fly_ball,92.3,25.5,360
2019-05-22,Gleyber Torres,fly_ball,101.5,31.6,377
2019-05-22,Cameron Maybin,fly_ball,90,41.3,301
2019-05-22,Richie Martin,fly_ball,96.9,23.8,369
2019-05-22,Jonathan Villar,fly_ball,79.6,43.4,267
2019-05-22,Renato Nunez,fly_ball,107.1,34.6,401
2019-05-22,Cameron Maybin,fly_ball,95.7,48.8,299
2019-05-22,Luke Voit,fly_ball,97.1,40,337
2019-05-22,Renato Nunez,fly_ball,101.9,33.7,372
2019-05-22,Bryce Harper,fly_ball,95.1,36.1,350
2019-05-22,Kris Bryant,fly_ball,71.6,45.5,245
2019-05-22,Anthony Rizzo,fly_ball,110.5,28.9,437
2019-05-22,David Bote,fly_ball,94.2,54.7,246
2019-05-22,Albert Almora,fly_ball,103.7,28.4,419
2019-05-22,Andrew McCutchen,fly_ball,84.7,39.2,294
2019-05-22,Rhys Hoskins,fly_ball,75.3,33.1,266
2019-05-22,Anthony Rizzo,fly_ball,94.7,41.9,314
2019-05-22,Javier Baez,fly_ball,106.3,26.9,449
2019-05-22,Jean Segura,fly_ball,78.9,33.2,279
2019-05-22,Jurickson Profar,fly_ball,79.7,31.9,282
2019-05-22,Jose Ramirez,fly_ball,90,52,260
2019-05-22,Nick Hundley,fly_ball,100.5,27,373
2019-05-22,Robbie Grossman,fly_ball,83.9,39.1,272
2019-05-22,Jurickson Profar,fly_ball,95.9,34.9,339
2019-05-22,Mark Canha,fly_ball,101.9,23.4,366
2019-05-22,Robbie Grossman,fly_ball,95,30.8,359
2019-05-22,Nick Hundley,fly_ball,96.5,27.2,371
2019-05-22,Mark Canha,fly_ball,85.8,34,321
2019-05-22,Jake Bauers,fly_ball,107,24.4,450
2019-05-22,Leonys Martín,fly_ball,80.6,32.4,282
2019-05-22,Austin Dean,fly_ball,91.3,31.8,306
2019-05-22,Nick Castellanos,fly_ball,95.5,36.2,333
2019-05-22,Josh Harrison,fly_ball,82.1,35.7,289
2019-05-22,Neil Walker,fly_ball,68.1,30.7,211
2019-05-22,Niko Goodrum,fly_ball,97,53.7,275
2019-05-22,Josh Harrison,fly_ball,81,34.5,302
2019-05-22,Gordon Beckham,fly_ball,84.9,32.6,304
2019-05-22,Brian Anderson,fly_ball,108.1,20,394
2019-05-22,Starlin Castro,fly_ball,89.8,43.2,276
2019-05-22,Niko Goodrum,fly_ball,96.4,32.2,369
2019-05-22,Eloy Jimenez,fly_ball,106.2,34.3,419
2019-05-22,Alex Bregman,fly_ball,93,35.6,352
2019-05-22,Aledmys Díaz,fly_ball,87.9,43.9,280
2019-05-22,Carlos Sanchez,fly_ball,100.3,23.7,387
2019-05-22,Josh Reddick,fly_ball,83.6,35.8,282
2019-05-22,Charlie Tilson,fly_ball,102,24.4,404
2019-05-22,Eloy Jimenez,fly_ball,109.9,27.7,427
2019-05-22,Tim Anderson,fly_ball,90.7,35.8,319
2019-05-22,Josh Reddick,fly_ball,75.8,38.1,250
2019-05-22,Michael Brantley,fly_ball,89.5,50.9,262
2019-05-22,Carlos Correa,fly_ball,74.7,32.5,273
2019-05-22,Aledmys Díaz,fly_ball,91.5,26.2,346
2019-05-22,Yoan Moncada,fly_ball,96.6,33,352
2019-05-22,Jake Marisnick,fly_ball,71,49.4,193
2019-05-22,Josh Reddick,fly_ball,102.5,28.4,398
2019-05-22,Adam Eaton,fly_ball,100,36.2,367
2019-05-22,Anthony Rendon,fly_ball,91,56,230
2019-05-22,Matt Adams,fly_ball,91.4,50,273
2019-05-22,Amed Rosario,fly_ball,80.2,40.2,250
2019-05-22,Anthony Rendon,fly_ball,87.8,43.1,285
2019-05-22,Juan Soto,fly_ball,91.3,34.1,341
2019-05-22,Todd Frazier,fly_ball,96.8,23.9,373
2019-05-22,Todd Frazier,fly_ball,85.7,45.8,270
2019-05-22,Juan Lagares,fly_ball,78.3,32.7,262
2019-05-22,Adam Eaton,fly_ball,85.5,28,320
2019-05-22,Rajai Davis,fly_ball,103.8,22.8,382
2019-05-22,Daniel Murphy,fly_ball,99.5,26,404
2019-05-22,Kevin Newman,fly_ball,99,21.9,387
2019-05-22,Tony Wolters,fly_ball,93.3,31.1,361
2019-05-22,Charlie Blackmon,fly_ball,94,34.7,345
2019-05-22,Daniel Murphy,fly_ball,93,30.5,368
2019-05-22,Brendan Rodgers,fly_ball,101,24.5,355
2019-05-22,Charlie Blackmon,fly_ball,67.5,44.9,204
2019-05-22,Adam Frazier,fly_ball,89.3,37.7,314
2019-05-22,Tony Wolters,fly_ball,77.3,30.3,260
2019-05-22,Trevor Story,fly_ball,93.2,29.1,341
2019-05-22,Kevin Newman,fly_ball,88.3,32.2,324
2019-05-22,Jake Elmore,fly_ball,89.5,31.4,333
2019-05-22,Adam Frazier,fly_ball,91.1,45.4,280
2019-05-22,Raimel Tapia,fly_ball,97.3,37.3,350
2019-05-22,Eduardo Escobar,fly_ball,69.9,33.7,247
2019-05-22,Greg Garcia,fly_ball,71.1,36.2,243
2019-05-22,Manny Machado,fly_ball,102.9,31.9,362
2019-05-22,Wil Myers,fly_ball,108,38.7,366
2019-05-22,Austin Hedges,fly_ball,98.6,51.7,274
2019-05-22,Christian Walker,fly_ball,83.1,29.4,299
2019-05-22,Eric Lauer,fly_ball,103.8,38.1,382
2019-05-22,Greg Garcia,fly_ball,81,27.4,271
2019-05-22,Ketel Marte,fly_ball,98,31,344
2019-05-22,Eduardo Escobar,fly_ball,88.3,29.5,303
2019-05-22,Ildemaro Vargas,fly_ball,85.9,41.7,294
2019-05-22,Adam Jones,fly_ball,100.2,28.2,386
2019-05-22,Jarrod Dyson,fly_ball,96.8,37,354
2019-05-22,Dansby Swanson,fly_ball,102.2,31,420
2019-05-22,Brian McCann,fly_ball,91.2,47.3,287
2019-05-22,Matthew Joyce,fly_ball,89.9,39.9,281
2019-05-22,Buster Posey,fly_ball,96.5,29.2,340
2019-05-22,Brian McCann,fly_ball,96.9,46.1,302
2019-05-22,Ozzie Albies,fly_ball,82.1,47.6,246
2019-05-22,Tyler Austin,fly_ball,103.5,34.8,371
2019-05-22,Charlie Culberson,fly_ball,87.6,40.7,300
2019-05-22,Steven Duggar,fly_ball,100.2,28.4,399
2019-05-22,Dansby Swanson,fly_ball,79.4,41,268
2019-05-22,Nick Markakis,fly_ball,92.5,44.4,295
2019-05-22,Brandon Belt,fly_ball,101.8,34.8,385
2019-05-22,Whit Merrifield,fly_ball,94.1,31.6,330
2019-05-22,Paul DeJong,fly_ball,92.3,46.1,309
2019-05-22,Marcell Ozuna,fly_ball,102.9,27.6,371
2019-05-22,Matt Carpenter,fly_ball,98.5,34.8,376
2019-05-22,Whit Merrifield,fly_ball,101.8,23,386
2019-05-22,Adalberto Mondesi,fly_ball,70.7,41.6,238
2019-05-22,Jorge Soler,fly_ball,74.6,25,241
2019-05-22,Adalberto Mondesi,fly_ball,83.9,28.8,316
2019-05-22,Hunter Dozier,fly_ball,105.9,36.4,419
2019-05-22,Jorge Soler,fly_ball,102.1,21.5,399
2019-05-22,Jose Martinez,fly_ball,81.4,47.2,264
2019-05-22,Dexter Fowler,fly_ball,98.9,37.4,368
2019-05-22,Kolten Wong,fly_ball,92.3,36,362
2019-05-22,Paul Goldschmidt,fly_ball,95.3,46.3,300
2019-05-22,Hunter Dozier,fly_ball,94.4,33.6,365
2019-05-22,Harrison Bader,fly_ball,86.6,42.4,292
2019-05-22,Hunter Dozier,fly_ball,98.2,38.8,352
2019-05-22,Jorge Soler,fly_ball,108.1,24.3,411
2019-05-22,Matt Carpenter,fly_ball,91.5,28.6,309
2019-05-22,Paul Goldschmidt,fly_ball,101.7,36.5,368
2019-05-22,Alex Gordon,fly_ball,101.8,40.1,358
2019-05-22,Matt Carpenter,fly_ball,91.3,47.6,302
2019-05-22,Dexter Fowler,fly_ball,85.1,29.9,315
2019-05-22,Yairo Munoz,fly_ball,89.1,32.7,323
2019-05-22,Justin Turner,fly_ball,79.8,38.7,275
2019-05-22,Tommy Pham,fly_ball,100.6,24.5,389
2019-05-22,Travis d'Arnaud,fly_ball,93.9,30,374
2019-05-22,Max Muncy,fly_ball,104.2,28.6,420
2019-05-22,Avisail Garcia,fly_ball,106.8,26.7,407
2019-05-22,Willy Adames,fly_ball,83.5,47.8,257
2019-05-22,Kevin Kiermaier,fly_ball,105.9,28,424
2019-05-22,Brandon Lowe,fly_ball,82.2,51.1,239
2019-05-22,Andrew Velazquez,fly_ball,96.5,30,386
2019-05-22,Mitch Haniger,fly_ball,81.5,35.1,300
2019-05-22,Logan Forsythe,fly_ball,99.1,34.5,397
2019-05-22,J. P. Crawford,fly_ball,88,30.3,335
2019-05-22,Asdrubal Cabrera,fly_ball,88.4,50,272
2019-05-22,Dan Vogelbach,fly_ball,88.3,27.5,354
2019-05-22,Shed Long,fly_ball,93.4,33.4,376
2019-05-22,Ronald Guzman,fly_ball,94.1,48.5,303
2019-05-22,Dan Vogelbach,fly_ball,96.3,27,356
2019-05-22,Edwin Encarnacion,fly_ball,92.2,50.1,287
2019-05-22,Hunter Pence,fly_ball,102,36.7,387
2019-05-22,Jay Bruce,fly_ball,78,46,236
2019-05-22,Shed Long,fly_ball,100.7,26.1,377
2019-05-22,Freddy Galvis,fly_ball,93,48.8,281
2019-05-22,Rafael Devers,fly_ball,93.4,40.7,308
2019-05-22,Eric Sogard,fly_ball,83.6,35.6,307
2019-05-22,Vladimir Guerrero,fly_ball,109.7,23,424
2019-05-22,Mookie Betts,fly_ball,88.3,27,336
2019-05-22,Brandon Drury,fly_ball,77.8,44.6,240
2019-05-22,Vladimir Guerrero,fly_ball,71.4,36.6,228
2019-05-22,Rafael Devers,fly_ball,109.1,21.6,400
2019-05-22,Brandon Drury,fly_ball,89.7,28.8,344
2019-05-22,Eric Sogard,fly_ball,84.2,30.4,304
2019-05-22,Mookie Betts,fly_ball,105.3,25,423
2019-05-22,Vladimir Guerrero,fly_ball,95,37.6,322
2019-05-22,Rowdy Tellez,fly_ball,106.2,29.8,401
2019-05-22,Michael Chavis,fly_ball,108,23.1,424
2019-05-22,Billy McKinney,fly_ball,87.9,46.2,279
2019-05-22,Eric Thames,fly_ball,76.2,35.7,274
2019-05-22,Josh VanMeter,fly_ball,68.8,41.8,216
2019-05-22,Luis Castillo,fly_ball,78.7,48.4,231
2019-05-22,Tucker Barnhart,fly_ball,105.1,34.4,413
2019-05-22,Nick Senzel,fly_ball,95.9,51.2,278
2019-05-22,Keston Hiura,fly_ball,104.9,36.4,395
2019-05-22,Jesse Winker,fly_ball,88.8,43.6,267
2019-05-22,Mike Moustakas,fly_ball,104.1,28.8,408
2019-05-22,Eugenio Suarez,fly_ball,75.6,34.1,243
2019-05-22,Orlando Arcia,fly_ball,97.1,24,386
2019-05-22,Yasmani Grandal,fly_ball,102.5,27,398
2019-05-22,Jesus Aguilar,fly_ball,82.7,44.7,269
2019-05-22,Yasmani Grandal,fly_ball,92.2,46.9,292
2019-05-22,Eugenio Suarez,fly_ball,77.3,56.7,192
2019-05-23,Jorge Polanco,fly_ball,80.8,39.7,276
2019-05-23,Jonathan Schoop,fly_ball,110.4,30.2,467
2019-05-23,Jorge Polanco,fly_ball,98.8,27.8,401
2019-05-23,Marwin Gonzalez,fly_ball,92.4,31.1,361
2019-05-23,C. J. Cron,fly_ball,107.8,26.5,426
2019-05-23,Luis Arraez,fly_ball,95,51.4,271
2019-05-23,Jonathan Schoop,fly_ball,84.7,36,302
2019-05-23,David Fletcher,fly_ball,99.2,24.1,375
2019-05-23,Luis Arraez,fly_ball,71.6,49.6,214
2019-05-23,Marwin Gonzalez,fly_ball,91.1,57.1,227
2019-05-23,Zack Cozart,fly_ball,74.7,25,256
2019-05-23,Eddie Rosario,fly_ball,100.4,43.8,329
2019-05-23,Miguel Sano,fly_ball,106,39.5,403
2019-05-23,Jonathan Schoop,fly_ball,103.7,26.8,384
2019-05-23,Max Kepler,fly_ball,105.4,31.5,409
2019-05-23,Marwin Gonzalez,fly_ball,95.3,34.7,342
2019-05-23,Eddie Rosario,fly_ball,102,23.7,419
2019-05-23,Miguel Sano,fly_ball,75.6,39.7,256
2019-05-23,Tommy La Stella,fly_ball,89.2,28.2,327
2019-05-23,Kole Calhoun,fly_ball,90.3,51,255
2019-05-23,Zack Cozart,fly_ball,74.7,30.9,262
2019-05-23,Brian Goodwin,fly_ball,101.5,27.1,399
2019-05-23,David Fletcher,fly_ball,92,34.1,327
2019-05-23,Brett Gardner,fly_ball,72.1,35,241
2019-05-23,DJ LeMahieu,fly_ball,99.5,32.8,387
2019-05-23,Stevie Wilkerson,fly_ball,85.2,29.8,302
2019-05-23,Gio Urshela,fly_ball,71.5,36.5,231
2019-05-23,Clint Frazier,fly_ball,99.3,23.5,376
2019-05-23,Austin Wynns,fly_ball,83.9,34.5,305
2019-05-23,Richie Martin,fly_ball,99.9,26.8,387
2019-05-23,Luke Voit,fly_ball,102,28,408
2019-05-23,Kendrys Morales,fly_ball,85.7,38.3,299
2019-05-23,Dwight Smith,fly_ball,84.2,54.8,218
2019-05-23,Hanser Alberto,fly_ball,96.8,31.6,374
2019-05-23,J. T. Realmuto,fly_ball,111,28.1,456
2019-05-23,Scott Kingery,fly_ball,83.8,37.9,312
2019-05-23,Odubel Herrera,fly_ball,84,31.5,299
2019-05-23,Jean Segura,fly_ball,103.7,27.2,427
2019-05-23,Daniel Descalso,fly_ball,84.7,53.4,228
2019-05-23,J. T. Realmuto,fly_ball,99.2,29.9,350
2019-05-23,Scott Kingery,fly_ball,74.4,40.9,236
2019-05-23,Kyle Schwarber,fly_ball,101,29.7,408
2019-05-23,Addison Russell,fly_ball,77.7,34.8,271
2019-05-23,Javier Baez,fly_ball,94,26.8,338
2019-05-23,Victor Caratini,fly_ball,91.2,55.1,256
2019-05-23,Tommy Pham,fly_ball,108.1,24.6,420
2019-05-23,Avisail Garcia,fly_ball,105.7,34.9,392
2019-05-23,Willy Adames,fly_ball,102.6,21.7,401
2019-05-23,Jordan Luplow,fly_ball,88.8,38.5,308
2019-05-23,Avisail Garcia,fly_ball,100.4,33.2,368
2019-05-23,Brandon Lowe,fly_ball,101.9,45.2,329
2019-05-23,Jason Kipnis,fly_ball,76.6,51.6,215
2019-05-23,Jason Kipnis,fly_ball,69.1,31.8,221
2019-05-23,Willy Adames,fly_ball,79.5,30.6,267
2019-05-23,Francisco Lindor,fly_ball,90.4,46.6,268
2019-05-23,Jake Bauers,fly_ball,91.4,57.3,230
2019-05-23,Austin Dean,fly_ball,89.4,45.7,269
2019-05-23,Miguel Rojas,fly_ball,79,36.8,259
2019-05-23,Gordon Beckham,fly_ball,98.4,51.2,278
2019-05-23,Christin Stewart,fly_ball,102.4,35.8,379
2019-05-23,Garrett Cooper,fly_ball,103.1,34,417
2019-05-23,Brian Anderson,fly_ball,101.7,35.3,347
2019-05-23,Alex Bregman,fly_ball,83.3,52.4,235
2019-05-23,Carlos Sanchez,fly_ball,96.8,34.9,344
2019-05-23,Yonder Alonso,fly_ball,88.8,37.4,316
2019-05-23,Carlos Correa,fly_ball,88.1,35.8,303
2019-05-23,Tony Kemp,fly_ball,93.2,40.2,321
2019-05-23,Charlie Tilson,fly_ball,90.3,34.5,328
2019-05-23,Carlos Correa,fly_ball,95,27.9,380
2019-05-23,Trea Turner,fly_ball,76.6,32.5,256
2019-05-23,Juan Soto,fly_ball,106.4,23.4,393
2019-05-23,Carlos Gomez,fly_ball,92.9,39.5,320
2019-05-23,Adeiny Hechavarria,fly_ball,92.6,37.8,322
2019-05-23,Trea Turner,fly_ball,99.7,25,377
2019-05-23,Pete Alonso,fly_ball,98.3,38.2,357
2019-05-23,Adeiny Hechavarria,fly_ball,90.5,30.4,314
2019-05-23,Victor Robles,fly_ball,68.2,28.9,196
2019-05-23,Dominic Smith,fly_ball,74.2,29.6,232
2019-05-23,Gregory Polanco,fly_ball,105.8,28.9,436
2019-05-23,Brendan Rodgers,fly_ball,89.2,43.2,305
2019-05-23,Adam Frazier,fly_ball,79.4,40.6,254
2019-05-23,Nolan Arenado,fly_ball,98.4,49.8,295
2019-05-23,Colin Moran,fly_ball,94.1,31.4,365
2019-05-23,Josh Bell,fly_ball,104.8,35.1,413
2019-05-23,Starling Marte,fly_ball,110.3,23.8,390
2019-05-23,Gregory Polanco,fly_ball,79.9,54.8,220
2019-05-23,Chris Iannetta,fly_ball,87.5,41.7,307
2019-05-23,Jake Elmore,fly_ball,69.4,42.1,225
2019-05-23,Donovan Solano,fly_ball,95,29.1,317
2019-05-23,Brandon Belt,fly_ball,82.7,40.9,280
2019-05-23,Kevin Pillar,fly_ball,94.4,40.8,311
2019-05-23,Tyler Flowers,fly_ball,106.3,29,405
2019-05-23,Donovan Solano,fly_ball,96.7,44.5,318
2019-05-23,Madison Bumgarner,fly_ball,87.6,53.5,245
2019-05-23,Steven Duggar,fly_ball,74.1,27,249
2019-05-23,Buster Posey,fly_ball,101.2,36.1,387
2019-05-23,Austin Riley,fly_ball,71.6,40.1,234
2019-05-23,Evan Longoria,fly_ball,81.7,38.2,277
2019-05-23,Matthew Joyce,fly_ball,77.5,44.1,243
2019-05-23,Donovan Solano,fly_ball,69,40.6,233
2019-05-23,Tyler Austin,fly_ball,105.7,35.2,426
2019-05-23,Freddie Freeman,fly_ball,89.8,44.7,290
2019-05-23,Austin Riley,fly_ball,103.5,29.9,417
2019-05-23,Brandon Belt,fly_ball,80.6,37.3,277
2019-05-23,Joe Panik,fly_ball,95.2,27.9,362
2019-05-23,Kevin Pillar,fly_ball,88.1,45.2,280
2019-05-23,Josh Donaldson,fly_ball,96.4,45,303
2019-05-23,Donovan Solano,fly_ball,83.3,29.8,291
2019-05-23,Freddie Freeman,fly_ball,100.4,36.3,368
2019-05-23,Josh Donaldson,fly_ball,86,43.8,275
2019-05-23,Xander Bogaerts,fly_ball,73.9,32.8,242
2019-05-23,Billy McKinney,fly_ball,85.6,48.1,257
2019-05-23,Vladimir Guerrero,fly_ball,93.7,44.7,298
2019-05-23,Xander Bogaerts,fly_ball,95.8,38.7,340
2019-05-23,Brandon Drury,fly_ball,99.4,37.3,358
2019-05-23,Andrew Benintendi,fly_ball,93.2,25.2,356
2019-05-23,Steve Pearce,fly_ball,95,25,345
2019-05-23,Christian Vazquez,fly_ball,87.7,42.9,296
2019-05-23,Mookie Betts,fly_ball,86.7,41.8,299
2019-05-23,Steve Pearce,fly_ball,100.1,33.9,399
2019-05-23,Andrew Benintendi,fly_ball,85.2,48.9,264
2019-05-23,Justin Smoak,fly_ball,101.6,26.1,373
2019-05-24,Shin-Soo Choo,fly_ball,110.2,31.5,439
2019-05-24,Logan Forsythe,fly_ball,88.1,45.3,263
2019-05-24,Albert Pujols,fly_ball,92.2,46.9,283
2019-05-24,Isiah Kiner-Falefa,fly_ball,72.1,34.5,251
2019-05-24,Jonathan Lucroy,fly_ball,104.3,23,414
2019-05-24,Brian Goodwin,fly_ball,101,45.7,347
2019-05-24,Jonathan Lucroy,fly_ball,76.4,33.9,266
2019-05-24,Tommy La Stella,fly_ball,85,46.5,275
2019-05-24,Rougned Odor,fly_ball,98,28.2,336
2019-05-24,Zack Cozart,fly_ball,73.4,37.2,257
2019-05-24,Brian Goodwin,fly_ball,91,32.8,322
2019-05-24,Rougned Odor,fly_ball,96.5,33.8,336
2019-05-24,Kole Calhoun,fly_ball,96,40.6,332
2019-05-24,Anthony Rizzo,fly_ball,95.3,48,272
2019-05-24,Albert Almora,fly_ball,94.1,39.4,326
2019-05-24,Kris Bryant,fly_ball,102.2,28.1,421
2019-05-24,Joey Votto,fly_ball,71.3,31.1,243
2019-05-24,Albert Almora,fly_ball,92.7,38.4,329
2019-05-24,Joey Votto,fly_ball,94.6,30.1,326
2019-05-24,Yasiel Puig,fly_ball,107.4,22,431
2019-05-24,Eugenio Suarez,fly_ball,70,41.9,214
2019-05-24,Albert Almora,fly_ball,88.9,35.6,292
2019-05-24,Eugenio Suarez,fly_ball,104.9,28.7,445
2019-05-24,Kyle Farmer,fly_ball,99.9,33.6,371
2019-05-24,Tucker Barnhart,fly_ball,96.4,35.2,335
2019-05-24,Kyle Schwarber,fly_ball,86.9,42,283
2019-05-24,Jose Ramirez,fly_ball,82.1,56,221
2019-05-24,Francisco Lindor,fly_ball,86.5,36.2,303
2019-05-24,Jordan Luplow,fly_ball,99.5,28.8,391
2019-05-24,Ji-Man Choi,fly_ball,98.6,33.7,351
2019-05-24,Francisco Lindor,fly_ball,88,32.5,323
2019-05-24,Ji-Man Choi,fly_ball,85,48.6,252
2019-05-24,Avisail Garcia,fly_ball,73.9,38.4,247
2019-05-24,Jose Ramirez,fly_ball,67.3,43.1,215
2019-05-24,Leonys Martín,fly_ball,88.8,46.6,275
2019-05-24,Daniel Robertson,fly_ball,91.3,48.7,267
2019-05-24,Daniel Murphy,fly_ball,98.2,26.1,384
2019-05-24,Keon Broxton,fly_ball,109,25.9,474
2019-05-24,Dwight Smith,fly_ball,106.3,25.4,437
2019-05-24,Hanser Alberto,fly_ball,67.7,39.2,233
2019-05-24,Trey Mancini,fly_ball,92.2,30.4,353
2019-05-24,Daniel Murphy,fly_ball,91.4,41.1,328
2019-05-24,Trey Mancini,fly_ball,75,55,206
2019-05-24,Tony Wolters,fly_ball,88.3,47.1,282
2019-05-24,Trevor Story,fly_ball,108.2,25.4,449
2019-05-24,Nolan Arenado,fly_ball,100.9,33.6,419
2019-05-24,Ian Desmond,fly_ball,97.5,27.3,360
2019-05-24,David Dahl,fly_ball,102.5,36,400
2019-05-24,Mookie Betts,fly_ball,90.6,50.4,260
2019-05-24,George Springer,fly_ball,102.3,21.6,393
2019-05-24,Carlos Correa,fly_ball,82.8,34.1,303
2019-05-24,Yuli Gurriel,fly_ball,92.9,41.9,306
2019-05-24,Eduardo Nunez,fly_ball,97,37.8,343
2019-05-24,Jake Marisnick,fly_ball,98.7,41.9,336
2019-05-24,Mookie Betts,fly_ball,103.1,39.4,367
2019-05-24,George Springer,fly_ball,84.4,42.6,279
2019-05-24,Alex Bregman,fly_ball,94.4,29.5,344
2019-05-24,Mookie Betts,fly_ball,92.1,31.5,338
2019-05-24,Xander Bogaerts,fly_ball,99.8,26.7,394
2019-05-24,Tyler White,fly_ball,78.6,43.2,238
2019-05-24,Jackie Bradley,fly_ball,107,22.5,433
2019-05-24,Yuli Gurriel,fly_ball,85.4,50.7,236
2019-05-24,Josh Reddick,fly_ball,96.4,28.1,368
2019-05-24,Andrew Benintendi,fly_ball,99.3,26.6,398
2019-05-24,Brian Anderson,fly_ball,103.7,28.4,409
2019-05-24,Adam Eaton,fly_ball,102.4,26.6,404
2019-05-24,Matt Adams,fly_ball,90.6,33.7,346
2019-05-24,Starlin Castro,fly_ball,95.7,29.2,337
2019-05-24,Anthony Rendon,fly_ball,102.9,35.5,394
2019-05-24,Curtis Granderson,fly_ball,102.9,30.4,400
2019-05-24,Garrett Cooper,fly_ball,91.5,46.5,289
2019-05-24,Michael Taylor,fly_ball,85.1,37.7,278
2019-05-24,Harold Ramirez,fly_ball,103.5,25.1,382
2019-05-24,Curtis Granderson,fly_ball,97.9,32.3,364
2019-05-24,Neil Walker,fly_ball,84.4,37,295
2019-05-24,Adam Eaton,fly_ball,95.1,43.7,307
2019-05-24,Matt Adams,fly_ball,99,26.1,351
2019-05-24,Juan Soto,fly_ball,103,29.6,399
2019-05-24,Matt Adams,fly_ball,101.3,34.8,391
2019-05-24,Curtis Granderson,fly_ball,95.1,48.7,282
2019-05-24,Christin Stewart,fly_ball,101.8,43.6,336
2019-05-24,Rajai Davis,fly_ball,89.2,41.3,274
2019-05-24,Amed Rosario,fly_ball,93.3,27.6,377
2019-05-24,Adeiny Hechavarria,fly_ball,101.6,24.3,383
2019-05-24,Miguel Cabrera,fly_ball,98.9,31,386
2019-05-24,Pete Alonso,fly_ball,105.2,27.3,401
2019-05-24,Christin Stewart,fly_ball,97.7,35.5,364
2019-05-24,Wilson Ramos,fly_ball,100.6,31.1,368
2019-05-24,JaCoby Jones,fly_ball,92.1,25.6,354
2019-05-24,Gordon Beckham,fly_ball,91.6,37.7,330
2019-05-24,Mitch Haniger,fly_ball,96.7,57.2,234
2019-05-24,Edwin Encarnacion,fly_ball,82.6,49.2,234
2019-05-24,Matt Chapman,fly_ball,84,42.3,255
2019-05-24,Matt Olson,fly_ball,104.6,34.5,395
2019-05-24,Mark Canha,fly_ball,108.1,27.4,416
2019-05-24,Nick Hundley,fly_ball,77.5,32.6,259
2019-05-24,Dan Vogelbach,fly_ball,83.7,40.5,298
2019-05-24,Domingo Santana,fly_ball,101.2,23.8,397
2019-05-24,Stephen Piscotty,fly_ball,106.1,23.8,406
2019-05-24,Jurickson Profar,fly_ball,87.9,47.7,272
2019-05-24,Enrique Hernandez,fly_ball,92.5,30,331
2019-05-24,Josh Bell,fly_ball,94.3,59.4,220
2019-05-24,Max Muncy,fly_ball,98.9,35.8,357
2019-05-24,Colin Moran,fly_ball,99.9,23.2,380
2019-05-24,Corey Seager,fly_ball,102.5,36.7,379
2019-05-24,Adam Frazier,fly_ball,84.2,54.1,228
2019-05-24,Enrique Hernandez,fly_ball,78.9,30.5,265
2019-05-24,Austin Barnes,fly_ball,79,45.4,252
2019-05-24,Cody Bellinger,fly_ball,102.4,25.7,369
2019-05-24,Enrique Hernandez,fly_ball,89.5,43.9,289
2019-05-24,Elias Diaz,fly_ball,85.6,38.5,292
2019-05-24,Kevin Newman,fly_ball,82.2,43.9,260
2019-05-24,Ketel Marte,fly_ball,99.4,49.4,289
2019-05-24,Ildemaro Vargas,fly_ball,97.7,30.1,374
2019-05-24,Donovan Solano,fly_ball,84.4,54.4,236
2019-05-24,Carson Kelly,fly_ball,90.2,46.1,289
2019-05-24,Adam Jones,fly_ball,105.9,27.6,419
2019-05-24,Eduardo Escobar,fly_ball,101.4,35.2,374
2019-05-24,Kevin Pillar,fly_ball,68,31.1,232
2019-05-24,Nick Ahmed,fly_ball,94.6,29.4,383
2019-05-24,Ketel Marte,fly_ball,109.1,38.3,387
2019-05-24,Eduardo Escobar,fly_ball,81.4,40.5,259
2019-05-24,Joe Panik,fly_ball,83.7,37.3,283
2019-05-24,Blake Swihart,fly_ball,81.8,56.6,218
2019-05-24,Pablo Sandoval,fly_ball,105.1,21.6,406
2019-05-24,Joe Panik,fly_ball,83.5,31.3,274
2019-05-24,Ronald Acuna,fly_ball,90.8,30.2,335
2019-05-24,Paul DeJong,fly_ball,93.6,34.1,352
2019-05-24,Austin Riley,fly_ball,90.3,26.6,357
2019-05-24,Matt Carpenter,fly_ball,94,31,338
2019-05-24,Harrison Bader,fly_ball,98.2,23.3,393
2019-05-24,Yadier Molina,fly_ball,94.5,42.8,324
2019-05-24,Freddie Freeman,fly_ball,103.5,24.4,411
2019-05-24,Brian McCann,fly_ball,96.4,36.4,361
2019-05-24,Ozzie Albies,fly_ball,95,38.2,337
2019-05-24,Jose Martinez,fly_ball,93.1,36.1,341
2019-05-24,Dansby Swanson,fly_ball,100.3,29.4,405
2019-05-24,Paul DeJong,fly_ball,102.8,37.8,384
2019-05-24,Matt Carpenter,fly_ball,108.5,31.8,442
2019-05-24,Austin Hedges,fly_ball,98.2,31.8,383
2019-05-24,Danny Jansen,fly_ball,95.6,36.4,348
2019-05-24,Josh Naylor,fly_ball,88.9,28,319
2019-05-24,Vladimir Guerrero,fly_ball,93.3,31.4,331
2019-05-24,Justin Smoak,fly_ball,83.3,45.5,268
2019-05-24,Greg Garcia,fly_ball,108.3,22.3,421
2019-05-24,Lourdes Gurriel,fly_ball,106.6,23.4,412
2019-05-24,Justin Smoak,fly_ball,87.8,52.7,252
2019-05-24,Ian Kinsler,fly_ball,74.3,27.4,238
2019-05-24,Randal Grichuk,fly_ball,77.5,32.8,286
2019-05-24,Hunter Renfroe,fly_ball,92.6,26.5,362
2019-05-24,Wil Myers,fly_ball,104.7,43.1,345
2019-05-24,Ty France,fly_ball,100.9,23.4,392
2019-05-24,Max Kepler,fly_ball,97.5,34.5,363
2019-05-24,Jorge Polanco,fly_ball,85.2,36.8,315
2019-05-24,Tim Anderson,fly_ball,69.8,33.6,248
2019-05-24,Eddie Rosario,fly_ball,100.8,30.5,374
2019-05-24,Miguel Sano,fly_ball,106.2,26.1,399
2019-05-24,Max Kepler,fly_ball,99,28.7,398
2019-05-24,Marwin Gonzalez,fly_ball,93.8,28,371
2019-05-24,Welington Castillo,fly_ball,73.4,29.8,266
2019-05-24,Tim Anderson,fly_ball,71,31.7,247
2019-05-24,Yonder Alonso,fly_ball,80.8,31.4,277
2019-05-24,Jonathan Schoop,fly_ball,84.2,40.5,282
2019-05-24,Byron Buxton,fly_ball,100.3,51.8,284
2019-05-24,Charlie Tilson,fly_ball,87,30.3,328
2019-05-24,Yoan Moncada,fly_ball,88.9,27.1,332
2019-05-24,Jean Segura,fly_ball,90,35.4,321
2019-05-24,Bryce Harper,fly_ball,94.3,38.3,340
2019-05-24,Rhys Hoskins,fly_ball,91.4,34.5,345
2019-05-24,Lorenzo Cain,fly_ball,95.2,32.8,347
2019-05-24,Yasmani Grandal,fly_ball,97.8,47.9,299
2019-05-24,Cesar Hernandez,fly_ball,85.1,30.1,292
2019-05-24,Eric Thames,fly_ball,98.8,35.3,364
2019-05-24,Orlando Arcia,fly_ball,103.5,24.6,407
2019-05-24,Bryce Harper,fly_ball,80.5,45.7,249
2019-05-24,Lorenzo Cain,fly_ball,100.5,37.4,365
2019-05-24,Christian Yelich,fly_ball,97.9,37.6,366
2019-05-24,Cesar Hernandez,fly_ball,100.2,29.8,388
2019-05-24,Andrew McCutchen,fly_ball,100.9,39.8,358
2019-05-24,Rhys Hoskins,fly_ball,104.7,31.8,403
2019-05-24,Andrew Knapp,fly_ball,96.7,45.5,306
2019-05-24,Ryan Braun,fly_ball,101,45.9,318
2019-05-25,Shin-Soo Choo,fly_ball,90,29.9,351
2019-05-25,Kole Calhoun,fly_ball,104.8,22.3,380
2019-05-25,Mike Trout,fly_ball,91.7,55,246
2019-05-25,Nomar Mazara,fly_ball,93.8,41.1,302
2019-05-25,Ronald Guzman,fly_ball,94.9,46.4,306
2019-05-25,Jeff Mathis,fly_ball,82.3,50.1,237
2019-05-25,Mike Trout,fly_ball,80.5,48.4,232
2019-05-25,Hunter Pence,fly_ball,92.5,45.4,277
2019-05-25,Albert Pujols,fly_ball,69.7,29.7,244
2019-05-25,Jeff Mathis,fly_ball,80.8,36.1,258
2019-05-25,Shin-Soo Choo,fly_ball,94.1,42.5,318
2019-05-25,Shin-Soo Choo,fly_ball,95.1,44.8,313
2019-05-25,Brian Goodwin,fly_ball,96.6,37,349
2019-05-25,Jared Walsh,fly_ball,74.9,54.5,202
2019-05-25,Tucker Barnhart,fly_ball,95.9,26.7,367
2019-05-25,Albert Almora,fly_ball,102.7,27.6,415
2019-05-25,Kyle Schwarber,fly_ball,103.6,55.5,254
2019-05-25,Anthony Rizzo,fly_ball,93.7,30.6,383
2019-05-25,Yasiel Puig,fly_ball,109.1,26.8,416
2019-05-25,Jason Heyward,fly_ball,99.9,38,383
2019-05-25,Eugenio Suarez,fly_ball,95.9,43.5,349
2019-05-25,Kyle Schwarber,fly_ball,97.7,38.6,355
2019-05-25,Yasiel Puig,fly_ball,77.6,54.8,210
2019-05-25,Ji-Man Choi,fly_ball,96.9,29,351
2019-05-25,Avisail Garcia,fly_ball,95.5,47.5,301
2019-05-25,Brandon Lowe,fly_ball,100,33.3,406
2019-05-25,Carlos Santana,fly_ball,101.3,24,356
2019-05-25,Avisail Garcia,fly_ball,87.2,47.6,271
2019-05-25,Leonys Martín,fly_ball,81.8,43.7,268
2019-05-25,Travis d'Arnaud,fly_ball,76.9,46.8,214
2019-05-25,Jason Kipnis,fly_ball,93.1,40.8,312
2019-05-25,Carlos Santana,fly_ball,105.5,25.2,421
2019-05-25,Hanser Alberto,fly_ball,74.6,50.6,227
2019-05-25,Chris Iannetta,fly_ball,87,47.9,289
2019-05-25,Renato Nunez,fly_ball,108.8,23.4,436
2019-05-25,Nolan Arenado,fly_ball,95.1,30.9,394
2019-05-25,Jonathan Villar,fly_ball,100.7,25.3,422
2019-05-25,Ryan McMahon,fly_ball,87.8,33.1,352
2019-05-25,Chris Iannetta,fly_ball,100.6,32.1,375
2019-05-25,Pedro Severino,fly_ball,75.7,22.2,247
2019-05-25,Raimel Tapia,fly_ball,98.4,38.7,373
2019-05-25,Hanser Alberto,fly_ball,94.5,42.6,330
2019-05-25,Aledmys Díaz,fly_ball,79.5,54.5,222
2019-05-25,Yuli Gurriel,fly_ball,94.6,40.3,329
2019-05-25,Jackie Bradley,fly_ball,92.3,58.1,233
2019-05-25,Aledmys Díaz,fly_ball,83.8,40,285
2019-05-25,Xander Bogaerts,fly_ball,100,41.7,342
2019-05-25,Robinson Chirinos,fly_ball,86.2,47.8,267
2019-05-25,Jackie Bradley,fly_ball,90.1,48.8,273
2019-05-25,Christian Vazquez,fly_ball,94.1,36.3,334
2019-05-25,Mookie Betts,fly_ball,95.2,55,248
2019-05-25,Luke Voit,fly_ball,94.6,39,349
2019-05-25,Gleyber Torres,fly_ball,91.6,23.2,337
2019-05-25,Nicky Lopez,fly_ball,78.8,29.7,287
2019-05-25,Hunter Dozier,fly_ball,80.1,51.6,235
2019-05-25,Ryan O'Hearn,fly_ball,89.7,56.7,253
2019-05-25,Gio Urshela,fly_ball,97.1,32.2,392
2019-05-25,Adalberto Mondesi,fly_ball,101,33,381
2019-05-25,Luke Voit,fly_ball,86.4,47.7,283
2019-05-25,Brett Gardner,fly_ball,89.2,53.8,239
2019-05-25,Kendrys Morales,fly_ball,103.8,23,411
2019-05-25,Hunter Dozier,fly_ball,94.1,50.4,281
2019-05-25,Jorge Soler,fly_ball,98.8,35.6,354
2019-05-25,Ryan O'Hearn,fly_ball,95.8,40.8,329
2019-05-25,Cam Gallagher,fly_ball,71.9,25.3,231
2019-05-25,Clint Frazier,fly_ball,92.4,47,302
2019-05-25,DJ LeMahieu,fly_ball,86.9,43.1,297
2019-05-25,Gleyber Torres,fly_ball,76.5,33.5,278
2019-05-25,Hunter Dozier,fly_ball,91.7,39.7,329
2019-05-25,Austin Romine,fly_ball,76.9,41.4,265
2019-05-25,DJ LeMahieu,fly_ball,86.1,31.6,293
2019-05-25,Cam Gallagher,fly_ball,91.2,54.9,238
2019-05-25,Hunter Dozier,fly_ball,98.4,35,382
2019-05-25,Jorge Soler,fly_ball,103.3,38.8,383
2019-05-25,Whit Merrifield,fly_ball,82.1,46.2,269
2019-05-25,Alex Gordon,fly_ball,95,41.5,351
2019-05-25,Clint Frazier,fly_ball,102,30.7,399
2019-05-25,Brett Gardner,fly_ball,82.4,29.7,310
2019-05-25,Gio Urshela,fly_ball,87.5,54.2,245
2019-05-25,Martin Maldonado,fly_ball,73.4,37.3,259
2019-05-25,Whit Merrifield,fly_ball,101.9,35.9,413
2019-05-25,Luke Voit,fly_ball,109,33,470
2019-05-25,Gleyber Torres,fly_ball,87.7,43.4,304
2019-05-25,Hunter Dozier,fly_ball,82.9,51,244
2019-05-25,Gio Urshela,fly_ball,83.3,49.6,254
2019-05-25,Billy Hamilton,fly_ball,88.3,35.4,337
2019-05-25,Alex Gordon,fly_ball,95.8,41.6,350
2019-05-25,Hunter Dozier,fly_ball,80,53.7,224
2019-05-25,Austin Dean,fly_ball,89.6,32.5,333
2019-05-25,Trea Turner,fly_ball,99.1,34.2,354
2019-05-25,Anthony Rendon,fly_ball,70.1,30.3,239
2019-05-25,Anthony Rendon,fly_ball,75.3,40.9,253
2019-05-25,Bryan Holaday,fly_ball,84,29.7,293
2019-05-25,Neil Walker,fly_ball,81.5,40.8,255
2019-05-25,Brian Dozier,fly_ball,92,50.4,270
2019-05-25,Brian Dozier,fly_ball,97.6,46.7,299
2019-05-25,Niko Goodrum,fly_ball,70.1,26.1,229
2019-05-25,Nick Castellanos,fly_ball,92.9,43,305
2019-05-25,Grayson Greiner,fly_ball,82.1,35,286
2019-05-25,Wilson Ramos,fly_ball,111,22.7,418
2019-05-25,Todd Frazier,fly_ball,96.5,53.6,244
2019-05-25,Dawel Lugo,fly_ball,96.7,28.2,368
2019-05-25,Carlos Gomez,fly_ball,82.6,38.6,261
2019-05-25,Niko Goodrum,fly_ball,84.7,33.8,320
2019-05-25,Aaron Altherr,fly_ball,87.9,52.8,209
2019-05-25,Josh Harrison,fly_ball,93.6,36.7,320
2019-05-25,Brandon Dixon,fly_ball,106.2,36.2,395
2019-05-25,Wilson Ramos,fly_ball,103.6,28.2,381
2019-05-25,Christin Stewart,fly_ball,97.1,44.6,320
2019-05-25,Niko Goodrum,fly_ball,95.9,39.5,341
2019-05-25,Aaron Altherr,fly_ball,77.5,36.7,275
2019-05-25,Adeiny Hechavarria,fly_ball,89.8,26.1,347
2019-05-25,Amed Rosario,fly_ball,90.6,44.2,293
2019-05-25,Niko Goodrum,fly_ball,98.5,27.6,370
2019-05-25,Dawel Lugo,fly_ball,74.9,37.7,224
2019-05-25,Nick Castellanos,fly_ball,80,38.7,277
2019-05-25,Tomas Nido,fly_ball,81.1,34.5,276
2019-05-25,John Hicks,fly_ball,89.2,34.3,319
2019-05-25,Amed Rosario,fly_ball,89.5,45,265
2019-05-25,J. D. Davis,fly_ball,99.5,30.6,371
2019-05-25,Tomas Nido,fly_ball,99.9,32.1,394
2019-05-25,Omar Narvaez,fly_ball,96.6,43.5,320
2019-05-25,Dan Vogelbach,fly_ball,89.1,38,313
2019-05-25,Marcus Semien,fly_ball,86.5,39.3,298
2019-05-25,Domingo Santana,fly_ball,107.1,27.6,400
2019-05-25,Robbie Grossman,fly_ball,87.3,50.8,241
2019-05-25,Shed Long,fly_ball,96.2,48.9,274
2019-05-25,Mitch Haniger,fly_ball,105.7,29.6,419
2019-05-25,Omar Narvaez,fly_ball,87,37.9,302
2019-05-25,Matt Olson,fly_ball,91,49.2,269
2019-05-25,Shed Long,fly_ball,90,24,309
2019-05-25,Ramon Laureano,fly_ball,93,39.1,311
2019-05-25,Domingo Santana,fly_ball,106.1,27.2,420
2019-05-25,Jay Bruce,fly_ball,81.6,42.1,252
2019-05-25,J. P. Crawford,fly_ball,97.5,26.7,377
2019-05-25,Shed Long,fly_ball,95,52.6,254
2019-05-25,Hyun-Jin Ryu,fly_ball,103,23.1,383
2019-05-25,Joc Pederson,fly_ball,89.2,38.4,318
2019-05-25,Elias Diaz,fly_ball,90.9,25.2,350
2019-05-25,Cole Tucker,fly_ball,81,29,284
2019-05-25,Russell Martin,fly_ball,92.1,46.6,295
2019-05-25,Jake Elmore,fly_ball,93.4,29.9,337
2019-05-25,Kyle Garlick,fly_ball,81.7,35.9,298
2019-05-25,Corey Seager,fly_ball,99.5,51.8,294
2019-05-25,Buster Posey,fly_ball,105.2,35.7,399
2019-05-25,Nick Ahmed,fly_ball,81.8,34.3,293
2019-05-25,Taylor Clarke,fly_ball,80.9,44.5,255
2019-05-25,Pablo Sandoval,fly_ball,91.8,32.6,324
2019-05-25,Joe Panik,fly_ball,99.2,32.6,375
2019-05-25,Brandon Belt,fly_ball,90.4,44.7,297
2019-05-25,Adam Jones,fly_ball,99.7,25.9,375
2019-05-25,Buster Posey,fly_ball,102.1,53.9,280
2019-05-25,Kevin Cron,fly_ball,106.5,33.9,412
2019-05-25,Brandon Belt,fly_ball,93.7,36.7,342
2019-05-25,Tim Locastro,fly_ball,72.4,53.5,187
2019-05-25,Tyler Austin,fly_ball,89.5,38.9,308
2019-05-25,Kolten Wong,fly_ball,98.4,33.6,380
2019-05-25,Dansby Swanson,fly_ball,97.5,30.4,358
2019-05-25,Harrison Bader,fly_ball,98.6,45.2,321
2019-05-25,Jedd Gyorko,fly_ball,105.6,32.8,435
2019-05-25,Austin Riley,fly_ball,98.3,42.9,342
2019-05-25,Vladimir Guerrero,fly_ball,84.4,35.8,300
2019-05-25,Ty France,fly_ball,87.1,35.1,312
2019-05-25,Wil Myers,fly_ball,94.1,31.4,352
2019-05-25,Ian Kinsler,fly_ball,97.1,27.1,382
2019-05-25,Ty France,fly_ball,104.4,32.4,390
2019-05-25,Austin Hedges,fly_ball,107.2,24.6,426
2019-05-25,Justin Smoak,fly_ball,101.7,29.2,408
2019-05-25,Cavan Biggio,fly_ball,91.1,48.4,291
2019-05-25,Jonathan Davis,fly_ball,71.4,40.4,232
2019-05-25,Hunter Renfroe,fly_ball,103.8,26.1,416
2019-05-25,Eric Hosmer,fly_ball,99.2,31.9,360
2019-05-25,Hunter Renfroe,fly_ball,101.6,37.5,377
2019-05-25,Wil Myers,fly_ball,109.4,33.1,432
2019-05-25,Phil Maton,fly_ball,67.1,38.4,215
2019-05-25,Austin Allen,fly_ball,88.8,31,335
2019-05-25,Jonathan Davis,fly_ball,69.6,29.8,222
2019-05-25,Danny Jansen,fly_ball,94.2,26.8,359
2019-05-25,C. J. Cron,fly_ball,99.3,52.3,282
2019-05-25,Byron Buxton,fly_ball,100.1,51.2,271
2019-05-25,Marwin Gonzalez,fly_ball,85,40.3,298
2019-05-25,José Abreu,fly_ball,104.9,28.3,421
2019-05-25,Eddie Rosario,fly_ball,78.5,51,219
2019-05-25,Leury Garcia,fly_ball,83.2,40.9,257
2019-05-25,Eddie Rosario,fly_ball,91.3,33.6,348
2019-05-25,C. J. Cron,fly_ball,95.1,47.3,286
2019-05-25,Byron Buxton,fly_ball,93.6,43.6,301
2019-05-25,Ehire Adrianza,fly_ball,100.4,32.7,386
2019-05-25,Jorge Polanco,fly_ball,70,28.8,231
2019-05-25,Eloy Jimenez,fly_ball,97.6,44.7,307
2019-05-25,Andrew McCutchen,fly_ball,106.3,33,431
2019-05-25,J. T. Realmuto,fly_ball,81.2,41.7,291
2019-05-25,Jhoulys Chacin,fly_ball,85,27.8,305
2019-05-25,Scott Kingery,fly_ball,96.1,25.6,383
2019-05-25,Andrew McCutchen,fly_ball,96.8,24.6,388
2019-05-25,Cesar Hernandez,fly_ball,93.2,29.8,353
2019-05-25,Christian Yelich,fly_ball,93.7,50.2,276
2019-05-25,Mike Moustakas,fly_ball,104.5,30.2,429
2019-05-25,Odubel Herrera,fly_ball,91.9,52.4,267
2019-05-25,Rhys Hoskins,fly_ball,104.3,36.6,395
2019-05-25,J. T. Realmuto,fly_ball,105.3,36,406
2019-05-25,Christian Yelich,fly_ball,94.7,52.9,272
2019-05-26,Kole Calhoun,fly_ball,99.7,32.8,366
2019-05-26,Asdrubal Cabrera,fly_ball,89.1,31.1,336
2019-05-26,Shin-Soo Choo,fly_ball,97.8,29.1,385
2019-05-26,Hunter Pence,fly_ball,102,36.7,375
2019-05-26,Joey Gallo,fly_ball,93.9,44.6,307
2019-05-26,Kole Calhoun,fly_ball,72.1,39.5,246
2019-05-26,Isiah Kiner-Falefa,fly_ball,81.7,43.9,270
2019-05-26,Brian Goodwin,fly_ball,84.3,50.4,238
2019-05-26,Luis Rengifo,fly_ball,91.7,50.2,267
2019-05-26,Zack Cozart,fly_ball,83.3,52.4,240
2019-05-26,Elvis Andrus,fly_ball,89.5,31.3,322
2019-05-26,Curt Casali,fly_ball,90.4,37.9,321
2019-05-26,Yasiel Puig,fly_ball,76.6,46.1,229
2019-05-26,Jose Peraza,fly_ball,95.6,35.8,343
2019-05-26,Jason Heyward,fly_ball,94.9,45.7,292
2019-05-26,Jose Peraza,fly_ball,82.6,49.6,247
2019-05-26,Joey Votto,fly_ball,87.1,25.8,297
2019-05-26,Eugenio Suarez,fly_ball,98.9,33.8,355
2019-05-26,Willson Contreras,fly_ball,99.7,34,377
2019-05-26,Jose Peraza,fly_ball,96.5,24.1,352
2019-05-26,Joey Votto,fly_ball,89.4,30.5,325
2019-05-26,Eugenio Suarez,fly_ball,94.2,29,352
2019-05-26,Yasiel Puig,fly_ball,75.2,37.1,225
2019-05-26,Javier Baez,fly_ball,106.2,24.4,382
2019-05-26,Willson Contreras,fly_ball,85.2,34.8,301
2019-05-26,Jose Peraza,fly_ball,74.2,31.9,250
2019-05-26,Curt Casali,fly_ball,98.4,34.9,369
2019-05-26,Nick Senzel,fly_ball,84.3,33.4,314
2019-05-26,Addison Russell,fly_ball,86,29.5,316
2019-05-26,Austin Meadows,fly_ball,106.1,25.2,431
2019-05-26,Willy Adames,fly_ball,99.8,28.1,371
2019-05-26,Ji-Man Choi,fly_ball,100.9,47.4,309
2019-05-26,Brandon Lowe,fly_ball,90.7,36.8,299
2019-05-26,Jason Kipnis,fly_ball,85.4,45.1,273
2019-05-26,Ji-Man Choi,fly_ball,92.9,54.7,256
2019-05-26,Leonys Martín,fly_ball,76.3,31.8,267
2019-05-26,Willy Adames,fly_ball,95.2,47.6,296
2019-05-26,Oscar Mercado,fly_ball,97.7,32.5,385
2019-05-26,Renato Nunez,fly_ball,97.1,41.3,352
2019-05-26,Daniel Murphy,fly_ball,86.5,32,330
2019-05-26,Ian Desmond,fly_ball,82.2,53.6,238
2019-05-26,Rio Ruiz,fly_ball,73.7,30.4,235
2019-05-26,Nolan Arenado,fly_ball,100.4,31.8,413
2019-05-26,German Marquez,fly_ball,99.3,31.4,384
2019-05-26,Jonathan Villar,fly_ball,71.7,29.4,254
2019-05-26,Dwight Smith,fly_ball,80.9,32.7,312
2019-05-26,David Dahl,fly_ball,95.5,42.3,337
2019-05-26,Tony Wolters,fly_ball,84.7,32.4,285
2019-05-26,Mookie Betts,fly_ball,83.6,40.6,290
2019-05-26,Rafael Devers,fly_ball,100,52,279
2019-05-26,Andrew Benintendi,fly_ball,86,41.4,297
2019-05-26,Yuli Gurriel,fly_ball,79.1,45.5,253
2019-05-26,Rafael Devers,fly_ball,108.9,29.4,423
2019-05-26,Christian Vazquez,fly_ball,87,32.5,313
2019-05-26,Josh Reddick,fly_ball,97.5,44.7,321
2019-05-26,Jake Marisnick,fly_ball,87.4,40.7,285
2019-05-26,Jackie Bradley,fly_ball,83,36.9,290
2019-05-26,Josh Reddick,fly_ball,71.5,41.4,241
2019-05-26,Mookie Betts,fly_ball,90.6,42.8,304
2019-05-26,Alex Bregman,fly_ball,89.6,49.3,262
2019-05-26,Josh Reddick,fly_ball,99.6,38.8,352
2019-05-26,Luke Voit,fly_ball,95.9,45.3,311
2019-05-26,Martin Maldonado,fly_ball,98,33.1,384
2019-05-26,Luke Voit,fly_ball,102.3,40.9,353
2019-05-26,Whit Merrifield,fly_ball,91.9,34.5,308
2019-05-26,Gary Sanchez,fly_ball,105.1,37.3,372
2019-05-26,Hunter Dozier,fly_ball,94,54.7,255
2019-05-26,Ryan O'Hearn,fly_ball,99.4,27.8,360
2019-05-26,Hunter Dozier,fly_ball,103.3,29.3,395
2019-05-26,Jorge Soler,fly_ball,109.8,35.3,420
2019-05-26,Luke Voit,fly_ball,92.7,41.3,323
2019-05-26,Gleyber Torres,fly_ball,105.4,24.6,427
2019-05-26,Adalberto Mondesi,fly_ball,81.9,38.7,298
2019-05-26,Gary Sanchez,fly_ball,91.6,40.3,317
2019-05-26,Whit Merrifield,fly_ball,78.2,54.7,214
2019-05-26,Gio Urshela,fly_ball,92.1,36.3,358
2019-05-26,Brian Anderson,fly_ball,96.9,24.6,384
2019-05-26,Trea Turner,fly_ball,99.1,27.1,396
2019-05-26,Austin Dean,fly_ball,74.7,43.6,237
2019-05-26,Howie Kendrick,fly_ball,105.1,27.2,409
2019-05-26,Brian Dozier,fly_ball,97.8,38.1,346
2019-05-26,Yan Gomes,fly_ball,80.8,49.2,242
2019-05-26,Brian Dozier,fly_ball,101.5,27.5,392
2019-05-26,Starlin Castro,fly_ball,85.5,36.6,318
2019-05-26,Jorge Alfaro,fly_ball,80.6,30.6,300
2019-05-26,Austin Dean,fly_ball,85.6,40.9,293
2019-05-26,Trea Turner,fly_ball,86.1,28.5,333
2019-05-26,Howie Kendrick,fly_ball,73.4,31,252
2019-05-26,Anthony Rendon,fly_ball,103.6,24,400
2019-05-26,Juan Soto,fly_ball,92.6,43.8,300
2019-05-26,Miguel Rojas,fly_ball,94.1,38,330
2019-05-26,Curtis Granderson,fly_ball,95,39.1,335
2019-05-26,Javy Guerra,fly_ball,70.8,39.4,221
2019-05-26,Neil Walker,fly_ball,104.4,29.4,428
2019-05-26,Howie Kendrick,fly_ball,97.4,31.5,358
2019-05-26,Nick Castellanos,fly_ball,102.4,32.6,382
2019-05-26,Christin Stewart,fly_ball,98.1,43.3,340
2019-05-26,Dominic Smith,fly_ball,98.1,24.5,344
2019-05-26,Adeiny Hechavarria,fly_ball,97.3,29.4,348
2019-05-26,Niko Goodrum,fly_ball,96.9,41.7,332
2019-05-26,Michael Conforto,fly_ball,83.2,37.1,295
2019-05-26,Wilson Ramos,fly_ball,84.4,44.8,266
2019-05-26,Todd Frazier,fly_ball,78.5,54.8,202
2019-05-26,Mark Canha,fly_ball,81.8,41.3,280
2019-05-26,Josh Phegley,fly_ball,101.8,23,388
2019-05-26,Matt Olson,fly_ball,98.3,46.8,301
2019-05-26,Domingo Santana,fly_ball,73.6,40.2,255
2019-05-26,Dan Vogelbach,fly_ball,93.7,40.8,312
2019-05-26,Jay Bruce,fly_ball,101,28.6,414
2019-05-26,Kyle Seager,fly_ball,100.1,29.1,385
2019-05-26,Dan Vogelbach,fly_ball,102.9,49.7,290
2019-05-26,Skye Bolt,fly_ball,70.4,27.7,237
2019-05-26,Max Muncy,fly_ball,73.4,41.2,240
2019-05-26,Cody Bellinger,fly_ball,88.3,47.7,270
2019-05-26,Gregory Polanco,fly_ball,89,54.4,233
2019-05-26,Corey Seager,fly_ball,105,31.1,432
2019-05-26,Max Muncy,fly_ball,98.7,29.1,357
2019-05-26,Bryan Reynolds,fly_ball,108.3,39.8,388
2019-05-26,Joc Pederson,fly_ball,86.1,31.4,311
2019-05-26,Elias Diaz,fly_ball,87.5,52.6,239
2019-05-26,Adam Frazier,fly_ball,100.9,26.5,413
2019-05-26,Joc Pederson,fly_ball,104.3,35,407
2019-05-26,Max Muncy,fly_ball,87.4,42.4,293
2019-05-26,Alex Verdugo,fly_ball,82.6,34.5,294
2019-05-26,Colin Moran,fly_ball,69.6,38.3,216
2019-05-26,Matt Beaty,fly_ball,71.6,32.2,227
2019-05-26,Josh Bell,fly_ball,94.2,52.4,278
2019-05-26,Elias Diaz,fly_ball,77.3,40.4,257
2019-05-26,Cody Bellinger,fly_ball,97.7,32.6,354
2019-05-26,Matt Beaty,fly_ball,81.9,33.7,295
2019-05-26,Starling Marte,fly_ball,98.7,43.3,330
2019-05-26,Ketel Marte,fly_ball,108.5,31.1,436
2019-05-26,Joe Panik,fly_ball,96.1,31.4,354
2019-05-26,Blake Swihart,fly_ball,75.8,46.4,230
2019-05-26,Mike Yastrzemski,fly_ball,76.1,55.3,197
2019-05-26,Joe Panik,fly_ball,98.5,31.6,364
2019-05-26,Jarrod Dyson,fly_ball,83.1,34.5,282
2019-05-26,Eduardo Escobar,fly_ball,90.9,45.4,296
2019-05-26,Tyler Austin,fly_ball,94,45.3,298
2019-05-26,Evan Longoria,fly_ball,90.6,37.4,305
2019-05-26,Brandon Crawford,fly_ball,90.7,30.3,328
2019-05-26,Stephen Vogt,fly_ball,99.7,36.2,368
2019-05-26,Steven Duggar,fly_ball,96.2,33.3,360
2019-05-26,Freddie Freeman,fly_ball,85.8,35.5,320
2019-05-26,Paul DeJong,fly_ball,97.7,38.3,360
2019-05-26,Dexter Fowler,fly_ball,98.4,45.9,324
2019-05-26,Nick Markakis,fly_ball,94.8,40.9,334
2019-05-26,Brian McCann,fly_ball,84.3,42.6,283
2019-05-26,Yadier Molina,fly_ball,85.1,40.8,298
2019-05-26,Kolten Wong,fly_ball,89.9,43.2,303
2019-05-26,Johan Camargo,fly_ball,75.2,30.6,274
2019-05-26,Jose Martinez,fly_ball,94.5,49.3,281
2019-05-26,Dexter Fowler,fly_ball,89.3,54.3,247
2019-05-26,Nick Markakis,fly_ball,90.8,26.2,353
2019-05-26,Marcell Ozuna,fly_ball,94.5,26,344
2019-05-26,Justin Smoak,fly_ball,78.7,41.9,258
2019-05-26,Freddy Galvis,fly_ball,75.8,38.4,255
2019-05-26,Manny Machado,fly_ball,92.3,48.5,276
2019-05-26,Lourdes Gurriel,fly_ball,104,26.8,417
2019-05-26,Cavan Biggio,fly_ball,103.9,37,405
2019-05-26,Wil Myers,fly_ball,105,32.5,414
2019-05-26,Justin Smoak,fly_ball,104.6,31.7,415
2019-05-26,Justin Smoak,fly_ball,100.9,35.2,387
2019-05-26,Austin Allen,fly_ball,73.4,49.4,216
2019-05-26,Justin Smoak,fly_ball,103.2,29.8,402
2019-05-26,Yoan Moncada,fly_ball,89.2,37.6,312
2019-05-26,Jorge Polanco,fly_ball,99.3,39.4,339
2019-05-26,Eloy Jimenez,fly_ball,96.1,40.2,333
2019-05-26,Ryan Cordell,fly_ball,102.1,35.6,372
2019-05-26,C. J. Cron,fly_ball,92.3,34.4,330
2019-05-26,Yonder Alonso,fly_ball,82.3,37,289
2019-05-26,Eloy Jimenez,fly_ball,100.7,45.4,323
2019-05-26,Luis Arraez,fly_ball,88.7,25.3,289
2019-05-26,Jorge Polanco,fly_ball,99.7,36.3,360
2019-05-26,Marwin Gonzalez,fly_ball,87.6,55.2,228
2019-05-26,Yonder Alonso,fly_ball,89.1,29.4,329
2019-05-26,Carlos Sanchez,fly_ball,82.5,32.9,299
2019-05-26,Max Kepler,fly_ball,106.1,22,429
2019-05-26,C. J. Cron,fly_ball,90.7,36.1,306
2019-05-26,Carlos Sanchez,fly_ball,67.7,26.6,210
2019-05-26,Jean Segura,fly_ball,77.7,46.3,229
2019-05-26,Rhys Hoskins,fly_ball,94,40.9,321
2019-05-26,Andrew Knapp,fly_ball,82.2,39.1,294
2019-05-26,Ben Gamel,fly_ball,99.4,30.2,388
2019-05-26,Christian Yelich,fly_ball,90.9,50.1,280
2019-05-26,Jean Segura,fly_ball,91.6,45.5,315
2019-05-26,Yasmani Grandal,fly_ball,104.3,28.9,411
2019-05-26,Brandon Woodruff,fly_ball,94.9,34,344
2019-05-26,Ben Gamel,fly_ball,83,50.4,243
2019-05-26,Rhys Hoskins,fly_ball,85.3,34.7,309
2019-05-26,Mike Moustakas,fly_ball,94.5,44.6,308
2019-05-26,Andrew Knapp,fly_ball,101.5,28.4,398
2019-05-26,Ryan Braun,fly_ball,98,25.3,337
2019-05-26,Eric Thames,fly_ball,83,37.6,284
2019-05-26,Ben Gamel,fly_ball,103.1,24.4,392
2019-05-27,Christin Stewart,fly_ball,71.9,42.3,230
2019-05-27,Renato Nunez,fly_ball,108.5,27.3,430
2019-05-27,Stevie Wilkerson,fly_ball,79.7,44.8,232
2019-05-27,Hanser Alberto,fly_ball,94.7,38,340
2019-05-27,Christin Stewart,fly_ball,86.8,33.8,288
2019-05-27,Niko Goodrum,fly_ball,98.1,36.2,365
2019-05-27,Jonathan Villar,fly_ball,88.8,48.3,283
2019-05-27,Miguel Cabrera,fly_ball,79,39.4,260
2019-05-27,Trey Mancini,fly_ball,97.9,23.3,361
2019-05-27,Nick Castellanos,fly_ball,90.8,40.6,321
2019-05-27,Jonathan Villar,fly_ball,108,24.7,456
2019-05-27,Miguel Cabrera,fly_ball,89.1,36.3,321
2019-05-27,Ronny Rodriguez,fly_ball,95.4,37.4,343
2019-05-27,Niko Goodrum,fly_ball,91.1,38.1,309
2019-05-27,Mike Freeman,fly_ball,89.8,52.8,255
2019-05-27,Carlos Santana,fly_ball,83.4,27.7,308
2019-05-27,Sandy Leon,fly_ball,84.8,54.5,222
2019-05-27,Jake Bauers,fly_ball,97.8,28.4,376
2019-05-27,Sandy Leon,fly_ball,93,34.8,358
2019-05-27,Greg Allen,fly_ball,99.2,24.1,385
2019-05-27,Rafael Devers,fly_ball,94.7,48.5,291
2019-05-27,J. D. Martinez,fly_ball,106.2,25.8,375
2019-05-27,Greg Allen,fly_ball,102.3,31.5,393
2019-05-27,Jackie Bradley,fly_ball,95.4,25.1,348
2019-05-27,Leonys Martín,fly_ball,91.5,54.4,229
2019-05-27,Oscar Mercado,fly_ball,91.4,52.6,249
2019-05-27,J. D. Martinez,fly_ball,98.9,26.7,387
2019-05-27,Starling Marte,fly_ball,76,37.4,272
2019-05-27,Joey Votto,fly_ball,96.4,39.2,363
2019-05-27,Yasiel Puig,fly_ball,88,38.6,325
2019-05-27,Eugenio Suarez,fly_ball,103.7,26.7,398
2019-05-27,Yasiel Puig,fly_ball,81.1,42.4,240
2019-05-27,Josh Bell,fly_ball,96.4,37.8,350
2019-05-27,Eugenio Suarez,fly_ball,95.3,41.6,351
2019-05-27,Josh VanMeter,fly_ball,90.6,34.8,337
2019-05-27,Starling Marte,fly_ball,101.9,27.8,396
2019-05-27,Melky Cabrera,fly_ball,90.8,40.6,316
2019-05-27,Yasiel Puig,fly_ball,76.9,44.4,246
2019-05-27,Jose Osuna,fly_ball,72,35.9,243
2019-05-27,Joey Votto,fly_ball,80.2,33.7,257
2019-05-27,Ildemaro Vargas,fly_ball,80.8,58.4,209
2019-05-27,Eduardo Escobar,fly_ball,93.2,39.3,350
2019-05-27,Raimel Tapia,fly_ball,80.6,34.4,286
2019-05-27,Ketel Marte,fly_ball,90.3,33.3,331
2019-05-27,Christian Walker,fly_ball,96.5,46.4,320
2019-05-27,David Dahl,fly_ball,102,25.6,432
2019-05-27,Nolan Arenado,fly_ball,91.4,43.9,318
2019-05-27,Eduardo Escobar,fly_ball,70.4,28.1,232
2019-05-27,Nick Ahmed,fly_ball,100.1,26.5,417
2019-05-27,Ketel Marte,fly_ball,91,30.5,344
2019-05-27,David Dahl,fly_ball,95,35.2,377
2019-05-27,Nolan Arenado,fly_ball,91.9,39.6,337
2019-05-27,Daniel Murphy,fly_ball,87.5,34.9,330
2019-05-27,Anthony Rizzo,fly_ball,105.8,24,427
2019-05-27,Josh Reddick,fly_ball,81.9,29,308
2019-05-27,Alex Bregman,fly_ball,72.9,44.3,229
2019-05-27,Josh Reddick,fly_ball,91.4,29.7,365
2019-05-27,Michael Brantley,fly_ball,79.4,38.3,276
2019-05-27,Robinson Chirinos,fly_ball,96.4,50.3,285
2019-05-27,Jack Mayfield,fly_ball,90.5,45.6,289
2019-05-27,Jake Marisnick,fly_ball,95.7,30.6,360
2019-05-27,Albert Almora,fly_ball,100.5,34.7,388
2019-05-27,Addison Russell,fly_ball,100.9,27.8,398
2019-05-27,Curtis Granderson,fly_ball,101.5,55.6,250
2019-05-27,Martin Prado,fly_ball,70.2,31.1,246
2019-05-27,Starlin Castro,fly_ball,93.1,24,345
2019-05-27,Miguel Rojas,fly_ball,99.9,31.4,390
2019-05-27,Adam Eaton,fly_ball,78.6,30.1,255
2019-05-27,Kurt Suzuki,fly_ball,85.3,31.4,324
2019-05-27,Neil Walker,fly_ball,89.7,33.5,311
2019-05-27,Brian Dozier,fly_ball,93.8,38.2,352
2019-05-27,Kurt Suzuki,fly_ball,73.8,39.9,247
2019-05-27,Gerardo Parra,fly_ball,89.2,39.7,300
2019-05-27,Tommy La Stella,fly_ball,72.6,30.5,266
2019-05-27,Mike Trout,fly_ball,97.3,43.7,326
2019-05-27,Jurickson Profar,fly_ball,90.5,31.8,353
2019-05-27,Matt Chapman,fly_ball,91.9,43.5,304
2019-05-27,Albert Pujols,fly_ball,96.1,28.4,375
2019-05-27,Luis Rengifo,fly_ball,86,30,308
2019-05-27,Jurickson Profar,fly_ball,99.9,33.7,371
2019-05-27,Josh Phegley,fly_ball,97.7,28.1,368
2019-05-27,Josh Phegley,fly_ball,79.5,43,238
2019-05-27,Brian Goodwin,fly_ball,84.2,37.7,280
2019-05-27,Ramon Laureano,fly_ball,96.8,34.4,324
2019-05-27,Vladimir Guerrero,fly_ball,89.8,31.9,340
2019-05-27,Rowdy Tellez,fly_ball,101.8,28.8,401
2019-05-27,Daniel Robertson,fly_ball,83.2,39.9,280
2019-05-27,Lourdes Gurriel,fly_ball,79.1,37.2,280
2019-05-27,Jonathan Davis,fly_ball,105,25.7,411
2019-05-27,Austin Meadows,fly_ball,104.3,32.2,418
2019-05-27,Brandon Lowe,fly_ball,94.9,49.3,302
2019-05-27,Lourdes Gurriel,fly_ball,99.4,25.8,388
2019-05-27,Jonathan Davis,fly_ball,96.3,33.1,372
2019-05-27,Yoan Moncada,fly_ball,87.8,50.8,263
2019-05-27,Whit Merrifield,fly_ball,95.1,29.6,368
2019-05-27,Alex Gordon,fly_ball,97.4,37.3,357
2019-05-27,Yonder Alonso,fly_ball,90.9,55.6,233
2019-05-27,Adalberto Mondesi,fly_ball,101.4,27,400
2019-05-27,Hunter Dozier,fly_ball,88.9,28.5,327
2019-05-27,Clint Frazier,fly_ball,103.2,33.4,415
2019-05-27,Brett Gardner,fly_ball,94.1,27.3,352
2019-05-27,DJ LeMahieu,fly_ball,95.2,30.9,355
2019-05-27,Greg Garcia,fly_ball,90.3,36.2,304
2019-05-27,Aaron Hicks,fly_ball,81.6,56.1,204
2019-05-27,Austin Romine,fly_ball,91.3,28.5,347
2019-05-27,Gary Sanchez,fly_ball,101.2,36.8,353
2019-05-28,Niko Goodrum,fly_ball,100.4,53.1,283
2019-05-28,Jonathan Villar,fly_ball,80.4,48.2,252
2019-05-28,Renato Nunez,fly_ball,85.3,33.5,325
2019-05-28,Niko Goodrum,fly_ball,105.1,43.9,373
2019-05-28,Christin Stewart,fly_ball,92.6,56.3,240
2019-05-28,Gordon Beckham,fly_ball,87.5,50.9,250
2019-05-28,JaCoby Jones,fly_ball,74.9,34.8,277
2019-05-28,Dwight Smith,fly_ball,90.5,34.1,337
2019-05-28,Stevie Wilkerson,fly_ball,86.4,54.6,232
2019-05-28,Francisco Lindor,fly_ball,98.9,50.1,306
2019-05-28,Xander Bogaerts,fly_ball,92.6,40.5,319
2019-05-28,Steve Pearce,fly_ball,96.5,52.7,276
2019-05-28,Mookie Betts,fly_ball,103.7,28.6,399
2019-05-28,Xander Bogaerts,fly_ball,98,43.4,324
2019-05-28,Brock Holt,fly_ball,75.9,50.3,228
2019-05-28,Christian Vazquez,fly_ball,98.3,52.7,256
2019-05-28,Mookie Betts,fly_ball,105.2,43.9,358
2019-05-28,J. D. Martinez,fly_ball,78.6,46.7,247
2019-05-28,Brock Holt,fly_ball,95.1,26.3,365
2019-05-28,Roberto Perez,fly_ball,108.2,22.2,426
2019-05-28,Greg Allen,fly_ball,104.2,27.8,395
2019-05-28,Jordan Luplow,fly_ball,98.8,26.5,370
2019-05-28,Gregory Polanco,fly_ball,92.1,30.2,350
2019-05-28,Starling Marte,fly_ball,69.8,37.4,229
2019-05-28,Jesse Winker,fly_ball,92.6,59.4,234
2019-05-28,Josh Bell,fly_ball,101.6,55.1,267
2019-05-28,Yasiel Puig,fly_ball,93.5,52.6,270
2019-05-28,Elias Diaz,fly_ball,87.5,41.3,294
2019-05-28,Derek Dietrich,fly_ball,101.9,24.5,392
2019-05-28,Derek Dietrich,fly_ball,95.1,31.4,366
2019-05-28,Kevin Newman,fly_ball,92.6,27.1,319
2019-05-28,Jose Peraza,fly_ball,87.9,38.6,316
2019-05-28,Lucas Sims,fly_ball,89.3,54.8,259
2019-05-28,Melky Cabrera,fly_ball,86.7,30.4,336
2019-05-28,Cole Tucker,fly_ball,85.8,37.4,295
2019-05-28,Kevin Newman,fly_ball,98.5,24.9,390
2019-05-28,Jose Peraza,fly_ball,94.2,35.9,353
2019-05-28,Jose Osuna,fly_ball,77,33.5,266
2019-05-28,David Dahl,fly_ball,96.6,43.9,337
2019-05-28,Nick Ahmed,fly_ball,90.6,39,325
2019-05-28,Eduardo Escobar,fly_ball,99.4,25.4,416
2019-05-28,Christian Walker,fly_ball,97.3,46.6,323
2019-05-28,Raimel Tapia,fly_ball,66.5,33,231
2019-05-28,Adam Jones,fly_ball,94.8,34.3,354
2019-05-28,Chris Iannetta,fly_ball,103.7,35,411
2019-05-28,Tyler White,fly_ball,76.8,33.4,286
2019-05-28,Jason Heyward,fly_ball,96.5,27.4,361
2019-05-28,Addison Russell,fly_ball,99,25.2,381
2019-05-28,David Bote,fly_ball,98.8,34.4,384
2019-05-28,Alex Bregman,fly_ball,99.1,25.3,377
2019-05-28,Tony Kemp,fly_ball,78.3,47.7,243
2019-05-28,Michael Brantley,fly_ball,100.2,23.1,364
2019-05-28,Tyler White,fly_ball,82.5,34.2,309
2019-05-28,David Bote,fly_ball,97.6,30.2,355
2019-05-28,Kyle Schwarber,fly_ball,108.4,37,396
2019-05-28,Alex Bregman,fly_ball,97.9,29,377
2019-05-28,Yuli Gurriel,fly_ball,92.6,42.5,311
2019-05-28,Willson Contreras,fly_ball,93,28.7,362
2019-05-28,J. D. Davis,fly_ball,94.4,30.3,337
2019-05-28,Cody Bellinger,fly_ball,104.9,30.9,411
2019-05-28,Amed Rosario,fly_ball,78.3,50,219
2019-05-28,Michael Conforto,fly_ball,100.7,29.1,374
2019-05-28,Cody Bellinger,fly_ball,79.8,42.1,252
2019-05-28,Carlos Gomez,fly_ball,78.8,52.6,214
2019-05-28,Marcus Semien,fly_ball,103.7,27.9,420
2019-05-28,Jonathan Lucroy,fly_ball,66.1,26.7,217
2019-05-28,David Fletcher,fly_ball,69.5,28.1,213
2019-05-28,Tommy La Stella,fly_ball,100.5,21.3,383
2019-05-28,Brian Goodwin,fly_ball,89.6,47.6,283
2019-05-28,Jonathan Lucroy,fly_ball,87.8,32.5,302
2019-05-28,Ramon Laureano,fly_ball,100.1,24.6,389
2019-05-28,Matt Olson,fly_ball,105.7,31.2,413
2019-05-28,Stephen Piscotty,fly_ball,85.2,34.8,280
2019-05-28,Mike Trout,fly_ball,99.6,45.8,316
2019-05-28,Albert Pujols,fly_ball,99.9,23.3,373
2019-05-28,Elvis Andrus,fly_ball,90.7,38,303
2019-05-28,Rougned Odor,fly_ball,98.2,26.6,379
2019-05-28,Jay Bruce,fly_ball,85.4,33.6,321
2019-05-28,Hunter Pence,fly_ball,72.8,37.1,238
2019-05-28,Kyle Seager,fly_ball,97.6,41.7,328
2019-05-28,Edwin Encarnacion,fly_ball,96.4,34.1,361
2019-05-28,Rougned Odor,fly_ball,103,35.2,375
2019-05-28,Domingo Santana,fly_ball,97.3,43.8,332
2019-05-28,Ronald Guzman,fly_ball,105.4,32.6,412
2019-05-28,Mallex Smith,fly_ball,99.6,24.5,385
2019-05-28,Kyle Seager,fly_ball,97.2,29.1,380
2019-05-28,Kyle Seager,fly_ball,79.4,45.2,253
2019-05-28,Edwin Encarnacion,fly_ball,108.2,52.2,311
2019-05-28,Domingo Santana,fly_ball,95.7,28.5,356
2019-05-28,Jay Bruce,fly_ball,86.7,35.2,319
2019-05-28,Edwin Encarnacion,fly_ball,83.5,38.5,270
2019-05-28,Dan Vogelbach,fly_ball,98.1,25.6,379
2019-05-28,Travis d'Arnaud,fly_ball,100.4,25.5,395
2019-05-28,Eric Sogard,fly_ball,91.8,25.7,358
2019-05-28,Avisail Garcia,fly_ball,97.2,51.1,287
2019-05-28,Travis d'Arnaud,fly_ball,89.6,45.2,292
2019-05-28,Rowdy Tellez,fly_ball,98.6,54.6,261
2019-05-28,Randal Grichuk,fly_ball,83.6,32.7,298
2019-05-28,Daniel Robertson,fly_ball,93.5,36.5,328
2019-05-28,Danny Jansen,fly_ball,95.3,46.1,322
2019-05-28,Ji-Man Choi,fly_ball,93,55.3,229
2019-05-28,Rowdy Tellez,fly_ball,92.8,41.4,302
2019-05-28,Brandon Drury,fly_ball,94.9,27.9,369
2019-05-28,Yasmani Grandal,fly_ball,97.3,29.1,405
2019-05-28,Hernan Perez,fly_ball,99.2,31.7,380
2019-05-28,Jonathan Schoop,fly_ball,101.4,46.9,312
2019-05-28,Christian Yelich,fly_ball,89.9,37.9,330
2019-05-28,Eddie Rosario,fly_ball,97.8,29,370
2019-05-28,Mike Moustakas,fly_ball,100,33.5,379
2019-05-28,Miguel Sano,fly_ball,96.2,31,373
2019-05-28,Jesus Aguilar,fly_ball,94.7,50.4,290
2019-05-28,Max Kepler,fly_ball,86.4,44.9,277
2019-05-28,Marwin Gonzalez,fly_ball,84,39.5,282
2019-05-28,Marwin Gonzalez,fly_ball,90.3,39.2,316
2019-05-28,Keston Hiura,fly_ball,108,29.6,421
2019-05-28,Yasmani Grandal,fly_ball,106.7,28.4,419
2019-05-28,Dexter Fowler,fly_ball,77.1,52.5,224
2019-05-28,Paul Goldschmidt,fly_ball,102.2,23.8,388
2019-05-28,Harrison Bader,fly_ball,81.5,51.6,234
2019-05-28,Rhys Hoskins,fly_ball,70.6,28,225
2019-05-28,Nick Williams,fly_ball,95.9,31.7,352
2019-05-28,Cesar Hernandez,fly_ball,101.8,29.9,405
2019-05-28,Dexter Fowler,fly_ball,88.5,50.6,269
2019-05-28,Paul DeJong,fly_ball,79.7,38.1,285
2019-05-28,Jean Segura,fly_ball,93.2,48.2,292
2019-05-28,Trea Turner,fly_ball,97.7,36.2,358
2019-05-28,Juan Soto,fly_ball,84.2,35.8,316
2019-05-28,Brian McCann,fly_ball,90.8,41.8,309
2019-05-28,Howie Kendrick,fly_ball,104.8,23.8,410
2019-05-28,Brian Dozier,fly_ball,96.4,31.1,375
2019-05-28,Ronald Acuna,fly_ball,92.7,29.8,321
2019-05-28,Adam Eaton,fly_ball,86.6,21.2,302
2019-05-28,Howie Kendrick,fly_ball,80.1,40.3,267
2019-05-28,Austin Riley,fly_ball,102,26.2,412
2019-05-28,Kurt Suzuki,fly_ball,81.4,30.7,311
2019-05-28,Brian Dozier,fly_ball,74,37.6,259
2019-05-28,Nicky Lopez,fly_ball,90.8,29.7,326
2019-05-28,Alex Gordon,fly_ball,104.7,22.5,411
2019-05-28,Hunter Dozier,fly_ball,94.4,53.7,262
2019-05-28,Alex Gordon,fly_ball,93.5,38.9,328
2019-05-28,Yonder Alonso,fly_ball,99.6,22.5,377
2019-05-28,Jorge Soler,fly_ball,102.2,32.8,381
2019-05-28,Jose Rondon,fly_ball,90.5,45.7,279
2019-05-28,Billy Hamilton,fly_ball,78.2,35.5,269
2019-05-28,Eloy Jimenez,fly_ball,97.9,35.8,332
2019-05-28,Leury Garcia,fly_ball,83.6,53.5,228
2019-05-28,Charlie Tilson,fly_ball,93.8,50.2,263
2019-05-28,Joe Panik,fly_ball,95.8,32.8,360
2019-05-28,Curtis Granderson,fly_ball,90.2,42.2,302
2019-05-28,Evan Longoria,fly_ball,97.1,30.3,358
2019-05-28,Neil Walker,fly_ball,91.4,51.5,252
2019-05-28,Curtis Granderson,fly_ball,96.8,23,351
2019-05-28,Mike Yastrzemski,fly_ball,94.1,34.2,371
2019-05-28,Steven Duggar,fly_ball,84.7,49.9,247
2019-05-28,Garrett Cooper,fly_ball,103.7,33.5,414
2019-05-28,Brandon Belt,fly_ball,98.7,35.3,373
2019-05-28,Evan Longoria,fly_ball,90.1,32.5,347
2019-05-28,Jorge Alfaro,fly_ball,91.4,36.8,337
2019-05-28,Austin Dean,fly_ball,75.7,35.3,265
2019-05-28,Rosell Herrera,fly_ball,103.9,28.6,431
2019-05-28,Evan Longoria,fly_ball,77.7,46.9,225
2019-05-28,Kevin Pillar,fly_ball,93.5,35.1,340
2019-05-28,Ty France,fly_ball,96.7,24.5,382
2019-05-28,Luke Voit,fly_ball,97.9,40.1,333
2019-05-28,Austin Hedges,fly_ball,89.6,52.5,256
2019-05-28,Thairo Estrada,fly_ball,86.1,34.7,311
2019-05-28,Manny Machado,fly_ball,91.7,33.6,316
2019-05-28,Aaron Hicks,fly_ball,100.1,38.8,345
2019-05-28,DJ LeMahieu,fly_ball,82.3,47.4,237
2019-05-28,Gary Sanchez,fly_ball,80.4,46.7,262
2019-05-29,Brandon Dixon,fly_ball,86.1,49.4,250
2019-05-29,Ronny Rodriguez,fly_ball,100.3,35.5,366
2019-05-29,Trey Mancini,fly_ball,95.9,33.7,356
2019-05-29,Renato Nunez,fly_ball,96,37,342
2019-05-29,Miguel Cabrera,fly_ball,84.6,29.5,328
2019-05-29,Keon Broxton,fly_ball,100.4,26.4,383
2019-05-29,Richie Martin,fly_ball,97.4,31.3,374
2019-05-29,John Hicks,fly_ball,86.6,30.5,310
2019-05-29,Dwight Smith,fly_ball,91.8,44.3,294
2019-05-29,Nick Castellanos,fly_ball,94.9,30.7,367
2019-05-29,Jonathan Villar,fly_ball,85.2,34.3,316
2019-05-29,John Hicks,fly_ball,107.9,25.2,433
2019-05-29,Miguel Cabrera,fly_ball,87.8,37.6,299
2019-05-29,Brandon Dixon,fly_ball,99.9,25.3,398
2019-05-29,Pedro Severino,fly_ball,87.3,44.7,282
2019-05-29,Carlos Santana,fly_ball,106.7,21,415
2019-05-29,Mookie Betts,fly_ball,103.7,27.1,407
2019-05-29,Jake Bauers,fly_ball,100.7,31.5,387
2019-05-29,Leonys Martín,fly_ball,80.5,51.7,234
2019-05-29,Michael Chavis,fly_ball,72.7,37.6,236
2019-05-29,Xander Bogaerts,fly_ball,86.3,40.7,279
2019-05-29,Francisco Lindor,fly_ball,81.5,31,287
2019-05-29,Carlos Santana,fly_ball,97.1,34.6,337
2019-05-29,Jackie Bradley,fly_ball,103.6,28,373
2019-05-29,Andrew Benintendi,fly_ball,104.8,28.4,397
2019-05-29,Greg Allen,fly_ball,96,47.8,286
2019-05-29,Kevin Plawecki,fly_ball,99.9,21.4,394
2019-05-29,Xander Bogaerts,fly_ball,85.5,36.3,275
2019-05-29,Greg Allen,fly_ball,101.9,24,373
2019-05-29,Mookie Betts,fly_ball,78.8,45.8,247
2019-05-29,Rafael Devers,fly_ball,94.1,37.4,321
2019-05-29,Xander Bogaerts,fly_ball,103.3,27.2,413
2019-05-29,Michael Chavis,fly_ball,85.6,44.5,275
2019-05-29,Jackie Bradley,fly_ball,101.1,23.4,397
2019-05-29,Christian Vazquez,fly_ball,100,26.6,383
2019-05-29,Oscar Mercado,fly_ball,90,54,234
2019-05-29,Mookie Betts,fly_ball,73.2,40,231
2019-05-29,Nick Senzel,fly_ball,92.3,36.9,326
2019-05-29,Adam Frazier,fly_ball,99.3,43.9,325
2019-05-29,Jesse Winker,fly_ball,94.3,37.5,346
2019-05-29,Melky Cabrera,fly_ball,83.8,51,241
2019-05-29,Colin Moran,fly_ball,98.9,31.2,356
2019-05-29,José Iglesias,fly_ball,94.2,32.9,358
2019-05-29,Curt Casali,fly_ball,87.1,35.6,314
2019-05-29,Josh Bell,fly_ball,93.9,33.2,351
2019-05-29,Colin Moran,fly_ball,82.6,45,265
2019-05-29,Jose Peraza,fly_ball,95.8,30.8,357
2019-05-29,Josh Bell,fly_ball,67.2,32.3,220
2019-05-29,Nick Senzel,fly_ball,103.3,24.7,422
2019-05-29,Raimel Tapia,fly_ball,71.9,28,246
2019-05-29,Nolan Arenado,fly_ball,98.3,34.4,367
2019-05-29,Ian Desmond,fly_ball,97.6,30.7,394
2019-05-29,Carson Kelly,fly_ball,84.6,49.7,258
2019-05-29,Adam Jones,fly_ball,105.8,23.3,430
2019-05-29,Carson Kelly,fly_ball,103.3,29.9,423
2019-05-29,Kevin Cron,fly_ball,95.9,39.9,346
2019-05-29,Kyle Schwarber,fly_ball,100.5,36.3,369
2019-05-29,Albert Almora,fly_ball,67.5,35,233
2019-05-29,Josh Reddick,fly_ball,90.8,31.3,343
2019-05-29,David Bote,fly_ball,97.8,46.7,310
2019-05-29,Kris Bryant,fly_ball,103.4,25.5,419
2019-05-29,Alex Bregman,fly_ball,85.2,36.1,323
2019-05-29,Josh Reddick,fly_ball,81.6,42.3,271
2019-05-29,Tyler White,fly_ball,98.1,25.2,384
2019-05-29,Jake Marisnick,fly_ball,97.7,32.3,375
2019-05-29,Michael Brantley,fly_ball,86,33,290
2019-05-29,Addison Russell,fly_ball,78,29.9,287
2019-05-29,Kris Bryant,fly_ball,101.6,43.3,339
2019-05-29,Jason Heyward,fly_ball,88.1,47.6,270
2019-05-29,Amed Rosario,fly_ball,85.6,48.8,264
2019-05-29,Cody Bellinger,fly_ball,95.8,31.6,371
2019-05-29,Corey Seager,fly_ball,96.9,27.2,377
2019-05-29,Cody Bellinger,fly_ball,99.5,37.4,364
2019-05-29,Corey Seager,fly_ball,97.2,43.2,322
2019-05-29,Todd Frazier,fly_ball,92.4,35.2,340
2019-05-29,Amed Rosario,fly_ball,89.1,43.2,298
2019-05-29,Pete Alonso,fly_ball,100,25.4,368
2019-05-29,Wilson Ramos,fly_ball,100.8,37.8,361
2019-05-29,Corey Seager,fly_ball,97.6,29,393
2019-05-29,Amed Rosario,fly_ball,104.5,22.9,412
2019-05-29,Dominic Smith,fly_ball,103.3,30.9,404
2019-05-29,Carlos Gomez,fly_ball,75.8,53.4,212
2019-05-29,Justin Turner,fly_ball,67.7,27.7,215
2019-05-29,Juan Lagares,fly_ball,88.7,55.1,228
2019-05-29,Corey Seager,fly_ball,101.8,26.2,417
2019-05-29,Joc Pederson,fly_ball,99.4,28.4,392
2019-05-29,Max Muncy,fly_ball,98.7,27.2,346
2019-05-29,Alex Verdugo,fly_ball,86.9,28.9,310
2019-05-29,Kole Calhoun,fly_ball,84.5,55,227
2019-05-29,Marcus Semien,fly_ball,82.9,50.4,230
2019-05-29,Jurickson Profar,fly_ball,73.6,53.4,200
2019-05-29,Nick Hundley,fly_ball,94.8,34.5,343
2019-05-29,Marcus Semien,fly_ball,103.9,26.9,392
2019-05-29,Tommy La Stella,fly_ball,82.2,41.4,269
2019-05-29,Matt Chapman,fly_ball,100.1,39.3,348
2019-05-29,Ramon Laureano,fly_ball,100.1,29.2,369
2019-05-29,Cesar Puello,fly_ball,110.4,26.6,416
2019-05-29,Brian Goodwin,fly_ball,68.7,27,232
2019-05-29,David Fletcher,fly_ball,85.8,39.9,298
2019-05-29,Matt Olson,fly_ball,102.9,25.5,380
2019-05-29,Stephen Piscotty,fly_ball,81.1,37.7,295
2019-05-29,David Fletcher,fly_ball,90.7,37.8,308
2019-05-29,Mark Canha,fly_ball,104.2,26.1,418
2019-05-29,Josh Phegley,fly_ball,87.6,37.8,305
2019-05-29,Kole Calhoun,fly_ball,80.3,45.6,256
2019-05-29,Jurickson Profar,fly_ball,81.9,31.8,305
2019-05-29,Tommy La Stella,fly_ball,73.5,32.4,245
2019-05-29,Cesar Puello,fly_ball,85,37,277
2019-05-29,Elvis Andrus,fly_ball,89.4,43.8,289
2019-05-29,Kyle Seager,fly_ball,102.2,33.9,376
2019-05-29,Tom Murphy,fly_ball,100.4,46.7,313
2019-05-29,Asdrubal Cabrera,fly_ball,86.1,29.8,298
2019-05-29,Kyle Seager,fly_ball,79.9,33.6,279
2019-05-29,Tim Beckham,fly_ball,100.7,35.1,362
2019-05-29,Logan Forsythe,fly_ball,80.6,43.8,243
2019-05-29,Kyle Seager,fly_ball,98.3,35.9,365
2019-05-29,Tom Murphy,fly_ball,99.6,44.5,339
2019-05-29,Mallex Smith,fly_ball,94.9,23.9,377
2019-05-29,Mitch Haniger,fly_ball,107.1,27.2,377
2019-05-29,Dan Vogelbach,fly_ball,94.9,49.7,273
2019-05-29,Edwin Encarnacion,fly_ball,99.6,36.7,356
2019-05-29,Elvis Andrus,fly_ball,68.8,31.8,233
2019-05-29,Asdrubal Cabrera,fly_ball,97.6,38.6,353
2019-05-29,Nomar Mazara,fly_ball,100.8,29.3,343
2019-05-29,Lourdes Gurriel,fly_ball,93.2,35.1,366
2019-05-29,Avisail Garcia,fly_ball,98.8,25.7,399
2019-05-29,Danny Jansen,fly_ball,78,28.9,282
2019-05-29,Ji-Man Choi,fly_ball,86.1,33.7,317
2019-05-29,Avisail Garcia,fly_ball,97,27.2,390
2019-05-29,Freddy Galvis,fly_ball,77.7,29.8,287
2019-05-29,Austin Meadows,fly_ball,96.2,51.7,276
2019-05-29,Danny Jansen,fly_ball,80.5,41.8,259
2019-05-29,Avisail Garcia,fly_ball,69.2,42,213
2019-05-29,Lourdes Gurriel,fly_ball,81.9,54,216
2019-05-29,Randal Grichuk,fly_ball,99,46.6,312
2019-05-29,Brandon Drury,fly_ball,98.8,30,389
2019-05-29,Willy Adames,fly_ball,92.6,30.1,357
2019-05-29,Marcell Ozuna,fly_ball,99.4,46.5,318
2019-05-29,Jean Segura,fly_ball,92.2,51.9,268
2019-05-29,Bryce Harper,fly_ball,102.9,27.5,407
2019-05-29,Cesar Hernandez,fly_ball,84.5,54.1,232
2019-05-29,Matt Wieters,fly_ball,98.6,33.3,381
2019-05-29,Maikel Franco,fly_ball,90.6,44.8,300
2019-05-29,Cesar Hernandez,fly_ball,87.6,33.3,320
2019-05-29,Scott Kingery,fly_ball,104.8,33.5,394
2019-05-29,Maikel Franco,fly_ball,110,22.7,432
2019-05-29,Andrew McCutchen,fly_ball,109.7,23.8,389
2019-05-29,Scott Kingery,fly_ball,77.8,38.3,283
2019-05-29,Matt Wieters,fly_ball,99.5,29.7,374
2019-05-29,Cesar Hernandez,fly_ball,86.7,55.5,230
2019-05-29,Maikel Franco,fly_ball,80.9,43.5,267
2019-05-29,Howie Kendrick,fly_ball,87.1,34.5,291
2019-05-29,Matt Adams,fly_ball,73.8,26.1,254
2019-05-29,Ronald Acuna,fly_ball,91.6,29.3,355
2019-05-29,Dansby Swanson,fly_ball,88.9,29.5,348
2019-05-29,Anthony Rendon,fly_ball,98.9,32.4,350
2019-05-29,Anthony Rendon,fly_ball,99.4,26.1,365
2019-05-29,Juan Soto,fly_ball,103.9,29.8,396
2019-05-29,Ronald Acuna,fly_ball,96.4,33.2,359
2019-05-29,Dansby Swanson,fly_ball,87.7,33.8,336
2019-05-29,Freddie Freeman,fly_ball,100.4,42.3,357
2019-05-29,Anibal Sanchez,fly_ball,86.9,30.1,303
2019-05-29,Josh Donaldson,fly_ball,97.5,44.1,331
2019-05-29,Howie Kendrick,fly_ball,78.5,44.6,223
2019-05-29,Austin Riley,fly_ball,109.8,26.2,438
2019-05-29,Ozzie Albies,fly_ball,93,33.1,356
2019-05-29,Yoan Moncada,fly_ball,100.4,30,360
2019-05-29,Yonder Alonso,fly_ball,87.5,28.6,337
2019-05-29,Ryan O'Hearn,fly_ball,81,41.5,274
2019-05-29,José Abreu,fly_ball,103,23.7,374
2019-05-29,Eloy Jimenez,fly_ball,91,35.8,310
2019-05-29,Jorge Soler,fly_ball,104.8,32.9,381
2019-05-29,Jorge Soler,fly_ball,99,34.1,367
2019-05-29,Billy Hamilton,fly_ball,68.5,38.3,225
2019-05-29,Tim Anderson,fly_ball,99.7,32.2,380
2019-05-29,Jorge Soler,fly_ball,97.1,27,388
2019-05-29,Yonder Alonso,fly_ball,82.7,47.4,258
2019-05-29,James McCann,fly_ball,102.8,26.7,381
2019-05-29,Jorge Soler,fly_ball,98.5,55.4,259
2019-05-29,Buster Posey,fly_ball,90.9,43.9,309
2019-05-29,Kevin Pillar,fly_ball,92.7,22.5,342
2019-05-29,Martin Prado,fly_ball,90.3,31.3,337
2019-05-29,Jorge Alfaro,fly_ball,99.6,26,361
2019-05-29,Pablo Sandoval,fly_ball,93.8,51.7,278
2019-05-29,Garrett Cooper,fly_ball,99.2,21.3,328
2019-05-29,Starlin Castro,fly_ball,84.6,26.2,305
2019-05-29,Brandon Belt,fly_ball,102.7,37.9,406
2019-05-29,Brandon Belt,fly_ball,90.6,29.8,320
2019-05-29,Martin Prado,fly_ball,87.8,25.7,291
2019-05-29,Steven Duggar,fly_ball,80.5,49.7,229
2019-05-29,Garrett Cooper,fly_ball,78.7,31.6,279
2019-05-29,Buster Posey,fly_ball,78.7,22.8,245
2019-05-29,DJ LeMahieu,fly_ball,105.2,31,403
2019-05-29,Luke Voit,fly_ball,110.4,29.2,419
2019-05-29,Kendrys Morales,fly_ball,82,47,258
2019-05-29,Gleyber Torres,fly_ball,71.2,26.1,236
2019-05-29,Brett Gardner,fly_ball,83.8,35.2,290
2019-05-29,Eric Hosmer,fly_ball,80.6,30.1,286
2019-05-29,Gleyber Torres,fly_ball,100.8,30.1,394
2019-05-29,Wil Myers,fly_ball,95.5,36.3,343
2019-05-30,Adam Jones,fly_ball,100.8,24.4,414
2019-05-30,Tony Wolters,fly_ball,87.5,49.4,278
2019-05-30,David Dahl,fly_ball,103.1,24,392
2019-05-30,Tim Locastro,fly_ball,99.9,23.8,387
2019-05-30,Ryan McMahon,fly_ball,108.1,24.4,458
2019-05-30,Mark Reynolds,fly_ball,88.1,34.4,317
2019-05-30,Nolan Arenado,fly_ball,97.8,24,384
2019-05-30,Carson Kelly,fly_ball,71.8,31.6,234
2019-05-30,Eduardo Escobar,fly_ball,98.2,26.9,398
2019-05-30,Tim Locastro,fly_ball,85.5,31.7,338
2019-05-30,Ian Desmond,fly_ball,103.3,28.9,416
2019-05-30,Christian Walker,fly_ball,95.3,28.9,387
2019-05-30,Jarrod Dyson,fly_ball,83.6,35.8,299
2019-05-30,Amed Rosario,fly_ball,92.6,39.8,330
2019-05-30,J. D. Davis,fly_ball,84,35.5,288
2019-05-30,Enrique Hernandez,fly_ball,98.8,37,352
2019-05-30,Matt Beaty,fly_ball,85.9,31.8,317
2019-05-30,David Freese,fly_ball,98,26.6,340
2019-05-30,Ben Gamel,fly_ball,88.7,33.1,296
2019-05-30,Mike Moustakas,fly_ball,103.4,35.4,396
2019-05-30,Ben Gamel,fly_ball,96.4,32.6,368
2019-05-30,Lorenzo Cain,fly_ball,84.8,36.3,287
2019-05-30,Bryan Reynolds,fly_ball,67.6,34.1,223
2019-05-30,Mike Moustakas,fly_ball,103.8,41.1,362
2019-05-30,Yasmani Grandal,fly_ball,98,30.6,338
2019-05-30,Mike Moustakas,fly_ball,77.1,32.5,280
2019-05-30,Colin Moran,fly_ball,103.6,24.5,422
2019-05-30,Joe Musgrove,fly_ball,78,39.1,255
2019-05-30,Josh Bell,fly_ball,88.3,47.6,279
2019-05-30,Adam Frazier,fly_ball,96.9,30.5,361
2019-05-30,Yasmani Grandal,fly_ball,89.7,52.2,264
2019-05-30,Eric Thames,fly_ball,96.3,28.9,373
2019-05-30,Mike Moustakas,fly_ball,94.2,53.4,262
2019-05-30,Josh Bell,fly_ball,96.4,26.5,377
2019-05-30,Tommy La Stella,fly_ball,85.5,54.4,229
2019-05-30,Kole Calhoun,fly_ball,110.1,22.2,417
2019-05-30,Cesar Puello,fly_ball,101.6,29.8,363
2019-05-30,Omar Narvaez,fly_ball,86.2,52.1,249
2019-05-30,David Fletcher,fly_ball,85.9,33.7,307
2019-05-30,Jay Bruce,fly_ball,74.7,41.7,235
2019-05-30,Eddie Rosario,fly_ball,90.4,40.8,311
2019-05-30,Travis d'Arnaud,fly_ball,66.3,34.6,200
2019-05-30,Guillermo Heredia,fly_ball,74,29.1,244
2019-05-30,Eddie Rosario,fly_ball,86.2,32.2,333
2019-05-30,Jason Castro,fly_ball,96.4,26.4,382
2019-05-30,Byron Buxton,fly_ball,79.1,39.6,256
2019-05-30,C. J. Cron,fly_ball,91.8,35.2,340
2019-05-30,Luis Arraez,fly_ball,89.5,28.8,332
2019-05-30,Ji-Man Choi,fly_ball,103.9,38,380
2019-05-30,Jorge Soler,fly_ball,96.8,29,362
2019-05-30,Nicky Lopez,fly_ball,81.7,34.9,297
2019-05-30,Shin-Soo Choo,fly_ball,102.6,28.1,419
2019-05-30,Jorge Soler,fly_ball,96.5,25,367
2019-05-30,Shin-Soo Choo,fly_ball,95.5,33,398
2019-05-30,Nicky Lopez,fly_ball,73.9,50.2,214
2019-05-30,Nomar Mazara,fly_ball,109,30.9,401
2019-05-30,Adalberto Mondesi,fly_ball,102.8,36.8,404
2019-05-30,Nicky Lopez,fly_ball,78,51.2,230
2019-05-30,Marcell Ozuna,fly_ball,98.5,29.3,357
2019-05-30,Matt Wieters,fly_ball,95.3,43.3,348
2019-05-30,Jedd Gyorko,fly_ball,94.4,31,366
2019-05-30,Jean Segura,fly_ball,93.4,31.8,328
2019-05-30,Bryce Harper,fly_ball,100.2,25.7,338
2019-05-30,Paul DeJong,fly_ball,99.9,40,369
2019-05-30,Jedd Gyorko,fly_ball,103.2,36,412
2019-05-30,Harrison Bader,fly_ball,103.7,37.9,390
2019-05-30,Matt Carpenter,fly_ball,101.6,31.7,417
2019-05-30,Kolten Wong,fly_ball,87.7,36.2,316
2019-05-30,Matt Wieters,fly_ball,90.7,35.4,328
2019-05-30,Andrew McCutchen,fly_ball,85.7,42.4,294
2019-05-30,Francisco Lindor,fly_ball,95.1,34,341
2019-05-30,Jordan Luplow,fly_ball,95.5,51.6,252
2019-05-30,Jose Ramirez,fly_ball,77.9,49.4,237
2019-05-30,Carlos Sanchez,fly_ball,99.4,30.8,376
2019-05-30,Yonder Alonso,fly_ball,99.3,25.5,397
2019-05-30,Eloy Jimenez,fly_ball,86.3,51,251
2019-05-30,Carlos Santana,fly_ball,88.1,38.7,314
2019-05-30,Jordan Luplow,fly_ball,102,27.1,396
2019-05-30,Jose Ramirez,fly_ball,85.6,33.4,323
2019-05-30,Greg Allen,fly_ball,83,39.7,289
2019-05-30,José Abreu,fly_ball,90.9,31,351
2019-05-30,Charlie Tilson,fly_ball,83.2,43,275
2019-05-30,Jason Kipnis,fly_ball,71.8,25.5,239
2019-05-30,Neil Walker,fly_ball,96.9,25.3,384
2019-05-30,Joe Panik,fly_ball,90.2,34.8,337
2019-05-30,Stephen Vogt,fly_ball,85.6,36.2,310
2019-05-30,Mike Yastrzemski,fly_ball,96.8,43.4,319
2019-05-30,Brian Anderson,fly_ball,94.5,37.3,343
2019-05-30,Kevin Pillar,fly_ball,87.3,33.8,323
2019-05-30,Martin Prado,fly_ball,86.9,39.7,297
2019-05-30,Tyler Austin,fly_ball,89.4,55.3,241
2019-05-30,Brandon Belt,fly_ball,69,33.6,207
2019-05-30,Garrett Cooper,fly_ball,69.5,43.2,223
2019-05-30,Starlin Castro,fly_ball,96.6,30.8,379
2019-05-30,Joe Panik,fly_ball,90.2,36.5,326
2019-05-31,Adeiny Hechavarria,fly_ball,103.5,27.2,410
2019-05-31,Ketel Marte,fly_ball,73.3,48.6,214
2019-05-31,Eduardo Escobar,fly_ball,91.2,41.9,314
2019-05-31,Amed Rosario,fly_ball,83.8,29.7,322
2019-05-31,Dominic Smith,fly_ball,90.4,38,315
2019-05-31,Ketel Marte,fly_ball,101.2,35.1,378
2019-05-31,Christian Walker,fly_ball,110.4,29.3,447
2019-05-31,Juan Lagares,fly_ball,70.8,30,252
2019-05-31,Amed Rosario,fly_ball,75.9,42,257
2019-05-31,Ketel Marte,fly_ball,91.2,28.7,298
2019-05-31,Nick Ahmed,fly_ball,91.3,56.1,230
2019-05-31,Brandon Belt,fly_ball,86.3,45.7,284
2019-05-31,Brandon Crawford,fly_ball,92.2,28.7,363
2019-05-31,Dwight Smith,fly_ball,107,23,442
2019-05-31,Mike Yastrzemski,fly_ball,103.9,26.9,417
2019-05-31,Hanser Alberto,fly_ball,87.1,34.3,331
2019-05-31,Trey Mancini,fly_ball,99.1,22.3,383
2019-05-31,Brandon Crawford,fly_ball,93.6,54.9,247
2019-05-31,Keon Broxton,fly_ball,101.6,36.7,373
2019-05-31,Renato Nunez,fly_ball,110.4,24.3,444
2019-05-31,Pedro Severino,fly_ball,85.6,50,255
2019-05-31,Kevin Pillar,fly_ball,86.6,36.5,319
2019-05-31,Buster Posey,fly_ball,86.4,56.4,230
2019-05-31,Juan Soto,fly_ball,97.7,38.2,351
2019-05-31,Nick Senzel,fly_ball,93.8,36.5,339
2019-05-31,Anthony Rendon,fly_ball,93.1,50.3,285
2019-05-31,Yasiel Puig,fly_ball,93.4,45.9,301
2019-05-31,Juan Soto,fly_ball,97.3,30.4,373
2019-05-31,Eugenio Suarez,fly_ball,88.5,32.6,323
2019-05-31,José Iglesias,fly_ball,90.6,48.2,288
2019-05-31,Matt Adams,fly_ball,95.8,39.7,340
2019-05-31,Kyle Farmer,fly_ball,80.7,46.9,264
2019-05-31,Josh VanMeter,fly_ball,94.7,28.9,367
2019-05-31,Nick Senzel,fly_ball,92.4,28.2,361
2019-05-31,Matt Adams,fly_ball,102.3,46.6,344
2019-05-31,José Iglesias,fly_ball,96,35.7,352
2019-05-31,Trevor Story,fly_ball,104.4,42.6,375
2019-05-31,Randal Grichuk,fly_ball,107.2,27.5,469
2019-05-31,Nolan Arenado,fly_ball,98.7,23.4,403
2019-05-31,Cavan Biggio,fly_ball,99.3,33,385
2019-05-31,Freddy Galvis,fly_ball,93.1,35.8,363
2019-05-31,Raimel Tapia,fly_ball,100.1,35.2,388
2019-05-31,Trevor Story,fly_ball,106.9,29.1,442
2019-05-31,David Dahl,fly_ball,78.2,44.6,254
2019-05-31,Vladimir Guerrero,fly_ball,104.6,26.5,436
2019-05-31,Randal Grichuk,fly_ball,85.3,44.7,284
2019-05-31,Bryce Harper,fly_ball,100.7,40.9,350
2019-05-31,Cody Bellinger,fly_ball,87.8,38.2,316
2019-05-31,Alex Verdugo,fly_ball,84.6,43.6,269
2019-05-31,Max Muncy,fly_ball,104,29.7,394
2019-05-31,Andrew McCutchen,fly_ball,100.6,25.1,403
2019-05-31,Will Smith,fly_ball,95.1,45.1,304
2019-05-31,Joc Pederson,fly_ball,110.2,28.2,445
2019-05-31,Corey Seager,fly_ball,96.8,28.8,371
2019-05-31,David Freese,fly_ball,69.7,28.3,237
2019-05-31,Enrique Hernandez,fly_ball,110.6,25.2,432
2019-05-31,Rhys Hoskins,fly_ball,71.8,39,241
2019-05-31,Stephen Piscotty,fly_ball,96.7,32.1,370
2019-05-31,Tyler White,fly_ball,96.1,39.3,331
2019-05-31,Marcus Semien,fly_ball,100.7,33.2,352
2019-05-31,Matt Chapman,fly_ball,107.2,24.1,431
2019-05-31,Matt Olson,fly_ball,88.6,40.8,309
2019-05-31,Alex Bregman,fly_ball,95.3,44.7,309
2019-05-31,Josh Reddick,fly_ball,101.8,25.3,388
2019-05-31,Tony Kemp,fly_ball,93.3,23.4,339
2019-05-31,Michael Brantley,fly_ball,90.8,40.3,303
2019-05-31,Kevin Newman,fly_ball,91.7,32.4,338
2019-05-31,Gregory Polanco,fly_ball,94.4,35.7,352
2019-05-31,Jesus Aguilar,fly_ball,104.2,29,407
2019-05-31,Keston Hiura,fly_ball,110.5,20.5,420
2019-05-31,Josh Bell,fly_ball,95.7,51.6,273
2019-05-31,Lorenzo Cain,fly_ball,69.7,43.5,216
2019-05-31,Brian Anderson,fly_ball,96,46.4,296
2019-05-31,Jorge Alfaro,fly_ball,90,50.6,253
2019-05-31,Miguel Rojas,fly_ball,99.3,26.7,394
2019-05-31,Austin Dean,fly_ball,75.1,32.2,243
2019-05-31,Franmil Reyes,fly_ball,96.7,53,254
2019-05-31,Manny Machado,fly_ball,99.6,37.8,351
2019-05-31,Starlin Castro,fly_ball,78.7,50.4,210
2019-05-31,Hunter Renfroe,fly_ball,103.7,38.5,383
2019-05-31,Ty France,fly_ball,95.5,39.4,323
2019-05-31,Jorge Alfaro,fly_ball,94.9,44.4,277
2019-05-31,Hunter Renfroe,fly_ball,98.4,36.2,351
2019-05-31,Martin Prado,fly_ball,78.2,37.4,263
2019-05-31,Ian Kinsler,fly_ball,68.6,33.3,225
2019-05-31,Martin Prado,fly_ball,85.3,38,278
2019-05-31,Mike Trout,fly_ball,103.9,37.1,369
2019-05-31,David Fletcher,fly_ball,80.7,37.1,279
2019-05-31,Dan Vogelbach,fly_ball,96.6,38.9,338
2019-05-31,Jay Bruce,fly_ball,105,35.5,393
2019-05-31,Mallex Smith,fly_ball,95.1,24.1,362
2019-05-31,Mike Trout,fly_ball,103.4,41.7,350
2019-05-31,Jonathan Lucroy,fly_ball,89.6,42.6,290
2019-05-31,Brian Goodwin,fly_ball,93.5,43,310
2019-05-31,Dan Vogelbach,fly_ball,92.5,38.4,328
2019-05-31,Tom Murphy,fly_ball,105.5,31.9,397
2019-05-31,Kyle Seager,fly_ball,92.4,50.3,271
2019-05-31,David Fletcher,fly_ball,89.9,23.7,318
2019-05-31,Jay Bruce,fly_ball,103.8,29.6,417
2019-05-31,Jared Walsh,fly_ball,97.9,40.9,328
2019-05-31,Tommy La Stella,fly_ball,99.5,38.4,347
2019-05-31,Kyle Schwarber,fly_ball,100.6,33.6,355
2019-05-31,Paul Goldschmidt,fly_ball,99,32.8,354
2019-05-31,Marcell Ozuna,fly_ball,98.8,52.7,283
2019-05-31,Victor Caratini,fly_ball,82.3,50.8,239
2019-05-31,Matt Wieters,fly_ball,75.3,42.6,250
2019-05-31,David Bote,fly_ball,88.6,48.7,266
2019-05-31,Matt Carpenter,fly_ball,87.9,41.5,286
2019-05-31,Eddie Rosario,fly_ball,90.6,31.3,314
2019-05-31,Marwin Gonzalez,fly_ball,92.7,37.4,325
2019-05-31,Kevin Kiermaier,fly_ball,104.7,27.8,414
2019-05-31,Mike Zunino,fly_ball,97.9,38.2,348
2019-05-31,Brandon Lowe,fly_ball,90.2,50.9,271
2019-05-31,Mike Zunino,fly_ball,89.4,27.9,339
2019-05-31,Brandon Lowe,fly_ball,94,49,285
2019-05-31,Cheslor Cuthbert,fly_ball,102.8,22.3,382
2019-05-31,Ryan O'Hearn,fly_ball,83.5,31.5,305
2019-05-31,Whit Merrifield,fly_ball,95.8,25,356
2019-05-31,Adalberto Mondesi,fly_ball,92.1,46.9,287
2019-05-31,Asdrubal Cabrera,fly_ball,90.2,53.1,266
2019-05-31,Ryan O'Hearn,fly_ball,89.5,31.9,334
2019-05-31,Martin Maldonado,fly_ball,82.6,45.4,271
2019-05-31,Hunter Pence,fly_ball,69.8,36.5,229
2019-05-31,Alex Gordon,fly_ball,99.7,26.6,405
2019-05-31,Logan Forsythe,fly_ball,86.5,42.2,296
2019-05-31,Asdrubal Cabrera,fly_ball,79.9,35.7,291
2019-05-31,Joey Gallo,fly_ball,98.4,54.6,278
2019-05-31,Martin Maldonado,fly_ball,96.7,30.2,379
2019-05-31,Niko Goodrum,fly_ball,72.8,37.2,235
2019-05-31,Grayson Greiner,fly_ball,106.3,37.4,399
2019-05-31,Niko Goodrum,fly_ball,105,35.8,419
2019-05-31,Christin Stewart,fly_ball,95,49.3,292
2019-05-31,Freddie Freeman,fly_ball,90.9,36.7,354
2019-05-31,Nick Markakis,fly_ball,92.4,30.8,343
2019-05-31,Nick Castellanos,fly_ball,102.9,30.2,416
2019-05-31,Brian McCann,fly_ball,83.6,33.7,322
2019-05-31,Dansby Swanson,fly_ball,89.9,27.4,307
2019-05-31,Brian McCann,fly_ball,84.8,51.7,246
2019-05-31,JaCoby Jones,fly_ball,92,45.4,297
2019-05-31,Niko Goodrum,fly_ball,100.7,33.2,392
2019-05-31,Ronald Acuna,fly_ball,66.7,29.5,210
2019-05-31,Gordon Beckham,fly_ball,81.5,37.4,299
2019-05-31,Brandon Dixon,fly_ball,90.6,28.2,313
2019-05-31,Francisco Lindor,fly_ball,103.7,24.3,437
2019-05-31,Jake Bauers,fly_ball,79.8,47.3,248
2019-05-31,José Abreu,fly_ball,95.3,43.5,321
2019-05-31,Leury Garcia,fly_ball,91.9,42.1,313
2019-05-31,José Abreu,fly_ball,103.7,36.4,382
2019-05-31,Leonys Martín,fly_ball,81,47,261
2019-05-31,Jason Kipnis,fly_ball,97.1,24.1,385
2019-05-31,Roberto Perez,fly_ball,93.7,51.3,285
2019-05-31,Yoan Moncada,fly_ball,105.7,39.9,384
2019-05-31,Charlie Tilson,fly_ball,68,35.9,216
2019-05-31,José Abreu,fly_ball,74.2,35.1,262
2019-05-31,Greg Allen,fly_ball,100.7,41.9,340
2019-05-31,Rafael Devers,fly_ball,107.4,36.8,396
2019-05-31,Gleyber Torres,fly_ball,77.9,56.1,197
2019-05-31,Brett Gardner,fly_ball,72.2,25.5,247
2019-05-31,DJ LeMahieu,fly_ball,98.2,22.6,374
2019-05-31,Michael Chavis,fly_ball,92.7,41.4,311
2019-05-31,Cameron Maybin,fly_ball,99.3,36.2,363
2019-05-31,Gary Sanchez,fly_ball,85.6,48.7,258
2019-06-01,Eduardo Escobar,fly_ball,96.2,29.2,388
2019-06-01,Tomas Nido,fly_ball,94.7,29.6,348
2019-06-01,Pete Alonso,fly_ball,88.6,45.1,284
2019-06-01,Todd Frazier,fly_ball,99.6,32.4,394
2019-06-01,Adam Jones,fly_ball,94.5,39.8,329
2019-06-01,Ildemaro Vargas,fly_ball,88.7,45,290
2019-06-01,Nick Ahmed,fly_ball,96.9,23.6,379
2019-06-01,Dominic Smith,fly_ball,103.4,29.5,431
2019-06-01,Eduardo Escobar,fly_ball,86.7,34.5,318
2019-06-01,Adam Jones,fly_ball,99,31.8,424
2019-06-01,Adeiny Hechavarria,fly_ball,89.1,28.5,344
2019-06-01,Jarrod Dyson,fly_ball,78.6,40.1,282
2019-06-01,Ketel Marte,fly_ball,89.9,35.6,359
2019-06-01,Tim Locastro,fly_ball,93.5,28,372
2019-06-01,Buster Posey,fly_ball,98.6,26.8,359
2019-06-01,Brandon Crawford,fly_ball,90.1,42,305
2019-06-01,Stephen Vogt,fly_ball,85.3,30.2,313
2019-06-01,Renato Nunez,fly_ball,104.9,33,416
2019-06-01,DJ Stewart,fly_ball,82.5,42.8,268
2019-06-01,Evan Longoria,fly_ball,88.6,35,330
2019-06-01,Hanser Alberto,fly_ball,91.2,33.7,315
2019-06-01,Mike Yastrzemski,fly_ball,90.7,29.7,340
2019-06-01,Pablo Sandoval,fly_ball,100.6,48.4,323
2019-06-01,Kevin Pillar,fly_ball,75.9,41.7,238
2019-06-01,Mike Yastrzemski,fly_ball,77.6,34.7,278
2019-06-01,Nick Senzel,fly_ball,100.7,23,393
2019-06-01,Gerardo Parra,fly_ball,101.2,35.1,396
2019-06-01,Yan Gomes,fly_ball,92.9,39.3,332
2019-06-01,Eugenio Suarez,fly_ball,89.3,49.5,263
2019-06-01,Adam Eaton,fly_ball,88.5,43.6,310
2019-06-01,Juan Soto,fly_ball,99.4,56.1,272
2019-06-01,Matt Adams,fly_ball,107.4,26.5,428
2019-06-01,Brian Dozier,fly_ball,89.2,39.4,310
2019-06-01,Joey Votto,fly_ball,87.8,43.3,285
2019-06-01,Gerardo Parra,fly_ball,89.7,43.7,310
2019-06-01,José Iglesias,fly_ball,72.3,30.2,255
2019-06-01,Joey Votto,fly_ball,95.2,33.6,346
2019-06-01,Derek Dietrich,fly_ball,83.9,43.5,260
2019-06-01,Yasiel Puig,fly_ball,93.1,58.6,226
2019-06-01,Brian Dozier,fly_ball,101.8,24.2,382
2019-06-01,Joey Votto,fly_ball,95,34.8,363
2019-06-01,Randal Grichuk,fly_ball,79.8,38.1,275
2019-06-01,Nolan Arenado,fly_ball,83.4,36.9,307
2019-06-01,Tony Wolters,fly_ball,93.6,44.7,318
2019-06-01,Eric Sogard,fly_ball,84.5,52.3,252
2019-06-01,Freddy Galvis,fly_ball,84.8,34.2,344
2019-06-01,Justin Smoak,fly_ball,106.1,30.6,438
2019-06-01,Danny Jansen,fly_ball,99.7,28.1,392
2019-06-01,David Freese,fly_ball,90.5,35.7,342
2019-06-01,Philip Gosselin,fly_ball,71.8,37.7,243
2019-06-01,Corey Seager,fly_ball,91.3,34.2,362
2019-06-01,Jean Segura,fly_ball,93.7,42.4,319
2019-06-01,David Freese,fly_ball,105.9,34.2,398
2019-06-01,Jean Segura,fly_ball,85,45.3,271
2019-06-01,Bryce Harper,fly_ball,92.4,44.8,309
2019-06-01,Max Muncy,fly_ball,88.5,52,260
2019-06-01,Andrew McCutchen,fly_ball,90.7,40.3,318
2019-06-01,Bryce Harper,fly_ball,108.8,30.8,398
2019-06-01,Will Smith,fly_ball,100.6,38.8,361
2019-06-01,Marcus Semien,fly_ball,87,46.7,267
2019-06-01,Khris Davis,fly_ball,92.2,33.1,332
2019-06-01,Stephen Piscotty,fly_ball,105.3,24.5,392
2019-06-01,Robbie Grossman,fly_ball,89,56.2,232
2019-06-01,Myles Straw,fly_ball,85.8,30.6,296
2019-06-01,Alex Bregman,fly_ball,88.4,52.6,234
2019-06-01,Marcus Semien,fly_ball,98.1,38.6,346
2019-06-01,Josh Reddick,fly_ball,103.3,27.5,401
2019-06-01,Jake Marisnick,fly_ball,105.6,30.8,399
2019-06-01,Yuli Gurriel,fly_ball,82.2,36.2,281
2019-06-01,Robinson Chirinos,fly_ball,102.5,39.6,360
2019-06-01,Khris Davis,fly_ball,100.8,34.3,344
2019-06-01,Ramon Laureano,fly_ball,97.7,44.6,337
2019-06-01,Michael Brantley,fly_ball,94,27,328
2019-06-01,Robinson Chirinos,fly_ball,107.1,21,428
2019-06-01,Tony Kemp,fly_ball,90.3,42.5,317
2019-06-01,Christian Yelich,fly_ball,99.2,25,384
2019-06-01,Yasmani Grandal,fly_ball,73.6,39.2,246
2019-06-01,Orlando Arcia,fly_ball,105.8,31.3,426
2019-06-01,Mike Moustakas,fly_ball,105.9,28.7,436
2019-06-01,Yasmani Grandal,fly_ball,91.1,47.6,295
2019-06-01,Kevin Newman,fly_ball,81.3,39.2,272
2019-06-01,Elias Diaz,fly_ball,100.4,27.5,382
2019-06-01,Christian Yelich,fly_ball,92.5,24.9,325
2019-06-01,Yasmani Grandal,fly_ball,99.5,27.8,401
2019-06-01,Colin Moran,fly_ball,72.9,40.6,239
2019-06-01,Jose Osuna,fly_ball,107.1,29.8,445
2019-06-01,Christian Yelich,fly_ball,100.3,44.2,345
2019-06-01,Mike Moustakas,fly_ball,90.1,47.7,278
2019-06-01,Orlando Arcia,fly_ball,78.3,37.3,288
2019-06-01,Adam Frazier,fly_ball,95.4,39.6,342
2019-06-01,Starling Marte,fly_ball,104,21.6,408
2019-06-01,Adam Frazier,fly_ball,99.1,22.8,376
2019-06-01,Kevin Newman,fly_ball,78.9,37,260
2019-06-01,Keston Hiura,fly_ball,78.8,34.1,302
2019-06-01,Orlando Arcia,fly_ball,103.8,28.5,413
2019-06-01,Manny Machado,fly_ball,98.4,45.1,310
2019-06-01,Starlin Castro,fly_ball,83.9,38.4,270
2019-06-01,Josh Naylor,fly_ball,106,24.3,388
2019-06-01,Starlin Castro,fly_ball,90.9,38.6,298
2019-06-01,Garrett Cooper,fly_ball,87.8,38.1,298
2019-06-01,Harold Ramirez,fly_ball,82.2,45.9,254
2019-06-01,Austin Hedges,fly_ball,89,40,306
2019-06-01,Albert Pujols,fly_ball,104.6,34.8,399
2019-06-01,Jonathan Lucroy,fly_ball,97,47.3,297
2019-06-01,Dan Vogelbach,fly_ball,99.3,31.5,371
2019-06-01,Dylan Moore,fly_ball,85.8,49.5,244
2019-06-01,Mitch Haniger,fly_ball,103.1,28.3,392
2019-06-01,Edwin Encarnacion,fly_ball,107.9,36.9,400
2019-06-01,Tim Beckham,fly_ball,94.4,51.3,275
2019-06-01,Tommy La Stella,fly_ball,92.2,44.9,296
2019-06-01,Kole Calhoun,fly_ball,86.1,36.7,304
2019-06-01,Edwin Encarnacion,fly_ball,108.5,29.1,438
2019-06-01,Dylan Moore,fly_ball,78.9,43.8,248
2019-06-01,Kole Calhoun,fly_ball,104.2,29.4,406
2019-06-01,Omar Narvaez,fly_ball,86.2,34.3,323
2019-06-01,Kyle Schwarber,fly_ball,100.5,42.8,339
2019-06-01,Anthony Rizzo,fly_ball,105.6,23,421
2019-06-01,Paul Goldschmidt,fly_ball,103.6,24.2,422
2019-06-01,Jason Heyward,fly_ball,99.9,28.6,392
2019-06-01,Matt Carpenter,fly_ball,101.9,36.8,386
2019-06-01,Jason Heyward,fly_ball,90.8,25.7,358
2019-06-01,Harrison Bader,fly_ball,84.7,37.2,310
2019-06-01,Kyle Schwarber,fly_ball,96.9,38,349
2019-06-01,Matt Carpenter,fly_ball,79.5,29.2,283
2019-06-01,Jason Heyward,fly_ball,93.5,26.9,361
2019-06-01,Dexter Fowler,fly_ball,98.4,27.1,360
2019-06-01,Harrison Bader,fly_ball,99.5,24.1,379
2019-06-01,Yairo Munoz,fly_ball,90.6,25.5,328
2019-06-01,Austin Meadows,fly_ball,84.4,45.3,277
2019-06-01,Ji-Man Choi,fly_ball,99,51,279
2019-06-01,Marwin Gonzalez,fly_ball,100,27.3,409
2019-06-01,Marwin Gonzalez,fly_ball,103.8,29.6,411
2019-06-01,Brandon Lowe,fly_ball,102.3,45.8,325
2019-06-01,Nate Lowe,fly_ball,107.4,43.8,349
2019-06-01,Byron Buxton,fly_ball,98.4,33.7,385
2019-06-01,Max Kepler,fly_ball,92,40.1,324
2019-06-01,Christian Arroyo,fly_ball,90,34.3,331
2019-06-01,Marwin Gonzalez,fly_ball,99,34.7,377
2019-06-01,Miguel Sano,fly_ball,102.6,39,361
2019-06-01,Ehire Adrianza,fly_ball,93.1,52.4,281
2019-06-01,Christian Arroyo,fly_ball,99.5,26,409
2019-06-01,Brandon Lowe,fly_ball,88.9,55.8,226
2019-06-01,Kevin Kiermaier,fly_ball,77,44.6,244
2019-06-01,Asdrubal Cabrera,fly_ball,82,41.8,278
2019-06-01,Rougned Odor,fly_ball,89.8,30.4,338
2019-06-01,Alex Gordon,fly_ball,92.1,45.7,312
2019-06-01,Joey Gallo,fly_ball,107.3,28.5,431
2019-06-01,Rougned Odor,fly_ball,93.6,29,348
2019-06-01,Jeff Mathis,fly_ball,92.3,44,309
2019-06-01,Elvis Andrus,fly_ball,98.4,29,366
2019-06-01,Rougned Odor,fly_ball,83,33.8,323
2019-06-01,Elvis Andrus,fly_ball,90.4,23.4,329
2019-06-01,Ronald Guzman,fly_ball,85.8,47.1,286
2019-06-01,Adalberto Mondesi,fly_ball,89.9,51.3,264
2019-06-01,Jorge Soler,fly_ball,92,39.9,330
2019-06-01,Jeff Mathis,fly_ball,95.6,28.1,374
2019-06-01,Hunter Pence,fly_ball,106.2,37.8,385
2019-06-01,Cam Gallagher,fly_ball,80.9,49.4,247
2019-06-01,Nick Markakis,fly_ball,91,38.1,339
2019-06-01,Brandon Dixon,fly_ball,97.1,25,385
2019-06-01,Tyler Flowers,fly_ball,87.5,42.2,287
2019-06-01,Ronald Acuna,fly_ball,93.9,31.1,330
2019-06-01,Freddie Freeman,fly_ball,101.8,34.9,390
2019-06-01,Austin Riley,fly_ball,82.5,42.3,280
2019-06-01,Niko Goodrum,fly_ball,94,32.6,337
2019-06-01,Austin Riley,fly_ball,108.6,23.6,428
2019-06-01,JaCoby Jones,fly_ball,89.1,39.4,309
2019-06-01,Niko Goodrum,fly_ball,91.5,28.5,346
2019-06-01,Dansby Swanson,fly_ball,104,28.5,389
2019-06-01,Nick Castellanos,fly_ball,88.1,37.4,338
2019-06-01,Greg Allen,fly_ball,75.2,53.2,217
2019-06-01,Leury Garcia,fly_ball,89.2,29,325
2019-06-01,Yoan Moncada,fly_ball,80.9,44.1,262
2019-06-01,Jake Bauers,fly_ball,84.7,33,309
2019-06-01,Kevin Plawecki,fly_ball,88.1,52.6,238
2019-06-01,Leonys Martín,fly_ball,105.9,32.3,403
2019-06-01,Yonder Alonso,fly_ball,83.5,39.4,279
2019-06-01,Tim Anderson,fly_ball,93.9,25.9,353
2019-06-01,José Abreu,fly_ball,103.4,50.3,302
2019-06-01,Aaron Hicks,fly_ball,94,34.5,320
2019-06-01,Gleyber Torres,fly_ball,100.3,24.4,369
2019-06-01,Xander Bogaerts,fly_ball,100,30.3,391
2019-06-01,Rafael Devers,fly_ball,103.8,37.7,369
2019-06-01,DJ LeMahieu,fly_ball,91.2,36.3,328
2019-06-01,Gary Sanchez,fly_ball,102.1,27,403
2019-06-01,Andrew Benintendi,fly_ball,96.3,28.1,367
2019-06-01,Brett Gardner,fly_ball,96.3,26.6,373
2019-06-01,Luke Voit,fly_ball,72.1,27.3,233
2019-06-01,Rafael Devers,fly_ball,73.5,45.1,217
2019-06-01,Xander Bogaerts,fly_ball,97.9,26,379
2019-06-02,J. D. Davis,fly_ball,94.1,27.7,352
2019-06-02,Michael Conforto,fly_ball,96.9,30.6,363
2019-06-02,Eduardo Escobar,fly_ball,101.1,39.5,365
2019-06-02,Wilson Ramos,fly_ball,106.6,32.1,414
2019-06-02,Pete Alonso,fly_ball,83.1,40.5,280
2019-06-02,Steven Matz,fly_ball,67.1,31.4,218
2019-06-02,Nick Ahmed,fly_ball,97.2,32,369
2019-06-02,Carson Kelly,fly_ball,82.8,42.9,268
2019-06-02,Ketel Marte,fly_ball,92.7,50.7,277
2019-06-02,Tim Locastro,fly_ball,89.3,27.1,349
2019-06-02,Eduardo Escobar,fly_ball,97.7,35.4,365
2019-06-02,Christian Walker,fly_ball,103.5,26.8,409
2019-06-02,Carson Kelly,fly_ball,92.5,58.8,214
2019-06-02,Steven Duggar,fly_ball,75,34.4,247
2019-06-02,Jonathan Villar,fly_ball,91.1,35.1,330
2019-06-02,Trey Mancini,fly_ball,86.9,28.7,325
2019-06-02,Evan Longoria,fly_ball,105.9,26.5,409
2019-06-02,Joe Panik,fly_ball,82.1,37.7,308
2019-06-02,Evan Longoria,fly_ball,97.4,24.8,378
2019-06-02,Brandon Crawford,fly_ball,102.4,29.3,399
2019-06-02,Jonathan Villar,fly_ball,91.4,52.5,271
2019-06-02,Joe Panik,fly_ball,92.8,33,359
2019-06-02,Pablo Sandoval,fly_ball,94.7,44.8,314
2019-06-02,Brandon Crawford,fly_ball,102.5,25.5,422
2019-06-02,Evan Longoria,fly_ball,96.3,32,360
2019-06-02,Joey Votto,fly_ball,85.4,57.8,223
2019-06-02,Derek Dietrich,fly_ball,94.5,33.3,363
2019-06-02,Yasiel Puig,fly_ball,93.9,27.1,346
2019-06-02,Anthony Rendon,fly_ball,96,35.2,354
2019-06-02,Yasiel Puig,fly_ball,97.8,38.3,348
2019-06-02,José Iglesias,fly_ball,91.3,45.4,294
2019-06-02,Freddy Galvis,fly_ball,96.6,42.2,358
2019-06-02,Brendan Rodgers,fly_ball,96.9,38.9,351
2019-06-02,Raimel Tapia,fly_ball,71.8,25.5,243
2019-06-02,Daniel Murphy,fly_ball,97,28.7,395
2019-06-02,Antonio Senzatela,fly_ball,100.2,50.8,322
2019-06-02,Freddy Galvis,fly_ball,98.1,33.2,390
2019-06-02,Daniel Murphy,fly_ball,76.6,44.9,239
2019-06-02,David Dahl,fly_ball,99.7,37.7,372
2019-06-02,Nolan Arenado,fly_ball,105,27.3,432
2019-06-02,Randal Grichuk,fly_ball,95,41.2,340
2019-06-02,Cavan Biggio,fly_ball,94.7,43.1,339
2019-06-02,Jean Segura,fly_ball,78,38.6,259
2019-06-02,Rhys Hoskins,fly_ball,99.8,38.2,361
2019-06-02,Max Muncy,fly_ball,96.2,44.4,323
2019-06-02,David Freese,fly_ball,93.2,49.6,278
2019-06-02,Rhys Hoskins,fly_ball,92.1,27.3,309
2019-06-02,Max Muncy,fly_ball,93.5,60,219
2019-06-02,David Freese,fly_ball,103,22,382
2019-06-02,Cody Bellinger,fly_ball,91.6,27.7,333
2019-06-02,Joc Pederson,fly_ball,106.2,21.2,399
2019-06-02,Scott Kingery,fly_ball,78.1,35.4,272
2019-06-02,Alex Bregman,fly_ball,72.2,42.4,251
2019-06-02,Josh Reddick,fly_ball,69.7,42.6,227
2019-06-02,Matt Olson,fly_ball,95.6,27.7,367
2019-06-02,Garrett Stubbs,fly_ball,84.3,42.3,281
2019-06-02,Robbie Grossman,fly_ball,102.8,33.9,377
2019-06-02,Jurickson Profar,fly_ball,97.3,32.7,372
2019-06-02,Matt Chapman,fly_ball,91.5,54.6,242
2019-06-02,Khris Davis,fly_ball,98.9,40.5,326
2019-06-02,Garrett Stubbs,fly_ball,92.5,33.7,336
2019-06-02,Michael Brantley,fly_ball,76,38.4,262
2019-06-02,Ramon Laureano,fly_ball,97.7,28,354
2019-06-02,Yuli Gurriel,fly_ball,89.3,30.9,314
2019-06-02,Josh Reddick,fly_ball,91.1,35.1,323
2019-06-02,Matt Chapman,fly_ball,108.2,25.3,420
2019-06-02,Garrett Stubbs,fly_ball,92.1,33.2,329
2019-06-02,Marcus Semien,fly_ball,95,39.8,317
2019-06-02,Marcus Semien,fly_ball,92.9,31,348
2019-06-02,Matt Chapman,fly_ball,96.5,50.3,274
2019-06-02,Ben Gamel,fly_ball,94,32.4,360
2019-06-02,Christian Yelich,fly_ball,99.7,41.1,351
2019-06-02,Jacob Stallings,fly_ball,81.3,47.5,249
2019-06-02,Christian Yelich,fly_ball,97.1,55.4,264
2019-06-02,Eric Thames,fly_ball,98.4,26.2,372
2019-06-02,Kevin Newman,fly_ball,81.5,33.2,312
2019-06-02,Orlando Arcia,fly_ball,100,46.5,329
2019-06-02,Zach Davies,fly_ball,85,33.8,303
2019-06-02,Melky Cabrera,fly_ball,82.7,40.7,275
2019-06-02,Jacob Stallings,fly_ball,76.8,33.6,268
2019-06-02,Eric Hosmer,fly_ball,88.2,47.1,268
2019-06-02,Ty France,fly_ball,74.2,39.2,235
2019-06-02,Garrett Cooper,fly_ball,108.5,22,420
2019-06-02,Miguel Rojas,fly_ball,73.8,42.8,236
2019-06-02,Miguel Rojas,fly_ball,87.3,42,287
2019-06-02,Hunter Renfroe,fly_ball,110.2,39.4,403
2019-06-02,Manuel Margot,fly_ball,92,50.4,254
2019-06-02,Harold Ramirez,fly_ball,90.7,53.1,232
2019-06-02,Eric Hosmer,fly_ball,95.7,52.5,273
2019-06-02,Albert Pujols,fly_ball,100.3,45.6,313
2019-06-02,Mallex Smith,fly_ball,79.9,42,264
2019-06-02,Mitch Haniger,fly_ball,78.4,31.5,272
2019-06-02,Shohei Ohtani,fly_ball,89.1,29.9,352
2019-06-02,Albert Pujols,fly_ball,93.8,30,363
2019-06-02,Tommy La Stella,fly_ball,96.1,33.3,349
2019-06-02,Cesar Puello,fly_ball,103.6,23.2,388
2019-06-02,Albert Pujols,fly_ball,100.1,35.8,370
2019-06-02,Dylan Moore,fly_ball,97.9,35.9,349
2019-06-02,Mallex Smith,fly_ball,71.1,32.2,224
2019-06-02,Luis Rengifo,fly_ball,107,34.7,424
2019-06-02,Kyle Seager,fly_ball,101.5,25,386
2019-06-02,Shed Long,fly_ball,98.8,54.7,264
2019-06-02,Mallex Smith,fly_ball,91.2,30.9,351
2019-06-02,Tommy La Stella,fly_ball,83.4,53.4,227
2019-06-02,Tim Beckham,fly_ball,86.9,29.3,311
2019-06-02,Kole Calhoun,fly_ball,89.7,47.1,278
2019-06-02,Jason Heyward,fly_ball,73.9,31.3,260
2019-06-02,David Bote,fly_ball,85.1,37.8,298
2019-06-02,Adam Wainwright,fly_ball,85.1,50.2,244
2019-06-02,Jose Martinez,fly_ball,97,39.9,340
2019-06-02,Kolten Wong,fly_ball,91.1,36.7,328
2019-06-02,Adam Wainwright,fly_ball,95,50.6,269
2019-06-02,Jose Martinez,fly_ball,85.4,35.2,299
2019-06-02,Andrew Knizner,fly_ball,99.9,22.5,346
2019-06-02,Harrison Bader,fly_ball,88.6,39.3,320
2019-06-02,Yandy Díaz,fly_ball,107.9,20,410
2019-06-02,Daniel Robertson,fly_ball,74.8,44,236
2019-06-02,Byron Buxton,fly_ball,83.3,34.3,294
2019-06-02,Austin Meadows,fly_ball,97.4,41.5,341
2019-06-02,Christian Arroyo,fly_ball,81.1,34.2,267
2019-06-02,Miguel Sano,fly_ball,87.6,28.4,334
2019-06-02,Jonathan Schoop,fly_ball,107.5,33.7,415
2019-06-02,Christian Arroyo,fly_ball,109.4,26.4,399
2019-06-02,Alex Gordon,fly_ball,87.2,53.6,246
2019-06-02,Cam Gallagher,fly_ball,93.7,26.5,315
2019-06-02,Alex Gordon,fly_ball,99.8,39.2,370
2019-06-02,Jorge Soler,fly_ball,110.5,23.7,430
2019-06-02,Asdrubal Cabrera,fly_ball,91.8,26.8,361
2019-06-02,Rougned Odor,fly_ball,101.8,37.2,362
2019-06-02,Alex Gordon,fly_ball,96.6,43.3,333
2019-06-02,Niko Goodrum,fly_ball,93.5,43.2,311
2019-06-02,JaCoby Jones,fly_ball,85.9,45.8,292
2019-06-02,Dansby Swanson,fly_ball,103.7,27.4,416
2019-06-02,Ozzie Albies,fly_ball,87.3,47,273
2019-06-02,Grayson Greiner,fly_ball,102.3,34.9,381
2019-06-02,Charlie Culberson,fly_ball,98.8,29.4,382
2019-06-02,Christin Stewart,fly_ball,102.2,30.5,413
2019-06-02,Jose Ramirez,fly_ball,79.9,39,271
2019-06-02,Tim Anderson,fly_ball,106.7,23.4,429
2019-06-02,James McCann,fly_ball,97.7,29.5,372
2019-06-02,Roberto Perez,fly_ball,100.6,28.6,378
2019-06-02,Jose Rondon,fly_ball,84.8,58.2,182
2019-06-02,Carlos Sanchez,fly_ball,74.5,53.8,204
2019-06-02,Charlie Tilson,fly_ball,92.2,32,307
2019-06-02,Yonder Alonso,fly_ball,92.4,33,306
2019-06-02,Oscar Mercado,fly_ball,71.2,30.9,231
2019-06-02,J. D. Martinez,fly_ball,98.8,31.7,387
2019-06-02,Xander Bogaerts,fly_ball,90.2,27,334
2019-06-02,DJ LeMahieu,fly_ball,90.9,33.6,316
2019-06-02,Mookie Betts,fly_ball,96.6,45.6,306
2019-06-02,Xander Bogaerts,fly_ball,103.6,28.1,415
2019-06-02,Michael Chavis,fly_ball,78.4,32.3,288
2019-06-02,Luke Voit,fly_ball,104.5,33.9,436
2019-06-02,Mookie Betts,fly_ball,90.6,36.6,315
2019-06-02,Clint Frazier,fly_ball,78.7,40.3,273
2019-06-02,Aaron Hicks,fly_ball,98.3,56.4,243
2019-06-02,Gio Urshela,fly_ball,87.2,55.9,238
2019-06-02,Michael Chavis,fly_ball,76,41.2,222
2019-06-02,Brock Holt,fly_ball,75.5,45.4,253
2019-06-02,Gleyber Torres,fly_ball,87.6,39.6,289
2019-06-03,David Peralta,fly_ball,81.2,30.8,299
2019-06-03,Corey Seager,fly_ball,86.6,46.6,266
2019-06-03,Enrique Hernandez,fly_ball,96,25.5,385
2019-06-03,Corey Seager,fly_ball,102.9,25.9,414
2019-06-03,Jarrod Dyson,fly_ball,81.8,30.2,285
2019-06-03,Adam Jones,fly_ball,97,33.2,367
2019-06-03,Christian Walker,fly_ball,105.9,29.9,418
2019-06-03,Justin Turner,fly_ball,73.1,26.3,253
2019-06-03,Albert Pujols,fly_ball,89.1,38.2,298
2019-06-03,Tommy La Stella,fly_ball,82.9,35.1,283
2019-06-03,Trevor Cahill,fly_ball,93.8,34.9,307
2019-06-03,Anthony Rizzo,fly_ball,97.9,29.7,356
2019-06-03,Jason Heyward,fly_ball,89.6,49.2,252
2019-06-03,Taylor Ward,fly_ball,98.2,47.5,296
2019-06-03,Addison Russell,fly_ball,100.8,32.7,337
2019-06-03,Albert Pujols,fly_ball,85.8,37.4,300
2019-06-03,Javier Baez,fly_ball,105,27.1,374
2019-06-03,Willson Contreras,fly_ball,103.5,31.5,361
2019-06-03,Bryce Harper,fly_ball,96.6,45.5,312
2019-06-03,Franmil Reyes,fly_ball,96.9,52.3,253
2019-06-03,Hunter Renfroe,fly_ball,102.8,30.7,390
2019-06-03,Ian Kinsler,fly_ball,73.1,29.8,216
2019-06-03,Manny Machado,fly_ball,103.2,24.3,388
2019-06-03,Rhys Hoskins,fly_ball,95.7,38.9,342
2019-06-03,Cesar Hernandez,fly_ball,80.3,36.3,286
2019-06-03,Jean Segura,fly_ball,77.7,48,221
2019-06-03,Rhys Hoskins,fly_ball,70.8,29.4,245
2019-06-03,Robinson Chirinos,fly_ball,105.7,27,414
2019-06-03,Edwin Encarnacion,fly_ball,95,46.9,286
2019-06-03,Omar Narvaez,fly_ball,76.6,37.1,261
2019-06-03,Mallex Smith,fly_ball,102.4,30.3,391
2019-06-03,Edwin Encarnacion,fly_ball,105.6,30.2,407
2019-06-03,Tyler White,fly_ball,89.2,31.9,329
2019-06-03,Dylan Moore,fly_ball,94.1,27,358
2019-06-03,Jack Mayfield,fly_ball,89.9,38.3,297
2019-06-03,Josh Reddick,fly_ball,72.3,30.5,250
2019-06-03,Jake Marisnick,fly_ball,70.5,27,240
2019-06-03,Jack Mayfield,fly_ball,93.7,37.3,334
2019-06-03,Derek Fisher,fly_ball,90.9,30.8,334
2019-06-03,Kyle Seager,fly_ball,93.2,33.8,321
2019-06-04,Kole Calhoun,fly_ball,90.1,35.5,304
2019-06-04,Marcus Semien,fly_ball,86.6,46.7,266
2019-06-04,Stephen Piscotty,fly_ball,89.7,43.5,283
2019-06-04,Luis Rengifo,fly_ball,97.5,27.2,379
2019-06-04,Kole Calhoun,fly_ball,91.1,54.5,249
2019-06-04,Ramon Laureano,fly_ball,106.9,24,403
2019-06-04,Shohei Ohtani,fly_ball,104.1,34.4,388
2019-06-04,Stephen Piscotty,fly_ball,100.4,39.6,361
2019-06-04,Tommy La Stella,fly_ball,83.8,41.3,278
2019-06-04,Mike Trout,fly_ball,89.7,36.2,312
2019-06-04,Jonathan Lucroy,fly_ball,80.3,37.2,259
2019-06-04,Josh Phegley,fly_ball,91.9,42.4,315
2019-06-04,Marcus Semien,fly_ball,81.4,44.4,256
2019-06-04,Brian Goodwin,fly_ball,86.2,38.5,317
2019-06-04,Cody Bellinger,fly_ball,101.4,29.3,409
2019-06-04,Enrique Hernandez,fly_ball,93.2,55.5,240
2019-06-04,Ildemaro Vargas,fly_ball,89.2,29.4,344
2019-06-04,Cody Bellinger,fly_ball,101.8,38.2,373
2019-06-04,Joc Pederson,fly_ball,101.3,44.5,320
2019-06-04,Corey Seager,fly_ball,95.9,31.6,382
2019-06-04,Carson Kelly,fly_ball,92.7,45.4,299
2019-06-04,Alex Verdugo,fly_ball,89.5,28.1,345
2019-06-04,Ketel Marte,fly_ball,95.3,49.9,287
2019-06-04,Enrique Hernandez,fly_ball,102.9,33.5,387
2019-06-04,Russell Martin,fly_ball,93.4,30.7,352
2019-06-04,Ketel Marte,fly_ball,93.1,34.7,347
2019-06-04,Raimel Tapia,fly_ball,90.2,34,361
2019-06-04,Ryan McMahon,fly_ball,89,57.8,238
2019-06-04,Anthony Rizzo,fly_ball,85.9,41.5,285
2019-06-04,Kyle Hendricks,fly_ball,68.5,37.4,231
2019-06-04,Daniel Murphy,fly_ball,100.1,24.7,391
2019-06-04,Jason Heyward,fly_ball,92,37.7,330
2019-06-04,Kris Bryant,fly_ball,96.7,44.3,325
2019-06-04,Daniel Murphy,fly_ball,85.8,42,298
2019-06-04,Javier Baez,fly_ball,107.4,22.2,440
2019-06-04,Ryan McMahon,fly_ball,99.9,38.8,373
2019-06-04,Kyle Schwarber,fly_ball,82.3,39,270
2019-06-04,Carlos Gonzalez,fly_ball,85.6,28.5,304
2019-06-04,Marwin Gonzalez,fly_ball,105.4,22.8,397
2019-06-04,Jose Ramirez,fly_ball,91,35.1,324
2019-06-04,Jason Kipnis,fly_ball,92.5,36.4,326
2019-06-04,Francisco Lindor,fly_ball,103.3,26.6,406
2019-06-04,Eddie Rosario,fly_ball,102.8,25.3,405
2019-06-04,Carlos Santana,fly_ball,71.8,44.6,221
2019-06-04,Jonathan Schoop,fly_ball,90.4,48.5,279
2019-06-04,Jason Kipnis,fly_ball,93.9,33.4,354
2019-06-04,Roberto Perez,fly_ball,109.1,27.5,439
2019-06-04,Jose Ramirez,fly_ball,91.4,30.3,366
2019-06-04,Yandy Díaz,fly_ball,84.6,46.7,217
2019-06-04,Avisail Garcia,fly_ball,97,32.1,353
2019-06-04,Nick Castellanos,fly_ball,91.2,44.1,298
2019-06-04,Kevin Kiermaier,fly_ball,89.9,47.5,274
2019-06-04,Daniel Robertson,fly_ball,102.9,34.4,378
2019-06-04,Austin Meadows,fly_ball,87.5,32.8,308
2019-06-04,Mike Zunino,fly_ball,101.8,39.1,355
2019-06-04,Guillermo Heredia,fly_ball,82.6,39.5,260
2019-06-04,Avisail Garcia,fly_ball,81.2,43.6,255
2019-06-04,Willy Adames,fly_ball,108.9,31.9,427
2019-06-04,JaCoby Jones,fly_ball,101.9,27.6,398
2019-06-04,Brandon Lowe,fly_ball,103.7,25,416
2019-06-04,Mookie Betts,fly_ball,93.6,52.3,281
2019-06-04,Jorge Soler,fly_ball,87.1,38.6,290
2019-06-04,Cheslor Cuthbert,fly_ball,96.6,29.9,390
2019-06-04,Jackie Bradley,fly_ball,95.5,37.3,348
2019-06-04,Mookie Betts,fly_ball,85.7,30.9,337
2019-06-04,Andrew Benintendi,fly_ball,97.9,31.2,399
2019-06-04,Nicky Lopez,fly_ball,84.8,41.3,297
2019-06-04,Jackie Bradley,fly_ball,92.1,36.3,345
2019-06-04,Whit Merrifield,fly_ball,91.2,27.5,344
2019-06-04,Mookie Betts,fly_ball,99.9,26.5,389
2019-06-04,Andrew Benintendi,fly_ball,83.5,32.8,326
2019-06-04,J. D. Martinez,fly_ball,101.2,27.9,383
2019-06-04,Xander Bogaerts,fly_ball,97.1,34.5,370
2019-06-04,Jorge Soler,fly_ball,103.8,39.8,381
2019-06-04,Eduardo Nunez,fly_ball,101.8,23.6,410
2019-06-04,Christian Vazquez,fly_ball,80.3,35.8,297
2019-06-04,Rafael Devers,fly_ball,102.7,25.8,401
2019-06-04,Jorge Soler,fly_ball,98.3,36.8,363
2019-06-04,Tim Anderson,fly_ball,87.8,25.7,319
2019-06-04,Howie Kendrick,fly_ball,103.3,26.9,419
2019-06-04,Victor Robles,fly_ball,99,33.4,376
2019-06-04,Stephen Strasburg,fly_ball,90.8,44.5,278
2019-06-04,Anthony Rendon,fly_ball,101.9,29.4,416
2019-06-04,Victor Robles,fly_ball,105.1,27.6,423
2019-06-04,James McCann,fly_ball,78.2,40.4,252
2019-06-04,Gerardo Parra,fly_ball,93.8,47.2,297
2019-06-04,Tim Anderson,fly_ball,98.1,28.3,363
2019-06-04,Anthony Rendon,fly_ball,99.5,41.8,334
2019-06-04,Stephen Vogt,fly_ball,97.6,35.2,350
2019-06-04,Joe Panik,fly_ball,78.8,38.4,261
2019-06-04,Stephen Vogt,fly_ball,92.2,50.3,264
2019-06-04,Joe Panik,fly_ball,78.5,35.9,282
2019-06-04,Brandon Belt,fly_ball,89.3,54.4,224
2019-06-04,Pete Alonso,fly_ball,108.1,26.3,421
2019-06-04,Amed Rosario,fly_ball,99.2,30.1,390
2019-06-04,Jeff McNeil,fly_ball,82.3,38.1,281
2019-06-04,Dansby Swanson,fly_ball,73.4,29.4,250
2019-06-04,Melky Cabrera,fly_ball,91.7,31.2,359
2019-06-04,Jose Osuna,fly_ball,97.4,21.7,336
2019-06-04,Jose Osuna,fly_ball,77.7,33,257
2019-06-04,Nick Markakis,fly_ball,92.3,31,315
2019-06-04,Ozzie Albies,fly_ball,99,40.2,349
2019-06-04,Kevin Newman,fly_ball,73,27.8,258
2019-06-04,Ronald Acuna,fly_ball,81,47.6,257
2019-06-04,Austin Riley,fly_ball,92.7,30.4,341
2019-06-04,Johan Camargo,fly_ball,91.8,26.3,348
2019-06-04,Josh Donaldson,fly_ball,104.8,28.7,439
2019-06-04,Freddie Freeman,fly_ball,104.7,39.7,393
2019-06-04,Josh Donaldson,fly_ball,89,40.9,304
2019-06-04,Cole Tucker,fly_ball,92.4,41.1,332
2019-06-04,Greg Garcia,fly_ball,91.3,35.6,329
2019-06-04,Ian Kinsler,fly_ball,100,23.2,388
2019-06-04,Jay Bruce,fly_ball,100.7,23.1,368
2019-06-04,Scott Kingery,fly_ball,107.5,33.1,408
2019-06-04,Cesar Hernandez,fly_ball,87,33.5,283
2019-06-04,Jay Bruce,fly_ball,106.1,23.4,394
2019-06-04,Scott Kingery,fly_ball,84,49.1,258
2019-06-04,Austin Hedges,fly_ball,67.4,27.2,223
2019-06-04,Greg Garcia,fly_ball,94.2,29.7,340
2019-06-04,Bryce Harper,fly_ball,89.9,34.5,331
2019-06-04,Franmil Reyes,fly_ball,110.8,25.8,426
2019-06-04,Jean Segura,fly_ball,77.7,34.1,261
2019-06-04,J. T. Realmuto,fly_ball,70.3,26.3,220
2019-06-04,Jay Bruce,fly_ball,102.2,36.9,377
2019-06-04,Maikel Franco,fly_ball,108.6,21.1,402
2019-06-04,Austin Hedges,fly_ball,76.2,33,265
2019-06-04,Yuli Gurriel,fly_ball,91.9,41,310
2019-06-04,Josh Reddick,fly_ball,89.6,32.7,321
2019-06-04,Jack Mayfield,fly_ball,92.3,39.3,317
2019-06-04,Dylan Moore,fly_ball,91,39.6,308
2019-06-04,Mitch Haniger,fly_ball,102.1,30.1,386
2019-06-04,Yuli Gurriel,fly_ball,89.6,35.8,298
2019-06-04,Robinson Chirinos,fly_ball,107.8,31.3,427
2019-06-04,Tony Kemp,fly_ball,93.8,44.2,307
2019-06-04,Jack Mayfield,fly_ball,89,35.9,324
2019-06-04,Alex Bregman,fly_ball,94.9,23.8,362
2019-06-04,Domingo Santana,fly_ball,100.6,45.4,320
2019-06-04,Omar Narvaez,fly_ball,66.6,34.6,223
2019-06-04,Shed Long,fly_ball,95.6,37.6,329
2019-06-04,Josh Reddick,fly_ball,86.2,47.9,263
2019-06-04,Mallex Smith,fly_ball,73.8,27.1,246
2019-06-04,Alex Bregman,fly_ball,89.9,42.9,296
2019-06-04,Kyle Seager,fly_ball,91.5,36.8,328
2019-06-04,Dan Vogelbach,fly_ball,90.8,25.5,341
2019-06-04,Matt Carpenter,fly_ball,102,31.7,414
2019-06-04,Matt Wieters,fly_ball,71.5,32.9,233
2019-06-04,Kyle Farmer,fly_ball,83,36.3,301
2019-06-04,Kolten Wong,fly_ball,87.2,28.8,319
2019-06-04,Nick Senzel,fly_ball,75.9,29.8,254
2019-06-04,Eugenio Suarez,fly_ball,97.8,33.7,377
2019-06-04,Yasiel Puig,fly_ball,97.7,34.3,369
2019-06-04,Curt Casali,fly_ball,98.2,25.5,364
2019-06-04,Kolten Wong,fly_ball,74.4,52,205
2019-06-04,Curt Casali,fly_ball,69.9,30.1,240
2019-06-04,Paul Goldschmidt,fly_ball,100.7,39.7,348
2019-06-04,Marcell Ozuna,fly_ball,90.2,32.8,342
2019-06-04,Tucker Barnhart,fly_ball,81.1,54.7,224
2019-06-04,Kolten Wong,fly_ball,70.4,42.1,228
2019-06-04,Harrison Bader,fly_ball,94.1,33.5,356
2019-06-04,Dwight Smith,fly_ball,102.8,27.8,393
2019-06-04,Pedro Severino,fly_ball,102.4,29.1,414
2019-06-04,Hanser Alberto,fly_ball,87.8,52.7,241
2019-06-04,Trey Mancini,fly_ball,91.9,40.7,318
2019-06-04,Rougned Odor,fly_ball,86.8,56,236
2019-06-04,Chris Davis,fly_ball,100.8,47.1,334
2019-06-04,Elvis Andrus,fly_ball,89.1,32.1,339
2019-06-04,Nomar Mazara,fly_ball,91.5,35.9,355
2019-06-04,Hunter Pence,fly_ball,84.2,30.8,328
2019-06-04,Keon Broxton,fly_ball,105.2,23.7,407
2019-06-04,Pedro Severino,fly_ball,101.3,25,421
2019-06-04,Pedro Severino,fly_ball,104.6,28.5,429
2019-06-04,Chris Davis,fly_ball,83.3,49.5,253
2019-06-04,Gio Urshela,fly_ball,101.7,36.5,368
2019-06-04,Clint Frazier,fly_ball,104.5,32.3,412
2019-06-04,Aaron Hicks,fly_ball,105,35.7,383
2019-06-04,Randal Grichuk,fly_ball,103.5,30.6,409
2019-06-04,Freddy Galvis,fly_ball,102.6,36.6,388
2019-06-04,Justin Smoak,fly_ball,98.4,35,369
2019-06-04,Gio Urshela,fly_ball,99.1,40.5,348
2019-06-04,Brett Gardner,fly_ball,92.4,27.8,342
2019-06-04,Rowdy Tellez,fly_ball,67.5,32.3,207
2019-06-04,Cavan Biggio,fly_ball,91.4,33.8,349
2019-06-04,Danny Jansen,fly_ball,98.4,38.2,353
2019-06-04,Aaron Hicks,fly_ball,106.6,24.2,406
2019-06-04,Lourdes Gurriel,fly_ball,93,50.4,275
2019-06-04,Starlin Castro,fly_ball,101.9,29.1,384
2019-06-04,Ryan Braun,fly_ball,99.4,27.2,390
2019-06-04,Mike Moustakas,fly_ball,97.7,35.7,365
2019-06-04,Garrett Cooper,fly_ball,106.7,25,447
2019-06-04,Brian Anderson,fly_ball,100.8,31.8,389
2019-06-04,Miguel Rojas,fly_ball,99.5,27.5,372
2019-06-04,Christian Yelich,fly_ball,69.5,31.7,233
2019-06-04,Jesus Aguilar,fly_ball,90,40.1,313
2019-06-04,Travis Shaw,fly_ball,93.8,25.7,355
2019-06-04,Austin Dean,fly_ball,99.5,23.3,364
2019-06-04,Jesus Aguilar,fly_ball,90.1,26.5,320
2019-06-05,Nick Hundley,fly_ball,73.8,29.4,268
2019-06-05,Brian Goodwin,fly_ball,81,54.1,218
2019-06-05,Mike Trout,fly_ball,107.7,25,413
2019-06-05,Mike Trout,fly_ball,102.2,50.8,296
2019-06-05,Shohei Ohtani,fly_ball,104.3,34.7,400
2019-06-05,Tommy La Stella,fly_ball,85.5,29.6,302
2019-06-05,Albert Pujols,fly_ball,94.4,47.5,285
2019-06-05,Kole Calhoun,fly_ball,101.8,40,354
2019-06-05,Ramon Laureano,fly_ball,83.1,30.3,289
2019-06-05,Dustin Garneau,fly_ball,96,42.4,338
2019-06-05,Justin Turner,fly_ball,98.9,36.9,375
2019-06-05,Corey Seager,fly_ball,89.6,49,280
2019-06-05,Chris Taylor,fly_ball,90.8,29.3,326
2019-06-05,Will Smith,fly_ball,101.1,34.4,405
2019-06-05,Corey Seager,fly_ball,94.1,30.4,347
2019-06-05,Eduardo Escobar,fly_ball,95.2,34.8,365
2019-06-05,Justin Turner,fly_ball,100.6,32.1,374
2019-06-05,Chris Taylor,fly_ball,95.2,36,361
2019-06-05,Cody Bellinger,fly_ball,96.5,32.8,382
2019-06-05,Alex Verdugo,fly_ball,87.8,31.7,332
2019-06-05,David Freese,fly_ball,90,31.5,324
2019-06-05,Ketel Marte,fly_ball,94.5,41.9,333
2019-06-05,Christian Walker,fly_ball,90.2,43.3,307
2019-06-05,Eduardo Escobar,fly_ball,103.2,26.8,428
2019-06-05,Javier Baez,fly_ball,102.6,25.9,377
2019-06-05,Willson Contreras,fly_ball,69.8,35.4,226
2019-06-05,Yu Darvish,fly_ball,98.6,28.7,335
2019-06-05,David Dahl,fly_ball,99.5,26.2,389
2019-06-05,Nolan Arenado,fly_ball,80.4,31.6,288
2019-06-05,Max Kepler,fly_ball,97.4,48,300
2019-06-05,Jorge Polanco,fly_ball,80.4,49.4,246
2019-06-05,Eddie Rosario,fly_ball,100.8,33.9,407
2019-06-05,Byron Buxton,fly_ball,111,30.6,454
2019-06-05,Jake Bauers,fly_ball,90,39.3,322
2019-06-05,Nelson Cruz,fly_ball,102.9,28.4,369
2019-06-05,Oscar Mercado,fly_ball,80.6,35.5,295
2019-06-05,Marwin Gonzalez,fly_ball,84.2,33.4,288
2019-06-05,Tyler Naquin,fly_ball,88.7,36.2,318
2019-06-05,Jorge Polanco,fly_ball,99.8,34,392
2019-06-05,Jordan Luplow,fly_ball,105.8,24,425
2019-06-05,Jose Ramirez,fly_ball,96.1,55.6,249
2019-06-05,Jake Bauers,fly_ball,84.2,58.9,193
2019-06-05,Eddie Rosario,fly_ball,90.3,35.9,327
2019-06-05,Tyler Naquin,fly_ball,78.9,32.9,288
2019-06-05,Francisco Lindor,fly_ball,105.7,31.3,415
2019-06-05,Harold Castro,fly_ball,85.4,50.2,237
2019-06-05,John Hicks,fly_ball,94.8,27.9,325
2019-06-05,Austin Meadows,fly_ball,98.3,25.5,387
2019-06-05,Brandon Lowe,fly_ball,85,41.2,280
2019-06-05,Ji-Man Choi,fly_ball,99.9,53.8,282
2019-06-05,Nick Castellanos,fly_ball,96.9,26.4,377
2019-06-05,Brandon Dixon,fly_ball,101.3,33.2,398
2019-06-05,J. D. Martinez,fly_ball,74.7,43.6,251
2019-06-05,Mookie Betts,fly_ball,87,47.7,267
2019-06-05,Rafael Devers,fly_ball,85.7,45.8,283
2019-06-05,J. D. Martinez,fly_ball,93.7,49,291
2019-06-05,Rafael Devers,fly_ball,106.7,33.8,425
2019-06-05,Xander Bogaerts,fly_ball,99.5,27.5,385
2019-06-05,Sandy Leon,fly_ball,101.7,29.9,406
2019-06-05,Jorge Soler,fly_ball,85.2,46.9,270
2019-06-05,Leury Garcia,fly_ball,90.6,38.7,329
2019-06-05,Welington Castillo,fly_ball,97.9,53.7,270
2019-06-05,Matt Adams,fly_ball,81.1,32,261
2019-06-05,Yoan Moncada,fly_ball,107.5,24.9,417
2019-06-05,Welington Castillo,fly_ball,84.1,36,303
2019-06-05,Victor Robles,fly_ball,96.7,45.4,317
2019-06-05,Juan Soto,fly_ball,90,41.4,309
2019-06-05,José Abreu,fly_ball,106,29.6,419
2019-06-05,Welington Castillo,fly_ball,103.6,25.7,412
2019-06-05,Trea Turner,fly_ball,103.3,34.3,399
2019-06-05,Pete Alonso,fly_ball,105.8,39.5,373
2019-06-05,Carlos Gomez,fly_ball,98,35.9,351
2019-06-05,Michael Conforto,fly_ball,107.9,33.4,426
2019-06-05,Amed Rosario,fly_ball,105.9,22.5,417
2019-06-05,Amed Rosario,fly_ball,92.6,27.1,356
2019-06-05,Donovan Solano,fly_ball,92.3,40.7,301
2019-06-05,Pete Alonso,fly_ball,97.8,44,326
2019-06-05,Adeiny Hechavarria,fly_ball,98.6,31.2,393
2019-06-05,Amed Rosario,fly_ball,93.8,54.6,245
2019-06-05,Ronald Acuna,fly_ball,91.5,30.9,318
2019-06-05,Freddie Freeman,fly_ball,94,45.8,320
2019-06-05,Brian McCann,fly_ball,79.7,31.2,276
2019-06-05,Ozzie Albies,fly_ball,77.9,34.9,262
2019-06-05,Elias Diaz,fly_ball,101.4,23.4,398
2019-06-05,Josh Bell,fly_ball,72.5,27.2,225
2019-06-05,Adam Frazier,fly_ball,84.8,29.1,315
2019-06-05,Ozzie Albies,fly_ball,81.7,45.4,263
2019-06-05,Colin Moran,fly_ball,100.7,30.3,398
2019-06-05,Nick Markakis,fly_ball,78.7,38.6,274
2019-06-05,Ronald Acuna,fly_ball,109.1,31.6,438
2019-06-05,Dansby Swanson,fly_ball,103.1,30.3,403
2019-06-05,Franmil Reyes,fly_ball,95,42.6,311
2019-06-05,Wil Myers,fly_ball,105.5,28.1,440
2019-06-05,J. T. Realmuto,fly_ball,82.4,32.5,299
2019-06-05,Jay Bruce,fly_ball,106.1,25.5,394
2019-06-05,Bryce Harper,fly_ball,97.8,35.8,343
2019-06-05,Hunter Renfroe,fly_ball,100.6,44,329
2019-06-05,Jean Segura,fly_ball,100.9,28.4,382
2019-06-05,J. T. Realmuto,fly_ball,97.7,44.4,308
2019-06-05,Josh Naylor,fly_ball,92.3,56.2,232
2019-06-05,Tyler White,fly_ball,94.9,40.1,324
2019-06-05,Mallex Smith,fly_ball,86.3,42.6,272
2019-06-05,Jake Marisnick,fly_ball,91,37.2,289
2019-06-05,Tony Kemp,fly_ball,93.8,27.6,365
2019-06-05,Josh Reddick,fly_ball,78.5,43.8,238
2019-06-05,Tony Kemp,fly_ball,97.9,23.2,376
2019-06-05,Kyle Seager,fly_ball,85.8,44.3,278
2019-06-05,Domingo Santana,fly_ball,103.8,30.6,396
2019-06-05,Tom Murphy,fly_ball,95.3,29.7,351
2019-06-05,Domingo Santana,fly_ball,105.6,57.8,250
2019-06-05,Michael Brantley,fly_ball,87.1,36.1,297
2019-06-05,Mac Williamson,fly_ball,103.1,25,403
2019-06-05,Kyle Seager,fly_ball,100.5,39.3,368
2019-06-05,Hunter Pence,fly_ball,96.8,38.9,346
2019-06-05,Logan Forsythe,fly_ball,87.8,37.8,318
2019-06-05,Chance Sisco,fly_ball,85.6,42,308
2019-06-05,Ronald Guzman,fly_ball,85.2,39.3,297
2019-06-05,DJ Stewart,fly_ball,95.4,31.1,370
2019-06-05,Elvis Andrus,fly_ball,93.8,28.4,356
2019-06-05,Richie Martin,fly_ball,93.8,33.6,383
2019-06-05,Asdrubal Cabrera,fly_ball,88.9,32.7,337
2019-06-05,Keon Broxton,fly_ball,89.6,51,262
2019-06-05,DJ LeMahieu,fly_ball,91.2,42.5,311
2019-06-05,Gary Sanchez,fly_ball,99.3,34.3,368
2019-06-05,Justin Smoak,fly_ball,85.4,41.2,294
2019-06-05,Randal Grichuk,fly_ball,99,27.4,362
2019-06-05,Freddy Galvis,fly_ball,93.7,32,356
2019-06-05,Danny Jansen,fly_ball,96,32.7,360
2019-06-05,Cameron Maybin,fly_ball,105.2,35.1,405
2019-06-05,Vladimir Guerrero,fly_ball,83.2,39.3,292
2019-06-05,Randal Grichuk,fly_ball,94,42,316
2019-06-05,Danny Jansen,fly_ball,81.9,30.4,290
2019-06-05,Brett Gardner,fly_ball,80.3,44.3,257
2019-06-05,Brandon Drury,fly_ball,105.4,23.3,392
2019-06-05,Teoscar Hernandez,fly_ball,92.2,54.8,233
2019-06-05,Christian Yelich,fly_ball,74.2,25.3,246
2019-06-05,Lorenzo Cain,fly_ball,99.9,30.4,358
2019-06-05,Starlin Castro,fly_ball,72.2,51.4,214
2019-06-05,Harold Ramirez,fly_ball,84.6,35.9,285
2019-06-05,Brandon Woodruff,fly_ball,80,33,292
2019-06-05,Starlin Castro,fly_ball,80.6,33.7,303
2019-06-05,Travis Shaw,fly_ball,88.9,29.3,343
2019-06-05,Mike Moustakas,fly_ball,93,50.9,270
2019-06-05,Yasmani Grandal,fly_ball,103.8,33.9,405
2019-06-05,Travis Shaw,fly_ball,91.9,42.1,315
2019-06-06,Ramon Laureano,fly_ball,98.1,27.1,376
2019-06-06,Brian Goodwin,fly_ball,100.8,40.5,354
2019-06-06,Tommy La Stella,fly_ball,79.9,33.3,301
2019-06-06,Josh Phegley,fly_ball,91.2,43.1,295
2019-06-06,Mike Trout,fly_ball,94.3,49.1,288
2019-06-06,Stephen Piscotty,fly_ball,84.2,50.5,247
2019-06-06,Ramon Laureano,fly_ball,89.2,45.7,283
2019-06-06,Mike Trout,fly_ball,106.9,25,403
2019-06-06,Chad Pinder,fly_ball,97.5,54.3,267
2019-06-06,Khris Davis,fly_ball,83,38.7,303
2019-06-06,Stephen Piscotty,fly_ball,104.8,27.1,410
2019-06-06,Ramon Laureano,fly_ball,89.4,38.4,312
2019-06-06,Matt Olson,fly_ball,101.9,25,382
2019-06-06,Ramon Laureano,fly_ball,93.1,57,213
2019-06-06,Kris Bryant,fly_ball,97.7,48.4,290
2019-06-06,Mark Reynolds,fly_ball,91.3,33,340
2019-06-06,Chris Iannetta,fly_ball,93.8,34.1,323
2019-06-06,Kris Bryant,fly_ball,78.3,39.1,272
2019-06-06,Brendan Rodgers,fly_ball,83.8,42.8,267
2019-06-06,Trevor Story,fly_ball,93.6,36.9,331
2019-06-06,David Dahl,fly_ball,79.8,43.9,254
2019-06-06,Mark Reynolds,fly_ball,93.6,42,293
2019-06-06,Chris Iannetta,fly_ball,98.6,31.7,340
2019-06-06,Nolan Arenado,fly_ball,85.4,38.1,281
2019-06-06,Max Kepler,fly_ball,96,25.2,369
2019-06-06,Jorge Polanco,fly_ball,99.7,28.9,380
2019-06-06,Jordan Luplow,fly_ball,77.2,35.1,264
2019-06-06,Max Kepler,fly_ball,99.2,30.2,375
2019-06-06,Willians Astudillo,fly_ball,86.5,29.6,281
2019-06-06,Carlos Santana,fly_ball,88.3,43.8,292
2019-06-06,Jonathan Schoop,fly_ball,98.7,44.7,320
2019-06-06,Roberto Perez,fly_ball,104.1,24.7,385
2019-06-06,C. J. Cron,fly_ball,92.9,47.6,280
2019-06-06,Max Kepler,fly_ball,102.4,25.8,406
2019-06-06,Roberto Perez,fly_ball,89.4,29.1,309
2019-06-06,Jorge Polanco,fly_ball,68.9,29.9,233
2019-06-06,Jose Ramirez,fly_ball,94.7,36.1,333
2019-06-06,Oscar Mercado,fly_ball,98.7,25.1,389
2019-06-06,Willy Adames,fly_ball,81.4,40.5,272
2019-06-06,Travis d'Arnaud,fly_ball,107.4,31.7,420
2019-06-06,Christin Stewart,fly_ball,75.7,41.3,241
2019-06-06,Niko Goodrum,fly_ball,92.4,32.5,360
2019-06-06,Gordon Beckham,fly_ball,84.5,33.9,312
2019-06-06,Willy Adames,fly_ball,104.9,39.7,368
2019-06-06,Travis d'Arnaud,fly_ball,105.1,32.4,406
2019-06-06,Tommy Pham,fly_ball,95.1,37.8,338
2019-06-06,Nick Castellanos,fly_ball,93.5,34.9,334
2019-06-06,Brandon Dixon,fly_ball,92.3,48.1,283
2019-06-06,J. D. Martinez,fly_ball,103.2,23.8,392
2019-06-06,Whit Merrifield,fly_ball,85.2,40.9,285
2019-06-06,Cheslor Cuthbert,fly_ball,106.1,22.1,426
2019-06-06,Adalberto Mondesi,fly_ball,88.5,35.1,331
2019-06-06,Mookie Betts,fly_ball,98.4,35.2,398
2019-06-06,Whit Merrifield,fly_ball,93.5,48.7,296
2019-06-06,Mookie Betts,fly_ball,95.2,47.9,294
2019-06-06,Cheslor Cuthbert,fly_ball,93.4,45.9,300
2019-06-06,Andrew Benintendi,fly_ball,91.6,49.2,289
2019-06-06,Dominic Smith,fly_ball,99.2,30.9,401
2019-06-06,Stephen Vogt,fly_ball,89.5,49,283
2019-06-06,Kevin Pillar,fly_ball,93.4,43,320
2019-06-06,Amed Rosario,fly_ball,87.6,46.4,276
2019-06-06,Kevin Pillar,fly_ball,98,36,352
2019-06-06,Steven Duggar,fly_ball,85.9,38.9,320
2019-06-06,Joe Panik,fly_ball,97,41.9,345
2019-06-06,Mike Yastrzemski,fly_ball,97,41.7,339
2019-06-06,Brandon Belt,fly_ball,77.8,40,273
2019-06-06,Steven Duggar,fly_ball,92.4,28.5,333
2019-06-06,Evan Longoria,fly_ball,85.7,42.9,302
2019-06-06,Joe Panik,fly_ball,93.5,37.4,346
2019-06-06,Todd Frazier,fly_ball,94.7,28.1,373
2019-06-06,Freddie Freeman,fly_ball,106.3,27.1,415
2019-06-06,Starling Marte,fly_ball,94.7,27.6,380
2019-06-06,Colin Moran,fly_ball,97.8,33.4,377
2019-06-06,Gregory Polanco,fly_ball,102.1,34.6,396
2019-06-06,Nick Markakis,fly_ball,76.6,43.1,258
2019-06-06,Jacob Stallings,fly_ball,72.8,38.7,253
2019-06-06,Josh Bell,fly_ball,95.7,42.8,323
2019-06-06,Ronald Acuna,fly_ball,94.9,31,335
2019-06-06,Kevin Newman,fly_ball,88.4,27.1,319
2019-06-06,Starling Marte,fly_ball,85.6,50.8,250
2019-06-06,Ozzie Albies,fly_ball,74.7,36.3,244
2019-06-06,Charlie Culberson,fly_ball,86.5,52.2,250
2019-06-06,Brian Dozier,fly_ball,104.6,37,397
2019-06-06,Michael Taylor,fly_ball,99.2,23.7,361
2019-06-06,Brian Dozier,fly_ball,79.8,41.3,253
2019-06-06,Yan Gomes,fly_ball,78.8,34.5,274
2019-06-06,Franmil Reyes,fly_ball,99.1,35.4,359
2019-06-06,Victor Robles,fly_ball,80.8,45.3,229
2019-06-06,Anthony Rendon,fly_ball,100.1,26.7,386
2019-06-06,Ian Kinsler,fly_ball,98,41.4,335
2019-06-06,Howie Kendrick,fly_ball,76.5,32.4,270
2019-06-06,Austin Hedges,fly_ball,76.4,30.7,253
2019-06-06,Brian Dozier,fly_ball,93.8,34.6,325
2019-06-06,Robinson Chirinos,fly_ball,104.6,39.9,371
2019-06-06,Edwin Encarnacion,fly_ball,99,54.5,258
2019-06-06,Dan Vogelbach,fly_ball,66.9,26.2,202
2019-06-06,Tony Kemp,fly_ball,71.3,40.9,234
2019-06-06,Yuli Gurriel,fly_ball,89.4,30.8,316
2019-06-06,Tyler White,fly_ball,93.3,33.3,336
2019-06-06,Dylan Moore,fly_ball,71.5,42,226
2019-06-06,Jake Marisnick,fly_ball,98.9,43.7,322
2019-06-06,Tony Kemp,fly_ball,98.6,28.3,388
2019-06-06,Edwin Encarnacion,fly_ball,83.9,52.1,226
2019-06-06,Dan Vogelbach,fly_ball,89.9,39.8,305
2019-06-06,Kyle Seager,fly_ball,95.1,34.1,350
2019-06-06,Alex Bregman,fly_ball,96.5,34.9,362
2019-06-06,Yuli Gurriel,fly_ball,93.6,31,325
2019-06-06,Tyler White,fly_ball,91.2,30,348
2019-06-06,Mallex Smith,fly_ball,85.2,33,301
2019-06-06,Jack Mayfield,fly_ball,101.9,24.5,393
2019-06-06,Kyle Seager,fly_ball,84.4,43.5,276
2019-06-06,Mac Williamson,fly_ball,98.2,42.5,321
2019-06-06,Omar Narvaez,fly_ball,95.3,29.3,370
2019-06-06,Derek Fisher,fly_ball,96.5,47.1,292
2019-06-06,Josh Reddick,fly_ball,101.6,26.7,391
2019-06-06,Omar Narvaez,fly_ball,102.5,30.4,399
2019-06-06,Alex Bregman,fly_ball,70.8,49.6,202
2019-06-06,Kyle Seager,fly_ball,94.5,43.8,312
2019-06-06,Yuli Gurriel,fly_ball,86.1,36.8,297
2019-06-06,Shed Long,fly_ball,96,51.5,280
2019-06-06,Matt Wieters,fly_ball,72.7,39.2,245
2019-06-06,Derek Dietrich,fly_ball,76.7,46.6,239
2019-06-06,Marcell Ozuna,fly_ball,93.6,33.6,361
2019-06-06,Harrison Bader,fly_ball,90.9,40.2,307
2019-06-06,Derek Dietrich,fly_ball,92.8,35.1,335
2019-06-06,Matt Wieters,fly_ball,81.3,39.9,282
2019-06-06,José Iglesias,fly_ball,83.8,32,313
2019-06-06,Trey Mancini,fly_ball,101.6,27.5,424
2019-06-06,Hunter Pence,fly_ball,100.2,37.6,367
2019-06-06,Rougned Odor,fly_ball,103.1,22.5,377
2019-06-06,Danny Santana,fly_ball,88.1,25.6,340
2019-06-06,Rio Ruiz,fly_ball,96.6,32.5,383
2019-06-06,Chris Davis,fly_ball,75.9,37.8,269
2019-06-06,Hanser Alberto,fly_ball,79.1,40.6,279
2019-06-06,Gary Sanchez,fly_ball,94.1,48.8,288
2019-06-06,Justin Smoak,fly_ball,93.7,45.3,306
2019-06-06,Randal Grichuk,fly_ball,89.5,30.8,317
2019-06-06,Gary Sanchez,fly_ball,85.9,31.2,320
2019-06-06,Clint Frazier,fly_ball,92.6,44,304
2019-06-06,Luke Maile,fly_ball,90.1,35.2,323
2019-06-06,Aaron Hicks,fly_ball,93.9,30.9,362
2019-06-06,Lourdes Gurriel,fly_ball,95.4,28.5,354
2019-06-06,Clint Frazier,fly_ball,82.7,31.7,306
2019-06-06,Luke Maile,fly_ball,99.4,33.6,366
2019-06-06,Aaron Hicks,fly_ball,97.8,27.7,360
2019-06-06,Eric Sogard,fly_ball,94.5,27.3,364
2019-06-06,Gary Sanchez,fly_ball,103.9,31.7,395
2019-06-06,Teoscar Hernandez,fly_ball,98.3,33.6,370
2019-06-06,Clint Frazier,fly_ball,101.6,33.7,381
2019-06-06,DJ LeMahieu,fly_ball,91.4,46.1,296
2019-06-06,Ryan Braun,fly_ball,97.5,53.2,271
2019-06-06,Mike Moustakas,fly_ball,103.9,26.8,403
2019-06-06,Orlando Arcia,fly_ball,96.7,25.3,367
2019-06-06,Mike Moustakas,fly_ball,104.4,28.3,410
2019-06-06,Lorenzo Cain,fly_ball,90.2,51.4,268
2019-06-06,Ryan Braun,fly_ball,92.7,30.4,317
2019-06-06,Mike Moustakas,fly_ball,88.1,38.1,303
2019-06-06,Brian Anderson,fly_ball,96.2,31,354
2019-06-06,JT Riddle,fly_ball,87.8,49.1,249
2019-06-07,Domingo Santana,fly_ball,95,32.9,323
2019-06-07,Kole Calhoun,fly_ball,103.2,35.5,398
2019-06-07,Luis Rengifo,fly_ball,92.3,28.7,358
2019-06-07,Mac Williamson,fly_ball,73.3,28,244
2019-06-07,Albert Pujols,fly_ball,97.8,40.3,334
2019-06-07,Domingo Santana,fly_ball,105.8,24.5,411
2019-06-07,Edwin Encarnacion,fly_ball,94,59.1,217
2019-06-07,Jonathan Lucroy,fly_ball,83.8,46.6,256
2019-06-07,Tom Murphy,fly_ball,100.5,35.3,391
2019-06-07,David Fletcher,fly_ball,88.8,27.3,327
2019-06-07,Domingo Santana,fly_ball,103.5,29.8,416
2019-06-07,Mallex Smith,fly_ball,92.3,34.9,333
2019-06-07,Tim Beckham,fly_ball,100.5,38,359
2019-06-07,Jonathan Lucroy,fly_ball,76.9,38.4,246
2019-06-07,Austin Meadows,fly_ball,87.5,47.3,280
2019-06-07,Brandon Lowe,fly_ball,91.6,41.5,318
2019-06-07,Ji-Man Choi,fly_ball,99,28.2,394
2019-06-07,Ji-Man Choi,fly_ball,85,51.5,253
2019-06-07,Brandon Lowe,fly_ball,76.3,38.9,265
2019-06-07,Mike Zunino,fly_ball,103.2,37.2,360
2019-06-07,Christian Vazquez,fly_ball,83.4,34,290
2019-06-07,Mookie Betts,fly_ball,93.1,42,310
2019-06-07,Kevin Kiermaier,fly_ball,102.7,24.7,393
2019-06-07,Xander Bogaerts,fly_ball,98.9,42.9,327
2019-06-07,Michael Chavis,fly_ball,97.1,44.1,320
2019-06-07,Dexter Fowler,fly_ball,101.3,31.8,369
2019-06-07,Javier Baez,fly_ball,105,29.6,376
2019-06-07,Matt Wieters,fly_ball,81.6,44.8,232
2019-06-07,Victor Caratini,fly_ball,100.2,25.5,353
2019-06-07,Yairo Munoz,fly_ball,85,41.4,282
2019-06-07,Carlos Gonzalez,fly_ball,75.5,36.9,252
2019-06-07,Paul DeJong,fly_ball,106.4,34.6,382
2019-06-07,Marcell Ozuna,fly_ball,99.7,44.1,324
2019-06-07,Aaron Hicks,fly_ball,89.4,47.3,265
2019-06-07,DJ LeMahieu,fly_ball,87.7,38.9,307
2019-06-07,Gary Sanchez,fly_ball,93.1,51.7,254
2019-06-07,Leonys Martín,fly_ball,87.6,31.9,331
2019-06-07,Tyler Naquin,fly_ball,92.9,47.7,281
2019-06-07,Jose Ramirez,fly_ball,82.1,40.7,271
2019-06-07,Jake Bauers,fly_ball,86,34.3,306
2019-06-07,Kevin Plawecki,fly_ball,100.4,28.9,381
2019-06-07,Tyler Naquin,fly_ball,106.4,25.5,424
2019-06-07,Carlos Santana,fly_ball,106.3,23.1,422
2019-06-07,Didi Gregorius,fly_ball,90.4,47.2,283
2019-06-07,Kendrys Morales,fly_ball,83.8,31.6,315
2019-06-07,Gio Urshela,fly_ball,88.3,37.2,316
2019-06-07,Francisco Lindor,fly_ball,103,33.6,387
2019-06-07,Jason Kipnis,fly_ball,90.8,29.6,339
2019-06-07,Jorge Polanco,fly_ball,70.8,33.8,245
2019-06-07,Mitch Garver,fly_ball,84.2,43.1,256
2019-06-07,Nelson Cruz,fly_ball,104.1,38.3,372
2019-06-07,Miguel Cabrera,fly_ball,72.1,28.4,219
2019-06-07,Brandon Dixon,fly_ball,96.3,35.8,333
2019-06-07,Ronny Rodriguez,fly_ball,97.9,37.5,344
2019-06-07,John Hicks,fly_ball,88,31.1,344
2019-06-07,JaCoby Jones,fly_ball,105.4,23.2,399
2019-06-07,Mitch Garver,fly_ball,105.6,35.4,403
2019-06-07,Eddie Rosario,fly_ball,94,32.5,342
2019-06-07,Brandon Dixon,fly_ball,96.6,39.1,338
2019-06-07,Jorge Polanco,fly_ball,69.2,31.7,248
2019-06-07,C. J. Cron,fly_ball,104.3,31.9,392
2019-06-07,Willians Astudillo,fly_ball,87.1,39.6,297
2019-06-07,Ronny Rodriguez,fly_ball,96.7,36,338
2019-06-07,Nelson Cruz,fly_ball,102.3,26,357
2019-06-07,Jorge Polanco,fly_ball,85.4,34.5,319
2019-06-07,Chance Sisco,fly_ball,96.3,29.7,350
2019-06-07,Hanser Alberto,fly_ball,90,50.9,264
2019-06-07,Josh Reddick,fly_ball,100.7,31.5,390
2019-06-07,Tony Kemp,fly_ball,99,36.6,387
2019-06-07,Derek Fisher,fly_ball,87.7,43.3,293
2019-06-07,Robinson Chirinos,fly_ball,102.4,40.1,360
2019-06-07,Jonathan Villar,fly_ball,78.8,39.7,276
2019-06-07,Hanser Alberto,fly_ball,93.7,30.9,352
2019-06-07,Josh Reddick,fly_ball,86.9,51.2,251
2019-06-07,Yoan Moncada,fly_ball,96.3,36.5,354
2019-06-07,José Abreu,fly_ball,75.7,43.9,233
2019-06-07,Ryan Cordell,fly_ball,93.8,55.1,251
2019-06-07,Nicky Lopez,fly_ball,85.8,53.5,251
2019-06-07,Cheslor Cuthbert,fly_ball,93.1,46.6,299
2019-06-07,Leury Garcia,fly_ball,83.5,28.8,317
2019-06-07,Nolan Arenado,fly_ball,74.5,33.9,256
2019-06-07,Juan Lagares,fly_ball,96.1,25.2,379
2019-06-07,Raimel Tapia,fly_ball,99.5,27.7,391
2019-06-07,Jeff McNeil,fly_ball,95.5,47.7,289
2019-06-07,Michael Conforto,fly_ball,108.3,25.4,393
2019-06-07,Todd Frazier,fly_ball,88.8,49.9,248
2019-06-07,David Dahl,fly_ball,105,35.5,393
2019-06-07,Nolan Arenado,fly_ball,92.5,24.9,357
2019-06-07,Daniel Murphy,fly_ball,99.5,37,369
2019-06-07,Tony Wolters,fly_ball,81.7,35.4,312
2019-06-07,Trevor Story,fly_ball,102.7,25.2,401
2019-06-07,Wilson Ramos,fly_ball,98.5,24.1,371
2019-06-07,Juan Soto,fly_ball,96.6,31.5,369
2019-06-07,Eric Hosmer,fly_ball,81.1,35,279
2019-06-07,Franmil Reyes,fly_ball,103,42.2,355
2019-06-07,Josh Naylor,fly_ball,99.9,23.4,368
2019-06-07,Austin Hedges,fly_ball,99.2,22.4,388
2019-06-07,Adam Eaton,fly_ball,82.8,30.4,287
2019-06-07,Fernando Tatis,fly_ball,106.5,30.8,403
2019-06-07,Trea Turner,fly_ball,71.4,32.2,241
2019-06-07,Adam Eaton,fly_ball,88.9,35.9,302
2019-06-07,Hunter Renfroe,fly_ball,104,36.9,374
2019-06-07,Juan Soto,fly_ball,97.5,36.9,347
2019-06-07,Greg Garcia,fly_ball,84.4,47.1,260
2019-06-07,Wil Myers,fly_ball,78.2,42.7,243
2019-06-07,Gerardo Parra,fly_ball,94.8,33.9,341
2019-06-07,Brandon Belt,fly_ball,90.9,32,334
2019-06-07,Clayton Kershaw,fly_ball,88.6,32.8,311
2019-06-07,Aramis Garcia,fly_ball,77.2,44.9,231
2019-06-07,Max Muncy,fly_ball,86.2,40,290
2019-06-07,Enrique Hernandez,fly_ball,99.3,29.2,385
2019-06-07,Steven Duggar,fly_ball,88.5,43.5,296
2019-06-07,Joe Panik,fly_ball,82.1,46.5,255
2019-06-07,Tyler Austin,fly_ball,84.7,35.7,310
2019-06-07,Chris Taylor,fly_ball,104.7,20.6,416
2019-06-07,Cody Bellinger,fly_ball,97.9,42.5,323
2019-06-07,Kyle Garlick,fly_ball,100.7,22,391
2019-06-07,Delino DeShields,fly_ball,92.7,29.9,374
2019-06-07,Marcus Semien,fly_ball,104.4,28.1,438
2019-06-07,Elvis Andrus,fly_ball,96.8,28.9,351
2019-06-07,Hunter Pence,fly_ball,106.4,29.1,439
2019-06-07,Matt Olson,fly_ball,95.5,30.5,359
2019-06-07,Elvis Andrus,fly_ball,94.8,31.2,373
2019-06-07,Hunter Pence,fly_ball,91.6,49.8,277
2019-06-07,Asdrubal Cabrera,fly_ball,75.6,31.3,270
2019-06-07,Josh Phegley,fly_ball,75.8,35,272
2019-06-07,Marcus Semien,fly_ball,97.9,30.2,376
2019-06-07,Rougned Odor,fly_ball,99.4,32.1,380
2019-06-07,Ketel Marte,fly_ball,74.3,35.9,256
2019-06-07,Randal Grichuk,fly_ball,97.5,29.2,367
2019-06-07,Cavan Biggio,fly_ball,94.8,36.4,344
2019-06-07,Jarrod Dyson,fly_ball,80.4,44.5,265
2019-06-07,Kevin Cron,fly_ball,90.2,33.6,363
2019-06-07,Jarrod Dyson,fly_ball,73,32.2,259
2019-06-07,Eduardo Escobar,fly_ball,87.5,49.3,253
2019-06-07,Teoscar Hernandez,fly_ball,102.1,30,371
2019-06-07,David Peralta,fly_ball,90.6,30.6,353
2019-06-07,Christian Walker,fly_ball,85.5,42.3,285
2019-06-07,Ketel Marte,fly_ball,89,33,345
2019-06-07,Carson Kelly,fly_ball,103.3,20.4,364
2019-06-07,Ketel Marte,fly_ball,100.2,32.5,373
2019-06-07,Vladimir Guerrero,fly_ball,103.5,29.8,406
2019-06-07,Nick Senzel,fly_ball,100,44.3,327
2019-06-07,Joey Votto,fly_ball,99.5,27.2,366
2019-06-07,Jay Bruce,fly_ball,93.8,29.5,328
2019-06-07,Scott Kingery,fly_ball,97.7,31.5,360
2019-06-07,Joey Votto,fly_ball,93.7,33.1,334
2019-06-07,Derek Dietrich,fly_ball,99.4,25.1,395
2019-06-07,Cesar Hernandez,fly_ball,87.4,34.6,289
2019-06-07,Jay Bruce,fly_ball,100.1,29.7,381
2019-06-07,Rhys Hoskins,fly_ball,82.7,38.9,298
2019-06-07,Freddie Freeman,fly_ball,106.6,31.9,400
2019-06-07,Nick Markakis,fly_ball,91.8,39.3,315
2019-06-07,Josh Donaldson,fly_ball,108.1,41.8,364
2019-06-07,Austin Riley,fly_ball,92.7,52.6,248
2019-06-07,Ronald Acuna,fly_ball,106.1,24.7,398
2019-06-07,Miguel Rojas,fly_ball,66.6,28.1,224
2019-06-07,Nick Markakis,fly_ball,83.6,35.8,281
2019-06-07,Brian McCann,fly_ball,80.1,46.7,250
2019-06-07,Ozzie Albies,fly_ball,68.7,32.5,233
2019-06-07,Nick Markakis,fly_ball,94.4,28.1,334
2019-06-07,Austin Riley,fly_ball,94.3,36.8,337
2019-06-07,Ozzie Albies,fly_ball,90.9,41.5,298
2019-06-07,JT Riddle,fly_ball,98.4,37,361
2019-06-07,Eric Thames,fly_ball,94,32.3,383
2019-06-07,Christian Yelich,fly_ball,80.7,34.8,273
2019-06-07,Eric Thames,fly_ball,102.7,36.1,366
2019-06-07,Lorenzo Cain,fly_ball,91.1,48.2,284
2019-06-07,Adam Frazier,fly_ball,72,37.6,248
2019-06-07,Kevin Newman,fly_ball,100.3,27.4,398
2019-06-07,Ben Gamel,fly_ball,78.1,41,256
2019-06-07,Eric Thames,fly_ball,101,50.5,287
2019-06-07,Colin Moran,fly_ball,87.6,41.7,293
2019-06-08,Dan Vogelbach,fly_ball,99.9,36,369
2019-06-08,Mike Trout,fly_ball,80,45.8,248
2019-06-08,Omar Narvaez,fly_ball,77.7,31.4,248
2019-06-08,Kyle Seager,fly_ball,103.4,35.3,382
2019-06-08,Shed Long,fly_ball,74.2,27,259
2019-06-08,Dylan Moore,fly_ball,94.6,29.9,378
2019-06-08,Kole Calhoun,fly_ball,93.9,42.7,320
2019-06-08,Luis Rengifo,fly_ball,85.6,30.7,297
2019-06-08,Tommy La Stella,fly_ball,103.4,26.2,418
2019-06-08,Mike Trout,fly_ball,110.3,25.8,429
2019-06-08,Shohei Ohtani,fly_ball,106.9,34.8,396
2019-06-08,Dan Vogelbach,fly_ball,95.2,49.4,279
2019-06-08,Edwin Encarnacion,fly_ball,106.8,31.7,405
2019-06-08,Cesar Puello,fly_ball,100.6,30.5,390
2019-06-08,Daniel Robertson,fly_ball,98.1,41.4,336
2019-06-08,Andrew Benintendi,fly_ball,84.5,32.8,312
2019-06-08,Jackie Bradley,fly_ball,94.2,53.8,260
2019-06-08,Christian Arroyo,fly_ball,93.3,33.6,340
2019-06-08,Michael Chavis,fly_ball,94.3,24.1,359
2019-06-08,Xander Bogaerts,fly_ball,84.6,29.4,296
2019-06-08,Yandy Díaz,fly_ball,98.9,25.2,389
2019-06-08,Marco Hernandez,fly_ball,90.4,41.7,305
2019-06-08,Austin Meadows,fly_ball,95,32.2,333
2019-06-08,Avisail Garcia,fly_ball,87,28.4,303
2019-06-08,Brandon Lowe,fly_ball,101.5,30.2,363
2019-06-08,Mookie Betts,fly_ball,99.5,25.5,352
2019-06-08,Yandy Díaz,fly_ball,91.7,42.7,298
2019-06-08,Travis d'Arnaud,fly_ball,106.5,32.8,407
2019-06-08,Jackie Bradley,fly_ball,74.2,25.7,244
2019-06-08,Yandy Díaz,fly_ball,108.3,22.7,407
2019-06-08,Kevin Kiermaier,fly_ball,78.5,45.9,229
2019-06-08,Willy Adames,fly_ball,73.8,50.9,204
2019-06-08,Eduardo Nunez,fly_ball,90.5,53.6,243
2019-06-08,Austin Meadows,fly_ball,107.8,36.3,386
2019-06-08,Avisail Garcia,fly_ball,89.6,53,235
2019-06-08,Jackie Bradley,fly_ball,98.6,30.5,427
2019-06-08,Kevin Kiermaier,fly_ball,71.8,31.1,245
2019-06-08,Christian Vazquez,fly_ball,74.7,41.6,240
2019-06-08,Marcell Ozuna,fly_ball,109.5,25.5,437
2019-06-08,Jose Martinez,fly_ball,91.1,31.5,345
2019-06-08,Harrison Bader,fly_ball,104.4,33,417
2019-06-08,Kyle Schwarber,fly_ball,87,35.2,304
2019-06-08,Kris Bryant,fly_ball,101.9,37.6,350
2019-06-08,David Bote,fly_ball,98.6,35.4,320
2019-06-08,Javier Baez,fly_ball,91.6,43.1,278
2019-06-08,Addison Russell,fly_ball,86.3,46.9,267
2019-06-08,Kris Bryant,fly_ball,98.3,39.4,350
2019-06-08,Aaron Hicks,fly_ball,91.6,49.3,267
2019-06-08,Didi Gregorius,fly_ball,92.5,26.9,352
2019-06-08,Oscar Mercado,fly_ball,85.7,32.7,319
2019-06-08,Kendrys Morales,fly_ball,83,37.6,286
2019-06-08,Austin Romine,fly_ball,89.9,54.8,232
2019-06-08,Brett Gardner,fly_ball,91,44.1,306
2019-06-08,Kendrys Morales,fly_ball,88.4,37,306
2019-06-08,Jose Ramirez,fly_ball,92.8,29.2,335
2019-06-08,Roberto Perez,fly_ball,104,31.3,404
2019-06-08,Clint Frazier,fly_ball,77.3,46.1,243
2019-06-08,Leonys Martín,fly_ball,92.4,37.1,344
2019-06-08,Oscar Mercado,fly_ball,97.8,25.8,386
2019-06-08,Brett Gardner,fly_ball,93,26.7,374
2019-06-08,Roberto Perez,fly_ball,105.8,29.6,447
2019-06-08,Kevin Plawecki,fly_ball,104.4,33.5,393
2019-06-08,Brandon Dixon,fly_ball,104.5,23,407
2019-06-08,JaCoby Jones,fly_ball,104.2,31.2,418
2019-06-08,Christin Stewart,fly_ball,106.9,28.2,419
2019-06-08,Max Kepler,fly_ball,93.5,47.4,289
2019-06-08,Miguel Cabrera,fly_ball,71.6,27.9,252
2019-06-08,Jorge Polanco,fly_ball,87.8,40.7,288
2019-06-08,Gordon Beckham,fly_ball,94.3,30.3,342
2019-06-08,Nelson Cruz,fly_ball,108.3,27.1,445
2019-06-08,Christin Stewart,fly_ball,94.6,30.7,365
2019-06-08,Jonathan Schoop,fly_ball,95.7,50,285
2019-06-08,Jason Castro,fly_ball,87.1,36.7,299
2019-06-08,Renato Nunez,fly_ball,89.4,50.9,250
2019-06-08,Michael Brantley,fly_ball,91.3,35.9,320
2019-06-08,Jack Mayfield,fly_ball,80.5,53.4,219
2019-06-08,Renato Nunez,fly_ball,108,34.5,413
2019-06-08,Yuli Gurriel,fly_ball,97.8,31,369
2019-06-08,Trey Mancini,fly_ball,73.2,39.2,231
2019-06-08,Richie Martin,fly_ball,103.3,29.3,403
2019-06-08,Alex Gordon,fly_ball,88,37.2,312
2019-06-08,Adalberto Mondesi,fly_ball,96.7,49.7,284
2019-06-08,Eloy Jimenez,fly_ball,99.7,35.1,372
2019-06-08,Nicky Lopez,fly_ball,84.2,51.8,240
2019-06-08,Carlos Sanchez,fly_ball,93,38.1,329
2019-06-08,Alex Gordon,fly_ball,89.1,31.5,320
2019-06-08,Terrance Gore,fly_ball,75.6,38,245
2019-06-08,Carlos Gomez,fly_ball,107.5,30,397
2019-06-08,Jeff McNeil,fly_ball,92.9,34.4,339
2019-06-08,Carlos Gomez,fly_ball,71.3,31.7,222
2019-06-08,Jeff McNeil,fly_ball,95.1,28.1,347
2019-06-08,Brendan Rodgers,fly_ball,100.3,41.2,348
2019-06-08,Amed Rosario,fly_ball,81.2,25.8,273
2019-06-08,Juan Lagares,fly_ball,88.3,52.9,237
2019-06-08,Tony Wolters,fly_ball,67.1,39.9,202
2019-06-08,Juan Soto,fly_ball,72.8,32.8,245
2019-06-08,Brian Dozier,fly_ball,87.7,32.2,325
2019-06-08,Anthony Rendon,fly_ball,83.8,32.7,297
2019-06-08,Eric Hosmer,fly_ball,94.2,39.7,319
2019-06-08,Brian Dozier,fly_ball,102,30.3,399
2019-06-08,Kurt Suzuki,fly_ball,80.3,50.1,221
2019-06-08,Josh Naylor,fly_ball,98.8,40.6,340
2019-06-08,Adam Eaton,fly_ball,95.3,28.4,367
2019-06-08,Kurt Suzuki,fly_ball,92.8,26.2,346
2019-06-08,Greg Garcia,fly_ball,93.4,45.9,293
2019-06-08,Howie Kendrick,fly_ball,84,32.7,274
2019-06-08,Victor Robles,fly_ball,78.5,42.6,237
2019-06-08,Ian Kinsler,fly_ball,93,31.5,336
2019-06-08,Max Muncy,fly_ball,97.5,36.6,353
2019-06-08,Justin Turner,fly_ball,99.1,24.4,374
2019-06-08,Brandon Belt,fly_ball,90.7,49.4,287
2019-06-08,Enrique Hernandez,fly_ball,82.2,30.7,290
2019-06-08,Kevin Pillar,fly_ball,103.9,45.2,342
2019-06-08,Max Muncy,fly_ball,92.9,34.4,355
2019-06-08,Aramis Garcia,fly_ball,95.4,32.4,337
2019-06-08,Alex Verdugo,fly_ball,87,37.8,317
2019-06-08,Justin Turner,fly_ball,98,33.3,359
2019-06-08,Cody Bellinger,fly_ball,94,39.8,320
2019-06-08,Kevin Pillar,fly_ball,74.4,57.1,186
2019-06-08,Mike Yastrzemski,fly_ball,100.4,33.2,385
2019-06-08,Nick Hundley,fly_ball,84.3,38.1,298
2019-06-08,Nomar Mazara,fly_ball,103.7,30.9,404
2019-06-08,Matt Chapman,fly_ball,90.3,49.8,271
2019-06-08,Stephen Piscotty,fly_ball,91.5,34.8,307
2019-06-08,Ramon Laureano,fly_ball,73.1,22.7,233
2019-06-08,Marcus Semien,fly_ball,89.9,47.4,289
2019-06-08,Nomar Mazara,fly_ball,86.1,57.3,236
2019-06-08,Tim Federowicz,fly_ball,103.6,24.9,434
2019-06-08,Elvis Andrus,fly_ball,101.2,23.2,388
2019-06-08,Stephen Piscotty,fly_ball,85.2,41.3,295
2019-06-08,Matt Olson,fly_ball,92.1,58.7,219
2019-06-08,Ramon Laureano,fly_ball,95.8,26.9,336
2019-06-08,Josh Phegley,fly_ball,95.6,32.2,371
2019-06-08,Khris Davis,fly_ball,77.8,42.8,255
2019-06-08,Delino DeShields,fly_ball,87.3,39.8,302
2019-06-08,Josh Phegley,fly_ball,92.3,40.9,335
2019-06-08,Mark Canha,fly_ball,105.1,32.2,405
2019-06-08,Ramon Laureano,fly_ball,85.6,35.7,305
2019-06-08,Marcus Semien,fly_ball,95.4,34.3,352
2019-06-08,Rougned Odor,fly_ball,105.7,49.3,316
2019-06-08,Delino DeShields,fly_ball,89.3,31.3,313
2019-06-08,Danny Santana,fly_ball,103.3,30.3,407
2019-06-08,Logan Forsythe,fly_ball,100.6,38,370
2019-06-08,Khris Davis,fly_ball,95.3,36.8,352
2019-06-08,Mark Canha,fly_ball,102.4,38.5,357
2019-06-08,Lourdes Gurriel,fly_ball,95.5,31.6,329
2019-06-08,Ketel Marte,fly_ball,71.7,39.4,225
2019-06-08,Alex Avila,fly_ball,99.6,39.5,351
2019-06-08,Cavan Biggio,fly_ball,87.4,50.6,262
2019-06-08,Alex Avila,fly_ball,98.8,40.8,349
2019-06-08,Kevin Cron,fly_ball,90.8,42.6,310
2019-06-08,Tim Locastro,fly_ball,80.7,33.7,288
2019-06-08,David Peralta,fly_ball,89.6,41.9,305
2019-06-08,Nick Ahmed,fly_ball,93.4,54.2,259
2019-06-08,Randal Grichuk,fly_ball,91.1,54.1,234
2019-06-08,David Peralta,fly_ball,82.1,31,314
2019-06-08,Rowdy Tellez,fly_ball,97.9,47.5,293
2019-06-08,Maikel Franco,fly_ball,93.6,40.3,320
2019-06-08,Nick Senzel,fly_ball,89.8,38.4,304
2019-06-08,J. T. Realmuto,fly_ball,99.7,23.6,346
2019-06-08,Jay Bruce,fly_ball,84.9,39.2,296
2019-06-08,Cesar Hernandez,fly_ball,74.3,49.5,223
2019-06-08,Jay Bruce,fly_ball,82.8,49.6,244
2019-06-08,Joey Votto,fly_ball,89.7,50.5,265
2019-06-08,Starlin Castro,fly_ball,93.6,33.3,351
2019-06-08,Dansby Swanson,fly_ball,76,30.2,272
2019-06-08,Brian Anderson,fly_ball,89.4,41.9,293
2019-06-08,Miguel Rojas,fly_ball,72.2,37.6,253
2019-06-08,Ronald Acuna,fly_ball,100.3,51.6,283
2019-06-08,Nick Markakis,fly_ball,89.1,41.1,297
2019-06-08,Ozzie Albies,fly_ball,99.6,26.6,394
2019-06-08,Tyler Flowers,fly_ball,86.4,45.3,272
2019-06-08,Nick Markakis,fly_ball,77.1,25.1,279
2019-06-08,Starling Marte,fly_ball,87,44.6,275
2019-06-08,Yasmani Grandal,fly_ball,97.6,24.7,388
2019-06-08,Ryan Braun,fly_ball,93.2,28.9,355
2019-06-08,Josh Bell,fly_ball,100.5,48.3,316
2019-06-08,Corey Dickerson,fly_ball,93.6,29.4,365
2019-06-08,Mike Moustakas,fly_ball,97.4,39.2,355
2019-06-08,Travis Shaw,fly_ball,98.7,57.1,236
2019-06-08,Yasmani Grandal,fly_ball,80.4,28.8,286
2019-06-08,Jesus Aguilar,fly_ball,97.1,24,326
2019-06-08,Ryan Braun,fly_ball,97.6,29.9,360
2019-06-08,Mike Moustakas,fly_ball,92.2,30.5,338
2019-06-08,Hernan Perez,fly_ball,88.3,35.3,319
2019-06-08,Manny Pina,fly_ball,104.5,24.3,412
2019-06-09,Dan Vogelbach,fly_ball,91.4,39.2,343
2019-06-09,Tom Murphy,fly_ball,102.7,28.1,389
2019-06-09,Dylan Moore,fly_ball,98.2,41.5,350
2019-06-09,Albert Pujols,fly_ball,83.5,43.8,261
2019-06-09,Dan Vogelbach,fly_ball,94.8,32.7,366
2019-06-09,Wilfredo Tovar,fly_ball,78.3,36.2,277
2019-06-09,Tommy La Stella,fly_ball,102.6,28.2,432
2019-06-09,Kyle Seager,fly_ball,90.1,47.5,284
2019-06-09,Edwin Encarnacion,fly_ball,104.7,23.3,408
2019-06-09,Dan Vogelbach,fly_ball,109,27.2,448
2019-06-09,Mac Williamson,fly_ball,96.3,26.6,352
2019-06-09,Albert Pujols,fly_ball,99,24.5,391
2019-06-09,Edwin Encarnacion,fly_ball,102,38,386
2019-06-09,Kyle Seager,fly_ball,95.9,42.5,336
2019-06-09,Wilfredo Tovar,fly_ball,91.5,27.7,340
2019-06-09,Luis Rengifo,fly_ball,96.1,24.7,377
2019-06-09,Dylan Moore,fly_ball,77.9,34.8,247
2019-06-09,Albert Pujols,fly_ball,99.7,22,389
2019-06-09,Dan Vogelbach,fly_ball,93.1,38.4,314
2019-06-09,Kyle Seager,fly_ball,103,27.6,415
2019-06-09,Tommy Pham,fly_ball,108.1,22.3,389
2019-06-09,Guillermo Heredia,fly_ball,105.2,26.2,433
2019-06-09,Xander Bogaerts,fly_ball,99.5,37.7,351
2019-06-09,Sandy Leon,fly_ball,92.7,41.4,311
2019-06-09,Guillermo Heredia,fly_ball,93.7,45,304
2019-06-09,Brandon Lowe,fly_ball,109.6,25.5,455
2019-06-09,Xander Bogaerts,fly_ball,97.8,38.3,361
2019-06-09,Yandy Díaz,fly_ball,102.8,26.6,412
2019-06-09,Brandon Lowe,fly_ball,106.1,25.7,435
2019-06-09,Travis d'Arnaud,fly_ball,100.1,22.3,396
2019-06-09,Christian Arroyo,fly_ball,77.2,37.6,243
2019-06-09,Matt Carpenter,fly_ball,83,31.8,290
2019-06-09,David Bote,fly_ball,91.9,49.8,278
2019-06-09,Paul DeJong,fly_ball,85.5,50.9,234
2019-06-09,Anthony Rizzo,fly_ball,102.1,23.6,369
2019-06-09,Kolten Wong,fly_ball,93.1,46.3,290
2019-06-09,Matt Carpenter,fly_ball,95.6,35.7,349
2019-06-09,Carlos Gonzalez,fly_ball,98.2,26.5,357
2019-06-09,Brett Gardner,fly_ball,102.5,20.6,430
2019-06-09,Gleyber Torres,fly_ball,95.2,54.5,248
2019-06-09,Jose Ramirez,fly_ball,72.8,38.7,250
2019-06-09,Cameron Maybin,fly_ball,75.9,35.5,271
2019-06-09,Carlos Santana,fly_ball,86.1,26,327
2019-06-09,Jose Ramirez,fly_ball,85.9,33.7,292
2019-06-09,Roberto Perez,fly_ball,90.9,32.9,340
2019-06-09,DJ LeMahieu,fly_ball,68.4,39,222
2019-06-09,Leonys Martín,fly_ball,106.6,33.3,425
2019-06-09,Francisco Lindor,fly_ball,93.2,53.6,270
2019-06-09,Mike Freeman,fly_ball,95.3,30.2,370
2019-06-09,Jake Bauers,fly_ball,104.3,29.2,434
2019-06-09,Leonys Martín,fly_ball,81.1,52.5,231
2019-06-09,Aaron Hicks,fly_ball,88.8,44.8,295
2019-06-09,Kevin Plawecki,fly_ball,92.2,24.5,354
2019-06-09,Gio Urshela,fly_ball,101.1,35.7,392
2019-06-09,Nelson Cruz,fly_ball,110.5,42.8,369
2019-06-09,Miguel Cabrera,fly_ball,102.5,22.5,384
2019-06-09,Byron Buxton,fly_ball,92.9,49,265
2019-06-09,Brandon Dixon,fly_ball,105.3,30.1,400
2019-06-09,Eddie Rosario,fly_ball,85.1,41.9,287
2019-06-09,Miguel Sano,fly_ball,108.3,26.5,436
2019-06-09,Jorge Polanco,fly_ball,93.1,28,365
2019-06-09,C. J. Cron,fly_ball,99.8,30.4,364
2019-06-09,Nick Castellanos,fly_ball,98.8,35.7,358
2019-06-09,Byron Buxton,fly_ball,100.7,21.7,392
2019-06-09,C. J. Cron,fly_ball,97.4,41.9,330
2019-06-09,JaCoby Jones,fly_ball,102.4,35.7,372
2019-06-09,Byron Buxton,fly_ball,102.5,33.8,391
2019-06-09,Eddie Rosario,fly_ball,100.5,31,390
2019-06-09,John Hicks,fly_ball,91.8,27.1,326
2019-06-09,Max Kepler,fly_ball,98.6,27.7,362
2019-06-09,Jorge Polanco,fly_ball,90,47.2,282
2019-06-09,Ronny Rodriguez,fly_ball,90.8,38.2,316
2019-06-09,Brandon Dixon,fly_ball,77.1,46.9,223
2019-06-09,Yordan Álvarez,fly_ball,73.5,35.7,242
2019-06-09,Jack Mayfield,fly_ball,88.8,32.6,322
2019-06-09,Yordan Álvarez,fly_ball,107.3,23.4,413
2019-06-09,Jack Mayfield,fly_ball,80.9,43.7,262
2019-06-09,Josh Reddick,fly_ball,69.9,43.7,224
2019-06-09,Yordan Álvarez,fly_ball,94.2,51,280
2019-06-09,Rio Ruiz,fly_ball,75.6,47.3,221
2019-06-09,Robinson Chirinos,fly_ball,76.1,42.3,244
2019-06-09,Pedro Severino,fly_ball,90.9,42.4,307
2019-06-09,Adalberto Mondesi,fly_ball,96.3,32.4,315
2019-06-09,José Abreu,fly_ball,98.5,29,378
2019-06-09,Carlos Sanchez,fly_ball,88.5,48.1,264
2019-06-09,Martin Maldonado,fly_ball,68.1,28,214
2019-06-09,Eloy Jimenez,fly_ball,95.3,39.4,340
2019-06-09,Jorge Soler,fly_ball,93,39.9,338
2019-06-09,Kelvin Gutierrez,fly_ball,98,25.5,345
2019-06-09,Welington Castillo,fly_ball,94.7,25.4,349
2019-06-09,Carlos Sanchez,fly_ball,97,41.9,332
2019-06-09,Whit Merrifield,fly_ball,93.5,49.8,284
2019-06-09,Eloy Jimenez,fly_ball,87.9,57.2,208
2019-06-09,Michael Conforto,fly_ball,83.2,26.5,283
2019-06-09,Todd Frazier,fly_ball,104.3,29.3,385
2019-06-09,Raimel Tapia,fly_ball,87.7,41.2,301
2019-06-09,Charlie Blackmon,fly_ball,97.1,33.6,352
2019-06-09,Trevor Story,fly_ball,84.4,38.4,299
2019-06-09,David Dahl,fly_ball,86.9,30,284
2019-06-09,Todd Frazier,fly_ball,93.7,40.8,315
2019-06-09,Todd Frazier,fly_ball,88.9,30.5,333
2019-06-09,David Dahl,fly_ball,81.5,45.8,264
2019-06-09,J. D. Davis,fly_ball,85,38.1,300
2019-06-09,Trevor Story,fly_ball,91,42.9,303
2019-06-09,Juan Soto,fly_ball,100.1,51.9,290
2019-06-09,Fernando Tatis,fly_ball,85.3,48.7,252
2019-06-09,Eric Hosmer,fly_ball,93.3,47.4,292
2019-06-09,Brian Dozier,fly_ball,85.6,48.9,262
2019-06-09,Yan Gomes,fly_ball,96.2,26.7,365
2019-06-09,Manuel Margot,fly_ball,74.2,47.4,203
2019-06-09,Matt Adams,fly_ball,100,52.9,270
2019-06-09,Gerardo Parra,fly_ball,77.4,40.7,242
2019-06-09,Howie Kendrick,fly_ball,105,24.4,421
2019-06-09,Trea Turner,fly_ball,105.2,23.1,425
2019-06-09,Adam Eaton,fly_ball,99.9,26.8,402
2019-06-09,Anthony Rendon,fly_ball,99.9,29.5,391
2019-06-09,Manuel Margot,fly_ball,75.8,43.4,231
2019-06-09,Greg Garcia,fly_ball,86.4,50.9,254
2019-06-09,Yan Gomes,fly_ball,96.3,29.9,354
2019-06-09,Hunter Renfroe,fly_ball,99,45.3,311
2019-06-09,Enrique Hernandez,fly_ball,94.9,58.7,239
2019-06-09,Max Muncy,fly_ball,108.8,29.4,426
2019-06-09,Cody Bellinger,fly_ball,75.3,38.4,248
2019-06-09,Chris Taylor,fly_ball,87.2,39.7,307
2019-06-09,Kevin Pillar,fly_ball,85,38,292
2019-06-09,Stephen Vogt,fly_ball,97.3,34.5,369
2019-06-09,Kevin Pillar,fly_ball,94.7,25.2,355
2019-06-09,Chris Taylor,fly_ball,98.5,39.7,337
2019-06-09,Corey Seager,fly_ball,79.9,39.6,282
2019-06-09,Mike Yastrzemski,fly_ball,98,32.9,373
2019-06-09,Mark Canha,fly_ball,98,32.7,370
2019-06-09,Danny Santana,fly_ball,84.5,32.6,298
2019-06-09,Matt Olson,fly_ball,105.9,34.5,407
2019-06-09,Josh Phegley,fly_ball,101.6,40.3,374
2019-06-09,Asdrubal Cabrera,fly_ball,80.1,31.5,304
2019-06-09,Ronald Guzman,fly_ball,91.9,42,308
2019-06-09,Khris Davis,fly_ball,103.6,24.7,403
2019-06-09,Chad Pinder,fly_ball,86.7,28.5,339
2019-06-09,Marcus Semien,fly_ball,94.5,28.9,371
2019-06-09,Mark Canha,fly_ball,90.5,34.4,328
2019-06-09,Shin-Soo Choo,fly_ball,99.1,33,372
2019-06-09,Asdrubal Cabrera,fly_ball,97.3,26.7,383
2019-06-09,Ronald Guzman,fly_ball,96.8,30.8,383
2019-06-09,Elvis Andrus,fly_ball,102.9,22.7,379
2019-06-09,Nomar Mazara,fly_ball,76.5,33,255
2019-06-09,Lourdes Gurriel,fly_ball,103.7,27.2,414
2019-06-09,Ketel Marte,fly_ball,99.6,31,396
2019-06-09,Carson Kelly,fly_ball,103.9,37.9,394
2019-06-09,Ketel Marte,fly_ball,94.5,33.7,351
2019-06-09,Randal Grichuk,fly_ball,91.2,43.2,289
2019-06-09,Jarrod Dyson,fly_ball,75.2,38.9,236
2019-06-09,Ketel Marte,fly_ball,92.5,26.9,358
2019-06-09,Ildemaro Vargas,fly_ball,73.1,39.6,232
2019-06-09,Justin Smoak,fly_ball,81.8,31.2,299
2019-06-09,Teoscar Hernandez,fly_ball,94.9,47.9,287
2019-06-09,Jarrod Dyson,fly_ball,93.2,25.8,342
2019-06-09,Christian Walker,fly_ball,101,36.7,368
2019-06-09,Tim Locastro,fly_ball,98.2,33.3,376
2019-06-09,Eugenio Suarez,fly_ball,88.2,34.5,317
2019-06-09,Rhys Hoskins,fly_ball,99.1,26.3,377
2019-06-09,Scott Kingery,fly_ball,99.4,40.9,346
2019-06-09,J. T. Realmuto,fly_ball,79.1,32.3,259
2019-06-09,Jay Bruce,fly_ball,97.6,46.9,303
2019-06-09,Derek Dietrich,fly_ball,85.3,48.5,257
2019-06-09,Philip Gosselin,fly_ball,80.1,40.3,242
2019-06-09,Dansby Swanson,fly_ball,85.6,44.4,280
2019-06-09,Austin Dean,fly_ball,99.5,27.6,354
2019-06-09,Matthew Joyce,fly_ball,99,28.5,392
2019-06-09,Max Fried,fly_ball,97.1,23.4,333
2019-06-09,Ronald Acuna,fly_ball,92,34.4,298
2019-06-09,Austin Riley,fly_ball,93.5,43.5,305
2019-06-09,Ozzie Albies,fly_ball,93.5,34.3,375
2019-06-09,Bryan Holaday,fly_ball,89.2,27.5,323
2019-06-09,Austin Dean,fly_ball,67.4,27.5,216
2019-06-09,Ozzie Albies,fly_ball,85.5,32.5,324
2019-06-09,Freddie Freeman,fly_ball,97.3,24.3,343
2019-06-09,Josh Donaldson,fly_ball,97.1,53.8,276
2019-06-09,Johan Camargo,fly_ball,86.1,23.4,307
2019-06-09,Freddie Freeman,fly_ball,89.6,39.2,321
2019-06-09,Josh Donaldson,fly_ball,104.6,47.7,329
2019-06-09,Jorge Alfaro,fly_ball,89.6,51.9,245
2019-06-09,Ronald Acuna,fly_ball,90.8,55.3,234
2019-06-09,Starling Marte,fly_ball,85.1,45.6,271
2019-06-09,Josh Bell,fly_ball,81,55.8,209
2019-06-09,Yasmani Grandal,fly_ball,94.1,57,236
2019-06-09,Mike Moustakas,fly_ball,93,25.1,319
2019-06-09,Colin Moran,fly_ball,70.7,39.3,230
2019-06-09,Christian Yelich,fly_ball,92.1,27.1,360
2019-06-09,Mike Moustakas,fly_ball,106.6,28.8,419
2019-06-10,Max Muncy,fly_ball,92,51.5,281
2019-06-10,Kole Calhoun,fly_ball,99.4,28.8,400
2019-06-10,Chris Taylor,fly_ball,76.6,52.7,209
2019-06-10,Kole Calhoun,fly_ball,87.7,39.8,300
2019-06-10,Mike Trout,fly_ball,103.6,31.7,402
2019-06-10,Corey Seager,fly_ball,92.6,32.9,337
2019-06-10,Andrew Benintendi,fly_ball,104.2,29.6,420
2019-06-10,Logan Forsythe,fly_ball,96.6,38.1,338
2019-06-10,Andrew Benintendi,fly_ball,100.3,35.3,369
2019-06-10,Danny Santana,fly_ball,86,30.1,329
2019-06-10,Elvis Andrus,fly_ball,91.1,45.4,295
2019-06-10,Rafael Devers,fly_ball,99.4,45.6,309
2019-06-10,Nomar Mazara,fly_ball,97.1,54.3,246
2019-06-10,Marco Hernandez,fly_ball,76.7,45,245
2019-06-10,Charlie Blackmon,fly_ball,93.5,43.2,331
2019-06-10,Trevor Story,fly_ball,101.3,45.5,349
2019-06-10,Raimel Tapia,fly_ball,88.3,42.5,299
2019-06-10,David Bote,fly_ball,104.6,22.4,410
2019-06-10,Kyle Schwarber,fly_ball,105.2,23.1,380
2019-06-10,Anthony Rizzo,fly_ball,103.1,27.5,433
2019-06-10,Charlie Blackmon,fly_ball,102.5,31.5,418
2019-06-10,Nolan Arenado,fly_ball,104.9,32.9,431
2019-06-10,Daniel Murphy,fly_ball,82,44.6,267
2019-06-10,Raimel Tapia,fly_ball,93.8,44.8,323
2019-06-10,Trevor Story,fly_ball,87,31.3,317
2019-06-10,Daniel Murphy,fly_ball,82.8,40.2,301
2019-06-10,Ian Desmond,fly_ball,110.8,27.9,486
2019-06-10,David Dahl,fly_ball,81.1,57.3,224
2019-06-10,Austin Meadows,fly_ball,105.9,37.5,379
2019-06-10,Austin Meadows,fly_ball,92.1,38.4,320
2019-06-10,Robbie Grossman,fly_ball,90.6,26.9,358
2019-06-10,Matt Chapman,fly_ball,93.9,29.3,367
2019-06-10,Kevin Kiermaier,fly_ball,89.9,26.2,342
2019-06-10,Brandon Lowe,fly_ball,102.3,34.2,388
2019-06-10,Ramon Laureano,fly_ball,88.3,47.9,273
2019-06-10,Yandy Díaz,fly_ball,95.9,27.4,338
2019-06-10,Kevin Kiermaier,fly_ball,102.1,26.8,416
2019-06-10,Ketel Marte,fly_ball,102.7,31.3,406
2019-06-10,David Peralta,fly_ball,100.3,28.1,407
2019-06-10,Jean Segura,fly_ball,91.4,40.2,344
2019-06-10,Alex Avila,fly_ball,99.5,34.2,366
2019-06-10,Scott Kingery,fly_ball,97.4,35.6,354
2019-06-10,Eduardo Escobar,fly_ball,106.9,29,421
2019-06-10,Ildemaro Vargas,fly_ball,101.9,35.3,380
2019-06-10,J. T. Realmuto,fly_ball,95.8,54.8,249
2019-06-10,Christian Walker,fly_ball,76.4,33.2,282
2019-06-10,Bryce Harper,fly_ball,92.4,52.3,272
2019-06-10,Tim Locastro,fly_ball,94.2,39.7,331
2019-06-10,Ketel Marte,fly_ball,98.6,25.7,391
2019-06-10,Nick Williams,fly_ball,93.9,35.6,331
2019-06-10,Ildemaro Vargas,fly_ball,107.3,21.4,409
2019-06-10,Rhys Hoskins,fly_ball,98.8,40.6,365
2019-06-10,Jay Bruce,fly_ball,103.2,40.2,379
2019-06-10,Ronald Acuna,fly_ball,108.9,27.7,436
2019-06-10,Freddie Freeman,fly_ball,95,44.4,324
2019-06-10,Austin Riley,fly_ball,97.4,51.7,297
2019-06-10,Starling Marte,fly_ball,103.8,30.9,403
2019-06-10,Ozzie Albies,fly_ball,100.6,34,399
2019-06-10,Kevin Newman,fly_ball,92.9,31.6,357
2019-06-10,Freddie Freeman,fly_ball,101.1,41.5,369
2019-06-10,Brian McCann,fly_ball,97.8,40.6,340
2019-06-10,Jung Ho Kang,fly_ball,84.3,45.9,284
2019-06-10,Ozzie Albies,fly_ball,103.7,22.6,408
2019-06-10,Starling Marte,fly_ball,101.7,34.1,394
2019-06-10,Josh Bell,fly_ball,90.8,26.2,346
2019-06-10,Nick Markakis,fly_ball,104.6,22.4,405
2019-06-10,José Abreu,fly_ball,92.7,40.7,318
2019-06-10,Brian Dozier,fly_ball,77,42,244
2019-06-10,Adam Eaton,fly_ball,69.7,44.8,206
2019-06-10,Anthony Rendon,fly_ball,92.1,43.5,303
2019-06-10,Tim Anderson,fly_ball,95.6,30.4,325
2019-06-10,Leury Garcia,fly_ball,74.5,38.1,255
2019-06-10,Brian Dozier,fly_ball,94.2,38.9,319
2019-06-10,Kurt Suzuki,fly_ball,91.3,48.3,272
2019-06-10,Yoan Moncada,fly_ball,98.7,34.3,362
2019-06-10,Trea Turner,fly_ball,107.8,23.9,425
2019-06-10,Howie Kendrick,fly_ball,93.1,40.4,316
2019-06-10,Kurt Suzuki,fly_ball,94.2,25.7,356
2019-06-10,Leury Garcia,fly_ball,102.1,29.5,409
2019-06-10,Carlos Sanchez,fly_ball,83.2,35.2,283
2019-06-10,Leury Garcia,fly_ball,96.6,38.4,342
2019-06-10,Howie Kendrick,fly_ball,70.5,42.9,214
2019-06-10,Kurt Suzuki,fly_ball,100.3,29,385
2019-06-10,Harrison Bader,fly_ball,96,23.1,371
2019-06-10,Dexter Fowler,fly_ball,97.9,37.7,349
2019-06-10,Curtis Granderson,fly_ball,86.5,33.4,331
2019-06-10,Austin Dean,fly_ball,92.1,38.7,302
2019-06-10,Harrison Bader,fly_ball,80.4,40.6,267
2019-06-11,Justin Bour,fly_ball,105.7,20.1,417
2019-06-11,Mike Trout,fly_ball,103.3,52.5,291
2019-06-11,Joc Pederson,fly_ball,92.9,40.6,322
2019-06-11,Max Muncy,fly_ball,104.9,28.7,429
2019-06-11,Jonathan Lucroy,fly_ball,86.9,31.2,288
2019-06-11,Max Muncy,fly_ball,99.2,32.8,360
2019-06-11,Wilfredo Tovar,fly_ball,71.3,27.5,215
2019-06-11,Mike Trout,fly_ball,82.2,30.7,318
2019-06-11,Shohei Ohtani,fly_ball,71.1,27.3,239
2019-06-11,David Freese,fly_ball,107.1,27.5,428
2019-06-11,Justin Turner,fly_ball,97.1,50.8,292
2019-06-11,Eric Sogard,fly_ball,102.4,27.5,414
2019-06-11,Jonathan Villar,fly_ball,80.1,41.1,247
2019-06-11,Freddy Galvis,fly_ball,70.4,41.6,229
2019-06-11,Hanser Alberto,fly_ball,92.5,44.9,294
2019-06-11,Vladimir Guerrero,fly_ball,86.9,35.1,283
2019-06-11,Lourdes Gurriel,fly_ball,95,50,285
2019-06-11,Randal Grichuk,fly_ball,81.3,35.3,300
2019-06-11,Hanser Alberto,fly_ball,88,42.5,291
2019-06-11,Chris Davis,fly_ball,81.6,32.8,306
2019-06-11,Anthony Santander,fly_ball,86.5,53.2,231
2019-06-11,Hanser Alberto,fly_ball,94.8,27.7,330
2019-06-11,Jonathan Villar,fly_ball,97.3,25.6,341
2019-06-11,Teoscar Hernandez,fly_ball,84.4,52.3,229
2019-06-11,Andrew Benintendi,fly_ball,99.6,32.1,376
2019-06-11,Xander Bogaerts,fly_ball,108.7,24.6,422
2019-06-11,Shin-Soo Choo,fly_ball,95.8,51.4,274
2019-06-11,Mookie Betts,fly_ball,89.7,39.9,297
2019-06-11,Danny Santana,fly_ball,87.9,40.4,295
2019-06-11,Ronald Guzman,fly_ball,100.4,27.1,380
2019-06-11,Mookie Betts,fly_ball,104.2,35.9,388
2019-06-11,Hunter Pence,fly_ball,96.2,41.5,325
2019-06-11,Brock Holt,fly_ball,96,38.5,333
2019-06-11,Ronald Guzman,fly_ball,99.5,33.2,378
2019-06-11,Tim Federowicz,fly_ball,93.4,34.4,341
2019-06-11,Rougned Odor,fly_ball,102.7,48.8,275
2019-06-11,Mookie Betts,fly_ball,102,29,407
2019-06-11,Eugenio Suarez,fly_ball,88.8,31.4,346
2019-06-11,Oscar Mercado,fly_ball,86.5,27.4,320
2019-06-11,Carlos Santana,fly_ball,79.7,40.2,261
2019-06-11,Yasiel Puig,fly_ball,76.8,33.3,277
2019-06-11,Jose Ramirez,fly_ball,81.2,37.2,290
2019-06-11,Mike Freeman,fly_ball,78,48.1,239
2019-06-11,Carlos Santana,fly_ball,104.8,27.5,417
2019-06-11,Yasiel Puig,fly_ball,100.1,36.2,354
2019-06-11,Javier Baez,fly_ball,72.1,37.3,248
2019-06-11,Ryan McMahon,fly_ball,85.7,44.8,288
2019-06-11,Jason Heyward,fly_ball,94,38.1,383
2019-06-11,Addison Russell,fly_ball,86.1,40.7,311
2019-06-11,Ian Desmond,fly_ball,67.5,30.9,234
2019-06-11,Albert Almora,fly_ball,91.6,26,345
2019-06-11,Jason Heyward,fly_ball,82.3,42.8,284
2019-06-11,Charlie Blackmon,fly_ball,98.8,33.8,418
2019-06-11,Albert Almora,fly_ball,85.8,28.4,349
2019-06-11,Daniel Murphy,fly_ball,83.8,44,262
2019-06-11,Kris Bryant,fly_ball,89.8,34.6,336
2019-06-11,Willson Contreras,fly_ball,92.5,52,276
2019-06-11,Albert Almora,fly_ball,71.1,25.4,251
2019-06-11,Kyle Schwarber,fly_ball,84.1,38.5,309
2019-06-11,Travis Shaw,fly_ball,98,49.7,302
2019-06-11,Tyler White,fly_ball,99.8,28.3,366
2019-06-11,Christian Yelich,fly_ball,105.4,21.7,414
2019-06-11,Lorenzo Cain,fly_ball,97.3,32.5,370
2019-06-11,Mike Moustakas,fly_ball,97.2,38.1,345
2019-06-11,Yasmani Grandal,fly_ball,101.1,43.9,329
2019-06-11,Robinson Chirinos,fly_ball,101.8,31.3,401
2019-06-11,Jesus Aguilar,fly_ball,76.1,35.2,268
2019-06-11,Jake Marisnick,fly_ball,73.7,43.3,233
2019-06-11,Ben Gamel,fly_ball,94.8,20.4,338
2019-06-11,Michael Brantley,fly_ball,99.6,27.1,390
2019-06-11,Tony Kemp,fly_ball,84.4,27.9,332
2019-06-11,Josh Reddick,fly_ball,90.3,51.1,265
2019-06-11,Travis Shaw,fly_ball,106.2,31.5,440
2019-06-11,Robinson Chirinos,fly_ball,100.1,28.2,410
2019-06-11,Tony Kemp,fly_ball,75.1,38.1,264
2019-06-11,Jesus Aguilar,fly_ball,99.1,54.9,240
2019-06-11,Yasmani Grandal,fly_ball,91.8,30.8,362
2019-06-11,Miguel Cabrera,fly_ball,94.4,26,373
2019-06-11,Alex Gordon,fly_ball,97.8,41.1,337
2019-06-11,Nick Castellanos,fly_ball,75.4,38.8,261
2019-06-11,Billy Hamilton,fly_ball,75.1,36.4,245
2019-06-11,Brandon Dixon,fly_ball,108.8,26.1,448
2019-06-11,Christin Stewart,fly_ball,87.8,34.6,340
2019-06-11,Nick Castellanos,fly_ball,97.2,33.4,347
2019-06-11,Ryan O'Hearn,fly_ball,107.4,28.6,439
2019-06-11,JaCoby Jones,fly_ball,92.7,54.7,254
2019-06-11,Christin Stewart,fly_ball,105.4,38.2,387
2019-06-11,Nick Castellanos,fly_ball,84.3,36.1,293
2019-06-11,Cheslor Cuthbert,fly_ball,78.4,57.5,192
2019-06-11,Harold Castro,fly_ball,92,40.3,328
2019-06-11,Fernando Tatis,fly_ball,104.5,37.9,418
2019-06-11,Manny Machado,fly_ball,82.9,37.4,277
2019-06-11,Evan Longoria,fly_ball,73.2,43.8,230
2019-06-11,Stephen Vogt,fly_ball,97.6,50.1,280
2019-06-11,Eric Hosmer,fly_ball,98,53.5,262
2019-06-11,Steven Duggar,fly_ball,100.3,29,397
2019-06-11,Austin Hedges,fly_ball,97.9,42.7,330
2019-06-11,Manny Machado,fly_ball,95.5,41.5,322
2019-06-11,Brandon Crawford,fly_ball,97.1,25.2,347
2019-06-11,Ian Kinsler,fly_ball,100.6,30.5,408
2019-06-11,Matt Chapman,fly_ball,96.4,51.9,264
2019-06-11,Tommy Pham,fly_ball,107.9,26.5,459
2019-06-11,Jurickson Profar,fly_ball,68.5,38.8,222
2019-06-11,Chad Pinder,fly_ball,94.2,37.5,330
2019-06-11,Ramon Laureano,fly_ball,99.8,38.5,357
2019-06-11,Tommy Pham,fly_ball,82.5,43.1,265
2019-06-11,Matt Olson,fly_ball,102.6,27.1,401
2019-06-11,Khris Davis,fly_ball,104.6,26.1,417
2019-06-11,Ji-Man Choi,fly_ball,85.8,46.7,257
2019-06-11,Matt Chapman,fly_ball,100.7,42.9,338
2019-06-11,Khris Davis,fly_ball,68.6,32.4,233
2019-06-11,Domingo Santana,fly_ball,89.5,37.4,320
2019-06-11,Mac Williamson,fly_ball,70.8,38,232
2019-06-11,Miguel Sano,fly_ball,99.3,40,341
2019-06-11,Edwin Encarnacion,fly_ball,98.9,23.7,377
2019-06-11,Tom Murphy,fly_ball,99.3,38.9,349
2019-06-11,Jason Castro,fly_ball,106.5,37,410
2019-06-11,Miguel Sano,fly_ball,99.6,39.9,349
2019-06-11,Mallex Smith,fly_ball,82.3,28.7,304
2019-06-11,Edwin Encarnacion,fly_ball,91.3,29,330
2019-06-11,Dee Gordon,fly_ball,82.3,49.8,244
2019-06-11,Eddie Rosario,fly_ball,93.6,35.2,343
2019-06-11,Kyle Seager,fly_ball,84,57.3,218
2019-06-11,Jean Segura,fly_ball,88,33.2,276
2019-06-11,Jake Arrieta,fly_ball,87.6,41.5,294
2019-06-11,Tim Locastro,fly_ball,91.1,33.7,349
2019-06-11,Jarrod Dyson,fly_ball,80,57.2,201
2019-06-11,Ketel Marte,fly_ball,103.5,28.5,383
2019-06-11,David Peralta,fly_ball,94.6,48.3,304
2019-06-11,Sean Rodriguez,fly_ball,96.3,32.2,336
2019-06-11,Adam Jones,fly_ball,98.1,32.8,362
2019-06-11,Eduardo Escobar,fly_ball,97.1,43.2,320
2019-06-11,David Peralta,fly_ball,97.7,41.6,326
2019-06-11,Jacob Stallings,fly_ball,99.1,34.3,388
2019-06-11,Josh Donaldson,fly_ball,101.9,28.9,365
2019-06-11,Nick Markakis,fly_ball,101.8,23.5,417
2019-06-11,Brian McCann,fly_ball,100.8,28.2,397
2019-06-11,Ozzie Albies,fly_ball,99.2,29.8,379
2019-06-11,Dansby Swanson,fly_ball,90.4,26,360
2019-06-11,Jacob Stallings,fly_ball,96.1,45.2,305
2019-06-11,Brian McCann,fly_ball,99.8,31.1,377
2019-06-11,Kevin Newman,fly_ball,72.4,30.8,261
2019-06-11,Josh Bell,fly_ball,92.9,36.1,339
2019-06-11,Anthony Rendon,fly_ball,101.6,28.4,409
2019-06-11,Brian Dozier,fly_ball,91.9,41.1,318
2019-06-11,Welington Castillo,fly_ball,106.9,21.7,428
2019-06-11,Victor Robles,fly_ball,88.6,34.9,313
2019-06-11,Carlos Sanchez,fly_ball,97.2,41,336
2019-06-11,Howie Kendrick,fly_ball,104.2,36.4,383
2019-06-11,Yan Gomes,fly_ball,89.4,43.1,302
2019-06-11,Eloy Jimenez,fly_ball,110.8,27.9,462
2019-06-11,Welington Castillo,fly_ball,99.2,29.6,375
2019-06-11,Jose Rondon,fly_ball,91.3,46.3,291
2019-06-11,Adam Eaton,fly_ball,79.6,44.5,256
2019-06-11,Tim Anderson,fly_ball,88,35.9,301
2019-06-11,Yan Gomes,fly_ball,89.8,42.4,296
2019-06-11,Ryan Cordell,fly_ball,97.9,33.1,364
2019-06-11,Anthony Rendon,fly_ball,95.3,35.9,360
2019-06-11,Adam Eaton,fly_ball,93.5,26.6,361
2019-06-11,Anthony Rendon,fly_ball,103.3,34.6,395
2019-06-11,Juan Soto,fly_ball,96,38,339
2019-06-11,Paul DeJong,fly_ball,85,50.1,236
2019-06-11,Dexter Fowler,fly_ball,87.3,36.2,325
2019-06-11,Marcell Ozuna,fly_ball,98,39.6,348
2019-06-11,Yairo Munoz,fly_ball,89.5,30.9,352
2019-06-11,Paul Goldschmidt,fly_ball,94.8,32.9,356
2019-06-11,Paul Goldschmidt,fly_ball,95.8,36.6,343
2019-06-11,Starlin Castro,fly_ball,82.5,49.9,244
2019-06-11,Marcell Ozuna,fly_ball,105,23,399
2019-06-11,Tommy Edman,fly_ball,91.4,56.8,229
2019-06-11,Gio Urshela,fly_ball,101.7,44.7,318
2019-06-11,Gary Sanchez,fly_ball,67.8,47,199
2019-06-11,Gio Urshela,fly_ball,105.7,21.5,405
2019-06-11,Luke Voit,fly_ball,107.9,25.2,412
2019-06-11,Jeff McNeil,fly_ball,95.7,32.2,352
2019-06-11,Didi Gregorius,fly_ball,93.9,28.7,360
2019-06-11,Kendrys Morales,fly_ball,85.6,58.3,223
2019-06-11,Gio Urshela,fly_ball,98.6,23.9,379
2019-06-11,DJ LeMahieu,fly_ball,97.9,39.9,341
2019-06-11,Amed Rosario,fly_ball,85.6,35.4,295
2019-06-11,Gary Sanchez,fly_ball,107.5,23.9,422
2019-06-11,Michael Conforto,fly_ball,78.4,47.4,241
2019-06-11,Pete Alonso,fly_ball,109.6,20.2,424
2019-06-11,Todd Frazier,fly_ball,88.4,54.4,237
2019-06-11,Gary Sanchez,fly_ball,99.4,30.7,370
2019-06-11,Adeiny Hechavarria,fly_ball,83.7,33.6,285
2019-06-11,Carlos Gomez,fly_ball,74.5,25.3,249
2019-06-11,Jeff McNeil,fly_ball,95.3,30.8,361
2019-06-11,Gio Urshela,fly_ball,99.3,31.5,393
2019-06-11,Amed Rosario,fly_ball,88.3,29.7,281
2019-06-11,Carlos Gomez,fly_ball,80.1,44.6,246
2019-06-11,Cameron Maybin,fly_ball,82.5,55.9,211
2019-06-11,J. D. Davis,fly_ball,101.2,32,366
2019-06-11,Adeiny Hechavarria,fly_ball,88.5,35.1,313
2019-06-11,Carlos Gomez,fly_ball,103.8,26.2,391
2019-06-11,Clint Frazier,fly_ball,91.7,46.1,298
2019-06-11,Todd Frazier,fly_ball,88.8,43.8,287
2019-06-11,Cameron Maybin,fly_ball,78,37.1,264
2019-06-11,Austin Romine,fly_ball,98.2,32.7,350
2019-06-12,Cavan Biggio,fly_ball,84.2,52.3,233
2019-06-12,Rowdy Tellez,fly_ball,92.1,32.7,344
2019-06-12,Trey Mancini,fly_ball,106,23.5,423
2019-06-12,Renato Nunez,fly_ball,92.2,48.8,268
2019-06-12,Rowdy Tellez,fly_ball,91.7,30.2,359
2019-06-12,Cavan Biggio,fly_ball,93.3,56.4,242
2019-06-12,Shin-Soo Choo,fly_ball,87.4,41.8,293
2019-06-12,Nomar Mazara,fly_ball,106.8,20.8,397
2019-06-12,Mookie Betts,fly_ball,92.7,41.8,310
2019-06-12,Elvis Andrus,fly_ball,86.2,47.7,266
2019-06-12,Andrew Benintendi,fly_ball,98.7,32.1,396
2019-06-12,Christian Vazquez,fly_ball,91.1,36.9,319
2019-06-12,Jeff Mathis,fly_ball,74.3,40.9,246
2019-06-12,Mookie Betts,fly_ball,93.5,35.9,327
2019-06-12,Andrew Benintendi,fly_ball,99.1,31.9,386
2019-06-12,Elvis Andrus,fly_ball,97.1,27,372
2019-06-12,Nomar Mazara,fly_ball,107.2,39.6,365
2019-06-12,Elvis Andrus,fly_ball,97.7,30.6,344
2019-06-12,Christian Vazquez,fly_ball,104.8,22.8,407
2019-06-12,Nick Senzel,fly_ball,104.1,24.4,385
2019-06-12,Francisco Lindor,fly_ball,81.6,55.5,212
2019-06-12,Carlos Santana,fly_ball,94.7,25.7,363
2019-06-12,Jesse Winker,fly_ball,86.9,37.8,290
2019-06-12,Francisco Lindor,fly_ball,95.8,35,352
2019-06-12,Eugenio Suarez,fly_ball,107.9,27.2,402
2019-06-12,Yasiel Puig,fly_ball,97.8,37.7,352
2019-06-12,Jose Ramirez,fly_ball,84.1,38.7,292
2019-06-12,Curt Casali,fly_ball,96.7,28.8,398
2019-06-12,Curt Casali,fly_ball,81.3,34.6,301
2019-06-12,Carlos Santana,fly_ball,105.1,29.8,426
2019-06-12,Addison Russell,fly_ball,83.5,32.4,325
2019-06-12,Kyle Schwarber,fly_ball,107.9,35.4,432
2019-06-12,Kyle Schwarber,fly_ball,81.2,33.5,285
2019-06-12,Carlos Gonzalez,fly_ball,74.7,40.5,256
2019-06-12,Javier Baez,fly_ball,89.1,50.6,269
2019-06-12,Mark Reynolds,fly_ball,91.7,36.2,341
2019-06-12,Victor Caratini,fly_ball,83.9,27.5,317
2019-06-12,Tony Wolters,fly_ball,76,42.7,263
2019-06-12,Charlie Blackmon,fly_ball,94.1,47.6,328
2019-06-12,Christian Yelich,fly_ball,90.2,53.3,252
2019-06-12,Ryan Braun,fly_ball,106.3,31,406
2019-06-12,Eric Thames,fly_ball,80.5,39.4,274
2019-06-12,Tony Kemp,fly_ball,91,33.7,340
2019-06-12,Tyler White,fly_ball,86.5,27.5,326
2019-06-12,Eric Thames,fly_ball,93.9,32.5,358
2019-06-12,Tony Kemp,fly_ball,78.8,37.2,281
2019-06-12,Jake Marisnick,fly_ball,81.4,37.4,275
2019-06-12,Ben Gamel,fly_ball,77.8,35,265
2019-06-12,Yasmani Grandal,fly_ball,87.2,37.1,311
2019-06-12,Miguel Cabrera,fly_ball,87,31.2,307
2019-06-12,Alex Gordon,fly_ball,94.1,41.4,324
2019-06-12,Christin Stewart,fly_ball,92.4,52.4,258
2019-06-12,Whit Merrifield,fly_ball,92.6,58.1,234
2019-06-12,Adalberto Mondesi,fly_ball,93.5,39.4,344
2019-06-12,Brandon Dixon,fly_ball,96.4,30.6,336
2019-06-12,Martin Maldonado,fly_ball,91.3,35.6,340
2019-06-12,Jorge Soler,fly_ball,102.7,40,354
2019-06-12,Donovan Solano,fly_ball,90.4,40.9,310
2019-06-12,Ian Kinsler,fly_ball,88,31.9,309
2019-06-12,Donovan Solano,fly_ball,88.7,52.3,250
2019-06-12,Buster Posey,fly_ball,91.3,44.6,275
2019-06-12,Donovan Solano,fly_ball,68.8,34.4,239
2019-06-12,Buster Posey,fly_ball,78.7,30.8,272
2019-06-12,Brandon Crawford,fly_ball,85.6,34.5,312
2019-06-12,Austin Meadows,fly_ball,102.3,39.8,357
2019-06-12,Stephen Piscotty,fly_ball,88.6,29.7,335
2019-06-12,Jurickson Profar,fly_ball,82,38,292
2019-06-12,Matt Olson,fly_ball,110.6,23.7,430
2019-06-12,Ramon Laureano,fly_ball,87.2,47.1,269
2019-06-12,Avisail Garcia,fly_ball,81,50.2,240
2019-06-12,Willy Adames,fly_ball,100.7,32.4,385
2019-06-12,Marcus Semien,fly_ball,92.4,27.6,366
2019-06-12,Christian Arroyo,fly_ball,70.2,41.5,236
2019-06-12,Ramon Laureano,fly_ball,97.8,24.7,405
2019-06-12,Jurickson Profar,fly_ball,76.4,53.6,213
2019-06-12,Marcus Semien,fly_ball,88.5,50.8,257
2019-06-12,Jorge Polanco,fly_ball,90.4,54.2,242
2019-06-12,Eddie Rosario,fly_ball,95.4,49.2,288
2019-06-12,Max Kepler,fly_ball,102,23.2,390
2019-06-12,Nelson Cruz,fly_ball,78,56.3,209
2019-06-12,Omar Narvaez,fly_ball,94.2,34.8,356
2019-06-12,Byron Buxton,fly_ball,79.3,44.3,254
2019-06-12,Dan Vogelbach,fly_ball,101.2,29.1,399
2019-06-12,Omar Narvaez,fly_ball,85.2,30.2,303
2019-06-12,Dee Gordon,fly_ball,90.7,37.6,325
2019-06-12,Eddie Rosario,fly_ball,100.5,45.1,353
2019-06-12,Marwin Gonzalez,fly_ball,106.3,37.8,386
2019-06-12,Domingo Santana,fly_ball,99.2,27.9,387
2019-06-12,Shed Long,fly_ball,94.5,34.9,358
2019-06-12,Max Kepler,fly_ball,100.3,25.5,396
2019-06-12,C. J. Cron,fly_ball,98.9,38.1,360
2019-06-12,Byron Buxton,fly_ball,107.8,29.7,432
2019-06-12,Dee Gordon,fly_ball,95.3,26.6,342
2019-06-12,Jay Bruce,fly_ball,91.6,37.8,314
2019-06-12,Eduardo Escobar,fly_ball,88.8,34.5,316
2019-06-12,J. T. Realmuto,fly_ball,82,34.8,272
2019-06-12,Nick Ahmed,fly_ball,83.1,43.9,268
2019-06-12,Cesar Hernandez,fly_ball,86.4,44.7,281
2019-06-12,David Peralta,fly_ball,80.1,49.2,241
2019-06-12,Rhys Hoskins,fly_ball,87.8,36.8,303
2019-06-12,J. T. Realmuto,fly_ball,95.5,28.1,350
2019-06-12,Maikel Franco,fly_ball,99.6,25.2,382
2019-06-12,Nick Ahmed,fly_ball,94.7,48.6,287
2019-06-12,Rhys Hoskins,fly_ball,84.7,41.4,288
2019-06-12,Carson Kelly,fly_ball,76.4,37.9,258
2019-06-12,Adam Jones,fly_ball,98.2,32.5,388
2019-06-12,Eduardo Escobar,fly_ball,93,35.8,332
2019-06-12,Austin Riley,fly_ball,99.3,41.7,337
2019-06-12,Ronald Acuna,fly_ball,72.2,32.4,252
2019-06-12,Ozzie Albies,fly_ball,100.7,22.6,397
2019-06-12,Starling Marte,fly_ball,104.9,25.7,372
2019-06-12,Austin Riley,fly_ball,82.5,43.3,280
2019-06-12,Elias Diaz,fly_ball,85.5,30,305
2019-06-12,Corey Dickerson,fly_ball,88.9,46.9,272
2019-06-12,Starling Marte,fly_ball,92.9,48.1,287
2019-06-12,Jung Ho Kang,fly_ball,88.9,43.6,302
2019-06-12,Nick Markakis,fly_ball,85.9,34.8,287
2019-06-12,Austin Riley,fly_ball,106.8,35.2,411
2019-06-12,Adam Frazier,fly_ball,85.1,34.2,315
2019-06-12,Josh Bell,fly_ball,101,26.6,414
2019-06-12,Austin Riley,fly_ball,106.2,36.2,409
2019-06-12,Bryan Reynolds,fly_ball,87,29.4,301
2019-06-12,Melky Cabrera,fly_ball,100.2,30.4,389
2019-06-12,Matt Carpenter,fly_ball,91.5,33.8,359
2019-06-12,Paul Goldschmidt,fly_ball,99.1,36,352
2019-06-12,Curtis Granderson,fly_ball,87.3,55.9,229
2019-06-12,Garrett Cooper,fly_ball,105.1,26.6,429
2019-06-12,Dexter Fowler,fly_ball,91.7,24.7,360
2019-06-12,Marcell Ozuna,fly_ball,96.9,55.4,254
2019-06-12,Starlin Castro,fly_ball,70,30.3,243
2019-06-12,Curtis Granderson,fly_ball,93.6,26.6,368
2019-06-12,Kolten Wong,fly_ball,98.4,41.3,334
2019-06-12,Brian Anderson,fly_ball,69.8,38.2,228
2019-06-12,Dexter Fowler,fly_ball,72.4,45.1,219
2019-06-12,Austin Dean,fly_ball,95,47.5,289
2019-06-12,Miguel Rojas,fly_ball,86.1,30.2,314
2019-06-12,Curtis Granderson,fly_ball,96.6,30.6,366
2019-06-13,Lourdes Gurriel,fly_ball,96.7,25.6,354
2019-06-13,Jonathan Villar,fly_ball,87,21.1,300
2019-06-13,Rowdy Tellez,fly_ball,86,50.1,261
2019-06-13,Teoscar Hernandez,fly_ball,92.5,25.1,342
2019-06-13,Cavan Biggio,fly_ball,104.6,25.7,383
2019-06-13,Eric Sogard,fly_ball,89.1,43.2,300
2019-06-13,Lourdes Gurriel,fly_ball,69.5,33.5,226
2019-06-13,Justin Smoak,fly_ball,95.2,44.8,310
2019-06-13,Cavan Biggio,fly_ball,96.1,42.6,321
2019-06-13,Chance Sisco,fly_ball,95.5,32.6,380
2019-06-13,Danny Jansen,fly_ball,96.3,41.4,353
2019-06-13,Vladimir Guerrero,fly_ball,76.9,26.5,278
2019-06-13,Lourdes Gurriel,fly_ball,106.2,23.4,411
2019-06-13,Cavan Biggio,fly_ball,98.6,26.8,369
2019-06-13,Vladimir Guerrero,fly_ball,97.1,24.4,382
2019-06-13,Rowdy Tellez,fly_ball,98.3,47.1,314
2019-06-13,Chance Sisco,fly_ball,104.5,23.4,372
2019-06-13,Rio Ruiz,fly_ball,96.8,54.6,252
2019-06-13,Danny Jansen,fly_ball,91.7,31.8,349
2019-06-13,Eric Sogard,fly_ball,92.7,37.2,335
2019-06-13,Stevie Wilkerson,fly_ball,72.9,43.2,239
2019-06-13,Hunter Pence,fly_ball,100.2,32.2,365
2019-06-13,Mookie Betts,fly_ball,74.5,44.5,240
2019-06-13,Andrew Benintendi,fly_ball,87.4,30.1,322
2019-06-13,J. D. Martinez,fly_ball,106.1,27.7,418
2019-06-13,Delino DeShields,fly_ball,95.8,32.9,356
2019-06-13,Asdrubal Cabrera,fly_ball,90.3,46.9,284
2019-06-13,Jackie Bradley,fly_ball,105.8,33.2,403
2019-06-13,Michael Chavis,fly_ball,82.1,41,266
2019-06-13,Andrew Benintendi,fly_ball,97.3,32.1,367
2019-06-13,Danny Santana,fly_ball,78.8,39.8,254
2019-06-13,Jeff Mathis,fly_ball,88.7,42.8,284
2019-06-13,Michael Chavis,fly_ball,103.5,43.3,352
2019-06-13,Andrew Benintendi,fly_ball,81.9,30.5,271
2019-06-13,Rafael Devers,fly_ball,109.5,23.2,443
2019-06-13,Delino DeShields,fly_ball,95.2,24.5,367
2019-06-13,Jackie Bradley,fly_ball,103.9,35.2,382
2019-06-13,Xander Bogaerts,fly_ball,100.1,31.1,386
2019-06-13,Christian Vazquez,fly_ball,96.6,29.8,370
2019-06-13,Delino DeShields,fly_ball,93.5,41.6,322
2019-06-13,Hunter Renfroe,fly_ball,76.7,29.6,263
2019-06-13,Daniel Murphy,fly_ball,73.4,27.5,251
2019-06-13,Trevor Story,fly_ball,101.6,29.7,410
2019-06-13,Daniel Murphy,fly_ball,87.8,42.1,304
2019-06-13,Charlie Blackmon,fly_ball,104.4,36,426
2019-06-13,Trevor Story,fly_ball,94.2,28.8,371
2019-06-13,Daniel Murphy,fly_ball,85.1,28.1,324
2019-06-13,Austin Allen,fly_ball,87.1,25.4,344
2019-06-13,Greg Garcia,fly_ball,100.7,24.7,405
2019-06-13,Charlie Blackmon,fly_ball,100.9,30,433
2019-06-13,David Dahl,fly_ball,83.5,41,296
2019-06-13,Daniel Murphy,fly_ball,94.4,40.4,364
2019-06-13,Fernando Tatis,fly_ball,81.5,32.1,298
2019-06-13,Manny Machado,fly_ball,83.2,30.2,327
2019-06-13,Greg Garcia,fly_ball,87.1,33,323
2019-06-13,Nolan Arenado,fly_ball,78.1,27.5,265
2019-06-13,Manny Machado,fly_ball,101.4,27.7,400
2019-06-13,Kyle Schwarber,fly_ball,103.7,32.7,399
2019-06-13,Addison Russell,fly_ball,67.9,52.2,178
2019-06-13,Chris Taylor,fly_ball,86.8,33.6,320
2019-06-13,Kris Bryant,fly_ball,100.7,26.3,402
2019-06-13,Justin Turner,fly_ball,91.2,42.3,297
2019-06-13,Cody Bellinger,fly_ball,104.5,34.8,390
2019-06-13,Max Muncy,fly_ball,100.4,32.1,394
2019-06-13,David Freese,fly_ball,102,29.6,389
2019-06-13,Justin Turner,fly_ball,86.6,26.5,331
2019-06-13,Anthony Rizzo,fly_ball,84.7,29.9,296
2019-06-13,Trea Turner,fly_ball,83.6,40.2,270
2019-06-13,Alex Avila,fly_ball,101.6,30,403
2019-06-13,Ketel Marte,fly_ball,99.9,32.6,375
2019-06-13,Kurt Suzuki,fly_ball,91.9,43.8,281
2019-06-13,Eduardo Escobar,fly_ball,77.6,36.2,287
2019-06-13,Victor Robles,fly_ball,99.9,35.5,360
2019-06-13,Jarrod Dyson,fly_ball,101.9,32.5,397
2019-06-13,Trea Turner,fly_ball,92.2,48.6,281
2019-06-13,David Peralta,fly_ball,101.3,47.1,306
2019-06-13,Gerardo Parra,fly_ball,93.2,28.8,331
2019-06-13,Christian Walker,fly_ball,99.3,40.1,350
2019-06-13,Adam Jones,fly_ball,99.6,29,372
2019-06-13,Eduardo Escobar,fly_ball,79.4,41.1,257
2019-06-13,Brian Dozier,fly_ball,100.1,33.6,374
2019-06-13,Carson Kelly,fly_ball,90.9,29.9,355
2019-06-13,Howie Kendrick,fly_ball,94.5,45.7,305
2019-06-13,Matt Carpenter,fly_ball,96.6,40.2,334
2019-06-13,Jeff McNeil,fly_ball,95.7,30.5,354
2019-06-13,Dominic Smith,fly_ball,94.1,34.1,332
2019-06-13,Dominic Smith,fly_ball,101.2,25.7,397
2019-06-13,Todd Frazier,fly_ball,99,25.8,381
2019-06-13,Amed Rosario,fly_ball,96.5,38.2,334
2019-06-13,Paul DeJong,fly_ball,102.1,31.4,411
2019-06-13,Paul Goldschmidt,fly_ball,71.7,31.7,243
2019-06-13,Yairo Munoz,fly_ball,68.9,32.2,238
2019-06-13,Kevan Smith,fly_ball,83.5,33.4,316
2019-06-13,Albert Pujols,fly_ball,107,25,427
2019-06-13,Kole Calhoun,fly_ball,99.7,38.1,355
2019-06-13,Kevan Smith,fly_ball,88.2,44.2,285
2019-06-13,Kevin Kiermaier,fly_ball,94.3,33.5,360
2019-06-13,Daniel Robertson,fly_ball,89.9,33.9,324
2019-06-13,Albert Pujols,fly_ball,93.7,37.6,346
2019-06-13,Brandon Lowe,fly_ball,86,34.8,303
2019-06-13,Mallex Smith,fly_ball,84.8,40.9,283
2019-06-13,Omar Narvaez,fly_ball,84.1,32,287
2019-06-13,Jorge Polanco,fly_ball,85.8,29,326
2019-06-13,Jonathan Schoop,fly_ball,87.1,37.8,300
2019-06-13,Mallex Smith,fly_ball,92.7,33.3,344
2019-06-13,Ehire Adrianza,fly_ball,100.6,43.2,336
2019-06-13,C. J. Cron,fly_ball,98.6,32,392
2019-06-13,Kyle Seager,fly_ball,100.9,30.5,390
2019-06-13,Byron Buxton,fly_ball,89.4,33.6,334
2019-06-13,Brian McCann,fly_ball,93.9,45.2,299
2019-06-13,Bryan Reynolds,fly_ball,70.1,26.9,225
2019-06-13,Nick Markakis,fly_ball,84.8,51.5,249
2019-06-13,Josh Bell,fly_ball,76.2,33,268
2019-06-13,Colin Moran,fly_ball,93.2,50,282
2019-06-13,Julio Teheran,fly_ball,75,25.9,267
2019-06-13,Josh Bell,fly_ball,93.5,27.3,373
2019-06-13,Adam Frazier,fly_ball,99.3,23.9,370
2019-06-13,Corey Dickerson,fly_ball,91.2,27.9,324
2019-06-13,Ozzie Albies,fly_ball,95.4,37.3,353
2019-06-13,Josh Bell,fly_ball,95.5,25.4,340
2019-06-13,Gary Sanchez,fly_ball,80.1,52.3,215
2019-06-13,James McCann,fly_ball,98.5,45.7,317
2019-06-13,Brett Gardner,fly_ball,98.2,23.4,364
2019-06-13,José Abreu,fly_ball,88,31.2,347
2019-06-13,James McCann,fly_ball,94.2,38.8,331
2019-06-13,Tim Anderson,fly_ball,106.1,20.8,419
2019-06-13,Carlos Sanchez,fly_ball,82.9,46.4,254
2019-06-13,Leury Garcia,fly_ball,101.1,29.9,405
2019-06-13,Yonder Alonso,fly_ball,77.4,31.5,272
2019-06-13,Ryan Cordell,fly_ball,89.9,27.7,337
2019-06-14,Rafael Devers,fly_ball,86.4,34.4,314
2019-06-14,Trey Mancini,fly_ball,107.2,26.3,429
2019-06-14,Renato Nunez,fly_ball,93,58.3,214
2019-06-14,Brock Holt,fly_ball,103,26.8,406
2019-06-14,Hanser Alberto,fly_ball,84.3,53.4,223
2019-06-14,Christian Vazquez,fly_ball,106.6,27.7,443
2019-06-14,J. D. Martinez,fly_ball,108.3,24.9,414
2019-06-14,Jackie Bradley,fly_ball,108,33.2,416
2019-06-14,Michael Chavis,fly_ball,108,25.6,447
2019-06-14,J. D. Martinez,fly_ball,105,22.6,413
2019-06-14,Keon Broxton,fly_ball,88.1,56.1,226
2019-06-14,J. D. Martinez,fly_ball,83.1,35.4,298
2019-06-14,Pedro Severino,fly_ball,103.4,31.8,390
2019-06-14,Marco Hernandez,fly_ball,84.3,35.4,291
2019-06-14,Brock Holt,fly_ball,92.7,40.3,319
2019-06-14,Christian Vazquez,fly_ball,98.6,39.8,349
2019-06-14,Richie Martin,fly_ball,86.3,29.5,330
2019-06-14,Jackie Bradley,fly_ball,98.3,25.8,385
2019-06-14,Renato Nunez,fly_ball,97.4,44.8,307
2019-06-14,Marco Hernandez,fly_ball,78.7,33.8,263
2019-06-14,Jonathan Villar,fly_ball,80.7,51.7,241
2019-06-14,Shin-Soo Choo,fly_ball,81.9,49.3,245
2019-06-14,Delino DeShields,fly_ball,88.2,40.4,284
2019-06-14,Jose Peraza,fly_ball,87.5,26.7,335
2019-06-14,Nick Senzel,fly_ball,95.4,32.1,358
2019-06-14,Rougned Odor,fly_ball,103.9,30.1,400
2019-06-14,Delino DeShields,fly_ball,88.9,37.5,317
2019-06-14,Curt Casali,fly_ball,72.1,25.1,221
2019-06-14,Rougned Odor,fly_ball,80.8,41.1,279
2019-06-14,Curt Casali,fly_ball,83.9,44.3,274
2019-06-14,Eugenio Suarez,fly_ball,92.1,50,275
2019-06-14,Hunter Renfroe,fly_ball,105.4,28.8,426
2019-06-14,Wil Myers,fly_ball,98.2,52.6,292
2019-06-14,David Dahl,fly_ball,98.5,31.2,394
2019-06-14,Raimel Tapia,fly_ball,93.9,45.4,326
2019-06-14,Ryan McMahon,fly_ball,97.5,44.4,336
2019-06-14,Ryan McMahon,fly_ball,73.9,29.7,262
2019-06-14,Manny Machado,fly_ball,97.4,36.1,381
2019-06-14,Tony Wolters,fly_ball,88.8,29.9,363
2019-06-14,Greg Garcia,fly_ball,77.2,39.7,258
2019-06-14,Daniel Murphy,fly_ball,82.8,55.1,242
2019-06-14,Hunter Renfroe,fly_ball,107.5,28.8,459
2019-06-14,Ian Kinsler,fly_ball,67,30.6,225
2019-06-14,Hunter Renfroe,fly_ball,103.7,38.4,431
2019-06-14,Austin Hedges,fly_ball,92.8,34.6,356
2019-06-14,Charlie Blackmon,fly_ball,105.9,36,433
2019-06-14,Daniel Murphy,fly_ball,83,43.4,289
2019-06-14,Oscar Mercado,fly_ball,93.3,43.6,278
2019-06-14,Miguel Cabrera,fly_ball,107.3,23.4,389
2019-06-14,Christin Stewart,fly_ball,86.8,42.8,290
2019-06-14,Miguel Cabrera,fly_ball,97,43.7,322
2019-06-14,Leonys Martín,fly_ball,108.3,25.6,435
2019-06-14,Oscar Mercado,fly_ball,101.5,30.8,380
2019-06-14,Jose Ramirez,fly_ball,95.4,24.5,385
2019-06-14,Nick Castellanos,fly_ball,91.6,44.5,301
2019-06-14,Francisco Lindor,fly_ball,97.3,29.7,385
2019-06-14,Jordan Luplow,fly_ball,90.3,30.4,340
2019-06-14,John Hicks,fly_ball,73.7,30.5,254
2019-06-14,Dawel Lugo,fly_ball,102,29.7,389
2019-06-14,Jason Kipnis,fly_ball,97.9,42.1,318
2019-06-14,Jake Bauers,fly_ball,105,24.5,406
2019-06-14,Leonys Martín,fly_ball,94.9,57,256
2019-06-14,Niko Goodrum,fly_ball,102.4,22.7,384
2019-06-14,Rowdy Tellez,fly_ball,91.2,52.7,268
2019-06-14,Josh Reddick,fly_ball,89.5,25.9,320
2019-06-14,Freddy Galvis,fly_ball,94.7,33.4,358
2019-06-14,Alex Bregman,fly_ball,89.8,32.3,342
2019-06-14,Yuli Gurriel,fly_ball,84.3,42.3,291
2019-06-14,Tony Kemp,fly_ball,98.1,40.2,352
2019-06-14,Michael Brantley,fly_ball,88.9,32.8,309
2019-06-14,Yordan Álvarez,fly_ball,108.7,25.7,425
2019-06-14,Eric Sogard,fly_ball,86.4,31.8,304
2019-06-14,Robinson Chirinos,fly_ball,103,38.9,381
2019-06-14,Anthony Rizzo,fly_ball,91,35.3,345
2019-06-14,Chris Taylor,fly_ball,86.1,38.5,307
2019-06-14,Matt Beaty,fly_ball,101.8,35,382
2019-06-14,Kris Bryant,fly_ball,106.2,31.5,425
2019-06-14,Javier Baez,fly_ball,96,36.9,323
2019-06-14,Justin Turner,fly_ball,103.5,31,430
2019-06-14,Russell Martin,fly_ball,89.6,53.2,243
2019-06-14,Willson Contreras,fly_ball,80.8,44.7,241
2019-06-14,Albert Almora,fly_ball,92.4,38.7,321
2019-06-14,Anthony Rizzo,fly_ball,91.2,30.1,337
2019-06-14,Javier Baez,fly_ball,106.1,41.8,371
2019-06-14,Juan Soto,fly_ball,85.6,47.7,273
2019-06-14,Brian Dozier,fly_ball,92,35.1,330
2019-06-14,Carson Kelly,fly_ball,98.7,33.5,398
2019-06-14,Victor Robles,fly_ball,83.9,33.4,316
2019-06-14,Howie Kendrick,fly_ball,103.7,40.9,354
2019-06-14,David Peralta,fly_ball,96.7,40,317
2019-06-14,Eduardo Escobar,fly_ball,95.5,24.3,361
2019-06-14,Kevin Cron,fly_ball,93.2,41.2,307
2019-06-14,Michael Taylor,fly_ball,97.7,38.6,344
2019-06-14,Nick Ahmed,fly_ball,103,28.7,414
2019-06-14,David Peralta,fly_ball,90.9,45.1,287
2019-06-14,Eduardo Escobar,fly_ball,86.2,31.8,326
2019-06-14,Anthony Rendon,fly_ball,103.7,31.5,414
2019-06-14,Anthony Rendon,fly_ball,80,43.6,260
2019-06-14,Howie Kendrick,fly_ball,95.2,26.4,318
2019-06-14,Michael Taylor,fly_ball,90.9,36.4,330
2019-06-14,Matt Carpenter,fly_ball,72.5,30.5,235
2019-06-14,Paul Goldschmidt,fly_ball,88.4,34.7,319
2019-06-14,Marcell Ozuna,fly_ball,100.6,35.2,372
2019-06-14,Matt Carpenter,fly_ball,95.4,37.1,350
2019-06-14,Todd Frazier,fly_ball,97.1,43.2,321
2019-06-14,Amed Rosario,fly_ball,88.2,41.8,293
2019-06-14,Jose Martinez,fly_ball,102.8,21.9,382
2019-06-14,Steven Matz,fly_ball,102.5,24.6,391
2019-06-14,Pete Alonso,fly_ball,91.7,49.3,269
2019-06-14,Dominic Smith,fly_ball,90.3,33.2,339
2019-06-14,Dexter Fowler,fly_ball,87.6,51.1,249
2019-06-14,Tommy Edman,fly_ball,80.2,33,297
2019-06-14,Dexter Fowler,fly_ball,101.5,26.6,407
2019-06-14,Paul DeJong,fly_ball,83.9,44.3,268
2019-06-14,Michael Conforto,fly_ball,90,31,342
2019-06-14,Mallex Smith,fly_ball,82.5,34.2,313
2019-06-14,Mark Canha,fly_ball,97.1,35,318
2019-06-14,Matt Olson,fly_ball,103.1,42.2,345
2019-06-14,Ramon Laureano,fly_ball,95.7,33.2,369
2019-06-14,Domingo Santana,fly_ball,94.2,38.4,345
2019-06-14,Matt Chapman,fly_ball,105.2,36.9,366
2019-06-14,Ramon Laureano,fly_ball,93.7,34.1,315
2019-06-14,Dee Gordon,fly_ball,77.1,31.6,283
2019-06-14,Marcus Semien,fly_ball,90.7,35.4,319
2019-06-14,Kyle Seager,fly_ball,92.5,44.2,297
2019-06-14,Mark Canha,fly_ball,76.4,30.1,290
2019-06-14,Matt Olson,fly_ball,79.8,42.9,277
2019-06-14,Omar Narvaez,fly_ball,99.1,39.8,354
2019-06-14,Tim Beckham,fly_ball,74.4,31.9,266
2019-06-14,Dee Gordon,fly_ball,80.2,34.8,293
2019-06-14,Mallex Smith,fly_ball,98.6,28.6,379
2019-06-14,Kyle Seager,fly_ball,71.6,48.9,208
2019-06-14,Chad Pinder,fly_ball,99.4,39.4,347
2019-06-14,Lorenzo Cain,fly_ball,84.9,51.5,255
2019-06-14,Brandon Belt,fly_ball,93.9,41.9,311
2019-06-14,Joe Panik,fly_ball,79.7,42.2,252
2019-06-14,Mike Moustakas,fly_ball,69.2,37.6,218
2019-06-14,Pablo Sandoval,fly_ball,103.9,25.2,379
2019-06-14,Buster Posey,fly_ball,89,51,275
2019-06-14,Evan Longoria,fly_ball,80.4,33.6,288
2019-06-14,Kevin Pillar,fly_ball,93.1,28.2,381
2019-06-14,Mike Yastrzemski,fly_ball,103.3,30.8,411
2019-06-14,Brandon Belt,fly_ball,86.6,41.3,286
2019-06-14,Lorenzo Cain,fly_ball,92.3,42.9,314
2019-06-14,David Fletcher,fly_ball,88.2,45.4,273
2019-06-14,Albert Pujols,fly_ball,84.4,30.5,324
2019-06-14,Avisail Garcia,fly_ball,98.7,27.8,405
2019-06-14,Yandy Díaz,fly_ball,91,47.2,281
2019-06-14,Tommy Pham,fly_ball,84.2,36.3,296
2019-06-14,Austin Meadows,fly_ball,95.3,36.6,343
2019-06-14,Mike Zunino,fly_ball,83.1,58.4,205
2019-06-14,Guillermo Heredia,fly_ball,98.7,26.3,399
2019-06-14,Tommy Pham,fly_ball,99.9,50.6,290
2019-06-14,David Fletcher,fly_ball,86.8,31.2,330
2019-06-14,Joey Wendle,fly_ball,81.8,31,306
2019-06-14,Kole Calhoun,fly_ball,96,50.1,294
2019-06-14,Ji-Man Choi,fly_ball,97.9,32.3,370
2019-06-14,Mike Trout,fly_ball,103,50,298
2019-06-14,Joey Wendle,fly_ball,85.9,41.7,293
2019-06-14,Jorge Polanco,fly_ball,89,34.3,299
2019-06-14,Cheslor Cuthbert,fly_ball,79.6,44.7,255
2019-06-14,Mitch Garver,fly_ball,74.9,36.1,262
2019-06-14,Billy Hamilton,fly_ball,71.2,30.3,223
2019-06-14,Whit Merrifield,fly_ball,90,27.4,342
2019-06-14,Mitch Garver,fly_ball,86.7,26.2,333
2019-06-14,Eddie Rosario,fly_ball,87.1,48.4,273
2019-06-14,Billy Hamilton,fly_ball,92.9,34.3,350
2019-06-14,Rhys Hoskins,fly_ball,90.9,36.1,330
2019-06-14,Jay Bruce,fly_ball,74.6,31.3,257
2019-06-14,Josh Donaldson,fly_ball,109.3,25.2,439
2019-06-14,Brian McCann,fly_ball,70.1,30,240
2019-06-14,Jay Bruce,fly_ball,100.2,41.1,349
2019-06-14,Freddie Freeman,fly_ball,99.4,32.2,393
2019-06-14,Sean Rodriguez,fly_ball,91.9,29.2,305
2019-06-14,Nick Markakis,fly_ball,93.3,34.6,344
2019-06-14,Ronald Acuna,fly_ball,96.8,35.1,363
2019-06-14,Freddie Freeman,fly_ball,101,29.3,412
2019-06-14,Bryce Harper,fly_ball,96.1,26.3,331
2019-06-14,Rhys Hoskins,fly_ball,107.3,22.9,429
2019-06-14,Brian McCann,fly_ball,93.7,38.4,352
2019-06-14,Cesar Hernandez,fly_ball,94.1,25.7,375
2019-06-14,Nick Williams,fly_ball,93,38.8,337
2019-06-14,Gleyber Torres,fly_ball,93.8,27.8,312
2019-06-14,Aaron Hicks,fly_ball,89.1,50.9,260
2019-06-14,Didi Gregorius,fly_ball,99.1,49.6,300
2019-06-14,Tim Anderson,fly_ball,97.4,25.5,382
2019-06-14,Clint Frazier,fly_ball,73.4,31.2,241
2019-06-14,Carlos Sanchez,fly_ball,70.9,26.2,211
2019-06-14,Eloy Jimenez,fly_ball,109.1,22.3,425
2019-06-14,DJ LeMahieu,fly_ball,90.8,36.6,346
2019-06-14,Harold Ramirez,fly_ball,98.8,43.9,327
2019-06-14,Bryan Reynolds,fly_ball,92.3,38.5,332
2019-06-14,Yadiel Rivera,fly_ball,84.9,29,313
2019-06-14,Adam Frazier,fly_ball,86.7,31.1,335
2019-06-14,Starling Marte,fly_ball,84.9,42.9,268
2019-06-14,Starlin Castro,fly_ball,96,34.1,364
2019-06-14,Elias Diaz,fly_ball,86.2,51.7,234
2019-06-14,Colin Moran,fly_ball,102.7,31,391
2019-06-14,Jose Osuna,fly_ball,106.9,34.9,400
2019-06-14,Bryan Reynolds,fly_ball,74.5,28.7,266
2019-06-14,Josh Bell,fly_ball,98.3,37.3,347
2019-06-14,Colin Moran,fly_ball,89.7,38.9,314
2019-06-15,J. D. Martinez,fly_ball,96.5,41.5,328
2019-06-15,Pedro Severino,fly_ball,75.5,45,233
2019-06-15,Michael Chavis,fly_ball,71,35.2,240
2019-06-15,Jonathan Villar,fly_ball,90.7,49.5,285
2019-06-15,Michael Chavis,fly_ball,92.1,29.4,366
2019-06-15,Jonathan Villar,fly_ball,93.8,40.5,322
2019-06-15,Andrew Benintendi,fly_ball,96.9,40.2,325
2019-06-15,J. D. Martinez,fly_ball,109.2,21.6,427
2019-06-15,Hanser Alberto,fly_ball,92.6,25.1,353
2019-06-15,Xander Bogaerts,fly_ball,100.4,45.6,320
2019-06-15,Tanner Roark,fly_ball,91.3,51.9,267
2019-06-15,Joey Votto,fly_ball,87.7,49.9,268
2019-06-15,Elvis Andrus,fly_ball,83.3,41.1,282
2019-06-15,Yasiel Puig,fly_ball,104.3,23.6,415
2019-06-15,Nomar Mazara,fly_ball,74.7,48.1,224
2019-06-15,Yasiel Puig,fly_ball,80.3,51.9,223
2019-06-15,Curt Casali,fly_ball,100.3,27.7,402
2019-06-15,Kyle Farmer,fly_ball,70.7,26,231
2019-06-15,Yasiel Puig,fly_ball,103.3,23.7,378
2019-06-15,Derek Dietrich,fly_ball,82.3,30.6,308
2019-06-15,German Marquez,fly_ball,88.8,32.1,372
2019-06-15,Charlie Blackmon,fly_ball,71.1,28.8,260
2019-06-15,Hunter Renfroe,fly_ball,81.6,27.3,311
2019-06-15,Charlie Blackmon,fly_ball,98.2,24.3,382
2019-06-15,Mark Reynolds,fly_ball,90.1,29.6,364
2019-06-15,Tony Wolters,fly_ball,86.8,33.7,345
2019-06-15,Charlie Blackmon,fly_ball,68.7,45.4,217
2019-06-15,Ian Desmond,fly_ball,102.9,29.2,419
2019-06-15,Mark Reynolds,fly_ball,98.1,49,301
2019-06-15,Josh Naylor,fly_ball,71.7,35.2,264
2019-06-15,Ian Desmond,fly_ball,85.1,23.9,291
2019-06-15,Trevor Story,fly_ball,89.7,48.4,288
2019-06-15,Oscar Mercado,fly_ball,93.3,33.6,338
2019-06-15,Nick Castellanos,fly_ball,94.6,25.6,354
2019-06-15,Leonys Martín,fly_ball,90.6,25.9,328
2019-06-15,Jose Ramirez,fly_ball,103.1,24.7,407
2019-06-15,Dawel Lugo,fly_ball,83.8,45.5,263
2019-06-15,Jordan Luplow,fly_ball,90.5,39,329
2019-06-15,Oscar Mercado,fly_ball,102.6,43.3,364
2019-06-15,Jason Kipnis,fly_ball,84.9,42.5,304
2019-06-15,Francisco Lindor,fly_ball,90.8,42.2,319
2019-06-15,Jordan Luplow,fly_ball,91.9,44.3,295
2019-06-15,Jose Ramirez,fly_ball,90.4,37.3,323
2019-06-15,Nick Castellanos,fly_ball,83.6,40.5,276
2019-06-15,Myles Straw,fly_ball,86.6,33.9,315
2019-06-15,Yordan Álvarez,fly_ball,109.6,21.5,439
2019-06-15,Eric Sogard,fly_ball,90.1,31.1,325
2019-06-15,Josh Reddick,fly_ball,101.1,27.8,401
2019-06-15,Danny Jansen,fly_ball,89.3,27.1,349
2019-06-15,Teoscar Hernandez,fly_ball,100.2,36.1,369
2019-06-15,Rowdy Tellez,fly_ball,94.2,52.5,269
2019-06-15,Javier Baez,fly_ball,85.5,33.1,320
2019-06-15,Alex Verdugo,fly_ball,109,23.8,459
2019-06-15,Austin Barnes,fly_ball,87.1,48.7,275
2019-06-15,Yu Darvish,fly_ball,76,47.5,226
2019-06-15,Kris Bryant,fly_ball,89.5,51,267
2019-06-15,Joc Pederson,fly_ball,95.9,53.8,278
2019-06-15,Javier Baez,fly_ball,105.4,43,353
2019-06-15,Cody Bellinger,fly_ball,95.6,50.1,275
2019-06-15,Kyle Schwarber,fly_ball,83.2,55.7,227
2019-06-15,Anthony Rizzo,fly_ball,105.9,35.3,408
2019-06-15,Ketel Marte,fly_ball,97.1,26.1,374
2019-06-15,Adam Jones,fly_ball,104.7,38.4,379
2019-06-15,Adam Eaton,fly_ball,84.2,35,306
2019-06-15,Juan Soto,fly_ball,101.2,27.3,399
2019-06-15,Matt Adams,fly_ball,104.9,36.8,409
2019-06-15,Christian Walker,fly_ball,100,34.6,380
2019-06-15,Yan Gomes,fly_ball,97.4,39.4,363
2019-06-15,Stephen Strasburg,fly_ball,95.6,34.8,346
2019-06-15,Anthony Rendon,fly_ball,70,47,219
2019-06-15,Ketel Marte,fly_ball,104.1,25.2,433
2019-06-15,Ildemaro Vargas,fly_ball,83.7,35.7,276
2019-06-15,David Peralta,fly_ball,82,57.6,210
2019-06-15,David Peralta,fly_ball,88.7,53.4,256
2019-06-15,Victor Robles,fly_ball,98.9,43.9,330
2019-06-15,Adam Jones,fly_ball,75.3,44.3,239
2019-06-15,Christian Walker,fly_ball,93.5,31.7,333
2019-06-15,Adam Eaton,fly_ball,84.9,53.2,236
2019-06-15,Kevin Cron,fly_ball,105.5,26.1,407
2019-06-15,Carson Kelly,fly_ball,96.4,37.1,364
2019-06-15,Yan Gomes,fly_ball,74.8,25.1,246
2019-06-15,Dexter Fowler,fly_ball,101.6,34.3,376
2019-06-15,Carlos Gomez,fly_ball,87.9,32.4,297
2019-06-15,Kolten Wong,fly_ball,74.4,33.6,274
2019-06-15,J. D. Davis,fly_ball,97.9,23.7,381
2019-06-15,Dexter Fowler,fly_ball,86.8,41.6,297
2019-06-15,Yairo Munoz,fly_ball,79.3,46.7,247
2019-06-15,Wilson Ramos,fly_ball,91.6,44,310
2019-06-15,Paul DeJong,fly_ball,88,32,318
2019-06-15,Dominic Smith,fly_ball,89.2,31.3,339
2019-06-15,Jeff McNeil,fly_ball,67.3,32.1,220
2019-06-15,J. P. Crawford,fly_ball,83.1,34.6,287
2019-06-15,Josh Phegley,fly_ball,90.9,34.5,280
2019-06-15,Marcus Semien,fly_ball,99.6,24.9,366
2019-06-15,Mark Canha,fly_ball,85.2,35.5,302
2019-06-15,Mallex Smith,fly_ball,87.5,45.7,288
2019-06-15,Matt Olson,fly_ball,102.6,51.4,293
2019-06-15,Omar Narvaez,fly_ball,87.5,34.7,315
2019-06-15,Mark Canha,fly_ball,97.1,46.8,302
2019-06-15,Kyle Seager,fly_ball,95.7,34,337
2019-06-15,Joe Panik,fly_ball,72.3,33.1,250
2019-06-15,Mike Moustakas,fly_ball,93.6,48.6,289
2019-06-15,Steven Duggar,fly_ball,100.3,22,360
2019-06-15,Manny Pina,fly_ball,107,25.9,398
2019-06-15,Hernan Perez,fly_ball,99.2,33.8,351
2019-06-15,Manny Pina,fly_ball,101,25.5,384
2019-06-15,Stephen Vogt,fly_ball,99.6,26.9,360
2019-06-15,Mike Moustakas,fly_ball,98.3,40.7,341
2019-06-15,Stephen Vogt,fly_ball,98.3,36.4,362
2019-06-15,Brandon Crawford,fly_ball,91.4,27.2,353
2019-06-15,Mike Yastrzemski,fly_ball,82.3,50.5,229
2019-06-15,Hernan Perez,fly_ball,85,30.7,308
2019-06-15,Christian Yelich,fly_ball,107.1,28.9,418
2019-06-15,Yasmani Grandal,fly_ball,84.3,23.6,296
2019-06-15,Brian Goodwin,fly_ball,69.1,33.7,232
2019-06-15,David Fletcher,fly_ball,92.5,25.3,347
2019-06-15,Ji-Man Choi,fly_ball,78.2,52,226
2019-06-15,Justin Bour,fly_ball,102.2,26.4,398
2019-06-15,Ji-Man Choi,fly_ball,74.1,33.1,271
2019-06-15,Justin Bour,fly_ball,91.9,52.7,239
2019-06-15,Austin Meadows,fly_ball,104.7,34.7,392
2019-06-15,Kevan Smith,fly_ball,100.3,29.7,378
2019-06-15,Austin Meadows,fly_ball,91.5,43,317
2019-06-15,Max Kepler,fly_ball,95.7,22.3,365
2019-06-15,Martin Maldonado,fly_ball,91.2,59.7,213
2019-06-15,C. J. Cron,fly_ball,98,40.1,341
2019-06-15,Ehire Adrianza,fly_ball,90.7,32.4,324
2019-06-15,Jorge Polanco,fly_ball,94.6,24,365
2019-06-15,Whit Merrifield,fly_ball,103.9,26.7,387
2019-06-15,Alex Gordon,fly_ball,100.9,30.6,373
2019-06-15,Lucas Duda,fly_ball,85.6,28.2,322
2019-06-15,Marwin Gonzalez,fly_ball,109.2,21.6,410
2019-06-15,Jonathan Schoop,fly_ball,77.9,46.2,252
2019-06-15,Billy Hamilton,fly_ball,75.1,42.1,267
2019-06-15,Mitch Garver,fly_ball,74.3,28.9,263
2019-06-15,Jorge Polanco,fly_ball,96.8,32.3,373
2019-06-15,Jorge Soler,fly_ball,77.3,36,277
2019-06-15,Josh Donaldson,fly_ball,70.8,33.3,243
2019-06-15,Sean Rodriguez,fly_ball,72.8,34,260
2019-06-15,Austin Riley,fly_ball,98.4,26.4,373
2019-06-15,Sean Rodriguez,fly_ball,83.3,47.3,249
2019-06-15,Cesar Hernandez,fly_ball,94.9,37.3,365
2019-06-15,Austin Riley,fly_ball,102.8,35.8,380
2019-06-15,J. T. Realmuto,fly_ball,102.4,48.5,309
2019-06-15,Rhys Hoskins,fly_ball,97.9,27.8,388
2019-06-15,Nick Markakis,fly_ball,91.7,41.2,318
2019-06-15,Jean Segura,fly_ball,79.9,44.1,260
2019-06-15,Freddie Freeman,fly_ball,73.7,40.8,256
2019-06-15,Gary Sanchez,fly_ball,107.3,42.9,365
2019-06-15,Gleyber Torres,fly_ball,90,26.6,348
2019-06-15,José Abreu,fly_ball,101,33.5,379
2019-06-15,Didi Gregorius,fly_ball,88,44.3,285
2019-06-15,Gleyber Torres,fly_ball,100.6,27,414
2019-06-15,Clint Frazier,fly_ball,89,32,336
2019-06-15,Carlos Sanchez,fly_ball,89.3,55.7,229
2019-06-15,Gleyber Torres,fly_ball,97.9,38.6,344
2019-06-15,Cameron Maybin,fly_ball,104.3,25.9,412
2019-06-15,Didi Gregorius,fly_ball,98.4,35.8,362
2019-06-15,Cameron Maybin,fly_ball,100.8,31.8,383
2019-06-15,Tim Anderson,fly_ball,82.4,45.9,264
2019-06-15,James McCann,fly_ball,103.9,24,408
2019-06-15,JT Riddle,fly_ball,93.1,44.5,317
2019-06-15,Curtis Granderson,fly_ball,83.7,39.9,291
2019-06-15,Corey Dickerson,fly_ball,103.1,21.2,377
2019-06-15,Starlin Castro,fly_ball,85.9,43.5,272
2019-06-15,Brian Anderson,fly_ball,73,35.2,234
2019-06-15,Josh Bell,fly_ball,99.4,40,351
2019-06-15,Garrett Cooper,fly_ball,75.4,33.1,272
2019-06-15,Miguel Rojas,fly_ball,77.6,35.9,264
2019-06-15,Corey Dickerson,fly_ball,75,25.1,248
2019-06-16,Christian Vazquez,fly_ball,78.2,36.9,298
2019-06-16,Michael Chavis,fly_ball,71.7,49.1,207
2019-06-16,Jackie Bradley,fly_ball,85.8,39,307
2019-06-16,Chris Davis,fly_ball,86.3,32.2,346
2019-06-16,Richie Martin,fly_ball,89.5,31.8,333
2019-06-16,Jonathan Villar,fly_ball,70.1,35.1,253
2019-06-16,Christian Vazquez,fly_ball,92.3,45.5,300
2019-06-16,Rafael Devers,fly_ball,72,32.6,251
2019-06-16,Hanser Alberto,fly_ball,88.9,35.4,331
2019-06-16,Mookie Betts,fly_ball,87.6,57.7,217
2019-06-16,Renato Nunez,fly_ball,86.7,29.5,320
2019-06-16,Marco Hernandez,fly_ball,100.5,27.2,395
2019-06-16,Mookie Betts,fly_ball,95,36.3,340
2019-06-16,Anthony Santander,fly_ball,93.4,32.8,328
2019-06-16,Jackie Bradley,fly_ball,78.2,41.7,257
2019-06-16,J. D. Martinez,fly_ball,90.6,56.6,237
2019-06-16,Stevie Wilkerson,fly_ball,99.5,28.7,386
2019-06-16,Shin-Soo Choo,fly_ball,108.8,22.3,415
2019-06-16,Joey Votto,fly_ball,98.2,29.8,369
2019-06-16,Derek Dietrich,fly_ball,96.4,32.7,369
2019-06-16,Jose Peraza,fly_ball,80.2,37.1,265
2019-06-16,Joey Votto,fly_ball,95.1,36,337
2019-06-16,Hunter Pence,fly_ball,105.5,25.2,421
2019-06-16,Tucker Barnhart,fly_ball,92.4,35.6,325
2019-06-16,Jesse Winker,fly_ball,97.4,36.2,359
2019-06-16,Derek Dietrich,fly_ball,94.6,31.8,337
2019-06-16,Yasiel Puig,fly_ball,106.7,20.5,423
2019-06-16,Shin-Soo Choo,fly_ball,99.7,44.5,332
2019-06-16,Jose Peraza,fly_ball,82,36.1,283
2019-06-16,Delino DeShields,fly_ball,88.3,45.3,295
2019-06-16,Yasiel Puig,fly_ball,87.4,49.8,264
2019-06-16,Asdrubal Cabrera,fly_ball,86,26.6,312
2019-06-16,Eric Hosmer,fly_ball,101,36.2,379
2019-06-16,Hunter Renfroe,fly_ball,101.5,46.3,377
2019-06-16,Manny Machado,fly_ball,90.4,33.7,352
2019-06-16,Hunter Renfroe,fly_ball,94.2,39.3,339
2019-06-16,Wil Myers,fly_ball,101.5,40.8,385
2019-06-16,Trevor Story,fly_ball,102.1,29.7,416
2019-06-16,Nolan Arenado,fly_ball,89.3,34.2,340
2019-06-16,Nolan Arenado,fly_ball,80.8,52.2,238
2019-06-16,Hunter Renfroe,fly_ball,105.1,29.2,456
2019-06-16,Hunter Renfroe,fly_ball,94.9,25.5,388
2019-06-16,Charlie Blackmon,fly_ball,85.8,48.6,278
2019-06-16,Carlos Santana,fly_ball,104.5,24.9,422
2019-06-16,Jose Ramirez,fly_ball,85.8,38.3,296
2019-06-16,Christin Stewart,fly_ball,98.2,52.3,271
2019-06-16,Gordon Beckham,fly_ball,72.7,44,220
2019-06-16,Leonys Martín,fly_ball,93.5,29.4,346
2019-06-16,Carlos Santana,fly_ball,92,31.7,359
2019-06-16,Oscar Mercado,fly_ball,72.5,27.2,234
2019-06-16,Gordon Beckham,fly_ball,88.7,31.2,335
2019-06-16,Tyler Naquin,fly_ball,90.7,52.2,256
2019-06-16,JaCoby Jones,fly_ball,90.4,57.7,223
2019-06-16,Tyler Naquin,fly_ball,94.2,51.4,260
2019-06-16,Brandon Dixon,fly_ball,96.6,46.4,306
2019-06-16,John Hicks,fly_ball,90,54.1,247
2019-06-16,Eric Sogard,fly_ball,94.6,30.9,370
2019-06-16,Rowdy Tellez,fly_ball,101.8,29.7,391
2019-06-16,Alex Bregman,fly_ball,75.5,43.3,243
2019-06-16,Freddy Galvis,fly_ball,83.6,38.7,312
2019-06-16,Jack Mayfield,fly_ball,87,54.2,243
2019-06-16,Cavan Biggio,fly_ball,79.4,44.3,257
2019-06-16,Danny Jansen,fly_ball,95.1,41.9,325
2019-06-16,Eric Sogard,fly_ball,90.7,37.5,331
2019-06-16,Lourdes Gurriel,fly_ball,109.6,26.5,452
2019-06-16,Rowdy Tellez,fly_ball,81.1,34,300
2019-06-16,Jack Mayfield,fly_ball,99,43.3,337
2019-06-16,Freddy Galvis,fly_ball,99.2,35.6,374
2019-06-16,Danny Jansen,fly_ball,96,32,352
2019-06-16,Rowdy Tellez,fly_ball,85.5,31.5,318
2019-06-16,Teoscar Hernandez,fly_ball,93,38.3,336
2019-06-16,Cavan Biggio,fly_ball,95.2,29.1,375
2019-06-16,Alex Bregman,fly_ball,87.4,32.6,330
2019-06-16,Eric Sogard,fly_ball,84,44.1,275
2019-06-16,Tony Kemp,fly_ball,86,38.1,301
2019-06-16,Myles Straw,fly_ball,85.6,38.6,303
2019-06-16,Teoscar Hernandez,fly_ball,100.2,34.2,378
2019-06-16,Enrique Hernandez,fly_ball,90.8,33.1,360
2019-06-16,Justin Turner,fly_ball,96.9,33.2,372
2019-06-16,Enrique Hernandez,fly_ball,78.3,46.5,230
2019-06-16,Kris Bryant,fly_ball,67.7,38.3,218
2019-06-16,Cody Bellinger,fly_ball,102.9,26.5,421
2019-06-16,Austin Barnes,fly_ball,96,39,343
2019-06-16,Ketel Marte,fly_ball,106.3,20.9,416
2019-06-16,Tim Locastro,fly_ball,92,34.4,328
2019-06-16,Caleb Joseph,fly_ball,81.8,30.5,315
2019-06-16,Zack Godley,fly_ball,90,31.8,318
2019-06-16,Matt Adams,fly_ball,107.9,22.7,399
2019-06-16,Nick Ahmed,fly_ball,93.6,32.7,360
2019-06-16,Anthony Rendon,fly_ball,87.1,54.5,236
2019-06-16,Eduardo Escobar,fly_ball,85.8,43.8,268
2019-06-16,Kurt Suzuki,fly_ball,98.8,26.3,397
2019-06-16,Victor Robles,fly_ball,86.2,47.2,263
2019-06-16,Nick Ahmed,fly_ball,73.2,37.5,229
2019-06-16,Trea Turner,fly_ball,84.7,29.1,297
2019-06-16,Anthony Rendon,fly_ball,102.3,25.2,402
2019-06-16,Matt Adams,fly_ball,91.4,30.9,336
2019-06-16,Tim Locastro,fly_ball,75.7,54.5,195
2019-06-16,Matt Carpenter,fly_ball,90,51.2,277
2019-06-16,Paul Goldschmidt,fly_ball,108.2,25.2,422
2019-06-16,Adeiny Hechavarria,fly_ball,95.3,31.4,321
2019-06-16,Kolten Wong,fly_ball,87.1,42,291
2019-06-16,Matt Carpenter,fly_ball,85.9,31.3,313
2019-06-16,Dexter Fowler,fly_ball,93.4,46.5,307
2019-06-16,J. D. Davis,fly_ball,99.4,47.8,302
2019-06-16,Paul DeJong,fly_ball,98.2,31.9,375
2019-06-16,Pete Alonso,fly_ball,84,52.5,221
2019-06-16,Adeiny Hechavarria,fly_ball,92.9,52.4,253
2019-06-16,Harrison Bader,fly_ball,90,43.3,299
2019-06-16,Marcus Semien,fly_ball,98.5,28,391
2019-06-16,Khris Davis,fly_ball,100.9,27.4,394
2019-06-16,Mallex Smith,fly_ball,105.7,26.2,380
2019-06-16,Matt Olson,fly_ball,100.9,49.1,294
2019-06-16,Ramon Laureano,fly_ball,109.7,22.9,433
2019-06-16,Jurickson Profar,fly_ball,94.9,35,348
2019-06-16,Kyle Seager,fly_ball,100,38.3,342
2019-06-16,Domingo Santana,fly_ball,95.7,41.3,327
2019-06-16,Tom Murphy,fly_ball,97,31.2,373
2019-06-16,Ben Gamel,fly_ball,71.1,49,201
2019-06-16,Evan Longoria,fly_ball,104.8,22.6,382
2019-06-16,Buster Posey,fly_ball,78.3,35.5,271
2019-06-16,Christian Yelich,fly_ball,100.7,24.9,381
2019-06-16,Ryan Braun,fly_ball,91.1,33.9,357
2019-06-16,Eric Thames,fly_ball,101.4,40.9,366
2019-06-16,Brandon Belt,fly_ball,100.9,41.9,324
2019-06-16,Jesus Aguilar,fly_ball,108.3,28.8,412
2019-06-16,Pablo Sandoval,fly_ball,94.2,40.7,318
2019-06-16,Joe Panik,fly_ball,88.2,48,269
2019-06-16,Orlando Arcia,fly_ball,94.3,38.8,327
2019-06-16,Brandon Belt,fly_ball,98.6,27.1,380
2019-06-16,Mike Moustakas,fly_ball,89.4,49.7,283
2019-06-16,Yasmani Grandal,fly_ball,86.3,31.3,308
2019-06-16,Joe Panik,fly_ball,90.1,37.3,311
2019-06-16,Albert Pujols,fly_ball,99.2,34.6,368
2019-06-16,Brandon Lowe,fly_ball,106,30.1,404
2019-06-16,David Fletcher,fly_ball,82.8,29.8,323
2019-06-16,Tommy Pham,fly_ball,78.9,28.9,268
2019-06-16,Kevin Kiermaier,fly_ball,93.5,28.5,364
2019-06-16,Joey Wendle,fly_ball,84.4,44.3,278
2019-06-16,Austin Meadows,fly_ball,90.3,50.9,263
2019-06-16,Tommy Pham,fly_ball,104.1,29.6,419
2019-06-16,Tommy La Stella,fly_ball,92.1,53.8,260
2019-06-16,Ji-Man Choi,fly_ball,104.7,35.5,388
2019-06-16,Mike Trout,fly_ball,98.5,39.8,355
2019-06-16,Albert Pujols,fly_ball,88.9,28.7,325
2019-06-16,David Fletcher,fly_ball,86.6,30.4,319
2019-06-16,Mike Trout,fly_ball,104.6,28,413
2019-06-16,Jorge Polanco,fly_ball,94.4,39.4,329
2019-06-16,Adalberto Mondesi,fly_ball,100.1,29.4,374
2019-06-16,Jorge Soler,fly_ball,109.1,39.2,390
2019-06-16,Jorge Polanco,fly_ball,88.7,56.9,212
2019-06-16,Miguel Sano,fly_ball,108.1,31.7,432
2019-06-16,Jason Castro,fly_ball,96.3,31.8,340
2019-06-16,Jason Castro,fly_ball,86.7,43.2,280
2019-06-16,Jorge Bonifacio,fly_ball,95.9,47,291
2019-06-16,Jorge Polanco,fly_ball,92.4,27.2,319
2019-06-16,Nelson Cruz,fly_ball,109.1,25.7,413
2019-06-16,Mitch Garver,fly_ball,94.9,32.6,346
2019-06-16,Jorge Bonifacio,fly_ball,97.8,26.1,388
2019-06-16,Nicky Lopez,fly_ball,70.1,31.2,236
2019-06-16,Marwin Gonzalez,fly_ball,86.9,56.5,228
2019-06-16,Mitch Garver,fly_ball,96.1,46.9,293
2019-06-16,Bryce Harper,fly_ball,108.1,53.7,298
2019-06-16,Scott Kingery,fly_ball,100.8,25.1,376
2019-06-16,Dansby Swanson,fly_ball,81.3,37.6,277
2019-06-16,Josh Donaldson,fly_ball,103.6,22.6,398
2019-06-16,Nick Williams,fly_ball,79.7,43.3,279
2019-06-16,Dansby Swanson,fly_ball,100.6,26.2,383
2019-06-16,Austin Riley,fly_ball,98.8,24,369
2019-06-16,Maikel Franco,fly_ball,78.4,39.3,263
2019-06-16,Dansby Swanson,fly_ball,100.3,36.2,393
2019-06-16,Freddie Freeman,fly_ball,71.2,39.9,251
2019-06-16,Nick Markakis,fly_ball,92.2,29.8,332
2019-06-16,Austin Riley,fly_ball,90.1,37.1,330
2019-06-16,Tyler Flowers,fly_ball,105.2,27.3,441
2019-06-16,Ronald Acuna,fly_ball,105,25.5,411
2019-06-16,Dansby Swanson,fly_ball,87.2,32.9,344
2019-06-16,Cesar Hernandez,fly_ball,93,32.2,332
2019-06-16,Ronald Acuna,fly_ball,97.1,55.1,267
2019-06-16,Gio Urshela,fly_ball,88.2,33.4,319
2019-06-16,Clint Frazier,fly_ball,75.1,32.3,244
2019-06-16,Gio Urshela,fly_ball,95.6,26.2,383
2019-06-16,Tim Anderson,fly_ball,88,32.4,333
2019-06-16,Clint Frazier,fly_ball,67.3,37.4,205
2019-06-16,Cameron Maybin,fly_ball,103.8,20.3,410
2019-06-16,Gio Urshela,fly_ball,90.6,42,300
2019-06-16,James McCann,fly_ball,106.5,29.5,418
2019-06-16,Kevin Newman,fly_ball,79,35.9,250
2019-06-16,Brian Anderson,fly_ball,84.4,45.3,265
2019-06-16,Gregory Polanco,fly_ball,83.7,55.2,228
2019-06-16,Bryan Reynolds,fly_ball,92.5,31.8,360
2019-06-16,Miguel Rojas,fly_ball,93.7,32,343
2019-06-16,Starlin Castro,fly_ball,98.5,37.1,351
2019-06-16,Garrett Cooper,fly_ball,97.7,30.3,345
2019-06-16,Josh Bell,fly_ball,94.2,28,354
2019-06-16,Jacob Stallings,fly_ball,86.6,27.3,327
2019-06-16,Bryan Holaday,fly_ball,84.8,37.9,293
2019-06-16,Curtis Granderson,fly_ball,94.5,33,338
2019-06-16,Colin Moran,fly_ball,98.4,43.3,324
2019-06-16,Josh Bell,fly_ball,100.2,40.2,342
2019-06-17,Yordan Álvarez,fly_ball,72.2,24.6,245
2019-06-17,Jose Peraza,fly_ball,66.9,28.9,203
2019-06-17,Yordan Álvarez,fly_ball,95.7,33.5,363
2019-06-17,Michael Brantley,fly_ball,92.1,55.7,240
2019-06-17,Yordan Álvarez,fly_ball,87.9,38.1,316
2019-06-17,Nick Senzel,fly_ball,96,34.7,336
2019-06-17,Eugenio Suarez,fly_ball,90.2,27.6,346
2019-06-17,Yuli Gurriel,fly_ball,73.4,27.3,257
2019-06-17,Pablo Sandoval,fly_ball,88.1,24.4,312
2019-06-17,Joc Pederson,fly_ball,92,43.4,315
2019-06-17,Alex Verdugo,fly_ball,90.6,42.9,299
2019-06-17,Brandon Crawford,fly_ball,91.6,30.4,349
2019-06-17,Max Muncy,fly_ball,107.3,31.1,433
2019-06-17,Matt Beaty,fly_ball,81,48,241
2019-06-17,Joe Panik,fly_ball,78.8,29.9,285
2019-06-17,David Freese,fly_ball,97.4,53.5,279
2019-06-17,Evan Longoria,fly_ball,96,30.3,367
2019-06-17,Brandon Crawford,fly_ball,79.7,41.3,264
2019-06-17,Justin Turner,fly_ball,87.9,33.6,315
2019-06-17,Chris Davis,fly_ball,100.5,42.8,328
2019-06-17,Robbie Grossman,fly_ball,89.8,29.3,316
2019-06-17,Jurickson Profar,fly_ball,95.9,51.3,266
2019-06-17,Anthony Santander,fly_ball,90,52.9,251
2019-06-17,Ramon Laureano,fly_ball,91.9,38.1,328
2019-06-17,Robbie Grossman,fly_ball,87.8,45.8,288
2019-06-17,Marcus Semien,fly_ball,85.9,36.8,309
2019-06-17,Matt Chapman,fly_ball,87.9,36.3,305
2019-06-17,Trey Mancini,fly_ball,92.9,41.9,296
2019-06-17,Khris Davis,fly_ball,91,48,282
2019-06-17,Robbie Grossman,fly_ball,73.5,44.7,227
2019-06-17,Stevie Wilkerson,fly_ball,94.4,30.5,374
2019-06-17,Robbie Grossman,fly_ball,93.9,43.3,310
2019-06-17,Lorenzo Cain,fly_ball,99.2,29.6,370
2019-06-17,Wil Myers,fly_ball,87.9,45.7,272
2019-06-17,Yasmani Grandal,fly_ball,101.8,37,365
2019-06-17,Manny Machado,fly_ball,109.1,21.4,414
2019-06-17,Hunter Renfroe,fly_ball,99,51.7,263
2019-06-17,Austin Hedges,fly_ball,101.9,35.8,381
2019-06-17,Hernan Perez,fly_ball,94.3,22.1,329
2019-06-17,Hunter Renfroe,fly_ball,108.3,40.7,374
2019-06-17,Franmil Reyes,fly_ball,95.9,46.4,297
2019-06-17,Austin Hedges,fly_ball,71.3,30.2,249
2019-06-17,Ryan Braun,fly_ball,82.4,43.5,243
2019-06-17,Mallex Smith,fly_ball,73.5,25,247
2019-06-17,Domingo Santana,fly_ball,72.2,30.3,221
2019-06-17,Martin Maldonado,fly_ball,92.6,33.9,320
2019-06-17,Tom Murphy,fly_ball,109.6,22.9,430
2019-06-17,Jorge Soler,fly_ball,102.9,27.2,396
2019-06-17,Cheslor Cuthbert,fly_ball,79.7,47.9,235
2019-06-17,Martin Maldonado,fly_ball,102,33.8,384
2019-06-17,Paul Goldschmidt,fly_ball,94.1,53.5,258
2019-06-17,Starlin Castro,fly_ball,87.1,41.7,299
2019-06-17,Harrison Bader,fly_ball,93.3,36.7,344
2019-06-17,Matt Carpenter,fly_ball,99.8,34.2,394
2019-06-17,Paul DeJong,fly_ball,81.8,33.1,312
2019-06-17,Paul Goldschmidt,fly_ball,78.5,40.1,258
2019-06-17,Kolten Wong,fly_ball,84.7,31,325
2019-06-17,Dexter Fowler,fly_ball,73.5,32,270
2019-06-17,Kolten Wong,fly_ball,91.5,40.1,320
2019-06-17,Curtis Granderson,fly_ball,94.2,56.2,259
2019-06-17,Jason Kipnis,fly_ball,89,43.1,308
2019-06-17,Rougned Odor,fly_ball,103.4,47.6,322
2019-06-17,Jason Kipnis,fly_ball,99.4,26.2,386
2019-06-17,Jose Ramirez,fly_ball,81.9,33.4,298
2019-06-17,Roberto Perez,fly_ball,99.7,38.7,358
2019-06-17,Elvis Andrus,fly_ball,84.9,38.1,297
2019-06-17,Danny Santana,fly_ball,107,31.4,413
2019-06-17,Jose Ramirez,fly_ball,74.9,33.8,243
2019-06-17,Oscar Mercado,fly_ball,94.4,31.3,362
2019-06-17,Cavan Biggio,fly_ball,100.8,32,410
2019-06-17,Justin Upton,fly_ball,109.3,24.8,424
2019-06-17,Kole Calhoun,fly_ball,99.5,27.3,386
2019-06-17,Justin Bour,fly_ball,97.5,25.1,385
2019-06-17,Shohei Ohtani,fly_ball,99.6,29.1,375
2019-06-17,Justin Bour,fly_ball,100.1,22.7,396
2019-06-17,Kole Calhoun,fly_ball,86.8,30,312
2019-06-17,David Fletcher,fly_ball,97.3,23.9,396
2019-06-17,Justin Bour,fly_ball,94.4,26.4,345
2019-06-17,Tommy La Stella,fly_ball,89.9,39,315
2019-06-17,Mike Trout,fly_ball,110.6,23,456
2019-06-17,Eric Sogard,fly_ball,66.8,32.6,217
2019-06-17,Randal Grichuk,fly_ball,107.5,22.9,422
2019-06-17,Eric Sogard,fly_ball,71.2,34.8,249
2019-06-17,Cavan Biggio,fly_ball,99.9,33.2,375
2019-06-17,Eddie Rosario,fly_ball,100.2,37.5,364
2019-06-17,C. J. Cron,fly_ball,83.9,36.5,290
2019-06-17,J. D. Martinez,fly_ball,89.4,38.2,294
2019-06-17,Eddie Rosario,fly_ball,89.8,31,340
2019-06-17,Andrew Benintendi,fly_ball,87.9,50,268
2019-06-17,J. D. Martinez,fly_ball,78.9,41.6,263
2019-06-17,Marwin Gonzalez,fly_ball,96.1,35.6,350
2019-06-17,Jason Castro,fly_ball,81.6,38.4,272
2019-06-17,Rafael Devers,fly_ball,80.8,54.1,210
2019-06-17,C. J. Cron,fly_ball,82.7,32.3,307
2019-06-17,Ronald Acuna,fly_ball,104.8,38.3,390
2019-06-17,Todd Frazier,fly_ball,82.7,41.5,287
2019-06-17,Josh Donaldson,fly_ball,77.1,31.7,270
2019-06-17,Ronald Acuna,fly_ball,68.9,34.3,243
2019-06-17,Todd Frazier,fly_ball,97.4,41.9,362
2019-06-17,Amed Rosario,fly_ball,93.3,29.2,335
2019-06-17,Josh Donaldson,fly_ball,101.9,39.1,364
2019-06-17,Brian McCann,fly_ball,104.5,27.7,405
2019-06-17,Ozzie Albies,fly_ball,106.6,33.4,421
2019-06-17,Ji-Man Choi,fly_ball,94.9,53.9,246
2019-06-17,DJ LeMahieu,fly_ball,103.4,27.2,410
2019-06-17,Tommy Pham,fly_ball,91.2,29.3,324
2019-06-17,Edwin Encarnacion,fly_ball,90.2,31.2,336
2019-06-18,Nolan Arenado,fly_ball,102.2,34.2,401
2019-06-18,Daniel Murphy,fly_ball,77,49.5,222
2019-06-18,Eduardo Escobar,fly_ball,95.7,38.1,346
2019-06-18,Ryan McMahon,fly_ball,100.9,42.9,349
2019-06-18,Antonio Senzatela,fly_ball,98.9,45.7,332
2019-06-18,Charlie Blackmon,fly_ball,74,27.8,244
2019-06-18,Tony Wolters,fly_ball,77.4,37.9,272
2019-06-18,Eduardo Escobar,fly_ball,90.9,35.3,301
2019-06-18,Adam Jones,fly_ball,77.8,41.4,260
2019-06-18,Ryan Cordell,fly_ball,86.2,39.1,301
2019-06-18,Jason Heyward,fly_ball,77.3,37.3,266
2019-06-18,Kyle Schwarber,fly_ball,95.5,45.8,300
2019-06-18,Victor Caratini,fly_ball,91.5,39.1,321
2019-06-18,Ryan Cordell,fly_ball,88.7,33.5,309
2019-06-18,Carlos Sanchez,fly_ball,84.4,55.3,219
2019-06-18,Carlos Gonzalez,fly_ball,85.2,43.1,277
2019-06-18,Kyle Schwarber,fly_ball,89.7,30.4,344
2019-06-18,Carlos Sanchez,fly_ball,93.7,39.7,299
2019-06-18,Kris Bryant,fly_ball,84.3,46.5,255
2019-06-18,Eloy Jimenez,fly_ball,99.2,31.5,397
2019-06-18,Jason Heyward,fly_ball,102.8,44.2,335
2019-06-18,Yordan Álvarez,fly_ball,93.9,24.5,349
2019-06-18,Jesse Winker,fly_ball,101,28.2,368
2019-06-18,Joey Votto,fly_ball,77.8,54.2,218
2019-06-18,Derek Dietrich,fly_ball,88.2,33.1,339
2019-06-18,Tony Kemp,fly_ball,80.1,29.9,304
2019-06-18,Jake Marisnick,fly_ball,91.2,28.5,348
2019-06-18,Alex Bregman,fly_ball,83.4,49.7,262
2019-06-18,Yasiel Puig,fly_ball,97.7,56.9,235
2019-06-18,Jose Peraza,fly_ball,89.4,31.9,335
2019-06-18,Kyle Farmer,fly_ball,100.4,34,387
2019-06-18,Alex Bregman,fly_ball,99.5,23.8,397
2019-06-18,Michael Brantley,fly_ball,69.8,28.8,242
2019-06-18,Joey Votto,fly_ball,85.8,30.2,328
2019-06-18,Eugenio Suarez,fly_ball,90.4,28.9,340
2019-06-18,Brandon Belt,fly_ball,91.9,46.9,298
2019-06-18,Joc Pederson,fly_ball,103.5,22.5,391
2019-06-18,Buster Posey,fly_ball,89.3,54,237
2019-06-18,Alex Verdugo,fly_ball,95.6,29.9,357
2019-06-18,Tyler Austin,fly_ball,99.8,34.8,370
2019-06-18,Alex Verdugo,fly_ball,70.6,38.4,216
2019-06-18,Enrique Hernandez,fly_ball,108.3,23.2,416
2019-06-18,Stephen Piscotty,fly_ball,93.7,34.5,341
2019-06-18,Keon Broxton,fly_ball,91.5,36.1,320
2019-06-18,Beau Taylor,fly_ball,102.8,29,416
2019-06-18,Trey Mancini,fly_ball,95.4,38,343
2019-06-18,Renato Nunez,fly_ball,99.4,26.4,386
2019-06-18,Matt Olson,fly_ball,102,26.1,374
2019-06-18,Ramon Laureano,fly_ball,104.5,24.6,418
2019-06-18,Jonathan Villar,fly_ball,105.6,30.4,407
2019-06-18,Pedro Severino,fly_ball,70.4,26.2,239
2019-06-18,Robbie Grossman,fly_ball,100.5,24.7,395
2019-06-18,Khris Davis,fly_ball,102,31.6,382
2019-06-18,Stephen Piscotty,fly_ball,104.8,26.8,418
2019-06-18,Jurickson Profar,fly_ball,95,37.1,349
2019-06-18,Beau Taylor,fly_ball,96.8,27.2,323
2019-06-18,Chad Pinder,fly_ball,102.5,24.7,381
2019-06-18,Niko Goodrum,fly_ball,82.9,47.6,277
2019-06-18,Christin Stewart,fly_ball,89.7,49.2,271
2019-06-18,Josh Bell,fly_ball,106.9,26.3,419
2019-06-18,Elias Diaz,fly_ball,98.1,28,362
2019-06-18,Kevin Newman,fly_ball,93.4,38.5,336
2019-06-18,Josh Bell,fly_ball,95,59.9,230
2019-06-18,Adam Frazier,fly_ball,76.6,36.5,274
2019-06-18,Melky Cabrera,fly_ball,94.4,42,325
2019-06-18,Niko Goodrum,fly_ball,89.5,55.1,246
2019-06-18,Elias Diaz,fly_ball,96.3,44.9,335
2019-06-18,Niko Goodrum,fly_ball,88.6,49.2,273
2019-06-18,Manny Machado,fly_ball,95.8,30.9,347
2019-06-18,Hunter Renfroe,fly_ball,94.3,32.8,353
2019-06-18,Mike Moustakas,fly_ball,88.3,36.4,309
2019-06-18,Jesus Aguilar,fly_ball,87,36,319
2019-06-18,Francisco Mejia,fly_ball,93.8,29.5,359
2019-06-18,Christian Yelich,fly_ball,86.9,42.4,286
2019-06-18,Francisco Mejia,fly_ball,105.6,28.3,405
2019-06-18,Manuel Margot,fly_ball,69.1,44.9,207
2019-06-18,Mallex Smith,fly_ball,94.2,33.5,362
2019-06-18,J. P. Crawford,fly_ball,99.9,31.8,354
2019-06-18,Whit Merrifield,fly_ball,90,58.8,208
2019-06-18,Jorge Soler,fly_ball,107.3,31.9,397
2019-06-18,Billy Hamilton,fly_ball,69.4,27.2,232
2019-06-18,Whit Merrifield,fly_ball,102.3,29.3,374
2019-06-18,Tom Murphy,fly_ball,84.4,50.4,239
2019-06-18,Mallex Smith,fly_ball,79,45.3,250
2019-06-18,Whit Merrifield,fly_ball,95.8,27.9,334
2019-06-18,Lucas Duda,fly_ball,96.1,47.3,292
2019-06-18,Omar Narvaez,fly_ball,88.4,37.3,298
2019-06-18,Martin Maldonado,fly_ball,97.6,25.3,368
2019-06-18,Nicky Lopez,fly_ball,83.6,53.5,228
2019-06-18,Whit Merrifield,fly_ball,99.9,29.1,388
2019-06-18,Mallex Smith,fly_ball,89.7,56,216
2019-06-18,J. P. Crawford,fly_ball,73.8,26.9,254
2019-06-18,Omar Narvaez,fly_ball,88.8,36.9,307
2019-06-18,Matt Carpenter,fly_ball,104.3,35.8,401
2019-06-18,Marcell Ozuna,fly_ball,102.7,52.6,289
2019-06-18,Brian Anderson,fly_ball,98.7,40.4,349
2019-06-18,Austin Dean,fly_ball,80.7,52.9,232
2019-06-18,Yadier Molina,fly_ball,85.6,40.1,303
2019-06-18,Brian Anderson,fly_ball,99.3,26.5,375
2019-06-18,JT Riddle,fly_ball,101.7,29.6,390
2019-06-18,Brian Anderson,fly_ball,102,32.8,400
2019-06-18,Yadiel Rivera,fly_ball,92.7,40,328
2019-06-18,Dexter Fowler,fly_ball,93.1,34.4,357
2019-06-18,Matt Wieters,fly_ball,96,38.5,335
2019-06-18,Jose Ramirez,fly_ball,73.1,42.2,236
2019-06-18,Danny Santana,fly_ball,93.2,38.9,329
2019-06-18,Nomar Mazara,fly_ball,100.5,35.7,370
2019-06-18,Jose Ramirez,fly_ball,105.5,32.9,431
2019-06-18,Jeff Mathis,fly_ball,78,45.6,248
2019-06-18,Jason Kipnis,fly_ball,67.7,28.6,236
2019-06-18,Jose Ramirez,fly_ball,95.8,34.6,375
2019-06-18,Tyler Naquin,fly_ball,74.1,39.2,248
2019-06-18,Rougned Odor,fly_ball,110.2,33.8,436
2019-06-18,Jeff Mathis,fly_ball,85.4,30.5,318
2019-06-18,Jason Kipnis,fly_ball,77.3,44.9,251
2019-06-18,Jake Bauers,fly_ball,101.4,23.5,390
2019-06-18,Roberto Perez,fly_ball,105.3,26.7,436
2019-06-18,Tyler Naquin,fly_ball,105.9,24.9,416
2019-06-18,Willie Calhoun,fly_ball,88.3,49.2,284
2019-06-18,Asdrubal Cabrera,fly_ball,93.6,47.3,313
2019-06-18,Rougned Odor,fly_ball,91.2,55.8,246
2019-06-18,Mike Trout,fly_ball,100.7,39.7,354
2019-06-18,Luis Rengifo,fly_ball,73.9,42,228
2019-06-18,Danny Jansen,fly_ball,78.4,48.9,234
2019-06-18,Albert Pujols,fly_ball,94,35.2,340
2019-06-18,Lourdes Gurriel,fly_ball,102.2,29.2,398
2019-06-18,Kole Calhoun,fly_ball,106,32,383
2019-06-18,Brian Goodwin,fly_ball,104.6,25.4,393
2019-06-18,Cavan Biggio,fly_ball,84.5,43.2,278
2019-06-18,Luis Rengifo,fly_ball,67.8,34.7,208
2019-06-18,Danny Jansen,fly_ball,98.8,34.8,365
2019-06-18,Mitch Garver,fly_ball,96.3,52.6,274
2019-06-18,Nelson Cruz,fly_ball,84.2,42.3,276
2019-06-18,Eddie Rosario,fly_ball,91.1,37.7,329
2019-06-18,Xander Bogaerts,fly_ball,92.5,40.7,319
2019-06-18,Brock Holt,fly_ball,96.1,26.3,373
2019-06-18,Jackie Bradley,fly_ball,98.2,47,302
2019-06-18,Jake Cave,fly_ball,99.3,27.6,391
2019-06-18,Jorge Polanco,fly_ball,85.9,37.6,298
2019-06-18,Jackie Bradley,fly_ball,85.5,38.8,302
2019-06-18,J. D. Martinez,fly_ball,89.5,35.1,321
2019-06-18,Rafael Devers,fly_ball,97.1,27.3,374
2019-06-18,Jorge Polanco,fly_ball,98.9,27.2,393
2019-06-18,Christian Vazquez,fly_ball,89.5,24,292
2019-06-18,Xander Bogaerts,fly_ball,87.2,44.7,272
2019-06-18,Christian Vazquez,fly_ball,73.6,42.2,237
2019-06-18,Mookie Betts,fly_ball,99.2,33.1,361
2019-06-18,Xander Bogaerts,fly_ball,95.1,29.4,362
2019-06-18,Jorge Polanco,fly_ball,81.4,29.1,303
2019-06-18,C. J. Cron,fly_ball,95.2,34.2,339
2019-06-18,Mookie Betts,fly_ball,105,27.9,380
2019-06-18,Xander Bogaerts,fly_ball,86.7,31.5,312
2019-06-18,Max Kepler,fly_ball,99.7,29.6,391
2019-06-18,Jorge Polanco,fly_ball,90.6,48.3,277
2019-06-18,Xander Bogaerts,fly_ball,81.8,47.3,256
2019-06-18,Jeff McNeil,fly_ball,90.9,31,346
2019-06-18,Michael Conforto,fly_ball,99.2,40.3,344
2019-06-18,Ronald Acuna,fly_ball,97.7,33.4,367
2019-06-18,Amed Rosario,fly_ball,88.6,33.4,307
2019-06-18,Michael Conforto,fly_ball,101,24.7,388
2019-06-18,Pete Alonso,fly_ball,108,32.9,426
2019-06-18,Robinson Cano,fly_ball,85,41.1,301
2019-06-18,Michael Conforto,fly_ball,84.5,34.1,328
2019-06-18,Josh Donaldson,fly_ball,72,26.6,225
2019-06-18,Michael Conforto,fly_ball,110.4,39.4,409
2019-06-18,Ronald Acuna,fly_ball,90.3,35.7,315
2019-06-18,Jeff McNeil,fly_ball,102.8,33.1,406
2019-06-18,Freddie Freeman,fly_ball,101.8,27.7,395
2019-06-18,Josh Donaldson,fly_ball,106.9,33.4,423
2019-06-18,Gary Sanchez,fly_ball,103.6,21.5,384
2019-06-18,Travis d'Arnaud,fly_ball,92,50.2,277
2019-06-18,Kevin Kiermaier,fly_ball,84.9,40.4,275
2019-06-18,Cameron Maybin,fly_ball,86.6,28,318
2019-06-18,Aaron Hicks,fly_ball,94.3,44.5,305
2019-06-18,Guillermo Heredia,fly_ball,81.9,30.1,295
2019-06-18,Avisail Garcia,fly_ball,96.6,25.2,371
2019-06-18,Gleyber Torres,fly_ball,70.5,29.7,246
2019-06-18,Didi Gregorius,fly_ball,91.2,56.3,242
2019-06-18,Cameron Maybin,fly_ball,109.6,31.5,429
2019-06-18,Luke Voit,fly_ball,92.8,32.3,329
2019-06-18,Edwin Encarnacion,fly_ball,102.9,24.2,380
2019-06-19,Charlie Blackmon,fly_ball,99.7,20.9,369
2019-06-19,Carson Kelly,fly_ball,93.2,26.2,371
2019-06-19,Pat Valaika,fly_ball,80.6,44.4,264
2019-06-19,Kevin Cron,fly_ball,103.5,29.9,413
2019-06-19,Leury Garcia,fly_ball,107.4,25.4,429
2019-06-19,Tim Anderson,fly_ball,94.1,55.7,245
2019-06-19,Carlos Sanchez,fly_ball,92.8,28,322
2019-06-19,José Abreu,fly_ball,83.4,48.7,245
2019-06-19,James McCann,fly_ball,107.9,21.6,419
2019-06-19,David Bote,fly_ball,103.3,22.7,407
2019-06-19,Javier Baez,fly_ball,68.8,31.2,218
2019-06-19,Yoan Moncada,fly_ball,95.8,44.2,313
2019-06-19,Jason Heyward,fly_ball,87,41.9,270
2019-06-19,Michael Brantley,fly_ball,66.2,33.7,213
2019-06-19,Garrett Stubbs,fly_ball,84.7,30.2,300
2019-06-19,Josh Reddick,fly_ball,89.2,27.7,335
2019-06-19,Yuli Gurriel,fly_ball,85.2,47.4,261
2019-06-19,Nick Senzel,fly_ball,88.6,42.7,300
2019-06-19,Michael Brantley,fly_ball,101.9,28.3,438
2019-06-19,José Iglesias,fly_ball,93.1,52.5,282
2019-06-19,Josh Reddick,fly_ball,82.6,38.2,280
2019-06-19,Tyler White,fly_ball,76.2,37.8,223
2019-06-19,Jose Peraza,fly_ball,95.6,23,370
2019-06-19,Chris Taylor,fly_ball,94.5,28.3,379
2019-06-19,Evan Longoria,fly_ball,68.5,35.4,238
2019-06-19,Kyle Garlick,fly_ball,100,29.1,413
2019-06-19,Mike Yastrzemski,fly_ball,96.1,46.3,300
2019-06-19,Alex Verdugo,fly_ball,90.9,27,323
2019-06-19,Tyler Austin,fly_ball,106.5,37.8,389
2019-06-19,Buster Posey,fly_ball,79.5,51.2,206
2019-06-19,Brandon Belt,fly_ball,96.7,52.6,273
2019-06-19,Cody Bellinger,fly_ball,82.6,51.9,235
2019-06-19,Chris Taylor,fly_ball,105.6,25.7,426
2019-06-19,Mike Yastrzemski,fly_ball,98.2,30.2,384
2019-06-19,Enrique Hernandez,fly_ball,93.9,24.1,362
2019-06-19,Evan Longoria,fly_ball,87.5,46.3,280
2019-06-19,Cody Bellinger,fly_ball,104.8,23,416
2019-06-19,Chris Taylor,fly_ball,78.3,37.7,282
2019-06-19,Joc Pederson,fly_ball,102,49.8,295
2019-06-19,Jean Segura,fly_ball,89,47,286
2019-06-19,Scott Kingery,fly_ball,103.5,37.4,387
2019-06-19,Scott Kingery,fly_ball,92,42.2,310
2019-06-19,Brian Dozier,fly_ball,95.2,36.8,358
2019-06-19,Gerardo Parra,fly_ball,102.7,27,376
2019-06-19,Bryce Harper,fly_ball,94.9,34.7,321
2019-06-19,Jay Bruce,fly_ball,91.4,49.7,269
2019-06-19,Andrew Knapp,fly_ball,93.8,56.5,257
2019-06-19,Brian Dozier,fly_ball,100.3,31.3,382
2019-06-19,Adam Eaton,fly_ball,96.1,59.8,240
2019-06-19,Anthony Rendon,fly_ball,99.2,42.2,336
2019-06-19,Victor Robles,fly_ball,103.5,24.8,401
2019-06-19,Gerardo Parra,fly_ball,92.6,32.6,347
2019-06-19,Anthony Santander,fly_ball,74.3,29.5,254
2019-06-19,Matt Olson,fly_ball,106.4,44.9,343
2019-06-19,Stephen Piscotty,fly_ball,86.1,35,306
2019-06-19,Stevie Wilkerson,fly_ball,74.4,42,225
2019-06-19,Chad Pinder,fly_ball,90,55,240
2019-06-19,Marcus Semien,fly_ball,85.2,32.2,314
2019-06-19,Stephen Piscotty,fly_ball,95.3,31.3,364
2019-06-19,Josh Phegley,fly_ball,91.2,34,358
2019-06-19,Matt Olson,fly_ball,98.7,33.6,362
2019-06-19,Anthony Santander,fly_ball,92.9,30.7,339
2019-06-19,Anthony Santander,fly_ball,81.8,35.7,288
2019-06-19,Josh Phegley,fly_ball,96.7,50.8,275
2019-06-19,Niko Goodrum,fly_ball,92.4,53.2,278
2019-06-19,John Hicks,fly_ball,92.1,28.3,373
2019-06-19,Starling Marte,fly_ball,93.3,58.2,230
2019-06-19,Elias Diaz,fly_ball,71.5,28.8,240
2019-06-19,Brandon Dixon,fly_ball,106.5,31.2,454
2019-06-19,Harold Castro,fly_ball,102.2,26.9,401
2019-06-19,Elias Diaz,fly_ball,79.7,31.1,285
2019-06-19,Christin Stewart,fly_ball,96.1,28.7,381
2019-06-19,Adam Frazier,fly_ball,83.6,35.9,288
2019-06-19,Harold Castro,fly_ball,93.3,44.6,319
2019-06-19,Starling Marte,fly_ball,107.1,23.5,419
2019-06-19,Bryan Reynolds,fly_ball,105.9,23,421
2019-06-19,John Hicks,fly_ball,79.1,30.6,293
2019-06-19,Kevin Newman,fly_ball,86.8,28,309
2019-06-19,Ryan Braun,fly_ball,102.2,35.7,385
2019-06-19,Yasmani Grandal,fly_ball,89.2,46.5,278
2019-06-19,Eric Hosmer,fly_ball,103.5,33.2,397
2019-06-19,Manny Machado,fly_ball,102.9,22.1,401
2019-06-19,Manny Pina,fly_ball,94.7,34.8,324
2019-06-19,Orlando Arcia,fly_ball,91,58.1,203
2019-06-19,Manuel Margot,fly_ball,95.1,38.9,323
2019-06-19,Christian Yelich,fly_ball,85.2,42.3,272
2019-06-19,Ryan Braun,fly_ball,105.5,37.7,369
2019-06-19,Yasmani Grandal,fly_ball,100.8,25.1,379
2019-06-19,Franmil Reyes,fly_ball,109.6,22.7,423
2019-06-19,Francisco Mejia,fly_ball,88.2,48.2,256
2019-06-19,Domingo Santana,fly_ball,106.8,24.5,399
2019-06-19,Dan Vogelbach,fly_ball,108.4,28.1,394
2019-06-19,Lucas Duda,fly_ball,89.2,34.3,292
2019-06-19,Whit Merrifield,fly_ball,91.5,48.4,276
2019-06-19,Tom Murphy,fly_ball,78.4,37.6,246
2019-06-19,Omar Narvaez,fly_ball,93.5,35.2,339
2019-06-19,Billy Hamilton,fly_ball,82.3,54.2,213
2019-06-19,Dylan Moore,fly_ball,82.9,38.9,261
2019-06-19,Alex Gordon,fly_ball,95.4,37.6,335
2019-06-19,J. P. Crawford,fly_ball,96.8,29.5,348
2019-06-19,Domingo Santana,fly_ball,104.1,25,399
2019-06-19,Lucas Duda,fly_ball,86.5,47.4,276
2019-06-19,Whit Merrifield,fly_ball,78.2,28.1,256
2019-06-19,Tom Murphy,fly_ball,90.5,39.3,315
2019-06-19,Dylan Moore,fly_ball,91,26.6,333
2019-06-19,Mallex Smith,fly_ball,96.3,27,339
2019-06-19,Lucas Duda,fly_ball,88.8,34.5,303
2019-06-19,Curtis Granderson,fly_ball,94.7,24.7,371
2019-06-19,Starlin Castro,fly_ball,89.9,40,316
2019-06-19,Paul DeJong,fly_ball,93.2,33.5,367
2019-06-19,Marcell Ozuna,fly_ball,96,58.2,233
2019-06-19,Harold Ramirez,fly_ball,93.1,53.9,262
2019-06-19,Paul DeJong,fly_ball,86.3,37.5,314
2019-06-19,Yadiel Rivera,fly_ball,98.9,33,400
2019-06-19,Harrison Bader,fly_ball,91.4,38.7,335
2019-06-19,Paul Goldschmidt,fly_ball,110.2,28.9,454
2019-06-19,Jason Kipnis,fly_ball,103.3,25.3,449
2019-06-19,Roberto Perez,fly_ball,101.8,37.9,383
2019-06-19,Delino DeShields,fly_ball,93,34.1,363
2019-06-19,Asdrubal Cabrera,fly_ball,102.9,31.4,408
2019-06-19,Roberto Perez,fly_ball,99.2,42.4,357
2019-06-19,Delino DeShields,fly_ball,95.6,27.6,398
2019-06-19,Oscar Mercado,fly_ball,76.9,51,231
2019-06-19,Jose Ramirez,fly_ball,93,43.2,322
2019-06-19,Jason Kipnis,fly_ball,102.9,25.9,388
2019-06-19,Asdrubal Cabrera,fly_ball,94,27.3,356
2019-06-19,Willie Calhoun,fly_ball,69.5,40.9,238
2019-06-19,Jose Ramirez,fly_ball,88.9,51.4,294
2019-06-19,Leonys Martín,fly_ball,77.6,36.8,266
2019-06-19,Carlos Santana,fly_ball,88,52.6,260
2019-06-19,Danny Santana,fly_ball,105.8,24,427
2019-06-19,Eric Sogard,fly_ball,89.6,48.9,273
2019-06-19,Lourdes Gurriel,fly_ball,86.2,53.3,247
2019-06-19,Cavan Biggio,fly_ball,90.5,27.5,312
2019-06-19,Rowdy Tellez,fly_ball,108.6,20.4,430
2019-06-19,Eric Sogard,fly_ball,85.4,31.1,300
2019-06-19,Lourdes Gurriel,fly_ball,95.2,31,357
2019-06-19,Mike Trout,fly_ball,110.9,22.1,434
2019-06-19,Rowdy Tellez,fly_ball,96.8,45.9,309
2019-06-19,Luis Rengifo,fly_ball,100.9,34.6,371
2019-06-19,Cavan Biggio,fly_ball,95,44.7,317
2019-06-19,Mike Trout,fly_ball,94.8,38.9,348
2019-06-19,Vladimir Guerrero,fly_ball,86.5,34.9,301
2019-06-19,Justin Upton,fly_ball,109.2,32.6,417
2019-06-19,Cavan Biggio,fly_ball,97.7,38,370
2019-06-19,Rowdy Tellez,fly_ball,95.5,24.9,350
2019-06-19,Shohei Ohtani,fly_ball,87.5,38.4,314
2019-06-19,Nelson Cruz,fly_ball,97.5,25.3,365
2019-06-19,Jason Castro,fly_ball,99.3,31.4,353
2019-06-19,Rafael Devers,fly_ball,87.5,44.7,267
2019-06-19,Sandy Leon,fly_ball,99.5,20.3,373
2019-06-19,Willians Astudillo,fly_ball,102.5,26.6,420
2019-06-19,Max Kepler,fly_ball,100.7,23.3,405
2019-06-19,Jackie Bradley,fly_ball,85.4,46.8,272
2019-06-19,Willians Astudillo,fly_ball,90.3,46.6,291
2019-06-19,Jason Castro,fly_ball,100.5,27.3,403
2019-06-19,Mookie Betts,fly_ball,98.1,29.3,360
2019-06-19,Jason Castro,fly_ball,92.8,28.7,325
2019-06-19,Sandy Leon,fly_ball,87.6,28.1,325
2019-06-19,Freddie Freeman,fly_ball,105.2,23.1,411
2019-06-19,Freddie Freeman,fly_ball,91.6,37.6,339
2019-06-19,Ozzie Albies,fly_ball,83.4,56,224
2019-06-19,Freddie Freeman,fly_ball,73.8,37.8,242
2019-06-19,Josh Donaldson,fly_ball,105.6,24.1,439
2019-06-19,Jeff McNeil,fly_ball,77.7,32.6,285
2019-06-19,Michael Conforto,fly_ball,71.9,30.6,247
2019-06-19,Ronald Acuna,fly_ball,81.9,44.1,273
2019-06-19,Avisail Garcia,fly_ball,97.3,56.6,258
2019-06-19,Gary Sanchez,fly_ball,101.7,23.2,360
2019-06-19,Guillermo Heredia,fly_ball,92,42.2,310
2019-06-19,Gleyber Torres,fly_ball,93.4,43.7,314
2019-06-19,DJ LeMahieu,fly_ball,98.3,24.1,376
2019-06-19,Austin Meadows,fly_ball,79.4,46.8,249
2019-06-19,Tommy Pham,fly_ball,96.9,40.9,317
2019-06-19,DJ LeMahieu,fly_ball,94,25.8,332
2019-06-19,Ji-Man Choi,fly_ball,103,26.4,387
2019-06-20,Charlie Blackmon,fly_ball,100.2,33.7,398
2019-06-20,David Dahl,fly_ball,92.7,35.4,330
2019-06-20,Ketel Marte,fly_ball,81.9,47.8,253
2019-06-20,Nick Ahmed,fly_ball,103.5,24.8,400
2019-06-20,Ketel Marte,fly_ball,77.8,35.8,276
2019-06-20,Chris Iannetta,fly_ball,93.9,26.2,376
2019-06-20,Ian Desmond,fly_ball,107,25,435
2019-06-20,Christian Walker,fly_ball,105.9,33.4,422
2019-06-20,Pat Valaika,fly_ball,103.8,23.8,406
2019-06-20,Tim Locastro,fly_ball,81.7,51.9,240
2019-06-20,Ian Desmond,fly_ball,97.2,28,378
2019-06-20,Ketel Marte,fly_ball,83.4,31.8,278
2019-06-20,Chris Iannetta,fly_ball,85,34.6,311
2019-06-20,Chris Iannetta,fly_ball,103.3,29,410
2019-06-20,Carson Kelly,fly_ball,92.1,29.5,359
2019-06-20,Ketel Marte,fly_ball,70.5,51.9,185
2019-06-20,Ildemaro Vargas,fly_ball,79.8,54.2,208
2019-06-20,Kris Bryant,fly_ball,70.2,45.3,204
2019-06-20,Javier Baez,fly_ball,101,23.1,392
2019-06-20,Javier Baez,fly_ball,89.3,47.2,276
2019-06-20,Carlos Gomez,fly_ball,97.5,42.1,346
2019-06-20,Javier Baez,fly_ball,103.5,22.2,404
2019-06-20,Michael Conforto,fly_ball,94.1,29.4,337
2019-06-20,Todd Frazier,fly_ball,99.3,28.6,388
2019-06-20,Jorge Polanco,fly_ball,103.4,35.9,395
2019-06-20,Eddie Rosario,fly_ball,84.9,45.4,276
2019-06-20,Humberto Arteaga,fly_ball,82.2,32.6,291
2019-06-20,Billy Hamilton,fly_ball,81.2,42.5,276
2019-06-20,Eddie Rosario,fly_ball,94.8,35.4,368
2019-06-20,Max Kepler,fly_ball,87.1,41.9,299
2019-06-20,Mitch Garver,fly_ball,93.1,47.2,299
2019-06-20,Luis Arraez,fly_ball,89.8,40.7,312
2019-06-20,Austin Barnes,fly_ball,85.5,42,287
2019-06-20,Enrique Hernandez,fly_ball,84.3,48,248
2019-06-20,Kyle Garlick,fly_ball,104.9,25,376
2019-06-20,Max Muncy,fly_ball,72.4,52.6,188
2019-06-20,Alex Verdugo,fly_ball,74.6,29.3,244
2019-06-20,Brandon Crawford,fly_ball,95.3,36,341
2019-06-20,Mike Yastrzemski,fly_ball,103.9,23,398
2019-06-20,Joc Pederson,fly_ball,102.2,29.6,382
2019-06-20,Adam Eaton,fly_ball,91.2,25.1,355
2019-06-20,Matt Adams,fly_ball,84.6,33.7,298
2019-06-20,Kurt Suzuki,fly_ball,102.8,23.3,384
2019-06-20,Adam Eaton,fly_ball,95.9,23.3,375
2019-06-20,Rhys Hoskins,fly_ball,87.6,50.1,271
2019-06-20,Kurt Suzuki,fly_ball,71.6,45.7,215
2019-06-20,Jean Segura,fly_ball,105.4,20.4,405
2019-06-20,Maikel Franco,fly_ball,87.8,40.3,307
2019-06-20,Anthony Rendon,fly_ball,104.3,31,421
2019-06-20,Victor Robles,fly_ball,104.1,33.1,410
2019-06-20,Jay Bruce,fly_ball,107.5,43.1,380
2019-06-20,J. T. Realmuto,fly_ball,78.4,35,293
2019-06-20,Kurt Suzuki,fly_ball,87.4,43,288
2019-06-20,Gerardo Parra,fly_ball,92.8,54.5,241
2019-06-20,Sean Rodriguez,fly_ball,82.8,50.9,237
2019-06-20,Rhys Hoskins,fly_ball,86.4,33.9,337
2019-06-20,Brandon Lowe,fly_ball,103.4,47.6,311
2019-06-20,Mike Zunino,fly_ball,104.3,22.3,377
2019-06-20,Ji-Man Choi,fly_ball,88.8,39.2,291
2019-06-20,Jurickson Profar,fly_ball,105.9,21.4,393
2019-06-20,Tommy Pham,fly_ball,104.5,29.1,423
2019-06-20,Matt Chapman,fly_ball,73.4,36.6,245
2019-06-20,Stephen Piscotty,fly_ball,102.1,51,296
2019-06-20,Matt Chapman,fly_ball,86.5,58.6,200
2019-06-20,Matt Chapman,fly_ball,106.7,24.7,423
2019-06-20,Jonathan Villar,fly_ball,87.1,27.8,301
2019-06-20,Omar Narvaez,fly_ball,96,31.8,370
2019-06-20,Mallex Smith,fly_ball,90.6,50.9,264
2019-06-20,Hanser Alberto,fly_ball,91.3,35.3,315
2019-06-20,Omar Narvaez,fly_ball,87.4,34.7,323
2019-06-20,Domingo Santana,fly_ball,100.8,34.8,373
2019-06-20,Rio Ruiz,fly_ball,79.3,48.4,224
2019-06-20,Miguel Rojas,fly_ball,89.3,48.1,278
2019-06-20,Matt Carpenter,fly_ball,99.1,35.5,373
2019-06-20,Starlin Castro,fly_ball,98,43.7,325
2019-06-20,Marcell Ozuna,fly_ball,86.6,52.2,246
2019-06-20,Marcell Ozuna,fly_ball,101.1,23.8,398
2019-06-20,Kolten Wong,fly_ball,88.9,49,261
2019-06-20,Jose Martinez,fly_ball,84.8,45.5,281
2019-06-20,Curtis Granderson,fly_ball,97.2,32.5,375
2019-06-20,Yadiel Rivera,fly_ball,88.8,43.2,300
2019-06-20,Brian Anderson,fly_ball,99.2,38.2,379
2019-06-20,JT Riddle,fly_ball,91.2,50.3,266
2019-06-20,Tommy Edman,fly_ball,99.9,27.4,399
2019-06-20,Paul DeJong,fly_ball,92.8,46.4,298
2019-06-20,Harrison Bader,fly_ball,90.4,40.1,314
2019-06-20,Bryan Holaday,fly_ball,97.7,31.6,378
2019-06-20,JT Riddle,fly_ball,105.1,26,399
2019-06-20,Francisco Lindor,fly_ball,86.3,33,325
2019-06-20,Carlos Santana,fly_ball,91.7,30.2,355
2019-06-20,Willie Calhoun,fly_ball,101.3,26.8,398
2019-06-20,Jason Kipnis,fly_ball,96,25.5,392
2019-06-20,Jake Bauers,fly_ball,87,44.8,293
2019-06-20,Jordan Luplow,fly_ball,82.6,53.9,245
2019-06-20,Jake Bauers,fly_ball,85.2,47.6,268
2019-06-20,Jason Kipnis,fly_ball,88.4,30.8,338
2019-06-20,Kevin Plawecki,fly_ball,80.7,45.8,264
2019-06-20,Leonys Martín,fly_ball,90.5,53.5,253
2019-06-20,Shin-Soo Choo,fly_ball,98.9,24.3,403
2019-06-20,Danny Santana,fly_ball,94.9,39.6,378
2019-06-20,Elvis Andrus,fly_ball,97.2,33.9,397
2019-06-20,Carlos Santana,fly_ball,104.2,27.4,410
2019-06-20,Jason Kipnis,fly_ball,67.3,29,232
2019-06-20,David Fletcher,fly_ball,85.4,32.3,319
2019-06-20,Cavan Biggio,fly_ball,95.8,37.5,352
2019-06-20,Teoscar Hernandez,fly_ball,100.8,27.4,372
2019-06-20,Luke Maile,fly_ball,72.4,40.4,238
2019-06-20,Eric Sogard,fly_ball,95.1,29.7,388
2019-06-20,Cavan Biggio,fly_ball,98.2,35.9,368
2019-06-20,Teoscar Hernandez,fly_ball,92.2,34.2,330
2019-06-20,Randal Grichuk,fly_ball,90.5,39.6,315
2019-06-20,Vladimir Guerrero,fly_ball,80.1,34,290
2019-06-20,Lourdes Gurriel,fly_ball,103.9,43.6,354
2019-06-20,Albert Pujols,fly_ball,86.5,33.8,320
2019-06-20,Mike Trout,fly_ball,89.2,32,328
2019-06-20,Luke Voit,fly_ball,82.2,46.9,255
2019-06-20,Robinson Chirinos,fly_ball,96.9,34.2,368
2019-06-20,Jose Altuve,fly_ball,87.3,45.1,277
2019-06-20,Yordan Álvarez,fly_ball,71.9,35.6,243
2019-06-20,Yuli Gurriel,fly_ball,90.4,29.2,351
2019-06-20,Josh Reddick,fly_ball,87.5,38.5,312
2019-06-20,Gary Sanchez,fly_ball,99.4,28.7,402
2019-06-20,Gleyber Torres,fly_ball,101.3,28.1,408
2019-06-20,DJ LeMahieu,fly_ball,107.9,24,422
2019-06-20,Tyler White,fly_ball,89.5,34.8,306
2019-06-20,Jake Marisnick,fly_ball,93,32.8,326
2019-06-20,Alex Bregman,fly_ball,97.7,40.2,370
2019-06-20,Brett Gardner,fly_ball,86.3,39.8,316
2019-06-20,Gleyber Torres,fly_ball,98.5,37.8,359
2019-06-20,Yuli Gurriel,fly_ball,91.2,38.2,319
2019-06-20,Jake Marisnick,fly_ball,102.8,34.8,400
2019-06-20,Michael Brantley,fly_ball,85.2,59.2,209
2019-06-20,Josh Reddick,fly_ball,91.2,46,285
2019-06-20,Jesse Winker,fly_ball,79.5,48.2,215
2019-06-20,Eric Thames,fly_ball,80.2,45.3,244
2019-06-20,José Iglesias,fly_ball,82.2,52.2,220
2019-06-20,Joey Votto,fly_ball,85.8,37.2,319
2019-06-20,Ryan Braun,fly_ball,82.9,39.3,282
2019-06-20,Mike Moustakas,fly_ball,79.3,52.9,229
2019-06-20,Derek Dietrich,fly_ball,94.6,34.6,347
2019-06-20,José Iglesias,fly_ball,95.6,30,375
2019-06-20,Joey Votto,fly_ball,77.8,38.7,243
2019-06-20,Nick Senzel,fly_ball,102.4,29,396
2019-06-20,José Iglesias,fly_ball,89.5,26,351
2019-06-20,Tucker Barnhart,fly_ball,94.6,34.8,345
2019-06-20,Nick Senzel,fly_ball,79.9,41.3,255
2019-06-21,Joe Panik,fly_ball,82.7,47.1,267
2019-06-21,Brandon Belt,fly_ball,79.8,37.1,295
2019-06-21,Jarrod Dyson,fly_ball,69.3,33.7,249
2019-06-21,Kevin Pillar,fly_ball,102.8,25.9,432
2019-06-21,Christian Walker,fly_ball,97.5,40.4,342
2019-06-21,Alex Dickerson,fly_ball,110.9,21.4,458
2019-06-21,Christian Walker,fly_ball,70.2,31.1,249
2019-06-21,Nick Ahmed,fly_ball,99.2,29.7,387
2019-06-21,Carson Kelly,fly_ball,103,28.4,420
2019-06-21,Eduardo Escobar,fly_ball,84.2,41.6,280
2019-06-21,Evan Longoria,fly_ball,95.4,27.9,369
2019-06-21,Alex Dickerson,fly_ball,99.3,23.7,359
2019-06-21,Lourdes Gurriel,fly_ball,88.5,40.3,295
2019-06-21,Randal Grichuk,fly_ball,103.2,26.1,379
2019-06-21,Andrew Benintendi,fly_ball,73.2,38.3,246
2019-06-21,Xander Bogaerts,fly_ball,97.8,40.9,331
2019-06-21,Sandy Leon,fly_ball,90.2,33,326
2019-06-21,Teoscar Hernandez,fly_ball,88.1,49.4,276
2019-06-21,Danny Jansen,fly_ball,77.1,54.9,208
2019-06-21,J. D. Martinez,fly_ball,88,47.9,273
2019-06-21,Lourdes Gurriel,fly_ball,98.2,38,341
2019-06-21,Mookie Betts,fly_ball,99.3,29.8,387
2019-06-21,Vladimir Guerrero,fly_ball,94.1,28.9,343
2019-06-21,Randal Grichuk,fly_ball,95.5,37.8,338
2019-06-21,Christian Vazquez,fly_ball,102.4,27.5,403
2019-06-21,Willson Contreras,fly_ball,87.9,43.3,279
2019-06-21,Jeff McNeil,fly_ball,98.9,27.2,374
2019-06-21,Kyle Schwarber,fly_ball,97.3,43.6,328
2019-06-21,Michael Conforto,fly_ball,96.8,42.2,332
2019-06-21,Dominic Smith,fly_ball,83.8,48,244
2019-06-21,Albert Almora,fly_ball,91.5,34.9,331
2019-06-21,Jeff McNeil,fly_ball,77,47.3,231
2019-06-21,Addison Russell,fly_ball,102.2,28.6,395
2019-06-21,Dominic Smith,fly_ball,90.6,48.9,271
2019-06-21,Kyle Schwarber,fly_ball,85.2,38.8,291
2019-06-21,Kris Bryant,fly_ball,97.2,46,302
2019-06-21,Willson Contreras,fly_ball,70.2,46.1,214
2019-06-21,David Bote,fly_ball,84.8,30.5,323
2019-06-21,Christin Stewart,fly_ball,74.6,33.9,257
2019-06-21,Nick Castellanos,fly_ball,100.2,35.4,369
2019-06-21,Jose Ramirez,fly_ball,101.2,35.5,367
2019-06-21,Miguel Cabrera,fly_ball,67.2,45.2,197
2019-06-21,Jose Ramirez,fly_ball,75.1,29.4,263
2019-06-21,Jason Kipnis,fly_ball,88.8,54.7,210
2019-06-21,Christin Stewart,fly_ball,104.3,26.4,416
2019-06-21,Tyler Naquin,fly_ball,107.2,31.2,428
2019-06-21,JaCoby Jones,fly_ball,97.2,33.9,352
2019-06-21,Nick Castellanos,fly_ball,98.6,45.2,325
2019-06-21,Harold Castro,fly_ball,74.4,39.5,248
2019-06-21,Jason Kipnis,fly_ball,103.7,20.7,392
2019-06-21,Jake Bauers,fly_ball,89.3,42.7,292
2019-06-21,Hunter Dozier,fly_ball,79.6,42.4,258
2019-06-21,C. J. Cron,fly_ball,107.3,27.7,424
2019-06-21,Jason Castro,fly_ball,92.3,50.6,258
2019-06-21,Whit Merrifield,fly_ball,82.9,32.6,297
2019-06-21,Max Kepler,fly_ball,78.3,46.9,243
2019-06-21,Hunter Dozier,fly_ball,96.4,33.7,349
2019-06-21,Whit Merrifield,fly_ball,73.1,31.9,252
2019-06-21,Hunter Dozier,fly_ball,91.7,37.5,321
2019-06-21,Miguel Sano,fly_ball,106.8,28.5,424
2019-06-21,Jorge Soler,fly_ball,100.5,24.5,393
2019-06-21,Jason Castro,fly_ball,85.6,43.5,296
2019-06-21,Nolan Arenado,fly_ball,86.7,44.3,285
2019-06-21,Justin Turner,fly_ball,76.2,38.9,246
2019-06-21,Chris Taylor,fly_ball,86.9,33,300
2019-06-21,Nolan Arenado,fly_ball,103.5,38.2,368
2019-06-21,Cody Bellinger,fly_ball,100.3,22.9,406
2019-06-21,Charlie Blackmon,fly_ball,95.3,33,359
2019-06-21,David Dahl,fly_ball,90.4,45,306
2019-06-21,Enrique Hernandez,fly_ball,89.2,43.5,266
2019-06-21,Cody Bellinger,fly_ball,99,34.6,363
2019-06-21,Daniel Murphy,fly_ball,95.1,49.8,284
2019-06-21,Matt Beaty,fly_ball,79.5,41.6,262
2019-06-21,Tony Wolters,fly_ball,85.4,35.1,298
2019-06-21,Joc Pederson,fly_ball,94.1,57.7,214
2019-06-21,Freddie Freeman,fly_ball,95.2,46.5,308
2019-06-21,Howie Kendrick,fly_ball,92.6,59.9,212
2019-06-21,Austin Riley,fly_ball,100,30.5,390
2019-06-21,Yan Gomes,fly_ball,102.2,50.2,288
2019-06-21,Yan Gomes,fly_ball,107.6,27.3,447
2019-06-21,Brian Dozier,fly_ball,101,36,361
2019-06-21,Yan Gomes,fly_ball,97.7,35.8,355
2019-06-21,Ronald Acuna,fly_ball,86.4,55.5,225
2019-06-21,Yan Gomes,fly_ball,84,38.5,273
2019-06-21,Dansby Swanson,fly_ball,69.3,41.4,215
2019-06-21,Ji-Man Choi,fly_ball,98,28.2,347
2019-06-21,Matt Olson,fly_ball,98.2,43,314
2019-06-21,Josh Phegley,fly_ball,89.1,40.4,306
2019-06-21,Matt Olson,fly_ball,109.3,23.8,433
2019-06-21,Ramon Laureano,fly_ball,101.3,36.7,373
2019-06-21,Austin Meadows,fly_ball,93.4,33.9,343
2019-06-21,Willy Adames,fly_ball,105.9,28.1,403
2019-06-21,Guillermo Heredia,fly_ball,81.3,45.1,265
2019-06-21,Ji-Man Choi,fly_ball,82.6,44.6,255
2019-06-21,Marcus Semien,fly_ball,85.4,48.8,250
2019-06-21,Brandon Lowe,fly_ball,96.7,33.4,375
2019-06-21,Tommy Pham,fly_ball,102.1,38.1,354
2019-06-21,Franmil Reyes,fly_ball,91.7,37.8,343
2019-06-21,Jose Osuna,fly_ball,101,36,391
2019-06-21,Francisco Mejia,fly_ball,94,34.5,357
2019-06-21,Manny Machado,fly_ball,105.4,22.8,426
2019-06-21,Franmil Reyes,fly_ball,96.8,33.1,364
2019-06-21,Fernando Tatis,fly_ball,93.9,27.3,372
2019-06-21,Melky Cabrera,fly_ball,89.5,32.8,338
2019-06-21,Wil Myers,fly_ball,95.9,45,311
2019-06-21,Tom Murphy,fly_ball,92.1,34.1,361
2019-06-21,Omar Narvaez,fly_ball,93.7,33.8,370
2019-06-21,Kyle Seager,fly_ball,92.2,38.4,331
2019-06-21,Dylan Moore,fly_ball,106,33.4,418
2019-06-21,Kyle Seager,fly_ball,104.5,34.2,406
2019-06-21,Chance Sisco,fly_ball,85.1,41.3,282
2019-06-21,Chris Davis,fly_ball,98.4,56.2,264
2019-06-21,Mac Williamson,fly_ball,107.1,21.8,444
2019-06-21,Dylan Moore,fly_ball,101,39,365
2019-06-21,Omar Narvaez,fly_ball,72.5,33.7,257
2019-06-21,Albert Pujols,fly_ball,95.8,35.8,363
2019-06-21,Luis Rengifo,fly_ball,89.7,29.2,332
2019-06-21,Marcell Ozuna,fly_ball,71.5,32.2,255
2019-06-21,Kolten Wong,fly_ball,97.2,39.2,354
2019-06-21,Tommy La Stella,fly_ball,92.7,29.4,346
2019-06-21,Kole Calhoun,fly_ball,89.8,58.3,217
2019-06-21,Marcell Ozuna,fly_ball,104.7,26.7,414
2019-06-21,David Fletcher,fly_ball,83,48.2,249
2019-06-21,Yadier Molina,fly_ball,98.6,44.7,347
2019-06-21,Harrison Bader,fly_ball,96.4,35.8,357
2019-06-21,José Abreu,fly_ball,86.3,42.4,283
2019-06-21,Nomar Mazara,fly_ball,109.7,27.2,505
2019-06-21,Zack Collins,fly_ball,102.9,30.2,447
2019-06-21,Rougned Odor,fly_ball,102.3,38.3,386
2019-06-21,José Abreu,fly_ball,73.3,36.4,252
2019-06-21,Ryan Cordell,fly_ball,92.1,50.5,279
2019-06-21,Yoan Moncada,fly_ball,97,28.5,384
2019-06-21,Eloy Jimenez,fly_ball,92,46.8,295
2019-06-21,José Abreu,fly_ball,81.6,45.7,266
2019-06-21,Danny Santana,fly_ball,85,31.6,306
2019-06-21,Bryce Harper,fly_ball,98.2,51.6,312
2019-06-21,Bryan Holaday,fly_ball,96.7,24.4,382
2019-06-21,J. T. Realmuto,fly_ball,82.7,51.7,236
2019-06-21,Harold Ramirez,fly_ball,74.9,53.4,211
2019-06-21,Rhys Hoskins,fly_ball,92.9,50.8,273
2019-06-21,JT Riddle,fly_ball,92.7,36.6,344
2019-06-21,Bryce Harper,fly_ball,106.3,42.9,350
2019-06-21,Jay Bruce,fly_ball,97.6,39.4,328
2019-06-21,Bryan Holaday,fly_ball,87.5,36.4,327
2019-06-21,Scott Kingery,fly_ball,93,47.7,283
2019-06-21,Bryce Harper,fly_ball,107.8,31,401
2019-06-21,Alex Bregman,fly_ball,79.1,44,255
2019-06-21,Yordan Álvarez,fly_ball,95.4,25.9,365
2019-06-21,Alex Bregman,fly_ball,97.1,30.3,358
2019-06-21,Eric Thames,fly_ball,79.3,52.3,226
2019-06-21,Curt Casali,fly_ball,75.4,50.5,224
2019-06-21,Nick Senzel,fly_ball,98.4,32.6,383
2019-06-21,Orlando Arcia,fly_ball,92.6,33.4,350
2019-06-21,Chase Anderson,fly_ball,70.4,39.6,235
2019-06-21,Christian Yelich,fly_ball,104.4,26.4,420
2019-06-21,Mike Moustakas,fly_ball,103.4,30.2,401
2019-06-21,Manny Pina,fly_ball,87.9,40.6,304
2019-06-21,Ben Gamel,fly_ball,90.2,40.7,310
2019-06-21,Yasiel Puig,fly_ball,108.2,23.3,453
2019-06-21,Jesus Aguilar,fly_ball,96,27,343
2019-06-21,Christian Yelich,fly_ball,91.7,26.9,348
2019-06-21,Joey Votto,fly_ball,94.4,28,357
2019-06-21,Orlando Arcia,fly_ball,94.1,39.6,332
2019-06-21,Ben Gamel,fly_ball,96.8,31.9,380
2019-06-22,Joe Panik,fly_ball,89.1,49.3,260
2019-06-22,Jarrod Dyson,fly_ball,90,34.2,347
2019-06-22,Joe Panik,fly_ball,73.8,40.2,254
2019-06-22,Christian Walker,fly_ball,97.9,32.4,350
2019-06-22,Nick Ahmed,fly_ball,91.6,28.1,309
2019-06-22,Buster Posey,fly_ball,91,29.7,352
2019-06-22,Pablo Sandoval,fly_ball,82.1,33.4,304
2019-06-22,Ildemaro Vargas,fly_ball,97.8,40.7,335
2019-06-22,Brandon Belt,fly_ball,96.6,36.5,368
2019-06-22,Buster Posey,fly_ball,94,31.6,374
2019-06-22,Eduardo Escobar,fly_ball,74.3,41.5,251
2019-06-22,Alex Dickerson,fly_ball,77.2,53.4,217
2019-06-22,Christian Walker,fly_ball,90.8,34,326
2019-06-22,Mike Yastrzemski,fly_ball,102.3,28.1,407
2019-06-22,Ildemaro Vargas,fly_ball,88.8,55.8,224
2019-06-22,Eric Sogard,fly_ball,92.6,50.1,268
2019-06-22,Freddy Galvis,fly_ball,97.9,29.9,385
2019-06-22,Jackie Bradley,fly_ball,95.5,34.3,344
2019-06-22,Andrew Benintendi,fly_ball,98.4,26.2,357
2019-06-22,Rowdy Tellez,fly_ball,96.3,34.5,373
2019-06-22,Eric Sogard,fly_ball,81.5,31.7,283
2019-06-22,Andrew Benintendi,fly_ball,75.9,30.3,258
2019-06-22,Freddy Galvis,fly_ball,102.4,38.6,383
2019-06-22,Rowdy Tellez,fly_ball,104.5,27,409
2019-06-22,Freddy Galvis,fly_ball,90.3,50.2,267
2019-06-22,Christian Vazquez,fly_ball,92.8,33.4,325
2019-06-22,Jackie Bradley,fly_ball,85.9,57.4,201
2019-06-22,Xander Bogaerts,fly_ball,100.7,59.4,206
2019-06-22,Pete Alonso,fly_ball,108.1,29.3,419
2019-06-22,Addison Russell,fly_ball,98.8,26.8,364
2019-06-22,Todd Frazier,fly_ball,102.9,37,369
2019-06-22,Juan Lagares,fly_ball,89.6,33.7,322
2019-06-22,Albert Almora,fly_ball,87.7,27.4,295
2019-06-22,Wilson Ramos,fly_ball,97.9,28.9,398
2019-06-22,Victor Caratini,fly_ball,100.4,35.7,351
2019-06-22,Jeff McNeil,fly_ball,100.1,33.1,383
2019-06-22,Daniel Descalso,fly_ball,80.9,39.2,272
2019-06-22,Anthony Rizzo,fly_ball,86.7,33,316
2019-06-22,Willson Contreras,fly_ball,81.5,36.6,256
2019-06-22,Oscar Mercado,fly_ball,69.7,30.7,240
2019-06-22,Jose Ramirez,fly_ball,83.9,33.7,296
2019-06-22,Brandon Dixon,fly_ball,76.8,33.6,285
2019-06-22,John Hicks,fly_ball,89,35,329
2019-06-22,Jose Ramirez,fly_ball,83.3,34.2,268
2019-06-22,Christin Stewart,fly_ball,72.2,45.4,218
2019-06-22,Brandon Dixon,fly_ball,93,39.8,324
2019-06-22,Niko Goodrum,fly_ball,69.3,26.1,221
2019-06-22,C. J. Cron,fly_ball,106.4,37.5,379
2019-06-22,Miguel Sano,fly_ball,108.9,33.9,454
2019-06-22,Willians Astudillo,fly_ball,89.6,30,347
2019-06-22,Cam Gallagher,fly_ball,85.6,44.9,282
2019-06-22,Max Kepler,fly_ball,92.2,42.9,337
2019-06-22,Luis Arraez,fly_ball,88.4,30,351
2019-06-22,Alex Gordon,fly_ball,85.8,51.2,258
2019-06-22,Jorge Soler,fly_ball,97.1,33.9,369
2019-06-22,Alex Gordon,fly_ball,85.7,39.9,294
2019-06-22,Max Kepler,fly_ball,87.6,45,293
2019-06-22,Jorge Soler,fly_ball,97.7,39.4,379
2019-06-22,Jake Cave,fly_ball,103.7,32.9,437
2019-06-22,Nicky Lopez,fly_ball,75.3,33.5,255
2019-06-22,Alex Gordon,fly_ball,103.4,24.8,387
2019-06-22,Miguel Sano,fly_ball,101.4,25.5,377
2019-06-22,Jorge Polanco,fly_ball,89.2,55.8,241
2019-06-22,Willians Astudillo,fly_ball,90.2,27.2,340
2019-06-22,David Dahl,fly_ball,94.6,28.8,377
2019-06-22,Ryan McMahon,fly_ball,79.2,31.8,292
2019-06-22,Cody Bellinger,fly_ball,78.9,49.7,244
2019-06-22,Ryan McMahon,fly_ball,85.4,44.4,289
2019-06-22,Joc Pederson,fly_ball,94.1,47.2,312
2019-06-22,Nolan Arenado,fly_ball,89.2,49.9,263
2019-06-22,Alex Verdugo,fly_ball,104.3,22.9,414
2019-06-22,Max Muncy,fly_ball,93.9,44.5,317
2019-06-22,Raimel Tapia,fly_ball,98,30.9,386
2019-06-22,Chris Iannetta,fly_ball,82.7,33.1,279
2019-06-22,Matt Beaty,fly_ball,72.6,25.5,239
2019-06-22,Brendan Rodgers,fly_ball,88.8,50.5,260
2019-06-22,Alex Verdugo,fly_ball,94.6,28.9,362
2019-06-22,Matt Adams,fly_ball,103.4,26.9,400
2019-06-22,Kurt Suzuki,fly_ball,93.8,35.5,332
2019-06-22,Nick Markakis,fly_ball,91.4,31.2,346
2019-06-22,Brian Dozier,fly_ball,93.9,24.6,365
2019-06-22,Tyler Flowers,fly_ball,102.7,26.3,414
2019-06-22,Brian Dozier,fly_ball,97.1,34.4,360
2019-06-22,Juan Soto,fly_ball,97,31.2,344
2019-06-22,Ozzie Albies,fly_ball,86.3,39.1,288
2019-06-22,Josh Donaldson,fly_ball,98.1,46.1,306
2019-06-22,Ozzie Albies,fly_ball,68.6,42.4,211
2019-06-22,Dansby Swanson,fly_ball,99.9,31.7,392
2019-06-22,Ronald Acuna,fly_ball,88.5,42.7,286
2019-06-22,Dansby Swanson,fly_ball,80.7,33.2,276
2019-06-22,Stephen Piscotty,fly_ball,88,44.4,261
2019-06-22,Ji-Man Choi,fly_ball,104.3,45.3,340
2019-06-22,Austin Meadows,fly_ball,95.3,46.9,302
2019-06-22,Kevin Kiermaier,fly_ball,94.5,42.1,304
2019-06-22,Marcus Semien,fly_ball,97.9,32.9,372
2019-06-22,Matt Chapman,fly_ball,108.4,27,410
2019-06-22,Tommy Pham,fly_ball,87.4,44.2,273
2019-06-22,Ji-Man Choi,fly_ball,92.7,45.6,301
2019-06-22,Marcus Semien,fly_ball,94.6,38,317
2019-06-22,Ji-Man Choi,fly_ball,101.2,27.7,391
2019-06-22,Colin Moran,fly_ball,77.2,32.6,259
2019-06-22,Corey Dickerson,fly_ball,93.4,25.3,351
2019-06-22,Jacob Stallings,fly_ball,88,37.5,303
2019-06-22,Kevin Newman,fly_ball,95.2,28.6,360
2019-06-22,Manny Machado,fly_ball,106.7,27.9,432
2019-06-22,Adam Frazier,fly_ball,95.4,34.7,353
2019-06-22,Jose Osuna,fly_ball,102,34.7,381
2019-06-22,Fernando Tatis,fly_ball,96.1,46.6,304
2019-06-22,Jung Ho Kang,fly_ball,95.9,36.9,349
2019-06-22,Mallex Smith,fly_ball,96.3,32.8,357
2019-06-22,Renato Nunez,fly_ball,86.4,41.2,289
2019-06-22,Kyle Seager,fly_ball,87.7,29.2,320
2019-06-22,Dee Gordon,fly_ball,91.7,32.5,336
2019-06-22,Jonathan Villar,fly_ball,101.1,29.4,397
2019-06-22,Domingo Santana,fly_ball,96.6,31.7,380
2019-06-22,Hanser Alberto,fly_ball,89,39.2,309
2019-06-22,Anthony Santander,fly_ball,96.2,32.3,367
2019-06-22,Keon Broxton,fly_ball,90,44,291
2019-06-22,Domingo Santana,fly_ball,101.5,27.2,374
2019-06-22,Dan Vogelbach,fly_ball,87.6,29.3,331
2019-06-22,Pedro Severino,fly_ball,90.6,30,346
2019-06-22,Renato Nunez,fly_ball,100.4,32.5,380
2019-06-22,Anthony Santander,fly_ball,84,43.1,272
2019-06-22,Domingo Santana,fly_ball,103.3,31.6,400
2019-06-22,Kyle Seager,fly_ball,95.4,48.7,287
2019-06-22,Jonathan Villar,fly_ball,104.3,30.5,397
2019-06-22,Tim Beckham,fly_ball,99.1,43.5,322
2019-06-22,Yadier Molina,fly_ball,99.5,43.5,338
2019-06-22,Paul DeJong,fly_ball,88.4,29.7,348
2019-06-22,Paul Goldschmidt,fly_ball,87.6,38.4,301
2019-06-22,Jose Martinez,fly_ball,97.9,37.8,373
2019-06-22,Albert Pujols,fly_ball,106.8,20.4,408
2019-06-22,Kolten Wong,fly_ball,100.8,22.6,364
2019-06-22,Justin Upton,fly_ball,100.6,26.6,371
2019-06-22,Kole Calhoun,fly_ball,89.8,57.7,238
2019-06-22,Paul Goldschmidt,fly_ball,76.8,43,250
2019-06-22,Tim Anderson,fly_ball,97.6,34.3,395
2019-06-22,Zack Collins,fly_ball,95.1,52,273
2019-06-22,Nomar Mazara,fly_ball,110.9,25.1,430
2019-06-22,Jeff Mathis,fly_ball,78.5,44.4,253
2019-06-22,Tim Anderson,fly_ball,83.1,48.3,260
2019-06-22,Nomar Mazara,fly_ball,106.3,33.8,405
2019-06-22,Ronald Guzman,fly_ball,84.7,44.3,275
2019-06-22,Tim Anderson,fly_ball,107.3,23.9,440
2019-06-22,Charlie Tilson,fly_ball,75.8,37.5,250
2019-06-22,Jeff Mathis,fly_ball,98.3,35.9,384
2019-06-22,Brian Anderson,fly_ball,98.6,48.3,299
2019-06-22,Scott Kingery,fly_ball,88.3,45.3,285
2019-06-22,JT Riddle,fly_ball,105.2,33.7,387
2019-06-22,Miguel Rojas,fly_ball,92.1,37.5,319
2019-06-22,Cesar Hernandez,fly_ball,87.9,42.8,282
2019-06-22,Rhys Hoskins,fly_ball,103.3,25.3,423
2019-06-22,Curtis Granderson,fly_ball,90.7,35.2,338
2019-06-22,Cesar Puello,fly_ball,88.5,51.2,238
2019-06-22,Cesar Hernandez,fly_ball,76.1,34.5,274
2019-06-22,Wilkin Castillo,fly_ball,83.9,55.2,222
2019-06-22,Yordan Álvarez,fly_ball,88.5,30.2,340
2019-06-22,Luke Voit,fly_ball,94.3,26,339
2019-06-22,Didi Gregorius,fly_ball,88.7,53.4,247
2019-06-22,Gio Urshela,fly_ball,97.3,37.3,342
2019-06-22,Austin Romine,fly_ball,89.6,26.6,317
2019-06-22,Yordan Álvarez,fly_ball,92.2,32.2,367
2019-06-22,Joey Votto,fly_ball,91.6,34.8,340
2019-06-22,Yasiel Puig,fly_ball,101.4,32.1,393
2019-06-22,Jhoulys Chacin,fly_ball,92.9,39.9,316
2019-06-22,Christian Yelich,fly_ball,99,33.9,375
2019-06-22,Eugenio Suarez,fly_ball,97,29.1,375
2019-06-22,Orlando Arcia,fly_ball,92.7,37.3,361
2019-06-22,Travis Shaw,fly_ball,80.6,49.6,260
2019-06-23,Brandon Belt,fly_ball,76.2,37.2,265
2019-06-23,Eduardo Escobar,fly_ball,89.6,27.9,317
2019-06-23,Mike Yastrzemski,fly_ball,99.3,38.7,360
2019-06-23,Tim Locastro,fly_ball,88.2,40.1,310
2019-06-23,Brandon Belt,fly_ball,94.7,38.5,334
2019-06-23,Kevin Pillar,fly_ball,98.2,31,400
2019-06-23,Carson Kelly,fly_ball,88.8,33.4,337
2019-06-23,Brandon Belt,fly_ball,95.7,30.7,380
2019-06-23,Stephen Vogt,fly_ball,89.7,58.8,233
2019-06-23,Mookie Betts,fly_ball,99.1,32.2,381
2019-06-23,J. D. Martinez,fly_ball,92,39.5,318
2019-06-23,Cavan Biggio,fly_ball,100.6,30.2,394
2019-06-23,Eric Sogard,fly_ball,92.7,28,332
2019-06-23,Cavan Biggio,fly_ball,92.7,29.7,344
2019-06-23,Eric Sogard,fly_ball,97.2,31.5,404
2019-06-23,Kris Bryant,fly_ball,76.4,33.4,247
2019-06-23,Carlos Gomez,fly_ball,79.1,52.2,218
2019-06-23,Pete Alonso,fly_ball,110,24.4,454
2019-06-23,Todd Frazier,fly_ball,93.5,30.7,368
2019-06-23,Tomas Nido,fly_ball,105.3,26.5,428
2019-06-23,Kris Bryant,fly_ball,101.1,24.5,331
2019-06-23,Todd Frazier,fly_ball,97.2,41.5,329
2019-06-23,Tomas Nido,fly_ball,100.8,46.5,344
2019-06-23,Todd Frazier,fly_ball,98.5,25.3,385
2019-06-23,Kris Bryant,fly_ball,78.4,32.6,289
2019-06-23,Javier Baez,fly_ball,102.8,26.5,374
2019-06-23,Nick Castellanos,fly_ball,102.2,45.9,345
2019-06-23,Bobby Bradley,fly_ball,94.1,40.3,327
2019-06-23,Tyler Naquin,fly_ball,96,39.5,331
2019-06-23,Francisco Lindor,fly_ball,103.7,20.6,406
2019-06-23,Carlos Santana,fly_ball,90.7,56.6,221
2019-06-23,Nick Castellanos,fly_ball,73.1,35.6,252
2019-06-23,Jordan Luplow,fly_ball,96.7,39.9,348
2019-06-23,Bobby Wilson,fly_ball,92.1,29.8,330
2019-06-23,Carlos Santana,fly_ball,102.5,24.3,380
2019-06-23,Jose Ramirez,fly_ball,85.3,49.7,252
2019-06-23,Christin Stewart,fly_ball,78.3,33.4,273
2019-06-23,Miguel Cabrera,fly_ball,78.7,46,249
2019-06-23,Nelson Cruz,fly_ball,100.4,38.6,356
2019-06-23,Eddie Rosario,fly_ball,93.5,54.7,257
2019-06-23,Alex Gordon,fly_ball,99,34.7,381
2019-06-23,Jorge Polanco,fly_ball,87.6,49.1,276
2019-06-23,Hunter Dozier,fly_ball,103.5,24.2,409
2019-06-23,Cheslor Cuthbert,fly_ball,90.9,41,324
2019-06-23,Eddie Rosario,fly_ball,92.3,30.1,346
2019-06-23,Nicky Lopez,fly_ball,84.5,53,241
2019-06-23,Alex Gordon,fly_ball,77.8,48.9,237
2019-06-23,C. J. Cron,fly_ball,100.6,37,368
2019-06-23,Jason Castro,fly_ball,95,29.5,378
2019-06-23,Alex Gordon,fly_ball,90.4,25.8,344
2019-06-23,Hunter Dozier,fly_ball,104.3,21.5,390
2019-06-23,Cheslor Cuthbert,fly_ball,91.4,51,264
2019-06-23,Garrett Hampson,fly_ball,93.3,27.6,347
2019-06-23,David Dahl,fly_ball,99.2,28.2,397
2019-06-23,Matt Beaty,fly_ball,89.5,34.8,302
2019-06-23,Garrett Hampson,fly_ball,69.8,33.6,227
2019-06-23,Brendan Rodgers,fly_ball,82.9,32,325
2019-06-23,Pat Valaika,fly_ball,89.9,42.4,310
2019-06-23,Alex Verdugo,fly_ball,86,49.8,263
2019-06-23,Cody Bellinger,fly_ball,91.8,37.2,327
2019-06-23,Chris Taylor,fly_ball,103.2,33.7,425
2019-06-23,Kyle Garlick,fly_ball,91.6,30.6,359
2019-06-23,Pat Valaika,fly_ball,91.9,37.4,338
2019-06-23,Justin Turner,fly_ball,101.1,49.5,299
2019-06-23,Max Muncy,fly_ball,91.1,43.4,304
2019-06-23,Charlie Blackmon,fly_ball,94,41.8,326
2019-06-23,Will Smith,fly_ball,99.6,28.7,386
2019-06-23,Freddie Freeman,fly_ball,94.3,31.8,373
2019-06-23,Austin Riley,fly_ball,92.6,56.9,223
2019-06-23,Brian McCann,fly_ball,93.3,52.9,256
2019-06-23,Juan Soto,fly_ball,104.3,37.7,377
2019-06-23,Yan Gomes,fly_ball,88.9,39,326
2019-06-23,Trea Turner,fly_ball,92.2,33.2,337
2019-06-23,Josh Donaldson,fly_ball,109.7,23.7,441
2019-06-23,Adam Eaton,fly_ball,99.5,26.7,362
2019-06-23,Josh Tomlin,fly_ball,84.9,39.3,297
2019-06-23,Howie Kendrick,fly_ball,88.8,32.2,328
2019-06-23,Ronald Acuna,fly_ball,99.9,32.2,390
2019-06-23,Dansby Swanson,fly_ball,96.4,50.1,287
2019-06-23,Freddie Freeman,fly_ball,93.9,32.7,366
2019-06-23,Victor Robles,fly_ball,87.9,32.6,341
2019-06-23,Austin Riley,fly_ball,92,55.5,245
2019-06-23,Juan Soto,fly_ball,102.4,36.7,385
2019-06-23,Ronald Acuna,fly_ball,106.7,40.4,365
2019-06-23,Freddie Freeman,fly_ball,94.4,40.2,326
2019-06-23,Austin Riley,fly_ball,83.1,43.9,281
2019-06-23,Johan Camargo,fly_ball,101.4,34.3,382
2019-06-23,Austin Meadows,fly_ball,101,38.2,353
2019-06-23,Marcus Semien,fly_ball,84.5,59.8,188
2019-06-23,Travis d'Arnaud,fly_ball,107.2,22.9,434
2019-06-23,Austin Meadows,fly_ball,75.4,43.5,235
2019-06-23,Austin Meadows,fly_ball,99,23.5,377
2019-06-23,Marcus Semien,fly_ball,90.3,40,310
2019-06-23,Matt Olson,fly_ball,97.7,31.6,349
2019-06-23,Tommy Pham,fly_ball,100.1,50.6,293
2019-06-23,Avisail Garcia,fly_ball,97,36.3,353
2019-06-23,Mark Canha,fly_ball,98.4,25.7,389
2019-06-23,Willy Adames,fly_ball,93.7,30.8,362
2019-06-23,Mike Zunino,fly_ball,69.7,35,243
2019-06-23,Tommy Pham,fly_ball,83.3,33.1,298
2019-06-23,Khris Davis,fly_ball,101.9,32.4,385
2019-06-23,Willy Adames,fly_ball,85.7,50.6,243
2019-06-23,Manny Machado,fly_ball,82.3,34.7,275
2019-06-23,Kevin Newman,fly_ball,84.8,44,279
2019-06-23,Melky Cabrera,fly_ball,96.8,23.8,384
2019-06-23,Manny Machado,fly_ball,84.1,37.4,278
2019-06-23,Elias Diaz,fly_ball,86.3,31.3,329
2019-06-23,Ian Kinsler,fly_ball,70.2,32.6,242
2019-06-23,Austin Hedges,fly_ball,98.9,20.5,331
2019-06-23,Elias Diaz,fly_ball,82.4,54.9,229
2019-06-23,Josh Bell,fly_ball,99.2,36.4,360
2019-06-23,Manny Machado,fly_ball,81.5,40.8,273
2019-06-23,Jose Osuna,fly_ball,96.3,34.8,357
2019-06-23,Adam Frazier,fly_ball,94.9,28.8,379
2019-06-23,Colin Moran,fly_ball,90.4,53.8,250
2019-06-23,Austin Hedges,fly_ball,99,39,353
2019-06-23,Hanser Alberto,fly_ball,76.2,39.2,268
2019-06-23,Trey Mancini,fly_ball,100.5,28.1,417
2019-06-23,Dwight Smith,fly_ball,95.3,28.6,322
2019-06-23,J. P. Crawford,fly_ball,106.5,23.6,427
2019-06-23,Dee Gordon,fly_ball,67.2,34.9,209
2019-06-23,Dan Vogelbach,fly_ball,95,47.6,289
2019-06-23,Trey Mancini,fly_ball,100,29.5,368
2019-06-23,Jonathan Villar,fly_ball,90.6,45,296
2019-06-23,Kyle Seager,fly_ball,99.4,30.2,366
2019-06-23,Hanser Alberto,fly_ball,98.9,26,385
2019-06-23,J. P. Crawford,fly_ball,87.5,32.7,320
2019-06-23,Kyle Seager,fly_ball,99.1,47.7,301
2019-06-23,Keon Broxton,fly_ball,97.8,40.2,336
2019-06-23,Luis Rengifo,fly_ball,77.2,31.5,274
2019-06-23,David Fletcher,fly_ball,73.9,30.2,266
2019-06-23,Kolten Wong,fly_ball,84.9,42.8,288
2019-06-23,Kole Calhoun,fly_ball,97,31.8,377
2019-06-23,Harrison Bader,fly_ball,92.2,34,360
2019-06-23,Dustin Garneau,fly_ball,79.3,36.1,276
2019-06-23,Paul DeJong,fly_ball,93.7,55.7,253
2019-06-23,Justin Upton,fly_ball,76.8,34.7,275
2019-06-23,Luis Rengifo,fly_ball,95.4,51.3,281
2019-06-23,Kolten Wong,fly_ball,94.4,30.5,370
2019-06-23,Tommy Edman,fly_ball,96.8,31.8,384
2019-06-23,Paul DeJong,fly_ball,87.3,31.4,311
2019-06-23,Jose Martinez,fly_ball,106.7,32.4,430
2019-06-23,Yoan Moncada,fly_ball,86.6,42.8,282
2019-06-23,Danny Santana,fly_ball,93,48.9,283
2019-06-23,Nomar Mazara,fly_ball,99.8,46.3,323
2019-06-23,Tim Anderson,fly_ball,92.4,40.1,339
2019-06-23,Ronald Guzman,fly_ball,87,54.3,250
2019-06-23,Tim Federowicz,fly_ball,100.3,26.4,415
2019-06-23,Danny Santana,fly_ball,106.1,21.5,408
2019-06-23,Elvis Andrus,fly_ball,92.3,35.2,368
2019-06-23,Ryan Cordell,fly_ball,85,40.6,292
2019-06-23,Tim Federowicz,fly_ball,96.2,34.9,366
2019-06-23,Carlos Sanchez,fly_ball,81.7,53.4,230
2019-06-23,Danny Santana,fly_ball,90.8,33.5,344
2019-06-23,Yoan Moncada,fly_ball,85.3,41.2,300
2019-06-23,Harold Ramirez,fly_ball,91,43,301
2019-06-23,Brian Anderson,fly_ball,82.6,33.8,297
2019-06-23,Andrew Knapp,fly_ball,70.4,42.2,222
2019-06-23,JT Riddle,fly_ball,99.5,31.7,374
2019-06-23,Rhys Hoskins,fly_ball,101.7,35.8,373
2019-06-23,Scott Kingery,fly_ball,97.9,41,342
2019-06-23,Cesar Hernandez,fly_ball,67.4,26.1,209
2019-06-23,Garrett Cooper,fly_ball,107.8,24.2,437
2019-06-23,Brian Anderson,fly_ball,98.2,35.4,383
2019-06-23,Bryce Harper,fly_ball,98.3,40.8,336
2019-06-23,Harold Ramirez,fly_ball,91.4,28.6,367
2019-06-23,Cesar Hernandez,fly_ball,94.7,32.5,352
2019-06-23,Brian Anderson,fly_ball,76.6,38.9,250
2019-06-23,Maikel Franco,fly_ball,91.5,47.3,288
2019-06-23,Jay Bruce,fly_ball,99.7,40.2,343
2019-06-23,Sean Rodriguez,fly_ball,98.8,35,366
2019-06-23,Jose Altuve,fly_ball,105.7,32.9,401
2019-06-23,Aaron Judge,fly_ball,93.2,39,316
2019-06-23,Josh Reddick,fly_ball,86.5,34.3,305
2019-06-23,Tyler White,fly_ball,98.9,41.7,334
2019-06-23,Edwin Encarnacion,fly_ball,97,46.4,345
2019-06-23,Alex Bregman,fly_ball,94.6,32.3,347
2019-06-23,Tyler White,fly_ball,101.4,23.7,372
2019-06-23,Gary Sanchez,fly_ball,95.2,40.7,318
2019-06-23,Yordan Álvarez,fly_ball,103.6,29.1,409
2019-06-23,Yuli Gurriel,fly_ball,96.8,26.1,391
2019-06-23,DJ LeMahieu,fly_ball,96.7,29.9,362
2019-06-23,DJ LeMahieu,fly_ball,98.3,26.6,378
2019-06-23,Gary Sanchez,fly_ball,86.2,58.5,205
2019-06-23,Gleyber Torres,fly_ball,91.9,26.9,369
2019-06-23,Yasmani Grandal,fly_ball,97.9,26.6,355
2019-06-23,Ben Gamel,fly_ball,73.6,52.7,191
2019-06-23,Mike Moustakas,fly_ball,84.6,39.7,309
2019-06-23,Eric Thames,fly_ball,99.5,35.8,367
2019-06-23,Orlando Arcia,fly_ball,103.6,27.6,397
2019-06-23,Curt Casali,fly_ball,78.9,43.6,252
2019-06-23,Joey Votto,fly_ball,98.4,37.9,390
2019-06-23,Eugenio Suarez,fly_ball,93.7,43,318
2019-06-23,Jose Peraza,fly_ball,91.9,34.6,352
2019-06-24,Alex Verdugo,fly_ball,77.2,43.6,241
2019-06-24,Christian Walker,fly_ball,105.3,25.5,427
2019-06-24,Joc Pederson,fly_ball,101,43.3,346
2019-06-24,Alex Verdugo,fly_ball,89,34.6,325
2019-06-24,David Peralta,fly_ball,89.4,53,263
2019-06-24,Adam Jones,fly_ball,91.2,41,311
2019-06-24,Nick Ahmed,fly_ball,88.1,40.6,302
2019-06-24,Eloy Jimenez,fly_ball,95.1,39.3,341
2019-06-24,Jackie Bradley,fly_ball,107.4,30,418
2019-06-24,Leury Garcia,fly_ball,86.7,54.7,223
2019-06-24,Mookie Betts,fly_ball,90.6,49,269
2019-06-24,Jackie Bradley,fly_ball,81.9,56.8,213
2019-06-24,Andrew Benintendi,fly_ball,83.5,54.8,215
2019-06-24,José Abreu,fly_ball,110.7,24,430
2019-06-24,J. D. Martinez,fly_ball,90,48.8,273
2019-06-24,Mookie Betts,fly_ball,106.3,23.5,410
2019-06-24,Eloy Jimenez,fly_ball,90.1,40,311
2019-06-24,Freddie Freeman,fly_ball,80.3,46,255
2019-06-24,Willson Contreras,fly_ball,100.9,29,370
2019-06-24,Jason Heyward,fly_ball,94.8,24.6,359
2019-06-24,Jon Lester,fly_ball,85.3,32.5,325
2019-06-24,Julio Teheran,fly_ball,84.5,53.3,231
2019-06-24,Ronald Acuna,fly_ball,68.4,28.3,226
2019-06-24,Kyle Schwarber,fly_ball,80.8,46.1,257
2019-06-24,Dansby Swanson,fly_ball,98.2,30.3,375
2019-06-24,Freddie Freeman,fly_ball,74,53.7,208
2019-06-24,Josh Donaldson,fly_ball,82,49.8,249
2019-06-24,Jason Heyward,fly_ball,101,23.7,409
2019-06-24,Ozzie Albies,fly_ball,90.4,35.1,351
2019-06-24,Nicky Lopez,fly_ball,75.2,44.8,241
2019-06-24,Alex Gordon,fly_ball,90,27.7,344
2019-06-24,Billy Hamilton,fly_ball,71.9,40.2,238
2019-06-24,Whit Merrifield,fly_ball,95.4,32,388
2019-06-24,Oscar Mercado,fly_ball,91,46,302
2019-06-24,Nicky Lopez,fly_ball,89.8,25,340
2019-06-24,Francisco Lindor,fly_ball,74.3,39.5,245
2019-06-24,Jorge Soler,fly_ball,93.2,56.7,233
2019-06-24,Whit Merrifield,fly_ball,95.6,46,305
2019-06-24,Jason Kipnis,fly_ball,101.5,27.3,390
2019-06-24,Kevin Pillar,fly_ball,80.9,33.8,277
2019-06-24,Charlie Blackmon,fly_ball,74.6,40.4,245
2019-06-24,David Dahl,fly_ball,98.2,28.6,364
2019-06-24,Daniel Murphy,fly_ball,66.6,30.7,209
2019-06-24,Daniel Murphy,fly_ball,89.3,33.6,321
2019-06-24,Ryan McMahon,fly_ball,92,55.2,249
2019-06-24,Pat Valaika,fly_ball,73.5,46.8,216
2019-06-24,Pablo Sandoval,fly_ball,77.1,51.5,202
2019-06-24,Kevin Pillar,fly_ball,94.1,32.3,333
2019-06-24,Donovan Solano,fly_ball,74,42.5,237
2019-06-24,Ryan McMahon,fly_ball,96.4,53,262
2019-06-24,Stephen Vogt,fly_ball,103.1,32.6,386
2019-06-24,Robinson Cano,fly_ball,88.1,40.3,294
2019-06-24,Jean Segura,fly_ball,100.7,33.8,407
2019-06-24,Bryce Harper,fly_ball,98.5,44.2,331
2019-06-24,Rhys Hoskins,fly_ball,102.1,31.5,390
2019-06-24,Scott Kingery,fly_ball,86.1,43.7,288
2019-06-24,Rhys Hoskins,fly_ball,101.4,39.7,358
2019-06-24,Todd Frazier,fly_ball,101.1,32.2,393
2019-06-24,Wilson Ramos,fly_ball,94.5,27.5,349
2019-06-24,Rhys Hoskins,fly_ball,94.1,51.1,283
2019-06-24,J. T. Realmuto,fly_ball,91.8,57.3,222
2019-06-24,Michael Conforto,fly_ball,105.5,22,414
2019-06-24,Amed Rosario,fly_ball,91.5,24.7,355
2019-06-24,Steven Matz,fly_ball,79.7,48.1,246
2019-06-24,Maikel Franco,fly_ball,108.8,22.7,433
2019-06-24,Todd Frazier,fly_ball,78.7,57.1,199
2019-06-24,Rhys Hoskins,fly_ball,91.7,59.4,217
2019-06-24,Adeiny Hechavarria,fly_ball,88.7,35.4,313
2019-06-24,Dominic Smith,fly_ball,98.9,24.6,365
2019-06-24,Cavan Biggio,fly_ball,93.5,28.8,382
2019-06-24,Luke Voit,fly_ball,93.1,29.6,357
2019-06-24,Gleyber Torres,fly_ball,87.5,42.1,309
2019-06-24,Cavan Biggio,fly_ball,78.8,44.2,252
2019-06-24,Eric Sogard,fly_ball,77.1,42.1,246
2019-06-24,Aaron Hicks,fly_ball,90.4,51,254
2019-06-24,Lourdes Gurriel,fly_ball,100.3,32.8,397
2019-06-24,Freddy Galvis,fly_ball,98.4,33.7,375
2019-06-24,Gio Urshela,fly_ball,78.5,37.9,271
2019-06-24,Randal Grichuk,fly_ball,75.1,52,223
2019-06-24,Rowdy Tellez,fly_ball,99.6,27.4,356
2019-06-25,Joey Votto,fly_ball,102.9,27.4,410
2019-06-25,Tommy La Stella,fly_ball,101.7,29.7,404
2019-06-25,Luis Rengifo,fly_ball,106.4,22.1,408
2019-06-25,Jonathan Lucroy,fly_ball,90.3,44,295
2019-06-25,Nick Senzel,fly_ball,96.5,26.4,363
2019-06-25,Mike Trout,fly_ball,73.4,45.1,222
2019-06-25,Kole Calhoun,fly_ball,79.6,46.2,231
2019-06-25,Joey Votto,fly_ball,89.1,28.4,341
2019-06-25,José Iglesias,fly_ball,91.4,43.8,299
2019-06-25,Mike Trout,fly_ball,101.1,30.9,388
2019-06-25,Shohei Ohtani,fly_ball,99.5,36.6,363
2019-06-25,Jose Peraza,fly_ball,91.6,43.9,278
2019-06-25,Enrique Hernandez,fly_ball,102.4,24.5,412
2019-06-25,Justin Turner,fly_ball,84.2,40.2,299
2019-06-25,Enrique Hernandez,fly_ball,91.2,44.3,294
2019-06-25,Justin Turner,fly_ball,105.9,27.5,408
2019-06-25,Matt Beaty,fly_ball,97.8,40.4,346
2019-06-25,Domingo Leyba,fly_ball,81.4,38.3,304
2019-06-25,Franmil Reyes,fly_ball,103.4,40.9,358
2019-06-25,Fernando Tatis,fly_ball,106.6,35.5,394
2019-06-25,Trey Mancini,fly_ball,105.3,37.4,381
2019-06-25,Manny Machado,fly_ball,110.3,22.6,455
2019-06-25,Manuel Margot,fly_ball,101.8,38.2,377
2019-06-25,Hunter Renfroe,fly_ball,91.7,46.4,289
2019-06-25,Franmil Reyes,fly_ball,103.9,40.2,365
2019-06-25,Francisco Mejia,fly_ball,105.6,24.1,422
2019-06-25,Richie Martin,fly_ball,100.8,24.2,377
2019-06-25,Dwight Smith,fly_ball,86.2,29.9,335
2019-06-25,Leury Garcia,fly_ball,95.7,38.2,344
2019-06-25,Rafael Devers,fly_ball,74.3,47.2,225
2019-06-25,Jackie Bradley,fly_ball,98.2,53.8,252
2019-06-25,Eduardo Nunez,fly_ball,85.2,45.1,276
2019-06-25,Xander Bogaerts,fly_ball,102.8,27.3,429
2019-06-25,Eduardo Nunez,fly_ball,87.5,38.4,302
2019-06-25,José Abreu,fly_ball,90.1,25.5,340
2019-06-25,Rafael Devers,fly_ball,106.6,21.7,420
2019-06-25,J. D. Martinez,fly_ball,84.8,31.7,302
2019-06-25,Jackie Bradley,fly_ball,95.5,49,289
2019-06-25,Ronald Acuna,fly_ball,110,46.3,413
2019-06-25,Dansby Swanson,fly_ball,71,33.2,255
2019-06-25,Brian McCann,fly_ball,81.4,30.2,285
2019-06-25,Javier Baez,fly_ball,76.5,34.6,281
2019-06-25,Ozzie Albies,fly_ball,104.9,37.6,395
2019-06-25,Austin Riley,fly_ball,86.9,39.7,316
2019-06-25,Javier Baez,fly_ball,73.7,32.8,266
2019-06-25,Oscar Mercado,fly_ball,86.7,31.8,299
2019-06-25,Jason Kipnis,fly_ball,93.3,48.1,292
2019-06-25,Jose Ramirez,fly_ball,87.3,42.6,294
2019-06-25,Mike Freeman,fly_ball,103,39.7,389
2019-06-25,Oscar Mercado,fly_ball,97,26.7,339
2019-06-25,Lucas Duda,fly_ball,100.6,25.8,410
2019-06-25,Whit Merrifield,fly_ball,81.5,33.7,262
2019-06-25,Jose Ramirez,fly_ball,89.5,47.4,281
2019-06-25,Alex Gordon,fly_ball,97.1,36.9,368
2019-06-25,Oscar Mercado,fly_ball,78.2,48.2,242
2019-06-25,Carlos Santana,fly_ball,102.9,25,420
2019-06-25,Jose Ramirez,fly_ball,69.8,46.8,202
2019-06-25,Bobby Bradley,fly_ball,95.2,42.2,332
2019-06-25,Martin Maldonado,fly_ball,84,32.4,323
2019-06-25,Hunter Dozier,fly_ball,102.2,25.6,406
2019-06-25,Elvis Andrus,fly_ball,88.2,39.2,300
2019-06-25,Logan Forsythe,fly_ball,91.8,35.6,346
2019-06-25,Gordon Beckham,fly_ball,94.3,28.6,373
2019-06-25,Jeff Mathis,fly_ball,82.1,42,275
2019-06-25,JaCoby Jones,fly_ball,96.3,26.5,339
2019-06-25,Nomar Mazara,fly_ball,103.3,45.9,334
2019-06-25,Christin Stewart,fly_ball,92.2,55.2,256
2019-06-25,Gordon Beckham,fly_ball,98.3,37.3,352
2019-06-25,Ronald Guzman,fly_ball,106.9,27.9,438
2019-06-25,Ronny Rodriguez,fly_ball,97.2,35.4,358
2019-06-25,Logan Forsythe,fly_ball,102,27.1,420
2019-06-25,Ronald Guzman,fly_ball,94.5,33.7,340
2019-06-25,JaCoby Jones,fly_ball,92.2,27.3,330
2019-06-25,Ronny Rodriguez,fly_ball,99.8,29.3,382
2019-06-25,Tyler White,fly_ball,91.6,43.1,307
2019-06-25,Jose Altuve,fly_ball,85.5,54.1,233
2019-06-25,Starling Marte,fly_ball,96.3,33.9,344
2019-06-25,Josh Bell,fly_ball,104,38.3,369
2019-06-25,Yordan Álvarez,fly_ball,96.3,42.5,332
2019-06-25,Yuli Gurriel,fly_ball,96.1,25,392
2019-06-25,Tyler White,fly_ball,85.5,40.9,291
2019-06-25,Adam Frazier,fly_ball,90.3,34.9,328
2019-06-25,Alex Bregman,fly_ball,100.2,41.9,351
2019-06-25,Tyler White,fly_ball,85.7,47.1,272
2019-06-25,Robinson Chirinos,fly_ball,89.7,36.7,330
2019-06-25,David Dahl,fly_ball,93.3,45.8,300
2019-06-25,Brandon Belt,fly_ball,99,31.6,371
2019-06-25,Ian Desmond,fly_ball,103.9,35,382
2019-06-25,Nolan Arenado,fly_ball,98.9,30.2,401
2019-06-25,David Dahl,fly_ball,93,48.7,270
2019-06-25,Tyler Austin,fly_ball,108.8,33,411
2019-06-25,Mike Yastrzemski,fly_ball,75.4,41.7,232
2019-06-25,Brandon Crawford,fly_ball,96.4,29.6,342
2019-06-25,Matt Olson,fly_ball,101.7,27.2,385
2019-06-25,Stephen Piscotty,fly_ball,87.8,31.6,335
2019-06-25,Matt Carpenter,fly_ball,97.6,35.5,389
2019-06-25,Matt Chapman,fly_ball,88.6,53.8,244
2019-06-25,Marcell Ozuna,fly_ball,94,45.8,314
2019-06-25,Marcus Semien,fly_ball,100.2,26,401
2019-06-25,Josh Phegley,fly_ball,76.7,47.8,238
2019-06-25,Paul Goldschmidt,fly_ball,92.2,44.4,307
2019-06-25,Kolten Wong,fly_ball,91.1,30,362
2019-06-25,Yairo Munoz,fly_ball,90.1,45.1,301
2019-06-25,Paul DeJong,fly_ball,83.3,51.7,245
2019-06-25,Matt Carpenter,fly_ball,83.2,39.3,286
2019-06-25,Robbie Grossman,fly_ball,94.3,29.7,342
2019-06-25,Jorge Polanco,fly_ball,86.5,42,297
2019-06-25,Austin Meadows,fly_ball,100,24.5,378
2019-06-25,C. J. Cron,fly_ball,94.8,38.1,332
2019-06-25,Travis d'Arnaud,fly_ball,89.5,50.2,274
2019-06-25,Jonathan Schoop,fly_ball,104.1,27.5,408
2019-06-25,C. J. Cron,fly_ball,69.1,31,215
2019-06-25,Kevin Kiermaier,fly_ball,74.7,40.5,242
2019-06-25,Jorge Polanco,fly_ball,92.9,37.5,317
2019-06-25,Willy Adames,fly_ball,102.5,24.2,400
2019-06-25,Jorge Polanco,fly_ball,91.6,29.7,323
2019-06-25,Mitch Garver,fly_ball,99.7,24.3,402
2019-06-25,Travis d'Arnaud,fly_ball,94.9,39.3,325
2019-06-25,Scott Kingery,fly_ball,98.1,31.3,357
2019-06-25,Amed Rosario,fly_ball,98.1,39.1,343
2019-06-25,Pete Alonso,fly_ball,93.9,33.4,356
2019-06-25,Dominic Smith,fly_ball,99.8,29.8,382
2019-06-25,Scott Kingery,fly_ball,79.6,44.2,263
2019-06-25,Jean Segura,fly_ball,86.9,57.1,203
2019-06-25,Rhys Hoskins,fly_ball,102.1,36.6,386
2019-06-25,Walker Lockett,fly_ball,101.1,42,343
2019-06-25,Maikel Franco,fly_ball,104,22.4,410
2019-06-25,Brad Miller,fly_ball,106.2,24.2,418
2019-06-25,Amed Rosario,fly_ball,76.5,30.8,278
2019-06-25,Maikel Franco,fly_ball,98.4,50.7,289
2019-06-25,Anthony Rendon,fly_ball,73.5,35.9,265
2019-06-25,Wilkin Castillo,fly_ball,90.1,50.2,264
2019-06-25,Trea Turner,fly_ball,103.8,25.8,418
2019-06-25,Anthony Rendon,fly_ball,86.7,55.7,230
2019-06-25,Howie Kendrick,fly_ball,78.4,45.2,241
2019-06-25,Kurt Suzuki,fly_ball,92.5,37.8,331
2019-06-25,Curtis Granderson,fly_ball,89,35.2,326
2019-06-25,JT Riddle,fly_ball,82.3,42.2,257
2019-06-25,DJ LeMahieu,fly_ball,100.8,28.3,392
2019-06-25,Aaron Judge,fly_ball,106.7,21.9,406
2019-06-25,Gleyber Torres,fly_ball,97.4,28,340
2019-06-25,Freddy Galvis,fly_ball,95.4,36.9,350
2019-06-25,Gary Sanchez,fly_ball,100.5,48.7,296
2019-06-25,Edwin Encarnacion,fly_ball,100.9,28.7,367
2019-06-25,Randal Grichuk,fly_ball,98.9,33.9,361
2019-06-25,Eric Sogard,fly_ball,80.6,30.2,287
2019-06-25,Luke Voit,fly_ball,76.1,43.7,243
2019-06-25,Danny Jansen,fly_ball,81.4,39.8,270
2019-06-25,Edwin Encarnacion,fly_ball,95.5,39.9,342
2019-06-25,J. P. Crawford,fly_ball,89.4,32.2,346
2019-06-25,Dan Vogelbach,fly_ball,105.6,35.3,419
2019-06-25,Yasmani Grandal,fly_ball,87.6,50.4,267
2019-06-25,Christian Yelich,fly_ball,91.6,26.2,357
2019-06-25,Yasmani Grandal,fly_ball,109.8,24.9,425
2019-06-25,Ben Gamel,fly_ball,77,46.8,235
2019-06-25,J. P. Crawford,fly_ball,71,33.8,256
2019-06-25,Yasmani Grandal,fly_ball,92.6,28,374
2019-06-25,Mac Williamson,fly_ball,78.6,45.8,250
2019-06-25,J. P. Crawford,fly_ball,67.8,29.4,234
2019-06-25,Mac Williamson,fly_ball,70.9,32.8,254
2019-06-25,Ryan Braun,fly_ball,80.7,48.4,255
2019-06-26,Joey Votto,fly_ball,80.8,36.4,290
2019-06-26,Justin Upton,fly_ball,70.1,29.2,198
2019-06-26,José Iglesias,fly_ball,71.9,43.9,238
2019-06-26,Tommy La Stella,fly_ball,85.6,45.5,250
2019-06-26,Eugenio Suarez,fly_ball,94.6,56.4,239
2019-06-26,Justin Bour,fly_ball,100.7,28.1,401
2019-06-26,Joey Votto,fly_ball,86.4,31.8,290
2019-06-26,Justin Bour,fly_ball,109.6,38.3,392
2019-06-26,Eduardo Escobar,fly_ball,95.2,28.4,365
2019-06-26,Chris Taylor,fly_ball,94.4,43.3,316
2019-06-26,Tim Locastro,fly_ball,94,32.8,371
2019-06-26,David Peralta,fly_ball,93.8,27.4,374
2019-06-26,Cody Bellinger,fly_ball,104.1,29.1,427
2019-06-26,Taylor Clarke,fly_ball,89.8,31.7,340
2019-06-26,Russell Martin,fly_ball,92.1,45.2,299
2019-06-26,Tony Gonsolin,fly_ball,92.6,27.5,348
2019-06-26,Caleb Joseph,fly_ball,83.1,45.4,272
2019-06-26,Chris Taylor,fly_ball,70.9,36.4,247
2019-06-26,David Peralta,fly_ball,101.4,43.4,347
2019-06-26,Eduardo Escobar,fly_ball,94.6,26.7,352
2019-06-26,Joc Pederson,fly_ball,107.7,37.4,389
2019-06-26,Nick Ahmed,fly_ball,90,26.7,338
2019-06-26,Hanser Alberto,fly_ball,95,30.4,392
2019-06-26,Renato Nunez,fly_ball,94.1,35.5,343
2019-06-26,Pedro Severino,fly_ball,81.2,37.6,296
2019-06-26,Greg Garcia,fly_ball,101.5,32.4,395
2019-06-26,Austin Hedges,fly_ball,96.7,39,347
2019-06-26,Franmil Reyes,fly_ball,106.6,31.3,452
2019-06-26,Richie Martin,fly_ball,86.1,40.5,301
2019-06-26,Jonathan Villar,fly_ball,103.6,28.5,430
2019-06-26,Chris Davis,fly_ball,81,33.5,301
2019-06-26,Franmil Reyes,fly_ball,103.1,29.9,417
2019-06-26,Francisco Mejia,fly_ball,91.7,39,324
2019-06-26,Eric Hosmer,fly_ball,105.1,24.3,405
2019-06-26,Manny Machado,fly_ball,89,47.8,278
2019-06-26,Pedro Severino,fly_ball,95.1,30.1,364
2019-06-26,Hunter Renfroe,fly_ball,99.2,26.1,411
2019-06-26,Francisco Mejia,fly_ball,99.1,49.7,293
2019-06-26,Jonathan Villar,fly_ball,74.6,37.3,254
2019-06-26,Anthony Santander,fly_ball,86.9,35.2,321
2019-06-26,Hunter Renfroe,fly_ball,89.9,52.3,242
2019-06-26,J. D. Martinez,fly_ball,98.7,33.9,400
2019-06-26,Marco Hernandez,fly_ball,82.2,46.9,251
2019-06-26,Leury Garcia,fly_ball,78.2,52,216
2019-06-26,Eduardo Nunez,fly_ball,87.6,26.1,326
2019-06-26,James McCann,fly_ball,105.6,24.4,399
2019-06-26,Rafael Devers,fly_ball,96.9,45.8,317
2019-06-26,Mookie Betts,fly_ball,103,40.8,348
2019-06-26,Sandy Leon,fly_ball,83.9,49,252
2019-06-26,Jackie Bradley,fly_ball,67,27.9,206
2019-06-26,Michael Chavis,fly_ball,90.5,27.2,313
2019-06-26,Brock Holt,fly_ball,87.7,51.9,254
2019-06-26,José Abreu,fly_ball,104.6,27.9,401
2019-06-26,Michael Chavis,fly_ball,91.5,34.6,323
2019-06-26,Brian McCann,fly_ball,104.2,31.2,397
2019-06-26,Nick Markakis,fly_ball,106.6,20.5,411
2019-06-26,Willson Contreras,fly_ball,102.5,38,377
2019-06-26,Kris Bryant,fly_ball,104,33.2,429
2019-06-26,Brian McCann,fly_ball,77.7,49.2,234
2019-06-26,Willson Contreras,fly_ball,102.9,30.6,357
2019-06-26,Austin Riley,fly_ball,103.1,45.2,359
2019-06-26,Anthony Rizzo,fly_ball,90.6,46.9,288
2019-06-26,Nick Markakis,fly_ball,92.7,53.5,239
2019-06-26,Javier Baez,fly_ball,85.7,52.6,230
2019-06-26,Kyle Schwarber,fly_ball,99.1,32.9,350
2019-06-26,Whit Merrifield,fly_ball,94.6,38,321
2019-06-26,Oscar Mercado,fly_ball,89.6,33.8,327
2019-06-26,Carlos Santana,fly_ball,83.7,48.8,242
2019-06-26,Whit Merrifield,fly_ball,90.7,31.3,339
2019-06-26,Jose Ramirez,fly_ball,90.5,38.7,328
2019-06-26,Jake Bauers,fly_ball,98.9,37,361
2019-06-26,Tyler Naquin,fly_ball,106.9,26.9,418
2019-06-26,Oscar Mercado,fly_ball,88.9,51.6,260
2019-06-26,Billy Hamilton,fly_ball,67.8,53.4,175
2019-06-26,Lucas Duda,fly_ball,105.4,23.6,404
2019-06-26,Joey Gallo,fly_ball,87.5,28.8,333
2019-06-26,Niko Goodrum,fly_ball,85,57.4,220
2019-06-26,Ronald Guzman,fly_ball,101.3,24.9,420
2019-06-26,JaCoby Jones,fly_ball,89.7,35.9,324
2019-06-26,Danny Santana,fly_ball,88.7,39.1,305
2019-06-26,Nick Castellanos,fly_ball,99.4,49.8,304
2019-06-26,Brandon Dixon,fly_ball,105.2,32,418
2019-06-26,Willie Calhoun,fly_ball,95.3,28.6,380
2019-06-26,Jeff Mathis,fly_ball,98.3,25.6,386
2019-06-26,Danny Santana,fly_ball,108.2,36.9,420
2019-06-26,Jeimer Candelario,fly_ball,72.5,35.5,252
2019-06-26,Gordon Beckham,fly_ball,98.4,27.8,390
2019-06-26,Joey Gallo,fly_ball,96,51.3,282
2019-06-26,Logan Forsythe,fly_ball,83.8,35.8,302
2019-06-26,Jeimer Candelario,fly_ball,98.4,34.6,364
2019-06-26,Gordon Beckham,fly_ball,80.7,50.2,236
2019-06-26,Jeff Mathis,fly_ball,99.5,23.3,397
2019-06-26,Josh Bell,fly_ball,108.4,29,423
2019-06-26,George Springer,fly_ball,110.9,21.3,448
2019-06-26,Michael Brantley,fly_ball,87.6,37.4,305
2019-06-26,Yordan Álvarez,fly_ball,83.6,47.3,264
2019-06-26,Jose Osuna,fly_ball,96.9,35.7,353
2019-06-26,Jung Ho Kang,fly_ball,105.2,31.5,415
2019-06-26,Melky Cabrera,fly_ball,76.2,31.7,275
2019-06-26,Jose Osuna,fly_ball,106.7,24.5,421
2019-06-26,Jung Ho Kang,fly_ball,82.1,45.5,267
2019-06-26,Adam Frazier,fly_ball,79.9,38.8,279
2019-06-26,Kevin Newman,fly_ball,98.7,34.3,379
2019-06-26,Nolan Arenado,fly_ball,78.7,41.5,244
2019-06-26,Kevin Pillar,fly_ball,76.7,30.2,273
2019-06-26,Daniel Murphy,fly_ball,97.3,49.4,286
2019-06-26,Raimel Tapia,fly_ball,93.8,35.8,350
2019-06-26,Joe Panik,fly_ball,101,28.9,378
2019-06-26,David Dahl,fly_ball,102.8,23.1,398
2019-06-26,Pablo Sandoval,fly_ball,110.8,26.7,444
2019-06-26,Joe Panik,fly_ball,83,33.5,285
2019-06-26,Brandon Belt,fly_ball,94.6,28.8,317
2019-06-26,Stephen Vogt,fly_ball,83.4,48.5,248
2019-06-26,Mike Yastrzemski,fly_ball,100.1,37,368
2019-06-26,Kevin Pillar,fly_ball,93.2,41,318
2019-06-26,Stephen Piscotty,fly_ball,96,47.4,304
2019-06-26,Beau Taylor,fly_ball,99.8,27.5,398
2019-06-26,Marcell Ozuna,fly_ball,102.4,32.4,389
2019-06-26,Adam Wainwright,fly_ball,91.2,46.7,290
2019-06-26,Khris Davis,fly_ball,69.9,37.3,224
2019-06-26,Stephen Piscotty,fly_ball,75.8,44.9,237
2019-06-26,Matt Chapman,fly_ball,103.8,32.1,415
2019-06-26,Kolten Wong,fly_ball,96,29.4,358
2019-06-26,Mark Canha,fly_ball,96.9,42.7,329
2019-06-26,Jurickson Profar,fly_ball,80.6,35.6,295
2019-06-26,Marcus Semien,fly_ball,90.8,30.3,345
2019-06-26,Brandon Lowe,fly_ball,88.9,49.8,269
2019-06-26,Kevin Kiermaier,fly_ball,103.1,27.3,415
2019-06-26,Mike Zunino,fly_ball,105.3,39.7,374
2019-06-26,Brandon Lowe,fly_ball,96.6,37.1,364
2019-06-26,Jorge Polanco,fly_ball,89.5,31.2,331
2019-06-26,C. J. Cron,fly_ball,94.2,41.6,323
2019-06-26,Ji-Man Choi,fly_ball,97.8,29.9,360
2019-06-26,Mike Zunino,fly_ball,89.8,52.6,244
2019-06-26,Tommy Pham,fly_ball,102.6,25.9,374
2019-06-26,Austin Meadows,fly_ball,98.7,41.9,334
2019-06-26,Kevin Kiermaier,fly_ball,100.9,34.7,373
2019-06-26,Willy Adames,fly_ball,104.5,27.9,424
2019-06-26,Tommy Pham,fly_ball,93.8,25.8,321
2019-06-26,Robinson Cano,fly_ball,93.5,37.8,345
2019-06-26,Scott Kingery,fly_ball,88,48.6,284
2019-06-26,Tomas Nido,fly_ball,86.9,33.4,324
2019-06-26,Pete Alonso,fly_ball,90.7,43.3,303
2019-06-26,Michael Conforto,fly_ball,75.1,51.6,212
2019-06-26,Todd Frazier,fly_ball,88.6,45.4,289
2019-06-26,Amed Rosario,fly_ball,99.4,29.5,395
2019-06-26,Jeff McNeil,fly_ball,100.4,25.6,398
2019-06-26,Robinson Cano,fly_ball,82.3,55.3,222
2019-06-26,Jean Segura,fly_ball,98.3,30.8,380
2019-06-26,J. T. Realmuto,fly_ball,94.9,24.9,367
2019-06-26,Jay Bruce,fly_ball,101.9,34.4,384
2019-06-26,Cesar Hernandez,fly_ball,94.8,27.2,381
2019-06-26,Maikel Franco,fly_ball,94.5,55.3,244
2019-06-26,Sean Rodriguez,fly_ball,80,55.5,210
2019-06-26,Jean Segura,fly_ball,85.1,56.3,226
2019-06-26,Amed Rosario,fly_ball,87.1,50.2,255
2019-06-26,Miguel Rojas,fly_ball,74,34,247
2019-06-26,Yan Gomes,fly_ball,86.7,43.1,269
2019-06-26,Bryan Holaday,fly_ball,94.1,31.9,356
2019-06-26,Miguel Rojas,fly_ball,84.7,35.2,314
2019-06-26,Matt Adams,fly_ball,97.8,32.4,382
2019-06-26,Juan Soto,fly_ball,91.9,37.7,325
2019-06-26,Anthony Rendon,fly_ball,96,34,372
2019-06-26,Starlin Castro,fly_ball,95.7,26.1,379
2019-06-26,Curtis Granderson,fly_ball,93.3,32,360
2019-06-26,Lourdes Gurriel,fly_ball,107,23.4,415
2019-06-26,Luke Voit,fly_ball,97.4,45.9,315
2019-06-26,Danny Jansen,fly_ball,100.2,30.6,401
2019-06-26,Didi Gregorius,fly_ball,100.4,24.1,413
2019-06-26,Gary Sanchez,fly_ball,75.8,28.4,258
2019-06-26,Rowdy Tellez,fly_ball,67.7,27.5,210
2019-06-26,Teoscar Hernandez,fly_ball,99.7,39.1,345
2019-06-26,Didi Gregorius,fly_ball,81.6,37.2,286
2019-06-26,Brett Gardner,fly_ball,96.8,25.2,389
2019-06-26,Lourdes Gurriel,fly_ball,102.6,33.7,422
2019-06-26,Aaron Hicks,fly_ball,89.5,50.2,275
2019-06-26,Edwin Encarnacion,fly_ball,80.2,46,251
2019-06-26,Mike Moustakas,fly_ball,96.9,38,357
2019-06-26,Mallex Smith,fly_ball,94.8,25.4,351
2019-06-26,Hernan Perez,fly_ball,94,28.8,365
2019-06-26,Ben Gamel,fly_ball,96.8,34.3,357
2019-06-26,Hernan Perez,fly_ball,73.8,28.3,256
2019-06-26,Mike Moustakas,fly_ball,100.7,28.2,396
2019-06-26,Ben Gamel,fly_ball,79.1,31.9,251
2019-06-26,Omar Narvaez,fly_ball,88.2,51.6,255
2019-06-27,Robbie Grossman,fly_ball,81.5,51.2,230
2019-06-27,Jurickson Profar,fly_ball,102.8,40.2,361
2019-06-27,Kole Calhoun,fly_ball,104.4,30,427
2019-06-27,Mike Trout,fly_ball,96.3,50.2,288
2019-06-27,Shohei Ohtani,fly_ball,104.7,21.8,406
2019-06-27,Andrelton Simmons,fly_ball,88.9,42.1,300
2019-06-27,Matt Olson,fly_ball,106.8,28.3,431
2019-06-27,Ramon Laureano,fly_ball,85.3,56.2,236
2019-06-27,Tommy La Stella,fly_ball,77.3,37.6,253
2019-06-27,Robbie Grossman,fly_ball,86.2,53.4,238
2019-06-27,Chad Pinder,fly_ball,77.5,48.3,220
2019-06-27,Ramon Laureano,fly_ball,74.5,37.4,243
2019-06-27,Dansby Swanson,fly_ball,91.7,50.3,279
2019-06-27,Kyle Schwarber,fly_ball,102.4,26.6,390
2019-06-27,Anthony Rizzo,fly_ball,71.3,50.9,199
2019-06-27,Daniel Descalso,fly_ball,90.4,44.7,297
2019-06-27,Dansby Swanson,fly_ball,102,24,364
2019-06-27,Freddie Freeman,fly_ball,92.6,29.2,366
2019-06-27,Ozzie Albies,fly_ball,92.2,36.1,346
2019-06-27,Anthony Rizzo,fly_ball,75,32.6,236
2019-06-27,Victor Caratini,fly_ball,107.3,21.8,407
2019-06-27,Ozzie Albies,fly_ball,103.5,29.9,423
2019-06-27,Ronald Acuna,fly_ball,102.9,37.1,398
2019-06-27,Anthony Rizzo,fly_ball,100.7,48,316
2019-06-27,Addison Russell,fly_ball,71.2,36.5,240
2019-06-27,David Dahl,fly_ball,88.5,38.4,316
2019-06-27,Max Muncy,fly_ball,103.9,41.1,415
2019-06-27,Matt Beaty,fly_ball,96.6,33.5,391
2019-06-27,Nolan Arenado,fly_ball,92.2,34.6,345
2019-06-27,Raimel Tapia,fly_ball,99.2,28,396
2019-06-27,Matt Beaty,fly_ball,93.7,32.9,384
2019-06-27,Austin Barnes,fly_ball,96.4,38.5,372
2019-06-27,Alex Verdugo,fly_ball,99.5,24.2,383
2019-06-27,Justin Turner,fly_ball,98.7,32.6,386
2019-06-27,David Dahl,fly_ball,94.7,32.3,364
2019-06-27,Ryan McMahon,fly_ball,108.3,28.6,479
2019-06-27,Charlie Blackmon,fly_ball,88.5,49.8,291
2019-06-27,Daniel Murphy,fly_ball,88.7,41.8,323
2019-06-27,Cody Bellinger,fly_ball,82.9,41.3,300
2019-06-27,Austin Barnes,fly_ball,70.9,35.9,255
2019-06-27,Enrique Hernandez,fly_ball,104.1,22.5,430
2019-06-27,Danny Santana,fly_ball,97.3,43.3,310
2019-06-27,Elvis Andrus,fly_ball,82.9,25.1,303
2019-06-27,Danny Santana,fly_ball,94.4,42.2,325
2019-06-27,JaCoby Jones,fly_ball,99.5,27.5,398
2019-06-27,Joey Gallo,fly_ball,108.7,25.5,422
2019-06-27,Rougned Odor,fly_ball,88.3,31.2,333
2019-06-27,Logan Forsythe,fly_ball,81.3,50.3,235
2019-06-27,Shin-Soo Choo,fly_ball,75.9,46.4,234
2019-06-27,Gordon Beckham,fly_ball,101.2,23.1,408
2019-06-27,Nick Castellanos,fly_ball,96.4,37.9,339
2019-06-27,Christin Stewart,fly_ball,80.1,35.7,296
2019-06-27,Kevin Newman,fly_ball,101.2,27.2,387
2019-06-27,Corey Dickerson,fly_ball,91.1,31.5,336
2019-06-27,Alex Bregman,fly_ball,97.2,25.1,360
2019-06-27,Kevin Newman,fly_ball,82.1,46,258
2019-06-27,Josh Bell,fly_ball,110.9,21.9,445
2019-06-27,Colin Moran,fly_ball,78.4,47.1,241
2019-06-27,Jose Osuna,fly_ball,92.9,40,320
2019-06-27,Kevin Newman,fly_ball,83.6,52.6,236
2019-06-27,Michael Brantley,fly_ball,85.3,36.7,308
2019-06-27,Starling Marte,fly_ball,106.8,28.2,455
2019-06-27,Jacob Stallings,fly_ball,102.1,32.5,399
2019-06-27,Josh Bell,fly_ball,87.7,28.1,331
2019-06-27,Adam Jones,fly_ball,92.5,42.3,310
2019-06-27,Ketel Marte,fly_ball,79.4,42.7,257
2019-06-27,Evan Longoria,fly_ball,95.2,35.7,340
2019-06-27,Brandon Crawford,fly_ball,91.6,35,338
2019-06-27,Jake Lamb,fly_ball,86.9,31.7,330
2019-06-27,Brandon Belt,fly_ball,103.5,36.4,416
2019-06-27,Tyler Austin,fly_ball,90.7,30.5,346
2019-06-27,Buster Posey,fly_ball,95.2,25.7,343
2019-06-27,Nick Ahmed,fly_ball,106.9,24.7,387
2019-06-27,Brandon Crawford,fly_ball,98.9,24.9,368
2019-06-27,Jarrod Dyson,fly_ball,91.4,30.1,346
2019-06-27,Alex Dickerson,fly_ball,89.1,58.9,210
2019-06-27,Carson Kelly,fly_ball,105.2,22,416
2019-06-27,Adam Jones,fly_ball,93.2,25.7,330
2019-06-27,Kevin Pillar,fly_ball,89.3,39.6,300
2019-06-27,Brandon Belt,fly_ball,96.1,25.9,357
2019-06-27,Adam Jones,fly_ball,77.6,37,258
2019-06-27,Kevin Pillar,fly_ball,96.9,55.4,252
2019-06-27,C. J. Cron,fly_ball,92.1,31.4,334
2019-06-27,Willy Adames,fly_ball,93.2,47.4,287
2019-06-27,Mike Brosseau,fly_ball,96.6,38.3,339
2019-06-27,Jorge Polanco,fly_ball,74.7,38.3,252
2019-06-27,Nelson Cruz,fly_ball,104.5,36.2,386
2019-06-27,C. J. Cron,fly_ball,87.4,41.5,295
2019-06-27,Miguel Sano,fly_ball,101.1,48,314
2019-06-27,Max Kepler,fly_ball,99.5,34.6,368
2019-06-27,Yandy Díaz,fly_ball,99.2,32.9,376
2019-06-27,Jake Cave,fly_ball,90.3,33.4,316
2019-06-27,Austin Meadows,fly_ball,103.9,31.6,393
2019-06-27,Tommy Pham,fly_ball,81.7,44.1,268
2019-06-27,Brandon Lowe,fly_ball,95.3,39,326
2019-06-27,Yandy Díaz,fly_ball,75.6,32.9,266
2019-06-27,Austin Meadows,fly_ball,82.2,46.6,261
2019-06-27,Yandy Díaz,fly_ball,73.6,30.2,263
2019-06-27,Jorge Polanco,fly_ball,82.8,38.2,301
2019-06-27,Todd Frazier,fly_ball,83.5,32.2,290
2019-06-27,Pete Alonso,fly_ball,84.5,50.2,253
2019-06-27,Amed Rosario,fly_ball,96,27.8,378
2019-06-27,Bryce Harper,fly_ball,111,24,438
2019-06-27,Adeiny Hechavarria,fly_ball,94.6,25.7,360
2019-06-27,Adam Eaton,fly_ball,83.9,47.5,234
2019-06-27,Anthony Rendon,fly_ball,94,23.9,326
2019-06-27,Juan Soto,fly_ball,90.2,50.9,275
2019-06-27,JT Riddle,fly_ball,98.4,26.8,365
2019-06-27,Adam Eaton,fly_ball,71.7,30.6,255
2019-06-27,Matt Adams,fly_ball,98.3,40.6,347
2019-06-27,Bryan Holaday,fly_ball,90.9,54.3,239
2019-06-27,Brian Anderson,fly_ball,83.1,48.3,255
2019-06-27,Matt Adams,fly_ball,107.9,37.1,389
2019-06-27,Kurt Suzuki,fly_ball,97.9,27.7,364
2019-06-27,Victor Robles,fly_ball,101.8,36.7,391
2019-06-27,Neil Walker,fly_ball,89.7,39.4,309
2019-06-27,Anthony Rendon,fly_ball,96.8,37,343
2019-06-27,Kurt Suzuki,fly_ball,101.1,30.1,395
2019-06-27,Anthony Rendon,fly_ball,100,40,368
2019-06-27,Starlin Castro,fly_ball,99.4,31.2,384
2019-06-27,Christian Yelich,fly_ball,108.5,41.4,382
2019-06-27,Dee Gordon,fly_ball,72.8,49.9,207
2019-06-27,Travis Shaw,fly_ball,90.6,39.4,336
2019-06-27,Orlando Arcia,fly_ball,101.6,24.9,365
2019-06-27,Mike Leake,fly_ball,90.8,29.2,311
2019-06-27,J. P. Crawford,fly_ball,92.2,36.2,343
2019-06-27,Orlando Arcia,fly_ball,94.2,24.8,369
2019-06-28,Matt Olson,fly_ball,105,23.1,415
2019-06-28,Mike Trout,fly_ball,92.5,31,361
2019-06-28,Kole Calhoun,fly_ball,96,47.4,297
2019-06-28,Jurickson Profar,fly_ball,86.3,46.8,263
2019-06-28,Matt Olson,fly_ball,107.9,28,408
2019-06-28,Mike Trout,fly_ball,85.3,32.6,332
2019-06-28,Albert Pujols,fly_ball,92.1,42.7,310
2019-06-28,Marcus Semien,fly_ball,91.3,45.3,296
2019-06-28,Jonathan Lucroy,fly_ball,98.2,36.9,356
2019-06-28,Jonathan Lucroy,fly_ball,95.9,35.3,355
2019-06-28,Stephen Piscotty,fly_ball,80.1,33.7,285
2019-06-28,Jurickson Profar,fly_ball,72.1,40.3,225
2019-06-28,Josh Phegley,fly_ball,74.1,35.9,245
2019-06-28,Mark Canha,fly_ball,80.6,40.3,265
2019-06-28,Jonathan Lucroy,fly_ball,95.5,34.4,331
2019-06-28,Tommy La Stella,fly_ball,90.4,31,320
2019-06-28,Oscar Mercado,fly_ball,100.8,29.2,394
2019-06-28,Jason Kipnis,fly_ball,88.5,36.6,308
2019-06-28,Dwight Smith,fly_ball,90.7,32,335
2019-06-28,Chance Sisco,fly_ball,103.4,32.4,411
2019-06-28,Roberto Perez,fly_ball,92.9,40.8,320
2019-06-28,Jake Bauers,fly_ball,77.5,40.9,254
2019-06-28,Dwight Smith,fly_ball,81.3,39.7,285
2019-06-28,Trey Mancini,fly_ball,80.8,36.5,289
2019-06-28,Anthony Santander,fly_ball,104.6,22.6,427
2019-06-28,Oscar Mercado,fly_ball,92.7,34.3,329
2019-06-28,Jordan Luplow,fly_ball,84.6,46.1,283
2019-06-28,Chance Sisco,fly_ball,105.3,37,380
2019-06-28,Yu Chang,fly_ball,88.3,51.7,246
2019-06-28,Hanser Alberto,fly_ball,93.7,33.2,355
2019-06-28,Francisco Lindor,fly_ball,81.5,47.9,246
2019-06-28,Chance Sisco,fly_ball,92.7,39.8,320
2019-06-28,Hanser Alberto,fly_ball,90.3,40.1,312
2019-06-28,Addison Russell,fly_ball,93.6,30,376
2019-06-28,Phil Ervin,fly_ball,99.5,32.9,385
2019-06-28,José Iglesias,fly_ball,90.8,26.8,348
2019-06-28,Phil Ervin,fly_ball,77,36.2,271
2019-06-28,Kyle Schwarber,fly_ball,90.3,36.6,340
2019-06-28,Willson Contreras,fly_ball,97.6,35,373
2019-06-28,Jason Heyward,fly_ball,105.2,23.4,420
2019-06-28,Albert Almora,fly_ball,88.5,32.5,315
2019-06-28,Phil Ervin,fly_ball,96.4,36.9,352
2019-06-28,Alex Verdugo,fly_ball,77,32.7,298
2019-06-28,Ian Desmond,fly_ball,74.3,35.2,272
2019-06-28,Daniel Murphy,fly_ball,88.4,38.2,346
2019-06-28,Chris Iannetta,fly_ball,96,31.2,386
2019-06-28,Alex Verdugo,fly_ball,105.8,24.8,439
2019-06-28,Pat Valaika,fly_ball,101.1,33.7,414
2019-06-28,David Dahl,fly_ball,96.1,36.1,390
2019-06-28,Cody Bellinger,fly_ball,104.3,46.3,356
2019-06-28,Max Muncy,fly_ball,110.1,28.4,465
2019-06-28,David Dahl,fly_ball,87.7,39.8,310
2019-06-28,Cody Bellinger,fly_ball,96.1,46.5,338
2019-06-28,Victor Reyes,fly_ball,86.7,39.3,294
2019-06-28,Juan Soto,fly_ball,109.4,32.2,418
2019-06-28,Kurt Suzuki,fly_ball,81.8,46.8,259
2019-06-28,Howie Kendrick,fly_ball,104.3,23.2,419
2019-06-28,Kurt Suzuki,fly_ball,96.3,36.5,354
2019-06-28,Brian Dozier,fly_ball,97.4,32.2,364
2019-06-28,Nick Castellanos,fly_ball,105.2,29.1,437
2019-06-28,Victor Robles,fly_ball,100.2,24.6,384
2019-06-28,Anthony Rendon,fly_ball,104.5,37.9,402
2019-06-28,Kurt Suzuki,fly_ball,97.5,41.9,315
2019-06-28,Tom Murphy,fly_ball,99.4,30.1,386
2019-06-28,Josh Reddick,fly_ball,81.5,55.3,219
2019-06-28,Robinson Chirinos,fly_ball,98.7,28.7,384
2019-06-28,Tyler White,fly_ball,82.2,45.3,259
2019-06-28,Mac Williamson,fly_ball,89,32.1,336
2019-06-28,Tyler White,fly_ball,80.6,37.9,268
2019-06-28,Jake Marisnick,fly_ball,91.4,44.3,309
2019-06-28,George Springer,fly_ball,95.8,31.9,368
2019-06-28,Jose Altuve,fly_ball,99.6,37.7,358
2019-06-28,Josh Reddick,fly_ball,101,37.5,366
2019-06-28,Robinson Chirinos,fly_ball,96,34.7,359
2019-06-28,Yuli Gurriel,fly_ball,102.6,21.4,410
2019-06-28,Robinson Cano,fly_ball,83.8,38.9,296
2019-06-28,Austin Riley,fly_ball,101.9,26.9,407
2019-06-28,Josh Donaldson,fly_ball,98.7,49,308
2019-06-28,Pete Alonso,fly_ball,96.6,40.6,363
2019-06-28,Michael Conforto,fly_ball,85.5,36.7,308
2019-06-28,Josh Donaldson,fly_ball,102.1,50.6,291
2019-06-28,Robinson Cano,fly_ball,94.2,44.7,313
2019-06-28,Michael Conforto,fly_ball,83.1,45.4,275
2019-06-28,Tommy Edman,fly_ball,87.4,49.1,250
2019-06-28,Manny Machado,fly_ball,89,47.5,270
2019-06-28,Paul DeJong,fly_ball,85,45.2,271
2019-06-28,Josh Naylor,fly_ball,90.9,30.4,344
2019-06-28,Austin Hedges,fly_ball,74.6,45.6,230
2019-06-28,Yadier Molina,fly_ball,93.6,26.8,331
2019-06-28,Eric Hosmer,fly_ball,109.5,24.4,419
2019-06-28,Manny Machado,fly_ball,95.6,32.4,331
2019-06-28,Harrison Bader,fly_ball,95.9,46.9,287
2019-06-28,Austin Hedges,fly_ball,79,42.8,252
2019-06-28,Matt Carpenter,fly_ball,86,29.1,307
2019-06-28,Tommy Edman,fly_ball,92.1,27.9,327
2019-06-28,Buster Posey,fly_ball,86.9,53.2,236
2019-06-28,Eduardo Escobar,fly_ball,79.4,31.4,302
2019-06-28,Pablo Sandoval,fly_ball,98.9,42.4,333
2019-06-28,Alex Dickerson,fly_ball,109.7,26,424
2019-06-28,Joe Panik,fly_ball,92.9,31.3,326
2019-06-28,Carson Kelly,fly_ball,97.3,31,343
2019-06-28,Buster Posey,fly_ball,95.9,33.4,338
2019-06-28,Eduardo Escobar,fly_ball,81.5,41.1,259
2019-06-28,Alex Dickerson,fly_ball,93.8,27.1,371
2019-06-28,Brandon Belt,fly_ball,79.4,35.7,274
2019-06-28,Mike Yastrzemski,fly_ball,79.6,24,270
2019-06-28,Pablo Sandoval,fly_ball,88.8,50.1,259
2019-06-28,Adam Jones,fly_ball,87.3,48,255
2019-06-28,Ketel Marte,fly_ball,84.8,50,249
2019-06-28,Eduardo Escobar,fly_ball,71,37,221
2019-06-28,Joe Panik,fly_ball,88.1,42.3,281
2019-06-28,Joey Wendle,fly_ball,67.4,38.5,223
2019-06-28,Willie Calhoun,fly_ball,77.8,33.7,275
2019-06-28,Brandon Lowe,fly_ball,96.8,44.1,315
2019-06-28,Jeff Mathis,fly_ball,92.7,32.1,358
2019-06-28,Rougned Odor,fly_ball,71.7,32.9,248
2019-06-28,Tommy Pham,fly_ball,83.3,36.9,275
2019-06-28,Elvis Andrus,fly_ball,71.5,37.5,246
2019-06-28,Austin Meadows,fly_ball,83.2,53.8,225
2019-06-28,Nomar Mazara,fly_ball,95,37.9,350
2019-06-28,Asdrubal Cabrera,fly_ball,92.3,27.3,357
2019-06-28,Willie Calhoun,fly_ball,81.8,44.1,254
2019-06-28,Eric Sogard,fly_ball,82.4,50.8,245
2019-06-28,Lourdes Gurriel,fly_ball,101.9,36.9,374
2019-06-28,Hunter Dozier,fly_ball,98.5,24.5,360
2019-06-28,Vladimir Guerrero,fly_ball,73.5,32.9,259
2019-06-28,Nicky Lopez,fly_ball,86.3,30.9,317
2019-06-28,Humberto Arteaga,fly_ball,83.2,38.9,293
2019-06-28,Martin Maldonado,fly_ball,103.3,24.6,404
2019-06-28,Lourdes Gurriel,fly_ball,105.7,22.5,434
2019-06-28,Justin Smoak,fly_ball,73.5,45.4,227
2019-06-28,Eric Sogard,fly_ball,94.2,26.3,366
2019-06-28,Teoscar Hernandez,fly_ball,84.1,37.4,312
2019-06-28,Randal Grichuk,fly_ball,102.4,25.4,390
2019-06-28,C. J. Cron,fly_ball,74.2,25.9,258
2019-06-28,Jason Castro,fly_ball,96.2,26,341
2019-06-28,Miguel Sano,fly_ball,98.8,29.9,386
2019-06-28,Max Kepler,fly_ball,71.1,34.8,253
2019-06-28,Jon Jay,fly_ball,92.5,26.8,354
2019-06-28,James McCann,fly_ball,91.2,52.3,258
2019-06-28,Carlos Sanchez,fly_ball,73.6,38.4,235
2019-06-28,Miguel Sano,fly_ball,83.1,33.9,308
2019-06-28,Jose Rondon,fly_ball,88.5,30.2,348
2019-06-28,Charlie Tilson,fly_ball,79.2,36.8,267
2019-06-28,Jon Jay,fly_ball,99.7,29.7,387
2019-06-28,Eloy Jimenez,fly_ball,103.5,31,416
2019-06-28,Miguel Sano,fly_ball,105.7,28,416
2019-06-28,Max Kepler,fly_ball,81.6,31.4,304
2019-06-28,Miguel Rojas,fly_ball,91.8,40.4,300
2019-06-28,Brian Anderson,fly_ball,105.4,21.2,413
2019-06-28,Maikel Franco,fly_ball,98.6,23.8,393
2019-06-28,Garrett Cooper,fly_ball,69.7,38.5,224
2019-06-28,Brian Anderson,fly_ball,96.1,30.7,356
2019-06-28,Rhys Hoskins,fly_ball,99.2,46.5,328
2019-06-28,Cesar Hernandez,fly_ball,73.6,27.7,246
2019-06-28,Vince Velasquez,fly_ball,95.5,34.7,364
2019-06-28,Bryce Harper,fly_ball,76.5,49.9,221
2019-06-28,Neil Walker,fly_ball,99.4,36.1,359
2019-06-28,JT Riddle,fly_ball,100,24.2,371
2019-06-28,Miguel Rojas,fly_ball,79.8,37,279
2019-06-28,Jean Segura,fly_ball,81,43.2,259
2019-06-28,Starlin Castro,fly_ball,75,50.5,198
2019-06-28,Jay Bruce,fly_ball,90.3,29.3,306
2019-06-28,Josh Bell,fly_ball,102.3,34.1,389
2019-06-28,Mike Moustakas,fly_ball,96.7,51.8,270
2019-06-28,Corey Dickerson,fly_ball,97.9,23.7,366
2019-06-28,Kevin Newman,fly_ball,100.4,22.5,402
2019-06-28,Christian Yelich,fly_ball,87.1,34.1,342
2019-06-28,Starling Marte,fly_ball,103.8,34.8,386
2019-06-28,Yasmani Grandal,fly_ball,80.3,31.5,301
2019-06-28,Christian Yelich,fly_ball,105.8,35.8,394
2019-06-28,Keston Hiura,fly_ball,96.3,56.9,248
2019-06-28,Tyler Saladino,fly_ball,102.6,57.6,233
2019-06-29,Matt Olson,fly_ball,96,49.6,287
2019-06-29,Mike Trout,fly_ball,103.5,48.9,324
2019-06-29,Justin Upton,fly_ball,88.3,45.1,298
2019-06-29,Albert Pujols,fly_ball,86.9,52.6,239
2019-06-29,Ramon Laureano,fly_ball,86.8,29.4,326
2019-06-29,Justin Upton,fly_ball,98.8,46.8,308
2019-06-29,Marcus Semien,fly_ball,90.6,35.2,332
2019-06-29,Oscar Mercado,fly_ball,96.1,35.2,357
2019-06-29,Trey Mancini,fly_ball,89.4,53.5,246
2019-06-29,Renato Nunez,fly_ball,79.8,34.7,287
2019-06-29,Anthony Santander,fly_ball,105.6,33.3,410
2019-06-29,Anthony Santander,fly_ball,73.2,36.4,245
2019-06-29,Dwight Smith,fly_ball,84.9,43.4,271
2019-06-29,Chance Sisco,fly_ball,105.3,26.2,399
2019-06-29,Tyler Naquin,fly_ball,95,40.4,331
2019-06-29,Dwight Smith,fly_ball,87.7,28.5,332
2019-06-29,Renato Nunez,fly_ball,99.9,33.9,389
2019-06-29,Richie Martin,fly_ball,82.6,47.4,250
2019-06-29,José Iglesias,fly_ball,91,23.5,350
2019-06-29,Jason Heyward,fly_ball,102.3,31.2,395
2019-06-29,Anthony Rizzo,fly_ball,88.1,43.2,295
2019-06-29,Javier Baez,fly_ball,98,53.7,257
2019-06-29,Phil Ervin,fly_ball,85,30.5,292
2019-06-29,Scooter Gennett,fly_ball,81.4,58,204
2019-06-29,Addison Russell,fly_ball,75.8,46.3,236
2019-06-29,Javier Baez,fly_ball,98.6,25.9,351
2019-06-29,Nick Senzel,fly_ball,91.2,42.4,309
2019-06-29,Eugenio Suarez,fly_ball,91.6,28.1,340
2019-06-29,Albert Almora,fly_ball,92.5,24.2,363
2019-06-29,Raimel Tapia,fly_ball,90.4,30.3,356
2019-06-29,Charlie Blackmon,fly_ball,103.1,25.4,413
2019-06-29,Justin Turner,fly_ball,94.9,32.7,373
2019-06-29,Enrique Hernandez,fly_ball,87.5,53.2,258
2019-06-29,Raimel Tapia,fly_ball,90.4,24,366
2019-06-29,Trea Turner,fly_ball,86.2,53.7,240
2019-06-29,Juan Soto,fly_ball,76.7,46,234
2019-06-29,Howie Kendrick,fly_ball,101.7,22.5,370
2019-06-29,Nick Castellanos,fly_ball,92.7,37.9,325
2019-06-29,Ryan Zimmerman,fly_ball,89.9,45.1,285
2019-06-29,Christin Stewart,fly_ball,92.7,38.9,304
2019-06-29,Victor Robles,fly_ball,101.1,37.1,383
2019-06-29,Anthony Rendon,fly_ball,101.5,35.8,379
2019-06-29,Ryan Zimmerman,fly_ball,91,33.4,323
2019-06-29,Ronny Rodriguez,fly_ball,79.9,47.6,234
2019-06-29,JaCoby Jones,fly_ball,87.4,52.9,250
2019-06-29,Miguel Cabrera,fly_ball,71.5,32.2,218
2019-06-29,Ryan Zimmerman,fly_ball,87.1,37.5,314
2019-06-29,Brian Dozier,fly_ball,94.1,49.6,274
2019-06-29,Trea Turner,fly_ball,88,48.7,258
2019-06-29,Mallex Smith,fly_ball,94.8,43.2,317
2019-06-29,Tim Beckham,fly_ball,103.8,31.6,403
2019-06-29,Omar Narvaez,fly_ball,85.4,46.2,279
2019-06-29,Mac Williamson,fly_ball,76.9,33.2,289
2019-06-29,Alex Bregman,fly_ball,97.1,30.6,370
2019-06-29,Domingo Santana,fly_ball,105.8,35.5,405
2019-06-29,Dylan Moore,fly_ball,89.1,37.2,313
2019-06-29,Domingo Santana,fly_ball,90.3,46,292
2019-06-29,Dan Vogelbach,fly_ball,102.4,26.9,395
2019-06-29,George Springer,fly_ball,100.9,31.7,395
2019-06-29,Yuli Gurriel,fly_ball,97.7,22.9,383
2019-06-29,Ronald Acuna,fly_ball,71.2,28.3,236
2019-06-29,Amed Rosario,fly_ball,101.3,43.4,351
2019-06-29,Ozzie Albies,fly_ball,76.2,46.6,240
2019-06-29,Dominic Smith,fly_ball,105.4,25.1,430
2019-06-29,Robinson Cano,fly_ball,87,51.9,261
2019-06-29,Adeiny Hechavarria,fly_ball,85.6,47.5,265
2019-06-29,Nick Markakis,fly_ball,101.5,25.8,398
2019-06-29,Austin Riley,fly_ball,107.1,36.4,413
2019-06-29,Amed Rosario,fly_ball,88.4,35.6,292
2019-06-29,Freddie Freeman,fly_ball,95.8,33.3,363
2019-06-29,Tommy Edman,fly_ball,103.2,27.1,394
2019-06-29,Jose Martinez,fly_ball,91.5,37.7,311
2019-06-29,Eric Hosmer,fly_ball,70.6,23.6,221
2019-06-29,Manny Machado,fly_ball,104.4,29.1,402
2019-06-29,Franmil Reyes,fly_ball,108.1,37.3,400
2019-06-29,Kolten Wong,fly_ball,80.1,33.9,287
2019-06-29,Tommy Edman,fly_ball,82.5,32.9,289
2019-06-29,Josh Naylor,fly_ball,101.2,32.3,361
2019-06-29,Chris Paddack,fly_ball,76.5,30.9,247
2019-06-29,Paul DeJong,fly_ball,91.1,50,269
2019-06-29,Manny Machado,fly_ball,107.3,23.2,422
2019-06-29,Fernando Tatis,fly_ball,73.1,40.8,214
2019-06-29,Dexter Fowler,fly_ball,90.5,29.9,340
2019-06-29,Franmil Reyes,fly_ball,103.7,22.3,394
2019-06-29,Pablo Sandoval,fly_ball,85.9,55.2,237
2019-06-29,Alex Avila,fly_ball,98.6,28.7,395
2019-06-29,Alex Dickerson,fly_ball,93.6,55.1,234
2019-06-29,Stephen Vogt,fly_ball,75.4,30,268
2019-06-29,Zack Greinke,fly_ball,94.4,48.1,298
2019-06-29,Evan Longoria,fly_ball,102.8,35.1,373
2019-06-29,Adam Jones,fly_ball,95,54.7,238
2019-06-29,Eduardo Escobar,fly_ball,99.2,24.4,349
2019-06-29,Pablo Sandoval,fly_ball,75.8,42.2,238
2019-06-29,Stephen Vogt,fly_ball,103.2,39.1,368
2019-06-29,Avisail Garcia,fly_ball,107,27.2,393
2019-06-29,Austin Meadows,fly_ball,84.5,51.2,243
2019-06-29,Avisail Garcia,fly_ball,75.9,47.1,219
2019-06-29,Willy Adames,fly_ball,101.5,39.5,356
2019-06-29,Nomar Mazara,fly_ball,75.4,31.2,247
2019-06-29,Austin Meadows,fly_ball,90.1,38.6,309
2019-06-29,Asdrubal Cabrera,fly_ball,92.1,28.8,347
2019-06-29,Willy Adames,fly_ball,106.1,22.4,406
2019-06-29,Travis d'Arnaud,fly_ball,103.6,27.8,410
2019-06-29,Shin-Soo Choo,fly_ball,74.4,39,247
2019-06-29,Elvis Andrus,fly_ball,87.9,27.2,342
2019-06-29,Yandy Díaz,fly_ball,87.3,53.4,244
2019-06-29,Alex Gordon,fly_ball,99,43.4,326
2019-06-29,Jorge Soler,fly_ball,86.2,46.9,272
2019-06-29,Martin Maldonado,fly_ball,102.5,25.4,360
2019-06-29,Danny Jansen,fly_ball,95.2,24.1,370
2019-06-29,Cavan Biggio,fly_ball,100.9,31.3,410
2019-06-29,Danny Jansen,fly_ball,94.5,45.3,309
2019-06-29,Alex Gordon,fly_ball,97,44.4,322
2019-06-29,Danny Jansen,fly_ball,99.9,25.9,402
2019-06-29,Jorge Polanco,fly_ball,73.9,26.9,235
2019-06-29,Nelson Cruz,fly_ball,108.9,25.3,376
2019-06-29,Jon Jay,fly_ball,78.8,34.9,283
2019-06-29,Eloy Jimenez,fly_ball,73.4,38.4,239
2019-06-29,Max Kepler,fly_ball,78.3,35.9,275
2019-06-29,Jorge Polanco,fly_ball,91.2,33.4,351
2019-06-29,Eloy Jimenez,fly_ball,96.1,34,361
2019-06-29,Max Kepler,fly_ball,96.1,25.4,387
2019-06-29,Nelson Cruz,fly_ball,106.4,39.4,375
2019-06-29,Leury Garcia,fly_ball,90.6,48.2,286
2019-06-29,Yoan Moncada,fly_ball,96.4,47.3,312
2019-06-29,James McCann,fly_ball,96.4,32.6,348
2019-06-29,Jason Castro,fly_ball,87.9,31.3,297
2019-06-29,Miguel Sano,fly_ball,109.4,34.4,413
2019-06-29,Jason Castro,fly_ball,81.7,30.6,305
2019-06-29,Max Kepler,fly_ball,76.1,30.5,278
2019-06-29,Jean Segura,fly_ball,92.8,38.3,324
2019-06-29,Cesar Hernandez,fly_ball,84.8,38.8,295
2019-06-29,Curtis Granderson,fly_ball,95.7,34.5,358
2019-06-29,Rhys Hoskins,fly_ball,99.6,41.4,356
2019-06-29,Zach Eflin,fly_ball,69.8,35.6,239
2019-06-29,Neil Walker,fly_ball,103.4,31.9,392
2019-06-29,Starlin Castro,fly_ball,77.9,30.7,275
2019-06-29,Bryce Harper,fly_ball,93.2,27.1,362
2019-06-29,Cesar Hernandez,fly_ball,89,40.9,295
2019-06-29,Neil Walker,fly_ball,69.1,35,239
2019-06-29,Starling Marte,fly_ball,81.3,37.4,274
2019-06-29,Eric Thames,fly_ball,107.1,29.5,406
2019-06-29,Starling Marte,fly_ball,93.9,26,364
2019-06-29,Mike Moustakas,fly_ball,77.8,35.3,279
2019-06-29,Bryan Reynolds,fly_ball,87,43.3,286
2019-06-30,Marcus Semien,fly_ball,93.5,53.6,258
2019-06-30,Tommy La Stella,fly_ball,90.9,33.8,323
2019-06-30,Justin Upton,fly_ball,79.3,43.6,259
2019-06-30,Andrelton Simmons,fly_ball,83.7,56.6,214
2019-06-30,Matt Chapman,fly_ball,88.8,48.9,271
2019-06-30,Mike Trout,fly_ball,98.3,35.4,370
2019-06-30,Shohei Ohtani,fly_ball,102.3,35.7,391
2019-06-30,Justin Upton,fly_ball,86.1,51.9,264
2019-06-30,Andrelton Simmons,fly_ball,86.9,47.8,257
2019-06-30,David Fletcher,fly_ball,87.2,41.7,299
2019-06-30,Matt Chapman,fly_ball,100.7,35.1,360
2019-06-30,Chad Pinder,fly_ball,76.4,46.1,223
2019-06-30,Josh Phegley,fly_ball,91.4,34.1,325
2019-06-30,Shohei Ohtani,fly_ball,109.5,24,447
2019-06-30,Kole Calhoun,fly_ball,94.3,53.5,268
2019-06-30,Dwight Smith,fly_ball,66.7,34.9,228
2019-06-30,Jose Ramirez,fly_ball,93.5,38.3,334
2019-06-30,Tyler Naquin,fly_ball,82.7,46,271
2019-06-30,Bobby Bradley,fly_ball,94.2,40.6,319
2019-06-30,Francisco Lindor,fly_ball,94.7,54.4,238
2019-06-30,Oscar Mercado,fly_ball,88.7,46.3,271
2019-06-30,Rio Ruiz,fly_ball,94.9,27,329
2019-06-30,Jose Ramirez,fly_ball,97.7,34.8,364
2019-06-30,Jonathan Villar,fly_ball,69.1,35.6,224
2019-06-30,Daniel Descalso,fly_ball,92,53.6,261
2019-06-30,Anthony Rizzo,fly_ball,88.6,54.2,245
2019-06-30,Addison Russell,fly_ball,92.3,30.3,340
2019-06-30,Yasiel Puig,fly_ball,89.4,33.7,321
2019-06-30,Kyle Schwarber,fly_ball,102.2,26.2,369
2019-06-30,Nick Senzel,fly_ball,95,32.1,350
2019-06-30,Kyle Schwarber,fly_ball,99.2,56.1,248
2019-06-30,Cody Bellinger,fly_ball,87.2,40.5,315
2019-06-30,David Dahl,fly_ball,100.1,50.2,318
2019-06-30,Chris Taylor,fly_ball,88.6,47.9,291
2019-06-30,Garrett Hampson,fly_ball,84.8,44,291
2019-06-30,Max Muncy,fly_ball,96.8,35.9,377
2019-06-30,Nolan Arenado,fly_ball,79.8,39.4,282
2019-06-30,Matt Beaty,fly_ball,90.2,32,342
2019-06-30,David Dahl,fly_ball,98.5,41.5,392
2019-06-30,Ian Desmond,fly_ball,95.3,49.4,299
2019-06-30,Enrique Hernandez,fly_ball,98.7,35,397
2019-06-30,Julio Urias,fly_ball,93.7,43.1,337
2019-06-30,Charlie Blackmon,fly_ball,76,39.7,267
2019-06-30,Charlie Blackmon,fly_ball,99.2,33.3,404
2019-06-30,David Dahl,fly_ball,86.2,54.8,264
2019-06-30,Howie Kendrick,fly_ball,98.6,31.5,355
2019-06-30,JaCoby Jones,fly_ball,104,33.4,396
2019-06-30,Matt Adams,fly_ball,105.4,31.6,409
2019-06-30,Victor Robles,fly_ball,82.6,38.4,287
2019-06-30,Anthony Rendon,fly_ball,90.2,56.2,235
2019-06-30,Nick Castellanos,fly_ball,86.2,33,325
2019-06-30,Christin Stewart,fly_ball,81.1,38.5,276
2019-06-30,Trea Turner,fly_ball,92.8,29.5,348
2019-06-30,Brandon Dixon,fly_ball,97.2,29,358
2019-06-30,Anthony Rendon,fly_ball,100.1,27.9,366
2019-06-30,Adam Eaton,fly_ball,73.4,32,246
2019-06-30,Niko Goodrum,fly_ball,82.6,44.5,274
2019-06-30,J. P. Crawford,fly_ball,101,28.8,399
2019-06-30,Kyle Seager,fly_ball,90.4,48.2,290
2019-06-30,Alex Bregman,fly_ball,98.1,34.4,371
2019-06-30,Alex Bregman,fly_ball,76.5,39.5,249
2019-06-30,Max Stassi,fly_ball,100.2,38.1,367
2019-06-30,George Springer,fly_ball,83.4,31.5,309
2019-06-30,Johan Camargo,fly_ball,86.1,43.7,287
2019-06-30,Ronald Acuna,fly_ball,106.3,26.7,437
2019-06-30,Amed Rosario,fly_ball,90.6,37.1,329
2019-06-30,Tyler Flowers,fly_ball,93.3,54.8,236
2019-06-30,Freddie Freeman,fly_ball,95,28.3,343
2019-06-30,Michael Conforto,fly_ball,89.9,36.3,342
2019-06-30,Todd Frazier,fly_ball,102.4,29.3,418
2019-06-30,Jeff McNeil,fly_ball,68,32.5,231
2019-06-30,J. D. Davis,fly_ball,79.8,39,280
2019-06-30,Ronald Acuna,fly_ball,95,54.6,248
2019-06-30,Fernando Tatis,fly_ball,85.7,43,284
2019-06-30,Paul Goldschmidt,fly_ball,104.1,35.4,384
2019-06-30,Josh Naylor,fly_ball,71.7,36.3,244
2019-06-30,Harrison Bader,fly_ball,93.1,33.6,345
2019-06-30,Matt Wieters,fly_ball,80.1,38.9,279
2019-06-30,Eric Hosmer,fly_ball,81.8,20.4,258
2019-06-30,Paul DeJong,fly_ball,73.8,27.9,258
2019-06-30,Manuel Margot,fly_ball,87.6,34,335
2019-06-30,Yairo Munoz,fly_ball,77.9,44,227
2019-06-30,Matt Wieters,fly_ball,84.8,37.9,279
2019-06-30,Yadier Molina,fly_ball,83.5,48.6,248
2019-06-30,Matt Wieters,fly_ball,103.4,30,390
2019-06-30,Evan Longoria,fly_ball,95.3,35.7,367
2019-06-30,Ketel Marte,fly_ball,93.6,44.6,303
2019-06-30,Nick Ahmed,fly_ball,101.2,27.5,401
2019-06-30,Alex Dickerson,fly_ball,101.2,30.3,334
2019-06-30,Jake Lamb,fly_ball,97.4,31.3,371
2019-06-30,Elvis Andrus,fly_ball,80.1,32.5,276
2019-06-30,Joey Wendle,fly_ball,85.8,42.9,275
2019-06-30,Joey Gallo,fly_ball,109.5,30.3,436
2019-06-30,Avisail Garcia,fly_ball,99.3,42.9,329
2019-06-30,Austin Meadows,fly_ball,85.5,45.7,277
2019-06-30,Tommy Pham,fly_ball,102.8,29.7,374
2019-06-30,Brandon Lowe,fly_ball,86.6,50.7,250
2019-06-30,Shin-Soo Choo,fly_ball,96.2,45.5,309
2019-06-30,Rougned Odor,fly_ball,101.3,44.5,325
2019-06-30,Lourdes Gurriel,fly_ball,97.3,41.3,339
2019-06-30,Cavan Biggio,fly_ball,99.3,39.9,354
2019-06-30,Teoscar Hernandez,fly_ball,83.2,35.8,313
2019-06-30,Justin Smoak,fly_ball,97.2,31,378
2019-06-30,Hunter Dozier,fly_ball,87.8,41.2,303
2019-06-30,Jorge Soler,fly_ball,105.7,36.6,401
2019-06-30,Cheslor Cuthbert,fly_ball,84.9,43.2,278
2019-06-30,Lucas Duda,fly_ball,81.9,48.1,240
2019-06-30,Justin Smoak,fly_ball,104.4,29.3,420
2019-06-30,Cavan Biggio,fly_ball,75.9,34,251
2019-06-30,Rowdy Tellez,fly_ball,85.9,36.5,293
2019-06-30,Freddy Galvis,fly_ball,97.3,40.7,340
2019-06-30,Humberto Arteaga,fly_ball,94.7,24.1,349
2019-06-30,Cavan Biggio,fly_ball,91.8,39.1,328
2019-06-30,Eric Sogard,fly_ball,94.1,55.1,245
2019-06-30,Leury Garcia,fly_ball,86.2,40.8,291
2019-06-30,Ehire Adrianza,fly_ball,88.2,53.4,253
2019-06-30,Yoan Moncada,fly_ball,101,28.1,403
2019-06-30,Jose Rondon,fly_ball,102,31.6,368
2019-06-30,C. J. Cron,fly_ball,89.7,38.6,311
2019-06-30,Nelson Cruz,fly_ball,111,27.5,433
2019-06-30,Luis Arraez,fly_ball,91.4,39.5,332
2019-06-30,Jorge Polanco,fly_ball,99.6,36.8,375
2019-06-30,Cesar Hernandez,fly_ball,83.6,53.1,223
2019-06-30,Curtis Granderson,fly_ball,74.1,29.8,254
2019-06-30,Brad Miller,fly_ball,104.8,36.8,389
2019-06-30,J. T. Realmuto,fly_ball,69.8,40.7,237
2019-06-30,Bryce Harper,fly_ball,99.8,29.6,381
2019-06-30,Rhys Hoskins,fly_ball,89.4,43.9,297
2019-06-30,Andrew Knapp,fly_ball,97.3,40.6,334
2019-06-30,Harold Ramirez,fly_ball,96.4,33.5,345
2019-06-30,Christian Yelich,fly_ball,92,42.9,312
2019-06-30,Mike Moustakas,fly_ball,89.8,45.5,293
2019-06-30,Christian Yelich,fly_ball,103.5,27.3,365
2019-06-30,Kevin Newman,fly_ball,94.7,28.5,378
2019-06-30,Adam Frazier,fly_ball,79.9,36.4,276
2019-06-30,Yasmani Grandal,fly_ball,98.3,32.2,372
2019-06-30,Eric Thames,fly_ball,105.2,24,433
2019-06-30,Josh Bell,fly_ball,80.9,53.6,217
2019-07-01,Jesse Winker,fly_ball,71.1,26.1,237
2019-07-01,Eric Thames,fly_ball,89,28.9,333
2019-07-01,Mike Moustakas,fly_ball,73.7,46.7,222
2019-07-01,Derek Dietrich,fly_ball,86.9,28.5,333
2019-07-01,Keston Hiura,fly_ball,110.2,27.7,442
2019-07-01,Ben Gamel,fly_ball,85.4,38.6,291
2019-07-01,Curt Casali,fly_ball,70.8,29.7,237
2019-07-01,Mike Moustakas,fly_ball,91.5,36.9,337
2019-07-01,Jesse Winker,fly_ball,98.4,37.2,370
2019-07-01,Eugenio Suarez,fly_ball,101.7,31.7,392
2019-07-01,Lorenzo Cain,fly_ball,98.7,23.8,367
2019-07-01,Ryan Braun,fly_ball,68.8,46.3,212
2019-07-01,Mike Moustakas,fly_ball,85,33.5,281
2019-07-01,Lorenzo Cain,fly_ball,83.7,33.6,317
2019-07-01,Jesus Aguilar,fly_ball,73.9,50.4,215
2019-07-01,Eugenio Suarez,fly_ball,104.1,36.3,400
2019-07-01,Christian Yelich,fly_ball,95.8,43.3,349
2019-07-01,Javier Baez,fly_ball,100.6,27.4,402
2019-07-01,Josh Bell,fly_ball,94.6,34,367
2019-07-01,Colin Moran,fly_ball,102.1,26.1,386
2019-07-01,Elias Diaz,fly_ball,69.3,25.7,212
2019-07-01,Adam Frazier,fly_ball,86.2,46.9,270
2019-07-01,Anthony Rizzo,fly_ball,101.5,26.1,398
2019-07-01,Javier Baez,fly_ball,102.1,45.7,330
2019-07-01,Bryan Reynolds,fly_ball,86,42.8,294
2019-07-01,Josh Bell,fly_ball,98.9,31.5,367
2019-07-01,Addison Russell,fly_ball,81.6,36.8,297
2019-07-01,Javier Baez,fly_ball,102.5,40.6,358
2019-07-01,Corey Dickerson,fly_ball,94.6,34.7,346
2019-07-01,Jose Osuna,fly_ball,106.3,22,422
2019-07-01,Adam Frazier,fly_ball,100.4,29.1,388
2019-07-01,Starling Marte,fly_ball,82.3,40.1,287
2019-07-01,Tyler Chatwood,fly_ball,79.3,33.5,282
2019-07-01,Brandon Belt,fly_ball,101.9,41.3,361
2019-07-01,Francisco Mejia,fly_ball,94.3,56.6,250
2019-07-01,Fernando Tatis,fly_ball,94.6,45,317
2019-07-01,Kevin Pillar,fly_ball,85.3,43.2,283
2019-07-01,Donovan Solano,fly_ball,82.9,53.1,220
2019-07-01,Buster Posey,fly_ball,89.8,36,323
2019-07-01,Hunter Renfroe,fly_ball,100.6,38.9,360
2019-07-01,Kevin Pillar,fly_ball,90.2,26.5,356
2019-07-01,Austin Slater,fly_ball,102.7,31.1,398
2019-07-01,Kevin Pillar,fly_ball,100.7,30.7,386
2019-07-01,Stephen Vogt,fly_ball,99.3,31.1,373
2019-07-01,Dwight Smith,fly_ball,100.7,49.8,286
2019-07-01,Keon Broxton,fly_ball,93.5,41.3,297
2019-07-01,Renato Nunez,fly_ball,67.3,35.7,206
2019-07-01,Willy Adames,fly_ball,82.9,51.8,235
2019-07-01,Dwight Smith,fly_ball,84.8,39,298
2019-07-01,Brandon Lowe,fly_ball,101.6,43.2,345
2019-07-01,Kevin Kiermaier,fly_ball,107.2,26.9,417
2019-07-01,Austin Meadows,fly_ball,94.7,48.3,298
2019-07-01,Hanser Alberto,fly_ball,93.6,41.4,320
2019-07-01,Whit Merrifield,fly_ball,80.8,31.9,289
2019-07-01,Cheslor Cuthbert,fly_ball,91.6,48.1,277
2019-07-01,Freddy Galvis,fly_ball,104.3,34,409
2019-07-01,Rowdy Tellez,fly_ball,91.4,35,329
2019-07-01,Freddy Galvis,fly_ball,100.6,31.8,416
2019-07-01,Billy Hamilton,fly_ball,80.5,44.6,242
2019-07-01,Freddy Galvis,fly_ball,95.9,36.8,343
2019-07-01,Danny Jansen,fly_ball,94.8,29.1,351
2019-07-01,Jorge Soler,fly_ball,85.9,53,232
2019-07-01,Randal Grichuk,fly_ball,76.6,41.1,254
2019-07-02,Yasmani Grandal,fly_ball,92.2,34.6,341
2019-07-02,Mike Moustakas,fly_ball,97.2,31.9,357
2019-07-02,Joey Votto,fly_ball,88.8,29,345
2019-07-02,Eugenio Suarez,fly_ball,105.8,32.2,412
2019-07-02,José Iglesias,fly_ball,95.2,28.5,374
2019-07-02,Christian Yelich,fly_ball,105.9,22.6,413
2019-07-02,Ryan Braun,fly_ball,97.3,42.8,339
2019-07-02,José Iglesias,fly_ball,82.8,47.8,252
2019-07-02,Eric Thames,fly_ball,100.9,33.9,386
2019-07-02,Tanner Roark,fly_ball,93.3,33.5,343
2019-07-02,Nick Senzel,fly_ball,83.4,47.2,267
2019-07-02,Joey Votto,fly_ball,76.5,39.1,263
2019-07-02,Keston Hiura,fly_ball,100.5,34.3,376
2019-07-02,Yasiel Puig,fly_ball,101.7,26.7,372
2019-07-02,José Iglesias,fly_ball,76.3,40.6,263
2019-07-02,Mike Moustakas,fly_ball,89,34,327
2019-07-02,Jesse Winker,fly_ball,100.5,44.4,338
2019-07-02,Derek Dietrich,fly_ball,104.6,35.5,397
2019-07-02,Eric Thames,fly_ball,102.2,49.4,306
2019-07-02,Scooter Gennett,fly_ball,95.6,41.1,331
2019-07-02,José Iglesias,fly_ball,90.9,30.1,362
2019-07-02,Manny Pina,fly_ball,96,47.4,306
2019-07-02,Alex Bregman,fly_ball,82.2,36.9,296
2019-07-02,Nolan Arenado,fly_ball,102.3,22.8,423
2019-07-02,Yuli Gurriel,fly_ball,95.9,26.9,401
2019-07-02,Myles Straw,fly_ball,69.5,29.3,239
2019-07-02,Alex Bregman,fly_ball,84.7,52,260
2019-07-02,Tony Wolters,fly_ball,83.8,29.9,305
2019-07-02,German Marquez,fly_ball,83.2,37.1,310
2019-07-02,Robinson Chirinos,fly_ball,80.8,29.3,307
2019-07-02,Alex Bregman,fly_ball,97.1,26.7,399
2019-07-02,Yuli Gurriel,fly_ball,101.5,24.3,428
2019-07-02,Trevor Story,fly_ball,90.5,44.4,316
2019-07-02,Daniel Murphy,fly_ball,89.2,39.4,332
2019-07-02,Francisco Lindor,fly_ball,92.6,34.2,337
2019-07-02,Carlos Santana,fly_ball,89.4,28.7,359
2019-07-02,Adalberto Mondesi,fly_ball,90.5,39.1,333
2019-07-02,Roberto Perez,fly_ball,94,44.7,308
2019-07-02,Jorge Soler,fly_ball,109.5,30.9,451
2019-07-02,Hunter Dozier,fly_ball,103.4,34.1,396
2019-07-02,Nicky Lopez,fly_ball,95.5,44.8,319
2019-07-02,Jason Kipnis,fly_ball,95.7,39.7,357
2019-07-02,Bobby Bradley,fly_ball,87.7,44.3,298
2019-07-02,Adalberto Mondesi,fly_ball,103.3,37,392
2019-07-02,Francisco Lindor,fly_ball,80.4,34.3,293
2019-07-02,Jose Ramirez,fly_ball,93.8,56,245
2019-07-02,Adalberto Mondesi,fly_ball,82,33.9,309
2019-07-02,Jordan Luplow,fly_ball,90.5,33.9,356
2019-07-02,Tyler Naquin,fly_ball,101.8,21.8,400
2019-07-02,Nick Ahmed,fly_ball,100.1,23.7,405
2019-07-02,Enrique Hernandez,fly_ball,97,57.3,237
2019-07-02,Cody Bellinger,fly_ball,96.7,35.1,367
2019-07-02,Nick Ahmed,fly_ball,89.1,34.7,318
2019-07-02,Enrique Hernandez,fly_ball,99,30.5,388
2019-07-02,Austin Barnes,fly_ball,100,37.5,366
2019-07-02,Joc Pederson,fly_ball,84.4,38.7,297
2019-07-02,Cody Bellinger,fly_ball,91.8,41.4,309
2019-07-02,Alex Avila,fly_ball,96.4,29,362
2019-07-02,Chris Taylor,fly_ball,95.8,24.5,371
2019-07-02,Matt Beaty,fly_ball,95.3,36.6,335
2019-07-02,Ketel Marte,fly_ball,101.3,45.8,315
2019-07-02,Austin Barnes,fly_ball,91.6,49.1,272
2019-07-02,Neil Walker,fly_ball,94.9,28.3,370
2019-07-02,Adam Eaton,fly_ball,72.2,28.9,256
2019-07-02,Anthony Rendon,fly_ball,90.3,42.1,308
2019-07-02,Juan Soto,fly_ball,95.8,28.5,384
2019-07-02,Howie Kendrick,fly_ball,91.8,31.4,335
2019-07-02,Ryan Zimmerman,fly_ball,87.9,52.7,245
2019-07-02,Adam Eaton,fly_ball,92.2,45.6,275
2019-07-02,Gerardo Parra,fly_ball,91.1,48.7,277
2019-07-02,Cesar Puello,fly_ball,98.6,26.2,354
2019-07-02,Miguel Rojas,fly_ball,89.8,32.2,338
2019-07-02,Trea Turner,fly_ball,98,34.4,348
2019-07-02,Brian Dozier,fly_ball,93.5,50.8,269
2019-07-02,Pete Alonso,fly_ball,88.2,56.8,205
2019-07-02,J. D. Davis,fly_ball,88.9,52.6,254
2019-07-02,Robinson Cano,fly_ball,88.8,33.1,330
2019-07-02,Aaron Hicks,fly_ball,103,21.3,400
2019-07-02,Didi Gregorius,fly_ball,100.2,30.5,385
2019-07-02,J. D. Davis,fly_ball,106.5,22.1,416
2019-07-02,Gleyber Torres,fly_ball,87.3,43.6,290
2019-07-02,Max Kepler,fly_ball,98.7,36.8,354
2019-07-02,Marcus Semien,fly_ball,101.5,48,320
2019-07-02,Matt Olson,fly_ball,91.2,38.5,304
2019-07-02,Miguel Sano,fly_ball,102.4,37.3,371
2019-07-02,Byron Buxton,fly_ball,89.8,51.7,262
2019-07-02,Max Kepler,fly_ball,72.8,51.4,203
2019-07-02,Marcus Semien,fly_ball,89,25.6,337
2019-07-02,Matt Olson,fly_ball,97.1,27.2,370
2019-07-02,Luis Arraez,fly_ball,84.9,29.8,292
2019-07-02,Robbie Grossman,fly_ball,72.6,36.2,234
2019-07-02,Chris Herrmann,fly_ball,105,37,407
2019-07-02,Matt Chapman,fly_ball,95,30.3,351
2019-07-02,Matt Olson,fly_ball,94.6,57.3,224
2019-07-02,Jason Castro,fly_ball,106.3,31.3,417
2019-07-02,Robbie Grossman,fly_ball,67.8,27.6,215
2019-07-02,C. J. Cron,fly_ball,94.2,54.3,268
2019-07-02,Jason Castro,fly_ball,102.5,31,401
2019-07-02,Byron Buxton,fly_ball,97.5,49.6,287
2019-07-02,Matt Olson,fly_ball,90.9,32.4,361
2019-07-02,Mark Canha,fly_ball,105.2,30.1,422
2019-07-02,Max Kepler,fly_ball,98.5,28.6,369
2019-07-02,Josh Bell,fly_ball,88.7,26.3,347
2019-07-02,Joe Musgrove,fly_ball,85,35.2,325
2019-07-02,Adam Frazier,fly_ball,91.6,34.6,353
2019-07-02,Jason Heyward,fly_ball,101.1,41.6,361
2019-07-02,Colin Moran,fly_ball,90.8,35.2,334
2019-07-02,Bryan Reynolds,fly_ball,90.9,34,340
2019-07-02,Jason Heyward,fly_ball,96.3,26.2,376
2019-07-02,Donovan Solano,fly_ball,101.6,30.5,403
2019-07-02,Buster Posey,fly_ball,96.5,36.1,336
2019-07-02,Evan Longoria,fly_ball,107.5,28.7,418
2019-07-02,Franmil Reyes,fly_ball,106.7,28,404
2019-07-02,Ian Kinsler,fly_ball,93.1,41.4,315
2019-07-02,Tyler Austin,fly_ball,87,39.2,289
2019-07-02,Greg Garcia,fly_ball,80.3,38.9,279
2019-07-02,Kevin Pillar,fly_ball,76.2,57.1,186
2019-07-02,Joe Panik,fly_ball,92,28.5,356
2019-07-02,Hunter Renfroe,fly_ball,87.8,33.3,327
2019-07-02,Evan Longoria,fly_ball,109.6,31.3,412
2019-07-02,Austin Hedges,fly_ball,101.8,31.5,379
2019-07-02,Buster Posey,fly_ball,92.3,35.9,341
2019-07-02,Josh Naylor,fly_ball,89.6,27.6,319
2019-07-02,Brandon Belt,fly_ball,79.9,40.4,266
2019-07-02,Wil Myers,fly_ball,105,24.3,402
2019-07-02,Eric Hosmer,fly_ball,100.2,38.3,349
2019-07-02,Donovan Solano,fly_ball,96.4,27.9,339
2019-07-02,Manuel Margot,fly_ball,101.6,20.7,385
2019-07-02,Jose Martinez,fly_ball,96.3,35.4,362
2019-07-02,J. P. Crawford,fly_ball,83.9,58.4,207
2019-07-02,Dexter Fowler,fly_ball,89.5,31.1,316
2019-07-02,Kyle Seager,fly_ball,90.7,38.9,315
2019-07-02,Paul DeJong,fly_ball,81,29,300
2019-07-02,Harrison Bader,fly_ball,98.4,37.6,346
2019-07-02,Kolten Wong,fly_ball,93.2,24.5,346
2019-07-02,Omar Narvaez,fly_ball,101.9,33.4,389
2019-07-02,Jose Martinez,fly_ball,102.7,27.3,400
2019-07-02,Mallex Smith,fly_ball,93.3,50.2,267
2019-07-02,Dan Vogelbach,fly_ball,91.8,31.5,361
2019-07-02,Yairo Munoz,fly_ball,101.8,28.5,404
2019-07-02,Tim Beckham,fly_ball,105.7,37.5,387
2019-07-02,Dwight Smith,fly_ball,94.4,27.3,330
2019-07-02,Austin Meadows,fly_ball,96.8,42.8,323
2019-07-02,Brandon Lowe,fly_ball,103.2,35.6,382
2019-07-02,Rio Ruiz,fly_ball,95.4,39.6,339
2019-07-02,Hanser Alberto,fly_ball,80.5,35.3,286
2019-07-02,Chris Davis,fly_ball,99.7,38.6,361
2019-07-02,Chance Sisco,fly_ball,94.6,36.7,345
2019-07-02,Avisail Garcia,fly_ball,94.1,51.4,266
2019-07-02,Kevin Kiermaier,fly_ball,73.7,39,253
2019-07-02,Chance Sisco,fly_ball,107.4,27.7,441
2019-07-02,David Fletcher,fly_ball,72.2,32.5,246
2019-07-02,Shin-Soo Choo,fly_ball,90.2,59.3,209
2019-07-02,Nomar Mazara,fly_ball,97.1,31.6,346
2019-07-02,Jonathan Lucroy,fly_ball,100.1,37.1,366
2019-07-02,Ronald Guzman,fly_ball,90.3,41.2,315
2019-07-02,Delino DeShields,fly_ball,99.4,26.4,364
2019-07-02,Ronald Guzman,fly_ball,83.2,42.3,275
2019-07-02,Mike Trout,fly_ball,102.2,39.1,369
2019-07-02,Jonathan Lucroy,fly_ball,89.3,35.3,330
2019-07-02,Rougned Odor,fly_ball,93.7,39.1,344
2019-07-02,Ronald Guzman,fly_ball,80.6,44.9,270
2019-07-02,Kole Calhoun,fly_ball,103.8,32.3,420
2019-07-02,David Fletcher,fly_ball,87.3,36,319
2019-07-02,Albert Pujols,fly_ball,79.1,42.8,269
2019-07-02,Rafael Devers,fly_ball,106.3,26.8,419
2019-07-02,Andrew Benintendi,fly_ball,89.1,43.5,293
2019-07-02,Andrew Benintendi,fly_ball,89.9,40.3,314
2019-07-02,Randal Grichuk,fly_ball,91.7,27.9,353
2019-07-02,Freddy Galvis,fly_ball,82.8,36.8,295
2019-07-02,Vladimir Guerrero,fly_ball,88.1,30.2,331
2019-07-02,Justin Smoak,fly_ball,78.1,43.6,259
2019-07-02,Christian Vazquez,fly_ball,98.4,25.7,383
2019-07-02,Danny Jansen,fly_ball,98.8,37.6,361
2019-07-02,Christian Vazquez,fly_ball,107.3,23.9,438
2019-07-02,Danny Jansen,fly_ball,101.4,31.4,406
2019-07-02,Rafael Devers,fly_ball,100.5,25.7,381
2019-07-02,Randal Grichuk,fly_ball,94.8,35.6,352
2019-07-02,Cavan Biggio,fly_ball,69.9,29.9,238
2019-07-02,Jackie Bradley,fly_ball,92,47,298
2019-07-02,Brandon Drury,fly_ball,93.5,40.1,329
2019-07-02,Vladimir Guerrero,fly_ball,95.1,28,377
2019-07-02,Lourdes Gurriel,fly_ball,96.8,31.1,350
2019-07-02,Jay Bruce,fly_ball,101.1,34.7,407
2019-07-02,Ozzie Albies,fly_ball,75.9,39.9,258
2019-07-02,Dansby Swanson,fly_ball,98.1,32.8,375
2019-07-02,Cesar Hernandez,fly_ball,91.4,24,365
2019-07-02,Nick Markakis,fly_ball,78.5,55.8,210
2019-07-02,Austin Riley,fly_ball,90.6,50,276
2019-07-02,Ozzie Albies,fly_ball,79,45.4,250
2019-07-02,Freddie Freeman,fly_ball,92.5,37,329
2019-07-02,Dansby Swanson,fly_ball,89.6,49.6,280
2019-07-02,Maikel Franco,fly_ball,98,36.6,360
2019-07-03,Scooter Gennett,fly_ball,87.1,47.8,283
2019-07-03,Yasiel Puig,fly_ball,108,21.7,445
2019-07-03,Curt Casali,fly_ball,99.6,23.5,381
2019-07-03,Eric Thames,fly_ball,87.4,39.9,301
2019-07-03,Jesse Winker,fly_ball,85.6,33,313
2019-07-03,Manny Pina,fly_ball,94.6,31.4,341
2019-07-03,Lorenzo Cain,fly_ball,75.6,53.3,206
2019-07-03,Yasiel Puig,fly_ball,97.8,44.2,325
2019-07-03,Daniel Murphy,fly_ball,83.1,37.1,306
2019-07-03,Yuli Gurriel,fly_ball,106.5,22,450
2019-07-03,Trevor Story,fly_ball,81.7,49.2,273
2019-07-03,Wade Miley,fly_ball,75.8,52.4,227
2019-07-03,Charlie Blackmon,fly_ball,88.9,33.5,367
2019-07-03,Ian Desmond,fly_ball,93.5,45.1,335
2019-07-03,Daniel Murphy,fly_ball,100.9,23.8,427
2019-07-03,Trevor Story,fly_ball,93.3,57.3,234
2019-07-03,Ian Desmond,fly_ball,87.8,36,310
2019-07-03,Josh Reddick,fly_ball,94.5,58.9,233
2019-07-03,Whit Merrifield,fly_ball,85.5,37.5,309
2019-07-03,Jordan Luplow,fly_ball,98.5,53.8,294
2019-07-03,Jose Ramirez,fly_ball,83.7,59.1,214
2019-07-03,Carlos Santana,fly_ball,97.8,33.6,388
2019-07-03,Jose Ramirez,fly_ball,90.8,27.1,352
2019-07-03,Jake Bauers,fly_ball,86.8,49.6,260
2019-07-03,Jose Ramirez,fly_ball,81,36.8,282
2019-07-03,Jason Kipnis,fly_ball,89.4,28.9,335
2019-07-03,Roberto Perez,fly_ball,110.6,23.2,403
2019-07-03,Tyler Naquin,fly_ball,102.6,26.3,389
2019-07-03,Joc Pederson,fly_ball,89.4,41.6,294
2019-07-03,Chris Taylor,fly_ball,85.1,31.1,280
2019-07-03,Jake Lamb,fly_ball,81,47.6,245
2019-07-03,Cody Bellinger,fly_ball,105.1,24.5,436
2019-07-03,Enrique Hernandez,fly_ball,94.4,40.3,333
2019-07-03,David Peralta,fly_ball,91.2,40.6,306
2019-07-03,Cody Bellinger,fly_ball,100.7,42.4,336
2019-07-03,Christian Walker,fly_ball,103,32.8,392
2019-07-03,Austin Barnes,fly_ball,88.4,35.5,325
2019-07-03,Joc Pederson,fly_ball,88.4,30.9,346
2019-07-03,Alex Verdugo,fly_ball,99.2,33.7,351
2019-07-03,Chris Taylor,fly_ball,88.4,32.5,324
2019-07-03,Enrique Hernandez,fly_ball,97.1,38.4,351
2019-07-03,Carson Kelly,fly_ball,95.9,49.5,298
2019-07-03,Jarrod Dyson,fly_ball,94.4,25.1,342
2019-07-03,Christian Walker,fly_ball,104,46.3,329
2019-07-03,Jake Lamb,fly_ball,81.7,48.1,256
2019-07-03,Nick Ahmed,fly_ball,82.5,39.8,284
2019-07-03,Carson Kelly,fly_ball,104,26.4,419
2019-07-03,Enrique Hernandez,fly_ball,101,24,347
2019-07-03,Cody Bellinger,fly_ball,108.1,31.2,442
2019-07-03,Adam Eaton,fly_ball,90.1,39.9,320
2019-07-03,Brian Dozier,fly_ball,92.3,30.9,329
2019-07-03,Trea Turner,fly_ball,104.7,22.4,413
2019-07-03,Juan Soto,fly_ball,84.6,53.1,252
2019-07-03,Brian Dozier,fly_ball,101.5,28,406
2019-07-03,Matt Adams,fly_ball,106.6,23.4,412
2019-07-03,Yan Gomes,fly_ball,80,35,294
2019-07-03,Jeff McNeil,fly_ball,102.4,35,408
2019-07-03,Pete Alonso,fly_ball,90.6,34.1,355
2019-07-03,Jeff McNeil,fly_ball,94.3,21.8,325
2019-07-03,Didi Gregorius,fly_ball,99.2,33.3,388
2019-07-03,Robinson Cano,fly_ball,100.5,28.9,393
2019-07-03,Gary Sanchez,fly_ball,86.7,27.9,332
2019-07-03,Todd Frazier,fly_ball,98.2,39,351
2019-07-03,Wilson Ramos,fly_ball,91.4,27.1,326
2019-07-03,Matt Chapman,fly_ball,100.1,48.2,301
2019-07-03,Ramon Laureano,fly_ball,100.6,24.6,410
2019-07-03,Mitch Garver,fly_ball,95.8,57.7,227
2019-07-03,Jorge Polanco,fly_ball,84.8,40.3,271
2019-07-03,Mitch Garver,fly_ball,89.6,28.3,309
2019-07-03,Jorge Polanco,fly_ball,99.4,24.7,409
2019-07-03,Ramon Laureano,fly_ball,92.4,42.3,309
2019-07-03,Miguel Sano,fly_ball,91.4,40.8,316
2019-07-03,Josh Phegley,fly_ball,92.2,50.7,270
2019-07-03,Mitch Garver,fly_ball,96.8,54.3,245
2019-07-03,Marcus Semien,fly_ball,93.1,44.9,309
2019-07-03,Corey Dickerson,fly_ball,82.4,44.4,274
2019-07-03,Victor Caratini,fly_ball,77.4,47.6,241
2019-07-03,Melky Cabrera,fly_ball,103.8,21,413
2019-07-03,Javier Baez,fly_ball,101.8,31.2,411
2019-07-03,Victor Caratini,fly_ball,92.5,53.2,257
2019-07-03,Corey Dickerson,fly_ball,96,38,348
2019-07-03,Josh Bell,fly_ball,108,25.3,405
2019-07-03,Melky Cabrera,fly_ball,67.1,25,207
2019-07-03,Anthony Rizzo,fly_ball,97.1,27.6,373
2019-07-03,Victor Caratini,fly_ball,100.6,34.1,409
2019-07-03,Jung Ho Kang,fly_ball,77.8,47.2,243
2019-07-03,Austin Hedges,fly_ball,73,40.2,236
2019-07-03,Shaun Anderson,fly_ball,71.6,48.1,202
2019-07-03,Evan Longoria,fly_ball,106.1,31.6,430
2019-07-03,Alex Dickerson,fly_ball,110,23.5,422
2019-07-03,Eric Hosmer,fly_ball,74.9,41.3,250
2019-07-03,Austin Hedges,fly_ball,102.1,47.6,354
2019-07-03,Fernando Tatis,fly_ball,102.1,29,406
2019-07-03,Stephen Vogt,fly_ball,87.7,58,216
2019-07-03,Joe Panik,fly_ball,89.3,45.9,282
2019-07-03,Pablo Sandoval,fly_ball,101.5,39.6,351
2019-07-03,Stephen Vogt,fly_ball,81.4,31.1,274
2019-07-03,Kevin Pillar,fly_ball,82.8,42,268
2019-07-03,Manny Machado,fly_ball,96.8,24,368
2019-07-03,Tyler Austin,fly_ball,98.2,36.1,351
2019-07-03,Hunter Renfroe,fly_ball,108.3,23,419
2019-07-03,Jose Martinez,fly_ball,78.7,48.5,211
2019-07-03,Domingo Santana,fly_ball,80,32.3,295
2019-07-03,Dan Vogelbach,fly_ball,95.3,28.6,344
2019-07-03,Tyler O'Neill,fly_ball,96.7,49.4,279
2019-07-03,Dylan Moore,fly_ball,105.4,25.6,411
2019-07-03,Mallex Smith,fly_ball,90.8,35.3,320
2019-07-03,Tyler O'Neill,fly_ball,96,32.1,360
2019-07-03,Dexter Fowler,fly_ball,78.8,51.8,220
2019-07-03,Mallex Smith,fly_ball,94.5,33.5,338
2019-07-03,Tommy Edman,fly_ball,104.5,32.6,387
2019-07-03,Tom Murphy,fly_ball,99.8,40.6,349
2019-07-03,Travis d'Arnaud,fly_ball,87.8,32.6,319
2019-07-03,Tommy Pham,fly_ball,88.1,45.9,279
2019-07-03,Austin Meadows,fly_ball,96,25.1,347
2019-07-03,Yandy Díaz,fly_ball,90.3,37.7,332
2019-07-03,Rio Ruiz,fly_ball,101,25.8,407
2019-07-03,Avisail Garcia,fly_ball,94.6,53.3,269
2019-07-03,Mike Brosseau,fly_ball,95.4,32.7,371
2019-07-03,Joey Wendle,fly_ball,77.3,49.9,230
2019-07-03,Avisail Garcia,fly_ball,67.3,32.5,222
2019-07-03,Mike Zunino,fly_ball,94.2,43.8,309
2019-07-03,Renato Nunez,fly_ball,106.6,22.5,413
2019-07-03,Rio Ruiz,fly_ball,88.5,37.2,318
2019-07-03,Elvis Andrus,fly_ball,86.2,40.5,294
2019-07-03,Joey Gallo,fly_ball,92.7,45.4,308
2019-07-03,Mike Trout,fly_ball,105.3,22.2,420
2019-07-03,Tim Federowicz,fly_ball,105.2,27.8,434
2019-07-03,Willie Calhoun,fly_ball,79.7,46.6,250
2019-07-03,Mike Trout,fly_ball,111,24.4,398
2019-07-03,Jarrett Parker,fly_ball,97.3,44.9,320
2019-07-03,Christian Vazquez,fly_ball,90.2,52.3,256
2019-07-03,Rowdy Tellez,fly_ball,99.5,27.2,343
2019-07-03,Lourdes Gurriel,fly_ball,104.7,32.9,406
2019-07-03,J. D. Martinez,fly_ball,89,29.1,320
2019-07-03,Andrew Benintendi,fly_ball,80.5,31.1,296
2019-07-03,Christian Vazquez,fly_ball,104.9,25.5,408
2019-07-03,Danny Jansen,fly_ball,105.3,27.9,421
2019-07-03,Brandon Drury,fly_ball,101.4,24.6,408
2019-07-03,Eduardo Nunez,fly_ball,75.9,50.5,218
2019-07-03,Rafael Devers,fly_ball,93.4,38.6,334
2019-07-03,Andrew Benintendi,fly_ball,89.1,46.9,280
2019-07-03,Freddy Galvis,fly_ball,95.4,40.4,341
2019-07-03,Michael Chavis,fly_ball,95.6,34.6,352
2019-07-03,Freddie Freeman,fly_ball,91.7,58.1,221
2019-07-03,Rhys Hoskins,fly_ball,83.1,44.9,270
2019-07-03,Jay Bruce,fly_ball,98.3,36,371
2019-07-03,Austin Riley,fly_ball,93.9,51.1,276
2019-07-03,Bryce Harper,fly_ball,88.2,59.8,217
2019-07-03,Jay Bruce,fly_ball,91.7,53.1,256
2019-07-03,Josh Donaldson,fly_ball,102.5,28.2,404
2019-07-03,Ozzie Albies,fly_ball,92.4,28.5,362
2019-07-03,Maikel Franco,fly_ball,88.7,50.7,259
2019-07-03,Dansby Swanson,fly_ball,94.5,36.7,331
2019-07-03,Austin Riley,fly_ball,101.3,31.2,410
2019-07-03,Matthew Joyce,fly_ball,99.3,31.6,395
2019-07-03,Jay Bruce,fly_ball,94.9,40.7,328
2019-07-03,Charlie Culberson,fly_ball,91.4,50.2,280
2019-07-03,Cesar Hernandez,fly_ball,75.3,32,263
2019-07-03,JaCoby Jones,fly_ball,98.7,54.7,262
2019-07-03,John Hicks,fly_ball,96.5,28.6,380
2019-07-03,Leury Garcia,fly_ball,99.4,30,375
2019-07-03,Jeimer Candelario,fly_ball,93.9,24.9,374
2019-07-03,Niko Goodrum,fly_ball,86.7,43.1,275
2019-07-03,John Hicks,fly_ball,94.5,29.3,363
2019-07-03,Ryan Cordell,fly_ball,90.5,46.7,280
2019-07-03,Nick Castellanos,fly_ball,86.9,52.5,250
2019-07-03,Jeimer Candelario,fly_ball,100.5,33.3,388
2019-07-03,José Abreu,fly_ball,88.7,51.4,259
2019-07-03,Leury Garcia,fly_ball,88.5,26.1,340
2019-07-03,Nick Castellanos,fly_ball,69.5,44.4,217
2019-07-03,Yoan Moncada,fly_ball,104.6,25.4,387
2019-07-03,Ryan Cordell,fly_ball,86.1,46.7,264
2019-07-03,Yoan Moncada,fly_ball,87.4,52.5,236
2019-07-03,Harold Castro,fly_ball,101.4,25.5,403
2019-07-03,Nick Castellanos,fly_ball,105.7,29.8,412
2019-07-03,Ryan Cordell,fly_ball,104.8,33.8,402
2019-07-03,Ryan Cordell,fly_ball,99.1,28.1,348
2019-07-03,Yoan Moncada,fly_ball,88.7,27.4,334
2019-07-03,Jon Jay,fly_ball,83.5,41.7,275
2019-07-04,Orlando Arcia,fly_ball,92.9,30.3,331
2019-07-04,Yasmani Grandal,fly_ball,92.1,30.4,360
2019-07-04,Eric Thames,fly_ball,90.5,51.2,265
2019-07-04,Jose Peraza,fly_ball,88.9,46.4,273
2019-07-04,Eugenio Suarez,fly_ball,90.7,27.6,342
2019-07-04,Eric Thames,fly_ball,99.1,43.1,333
2019-07-04,Curt Casali,fly_ball,93.7,54.2,245
2019-07-04,Mike Moustakas,fly_ball,83.4,60,206
2019-07-04,Eric Thames,fly_ball,85.9,38.3,315
2019-07-04,Oscar Mercado,fly_ball,100.2,30.8,385
2019-07-04,Alex Gordon,fly_ball,94.9,30.8,350
2019-07-04,Jorge Soler,fly_ball,88,46.9,281
2019-07-04,Jason Kipnis,fly_ball,89.1,37,314
2019-07-04,Jake Bauers,fly_ball,94.5,40.9,326
2019-07-04,Cam Gallagher,fly_ball,92.7,26.5,349
2019-07-04,Kevin Plawecki,fly_ball,100.6,28.3,407
2019-07-04,Alex Gordon,fly_ball,84.9,33.2,328
2019-07-04,Nicky Lopez,fly_ball,78.3,49.9,244
2019-07-04,Jason Kipnis,fly_ball,82.5,38.9,278
2019-07-04,Jose Ramirez,fly_ball,104.1,27.9,403
2019-07-04,Jake Bauers,fly_ball,97.1,34.3,357
2019-07-04,Mike Freeman,fly_ball,75.3,39.5,232
2019-07-04,Cam Gallagher,fly_ball,98,28.8,378
2019-07-04,Whit Merrifield,fly_ball,92.1,50.2,277
2019-07-04,Max Muncy,fly_ball,107.6,36.5,402
2019-07-04,Cody Bellinger,fly_ball,97.1,41.8,335
2019-07-04,Justin Turner,fly_ball,85,32.3,276
2019-07-04,Cody Bellinger,fly_ball,104,28.9,413
2019-07-04,Miguel Rojas,fly_ball,100,25,412
2019-07-04,Harold Ramirez,fly_ball,92.1,39.4,324
2019-07-04,Trea Turner,fly_ball,99,27.9,405
2019-07-04,Anthony Rendon,fly_ball,84.1,29.9,290
2019-07-04,Kurt Suzuki,fly_ball,94.8,32.1,372
2019-07-04,Anthony Rendon,fly_ball,100.2,28.9,397
2019-07-04,Starlin Castro,fly_ball,94.9,42.2,320
2019-07-04,Gerardo Parra,fly_ball,98.4,26,376
2019-07-04,Kurt Suzuki,fly_ball,91.3,31.3,355
2019-07-04,Yadiel Rivera,fly_ball,85.8,59.1,210
2019-07-04,Howie Kendrick,fly_ball,92.1,33.9,338
2019-07-04,Gerardo Parra,fly_ball,100.6,22.1,388
2019-07-04,Anthony Rendon,fly_ball,91.1,36.4,349
2019-07-04,Ryan Zimmerman,fly_ball,98.3,24.3,360
2019-07-04,Matt Adams,fly_ball,76,41.1,237
2019-07-04,Max Kepler,fly_ball,83.2,51.9,230
2019-07-04,Jonathan Schoop,fly_ball,98.3,22.9,371
2019-07-04,Matt Chapman,fly_ball,80.9,37.4,254
2019-07-04,Byron Buxton,fly_ball,100.3,34.3,363
2019-07-04,Matt Olson,fly_ball,96.2,25.9,342
2019-07-04,Jason Castro,fly_ball,102.1,36.5,384
2019-07-04,Ramon Laureano,fly_ball,87.2,30.2,272
2019-07-04,Jason Castro,fly_ball,97.4,34.9,363
2019-07-04,Marcus Semien,fly_ball,103.6,26.6,416
2019-07-04,Ramon Laureano,fly_ball,93.9,28.5,336
2019-07-04,Marcus Semien,fly_ball,96.9,31.4,382
2019-07-04,Kris Bryant,fly_ball,103.8,22.6,404
2019-07-04,Willson Contreras,fly_ball,70.8,45.7,218
2019-07-04,Albert Almora,fly_ball,105.5,23.6,438
2019-07-04,Kris Bryant,fly_ball,79.9,42.4,279
2019-07-04,Willson Contreras,fly_ball,97.6,38.1,382
2019-07-04,Bryan Reynolds,fly_ball,94.1,34.2,342
2019-07-04,Josh Bell,fly_ball,94.8,29.3,371
2019-07-04,Elias Diaz,fly_ball,100.8,25.8,387
2019-07-04,Kevin Newman,fly_ball,92,43.9,305
2019-07-04,Kris Bryant,fly_ball,101.9,30,395
2019-07-04,Robel Garcia,fly_ball,104.2,25.9,416
2019-07-04,Kris Bryant,fly_ball,98.2,33.6,389
2019-07-04,Melky Cabrera,fly_ball,91.8,31.1,348
2019-07-04,Paul DeJong,fly_ball,83.2,47.6,240
2019-07-04,J. P. Crawford,fly_ball,105.5,26.9,407
2019-07-04,Dan Vogelbach,fly_ball,104.1,46.8,306
2019-07-04,Matt Wieters,fly_ball,102.1,30.5,406
2019-07-04,Paul Goldschmidt,fly_ball,94.6,39,329
2019-07-04,Dexter Fowler,fly_ball,104.4,31.3,397
2019-07-04,Tim Beckham,fly_ball,107.1,23.8,434
2019-07-04,Matt Wieters,fly_ball,96.4,33.3,358
2019-07-04,Paul DeJong,fly_ball,94.1,49.3,270
2019-07-04,Austin Nola,fly_ball,73.6,44.4,214
2019-07-04,Paul Goldschmidt,fly_ball,91.8,33.1,342
2019-07-04,Kolten Wong,fly_ball,87,53.3,243
2019-07-04,Gary Sanchez,fly_ball,97.2,46.1,309
2019-07-04,DJ LeMahieu,fly_ball,91.4,22.3,333
2019-07-04,Edwin Encarnacion,fly_ball,92.4,38.9,332
2019-07-04,Tommy Pham,fly_ball,91.5,45,294
2019-07-04,Mike Ford,fly_ball,99.9,34.9,370
2019-07-04,Avisail Garcia,fly_ball,96.2,25.4,372
2019-07-04,Travis d'Arnaud,fly_ball,73,51.6,204
2019-07-04,Matt Thaiss,fly_ball,93.9,30.6,342
2019-07-04,Jonathan Lucroy,fly_ball,97.2,33.7,371
2019-07-04,Danny Santana,fly_ball,88.2,47.8,259
2019-07-04,Nomar Mazara,fly_ball,90.5,31,363
2019-07-04,Willie Calhoun,fly_ball,94,39.5,347
2019-07-04,Elvis Andrus,fly_ball,97.7,35.5,348
2019-07-04,Rougned Odor,fly_ball,100,26.4,393
2019-07-04,Mike Trout,fly_ball,76.3,37.4,269
2019-07-04,Asdrubal Cabrera,fly_ball,78.5,45.2,252
2019-07-04,Rougned Odor,fly_ball,110.5,26.6,471
2019-07-04,Andrelton Simmons,fly_ball,79.4,40,274
2019-07-04,Rafael Devers,fly_ball,96,35.2,360
2019-07-04,Brock Holt,fly_ball,97.6,33.5,366
2019-07-04,Lourdes Gurriel,fly_ball,98.7,33.1,363
2019-07-04,Danny Jansen,fly_ball,101.7,27.8,429
2019-07-04,Eric Sogard,fly_ball,92.7,41.9,313
2019-07-04,Freddy Galvis,fly_ball,92.1,42.5,317
2019-07-04,Cavan Biggio,fly_ball,95.6,46.9,309
2019-07-04,Danny Jansen,fly_ball,101,25.2,416
2019-07-04,Freddy Galvis,fly_ball,98.6,25.7,345
2019-07-04,Michael Chavis,fly_ball,97.3,28.5,391
2019-07-04,Eric Sogard,fly_ball,90.1,33.1,349
2019-07-04,Justin Smoak,fly_ball,84.4,51.4,251
2019-07-04,Marco Hernandez,fly_ball,92.8,27.4,348
2019-07-04,Rowdy Tellez,fly_ball,88.7,29.2,332
2019-07-04,Zach Eflin,fly_ball,90.5,37,321
2019-07-04,Dansby Swanson,fly_ball,103.9,21.7,404
2019-07-04,Ozzie Albies,fly_ball,103.1,33.3,416
2019-07-04,Dansby Swanson,fly_ball,73.5,37.9,256
2019-07-04,Freddie Freeman,fly_ball,101.8,25.1,401
2019-07-04,Josh Donaldson,fly_ball,105.6,28.2,426
2019-07-04,J. T. Realmuto,fly_ball,85.4,42.6,295
2019-07-04,Sean Rodriguez,fly_ball,105,33.3,414
2019-07-04,Scott Kingery,fly_ball,97.1,54.6,257
2019-07-04,Jay Bruce,fly_ball,99.4,41.7,347
2019-07-04,Dansby Swanson,fly_ball,100.2,33.8,392
2019-07-04,Miguel Cabrera,fly_ball,85.4,47.2,261
2019-07-04,Christin Stewart,fly_ball,84,49.8,247
2019-07-04,Miguel Cabrera,fly_ball,94.9,40.1,330
2019-07-04,Jose Rondon,fly_ball,98.1,25.9,371
2019-07-04,Nick Castellanos,fly_ball,92,39.2,327
2019-07-04,Niko Goodrum,fly_ball,101.1,29.1,388
2019-07-04,John Hicks,fly_ball,86.2,40.9,297
2019-07-04,Jordy Mercer,fly_ball,77.3,32.5,250
2019-07-04,Nick Castellanos,fly_ball,74.6,29.3,240
2019-07-04,Eloy Jimenez,fly_ball,106.9,22.5,436
2019-07-04,Ryan Cordell,fly_ball,85.4,43.6,285
2019-07-04,Miguel Cabrera,fly_ball,106,25.5,453
2019-07-04,Eloy Jimenez,fly_ball,79.1,38.9,278
2019-07-04,Nick Castellanos,fly_ball,91.6,27.7,322
2019-07-04,Harold Castro,fly_ball,86.1,37.1,315
2019-07-05,Jarrod Dyson,fly_ball,94.2,45.3,323
2019-07-05,Raimel Tapia,fly_ball,97.3,26.2,397
2019-07-05,Christian Walker,fly_ball,104.7,24.1,387
2019-07-05,Zack Greinke,fly_ball,82.3,43.5,273
2019-07-05,Eduardo Escobar,fly_ball,96.8,32.3,379
2019-07-05,Christian Walker,fly_ball,106.1,27.6,431
2019-07-05,Zack Greinke,fly_ball,84.6,39.4,300
2019-07-05,Sandy Leon,fly_ball,86.3,32.8,330
2019-07-05,Brandon Dixon,fly_ball,86.8,44.4,282
2019-07-05,Rafael Devers,fly_ball,98,25.9,357
2019-07-05,Christian Vazquez,fly_ball,80.6,56,213
2019-07-05,Nick Castellanos,fly_ball,83.6,47.9,259
2019-07-05,Xander Bogaerts,fly_ball,105.9,23.7,441
2019-07-05,Christian Vazquez,fly_ball,88.7,48.8,265
2019-07-05,Sandy Leon,fly_ball,90.3,33.2,343
2019-07-05,John Hicks,fly_ball,102.6,29.4,405
2019-07-05,Victor Reyes,fly_ball,89.3,46.1,292
2019-07-05,Alex Bregman,fly_ball,84.1,46.2,276
2019-07-05,Michael Brantley,fly_ball,90.1,30.7,343
2019-07-05,Josh Reddick,fly_ball,87.1,31.7,335
2019-07-05,Mike Trout,fly_ball,81.5,32.9,299
2019-07-05,Shohei Ohtani,fly_ball,107.5,32.4,423
2019-07-05,Yordan Álvarez,fly_ball,102.5,29.5,394
2019-07-05,Andrelton Simmons,fly_ball,91.2,31.6,356
2019-07-05,Jarrett Parker,fly_ball,103.7,47.9,323
2019-07-05,Mike Trout,fly_ball,101.1,27.5,399
2019-07-05,Yuli Gurriel,fly_ball,92.9,27,343
2019-07-05,Josh Reddick,fly_ball,89.4,42.6,298
2019-07-05,Kyle Garlick,fly_ball,93.5,53.2,268
2019-07-05,Austin Barnes,fly_ball,74.4,50.3,193
2019-07-05,Hunter Renfroe,fly_ball,101.5,36.2,364
2019-07-05,Fernando Tatis,fly_ball,89.5,30.8,346
2019-07-05,Enrique Hernandez,fly_ball,92,42.3,305
2019-07-05,Hunter Renfroe,fly_ball,93.3,36.6,320
2019-07-05,Hunter Renfroe,fly_ball,100.8,22.5,398
2019-07-05,Justin Turner,fly_ball,84.2,55.8,222
2019-07-05,Cody Bellinger,fly_ball,73.1,30.7,257
2019-07-05,Ian Kinsler,fly_ball,95.6,40.6,327
2019-07-05,Manuel Margot,fly_ball,94.5,45.3,310
2019-07-05,Joc Pederson,fly_ball,90.3,26.9,328
2019-07-05,Trea Turner,fly_ball,109.4,22,453
2019-07-05,Adam Eaton,fly_ball,90.6,35.2,329
2019-07-05,Brian Dozier,fly_ball,92.4,45.9,303
2019-07-05,Anthony Rendon,fly_ball,97.5,45.8,317
2019-07-05,Martin Maldonado,fly_ball,97.6,45.1,318
2019-07-05,Adalberto Mondesi,fly_ball,86.7,31.9,325
2019-07-05,Anthony Rendon,fly_ball,73.5,34,244
2019-07-05,Cheslor Cuthbert,fly_ball,85.4,28.3,300
2019-07-05,Martin Maldonado,fly_ball,91.8,35.7,337
2019-07-05,Trea Turner,fly_ball,81,37.1,272
2019-07-05,Adam Eaton,fly_ball,81.7,36,304
2019-07-05,Scott Kingery,fly_ball,105.8,31.8,433
2019-07-05,Jeff McNeil,fly_ball,96.8,33.5,379
2019-07-05,Pete Alonso,fly_ball,109.6,40.2,392
2019-07-05,Dominic Smith,fly_ball,89.4,44.6,299
2019-07-05,Jay Bruce,fly_ball,92.8,31.1,346
2019-07-05,Cesar Hernandez,fly_ball,85.2,33.5,317
2019-07-05,Amed Rosario,fly_ball,79,49.8,222
2019-07-05,Robinson Cano,fly_ball,78.7,47,249
2019-07-05,J. D. Davis,fly_ball,88.4,47.3,270
2019-07-05,Bryce Harper,fly_ball,100.7,39.7,348
2019-07-05,Pete Alonso,fly_ball,70.3,32.2,232
2019-07-05,Jesus Aguilar,fly_ball,94.1,35.1,335
2019-07-05,Starling Marte,fly_ball,95.8,36.1,354
2019-07-05,Orlando Arcia,fly_ball,96.7,35.3,356
2019-07-05,Kevin Newman,fly_ball,84.1,32.7,318
2019-07-05,Elias Diaz,fly_ball,75.5,46.3,226
2019-07-05,Jesus Aguilar,fly_ball,106.5,34.9,417
2019-07-05,Manny Pina,fly_ball,102.7,26.3,415
2019-07-05,Kevin Newman,fly_ball,85.8,47.5,270
2019-07-05,Keston Hiura,fly_ball,96.4,55,271
2019-07-05,Starling Marte,fly_ball,93.4,35.2,331
2019-07-05,Josh Bell,fly_ball,103.6,40.5,380
2019-07-05,Jung Ho Kang,fly_ball,105.1,25.1,422
2019-07-05,Khris Davis,fly_ball,82.7,31.2,296
2019-07-05,J. P. Crawford,fly_ball,87.3,20,275
2019-07-05,Dan Vogelbach,fly_ball,99.6,33.7,360
2019-07-05,Franklin Barreto,fly_ball,98.9,26.8,388
2019-07-05,Marcus Semien,fly_ball,95,29.2,373
2019-07-05,Matt Chapman,fly_ball,103.9,37.2,372
2019-07-05,Matt Olson,fly_ball,94.5,33.2,342
2019-07-05,Ramon Laureano,fly_ball,91.1,33.1,321
2019-07-05,Josh Phegley,fly_ball,88.5,46.6,269
2019-07-05,Tom Murphy,fly_ball,105.1,35.6,397
2019-07-05,Matt Olson,fly_ball,93,37.4,345
2019-07-05,Tommy Edman,fly_ball,89.6,46.1,281
2019-07-05,Jose Martinez,fly_ball,108.4,26.8,433
2019-07-05,Paul Goldschmidt,fly_ball,110,31.5,449
2019-07-05,Kolten Wong,fly_ball,94,35.8,334
2019-07-05,Brandon Belt,fly_ball,98,28.1,386
2019-07-05,Tommy Edman,fly_ball,102.6,27.6,399
2019-07-05,Brandon Crawford,fly_ball,91.9,41,312
2019-07-05,Kevin Pillar,fly_ball,85.4,48.4,253
2019-07-05,Joe Panik,fly_ball,97.6,35.8,348
2019-07-05,Dexter Fowler,fly_ball,100.8,26.1,408
2019-07-05,Buster Posey,fly_ball,87.8,31,336
2019-07-05,Dexter Fowler,fly_ball,94.7,32.2,357
2019-07-05,Stephen Vogt,fly_ball,95.4,47.7,307
2019-07-05,Donovan Solano,fly_ball,73.8,26.3,260
2019-07-05,Aaron Judge,fly_ball,104.1,37.8,377
2019-07-05,Didi Gregorius,fly_ball,99.1,29.2,397
2019-07-05,Nate Lowe,fly_ball,95.1,27.6,380
2019-07-05,Joey Wendle,fly_ball,93.5,52.8,259
2019-07-05,Mike Zunino,fly_ball,107.7,25.4,455
2019-07-05,Tommy Pham,fly_ball,98.4,27.3,388
2019-07-05,Edwin Encarnacion,fly_ball,92.4,46.4,291
2019-07-05,Joey Wendle,fly_ball,87.2,40.9,288
2019-07-05,Aaron Hicks,fly_ball,94.9,32.1,362
2019-07-05,Edwin Encarnacion,fly_ball,94,56.6,235
2019-07-05,Yandy Díaz,fly_ball,100.8,26.7,408
2019-07-05,Nate Lowe,fly_ball,91.2,40.5,317
2019-07-05,Freddy Galvis,fly_ball,101.7,41.2,355
2019-07-05,Chris Davis,fly_ball,101.4,26.9,405
2019-07-05,Dwight Smith,fly_ball,89.8,46.3,290
2019-07-05,Chance Sisco,fly_ball,83.4,53.7,233
2019-07-05,Anthony Santander,fly_ball,94.5,37.5,337
2019-07-05,Richie Martin,fly_ball,91.2,55.6,243
2019-07-05,Danny Jansen,fly_ball,82.1,53.5,226
2019-07-05,Justin Smoak,fly_ball,95.8,36.9,358
2019-07-05,Teoscar Hernandez,fly_ball,100.8,48.9,319
2019-07-05,Chance Sisco,fly_ball,92.4,40.5,328
2019-07-05,Brandon Drury,fly_ball,94,29,381
2019-07-05,Dwight Smith,fly_ball,85.2,39.3,278
2019-07-05,Vladimir Guerrero,fly_ball,89.5,36.6,326
2019-07-05,Rougned Odor,fly_ball,99.6,36.6,372
2019-07-05,Mitch Garver,fly_ball,99.9,32,374
2019-07-05,Luis Arraez,fly_ball,102.2,35.3,392
2019-07-05,Jorge Polanco,fly_ball,103.8,22.7,425
2019-07-05,Luis Arraez,fly_ball,89,28.6,334
2019-07-05,Jonathan Schoop,fly_ball,110.8,29.8,428
2019-07-05,Byron Buxton,fly_ball,80.9,31.7,295
2019-07-05,Tim Federowicz,fly_ball,88.6,48.6,266
2019-07-05,Shin-Soo Choo,fly_ball,104.1,36,387
2019-07-05,Elvis Andrus,fly_ball,95.7,25.5,382
2019-07-05,Mitch Garver,fly_ball,104.6,24.3,412
2019-07-05,C. J. Cron,fly_ball,108.6,35.4,395
2019-07-05,Max Kepler,fly_ball,89.5,36.1,335
2019-07-05,Logan Forsythe,fly_ball,105.8,24,401
2019-07-05,Rougned Odor,fly_ball,99.5,41,333
2019-07-05,Danny Santana,fly_ball,91.4,32.1,311
2019-07-05,Ronald Acuna,fly_ball,94.6,46.2,307
2019-07-05,Julio Teheran,fly_ball,77.2,36.5,263
2019-07-05,JT Riddle,fly_ball,86.7,49.1,278
2019-07-05,Miguel Rojas,fly_ball,88.9,30.1,309
2019-07-05,Jorge Alfaro,fly_ball,102.8,36.6,367
2019-07-05,Starlin Castro,fly_ball,101.4,35.9,359
2019-07-05,Ozzie Albies,fly_ball,92.2,42.6,311
2019-07-05,Brian Anderson,fly_ball,95.3,21.9,373
2019-07-06,Tim Locastro,fly_ball,98.8,39,359
2019-07-06,Christian Walker,fly_ball,99.8,24.3,376
2019-07-06,Adam Jones,fly_ball,83.3,40.3,285
2019-07-06,Daniel Murphy,fly_ball,102.4,31.9,405
2019-07-06,Nolan Arenado,fly_ball,97.1,49.5,310
2019-07-06,Jake Lamb,fly_ball,95.4,29.2,369
2019-07-06,Charlie Blackmon,fly_ball,79.5,33.1,289
2019-07-06,Jake Lamb,fly_ball,101.7,33.8,385
2019-07-06,Ketel Marte,fly_ball,69.6,43.9,220
2019-07-06,Chris Iannetta,fly_ball,95.4,46.2,307
2019-07-06,Adam Jones,fly_ball,81.5,44.6,245
2019-07-06,Trevor Story,fly_ball,104.7,28,424
2019-07-06,Ian Desmond,fly_ball,90.9,38,308
2019-07-06,Francisco Lindor,fly_ball,101.8,44.1,355
2019-07-06,Joey Votto,fly_ball,93.9,38.1,342
2019-07-06,Tyler Naquin,fly_ball,86.7,52.8,255
2019-07-06,Francisco Lindor,fly_ball,92.5,35.5,346
2019-07-06,Carlos Santana,fly_ball,82.4,33,310
2019-07-06,Jesse Winker,fly_ball,89.6,42.3,305
2019-07-06,Roberto Perez,fly_ball,97.1,31.6,364
2019-07-06,Mookie Betts,fly_ball,104.7,23.6,419
2019-07-06,Michael Chavis,fly_ball,73.2,35,249
2019-07-06,Harold Castro,fly_ball,87.7,50.5,268
2019-07-06,Andrew Benintendi,fly_ball,86,57.6,229
2019-07-06,Brock Holt,fly_ball,94.6,25.8,354
2019-07-06,Jeimer Candelario,fly_ball,101.1,34.8,398
2019-07-06,Harold Castro,fly_ball,102.6,28.3,408
2019-07-06,Niko Goodrum,fly_ball,88.7,54.4,238
2019-07-06,Gordon Beckham,fly_ball,93.6,56.1,248
2019-07-06,Nick Castellanos,fly_ball,101.9,30.3,402
2019-07-06,Andrew Benintendi,fly_ball,83.7,35.6,327
2019-07-06,Jackie Bradley,fly_ball,94,48.2,295
2019-07-06,Marco Hernandez,fly_ball,68.7,29.5,217
2019-07-06,Rafael Devers,fly_ball,94.9,30.7,355
2019-07-06,George Springer,fly_ball,88.9,42.2,299
2019-07-06,Alex Bregman,fly_ball,89.4,32.6,333
2019-07-06,Tyler White,fly_ball,95.6,37.4,346
2019-07-06,Kole Calhoun,fly_ball,101,36.8,369
2019-07-06,Alex Bregman,fly_ball,89.8,35.3,328
2019-07-06,Yuli Gurriel,fly_ball,93.9,31.4,342
2019-07-06,Tyler White,fly_ball,96.4,34.9,368
2019-07-06,Yordan Álvarez,fly_ball,88.5,29.5,329
2019-07-06,Alex Verdugo,fly_ball,97.8,36.7,353
2019-07-06,Francisco Mejia,fly_ball,86.7,38.5,322
2019-07-06,Eric Hosmer,fly_ball,96.2,52.7,267
2019-07-06,Hunter Renfroe,fly_ball,107.7,20.2,424
2019-07-06,Greg Garcia,fly_ball,75,29.9,254
2019-07-06,Manuel Margot,fly_ball,98.2,36.4,368
2019-07-06,Joc Pederson,fly_ball,98.2,48,299
2019-07-06,Russell Martin,fly_ball,94.8,48.4,299
2019-07-06,Hunter Dozier,fly_ball,92.9,40.7,318
2019-07-06,Anthony Rendon,fly_ball,83.8,53,232
2019-07-06,Kurt Suzuki,fly_ball,104.4,24.3,423
2019-07-06,Adam Eaton,fly_ball,97.5,38.8,344
2019-07-06,Hunter Dozier,fly_ball,81.2,45.5,272
2019-07-06,Adam Eaton,fly_ball,73.2,29.4,252
2019-07-06,Anthony Rendon,fly_ball,90.2,45.4,309
2019-07-06,Billy Hamilton,fly_ball,72.9,31.9,258
2019-07-06,Victor Robles,fly_ball,84.6,39.6,304
2019-07-06,Dominic Smith,fly_ball,74.4,45.1,231
2019-07-06,Jay Bruce,fly_ball,98.7,32.3,394
2019-07-06,Cesar Hernandez,fly_ball,93,29.4,336
2019-07-06,Maikel Franco,fly_ball,104,21,421
2019-07-06,Tomas Nido,fly_ball,71.5,29.8,250
2019-07-06,Dominic Smith,fly_ball,97.6,34.4,369
2019-07-06,J. T. Realmuto,fly_ball,88.2,28.3,343
2019-07-06,Jay Bruce,fly_ball,99.4,33.8,367
2019-07-06,Adeiny Hechavarria,fly_ball,83.3,38.4,299
2019-07-06,Brad Miller,fly_ball,80.4,29.9,296
2019-07-06,Luis Guillorme,fly_ball,101.4,32,394
2019-07-06,Mike Moustakas,fly_ball,99,24.5,399
2019-07-06,Eric Thames,fly_ball,90,45.1,308
2019-07-06,Yasmani Grandal,fly_ball,97.9,25.5,377
2019-07-06,Mike Moustakas,fly_ball,84.9,55.4,233
2019-07-06,Lorenzo Cain,fly_ball,92.4,25.8,335
2019-07-06,Josh Bell,fly_ball,97.2,34.5,364
2019-07-06,Kevin Newman,fly_ball,99.3,25.4,375
2019-07-06,Adam Frazier,fly_ball,75.5,42.9,246
2019-07-06,Yasmani Grandal,fly_ball,98.2,39.5,347
2019-07-06,Keston Hiura,fly_ball,90.2,39,320
2019-07-06,Melky Cabrera,fly_ball,77.4,31.6,270
2019-07-06,Kevin Newman,fly_ball,92.8,30.5,357
2019-07-06,Jung Ho Kang,fly_ball,98.1,46.1,331
2019-07-06,Melky Cabrera,fly_ball,98.6,34,382
2019-07-06,Manny Pina,fly_ball,92.2,53.9,257
2019-07-06,Ramon Laureano,fly_ball,84,34.6,277
2019-07-06,Dan Vogelbach,fly_ball,87,35.6,317
2019-07-06,Jurickson Profar,fly_ball,92.5,52.2,266
2019-07-06,Josh Phegley,fly_ball,96.6,41.3,319
2019-07-06,Austin Nola,fly_ball,82.6,46.6,241
2019-07-06,Matt Chapman,fly_ball,96.1,35.1,348
2019-07-06,Matt Olson,fly_ball,100,26.2,401
2019-07-06,Josh Phegley,fly_ball,82.3,51.5,239
2019-07-06,Dan Vogelbach,fly_ball,106.4,42.6,361
2019-07-06,Kyle Seager,fly_ball,97.8,27.5,367
2019-07-06,Kyle Seager,fly_ball,89.5,45.4,284
2019-07-06,Ramon Laureano,fly_ball,70.3,25.2,214
2019-07-06,Mallex Smith,fly_ball,88.1,40.9,281
2019-07-06,Josh Phegley,fly_ball,81.9,39.7,271
2019-07-06,Franklin Barreto,fly_ball,84.4,31.2,296
2019-07-06,Marcus Semien,fly_ball,72.6,34.7,257
2019-07-06,Matt Chapman,fly_ball,91.1,52.2,241
2019-07-06,Ramon Laureano,fly_ball,106,28.1,411
2019-07-06,Chad Pinder,fly_ball,94.9,53.3,255
2019-07-06,Tommy Edman,fly_ball,67.6,25.6,225
2019-07-06,Tyler O'Neill,fly_ball,89.7,40.9,273
2019-07-06,Matt Wieters,fly_ball,94.3,55.9,231
2019-07-06,Paul DeJong,fly_ball,77.6,33.8,286
2019-07-06,Joe Panik,fly_ball,88.8,53.7,250
2019-07-06,Austin Slater,fly_ball,97.8,35.1,336
2019-07-06,Alex Dickerson,fly_ball,76.2,32.1,276
2019-07-06,Dexter Fowler,fly_ball,73.9,26.3,251
2019-07-06,Pablo Sandoval,fly_ball,98.2,25.3,390
2019-07-06,Paul Goldschmidt,fly_ball,100.6,26.4,338
2019-07-06,Dexter Fowler,fly_ball,94.6,31.6,348
2019-07-06,Matt Wieters,fly_ball,97,33.9,361
2019-07-06,Yairo Munoz,fly_ball,88.9,40.9,298
2019-07-06,Joe Panik,fly_ball,80.7,47.4,237
2019-07-06,Yadier Molina,fly_ball,77.8,35.4,260
2019-07-06,Edwin Encarnacion,fly_ball,94.3,36.9,350
2019-07-06,Brett Gardner,fly_ball,95.5,32,369
2019-07-06,Gio Urshela,fly_ball,97.8,58.4,218
2019-07-06,DJ LeMahieu,fly_ball,100.5,33.5,384
2019-07-06,Avisail Garcia,fly_ball,74.6,30,274
2019-07-06,Aaron Hicks,fly_ball,91.2,31.7,364
2019-07-06,Aaron Judge,fly_ball,86.6,44.4,269
2019-07-06,Travis d'Arnaud,fly_ball,96.1,48.1,298
2019-07-06,Willy Adames,fly_ball,94.1,27.2,359
2019-07-06,Nate Lowe,fly_ball,105.5,22,415
2019-07-06,Aaron Hicks,fly_ball,96.4,36.5,355
2019-07-06,Richie Martin,fly_ball,86.9,43.2,291
2019-07-06,Renato Nunez,fly_ball,109.2,28.6,419
2019-07-06,Keon Broxton,fly_ball,70.6,29.4,224
2019-07-06,Freddy Galvis,fly_ball,97.2,34.3,382
2019-07-06,Trey Mancini,fly_ball,86,41.7,294
2019-07-06,Justin Smoak,fly_ball,94.8,47.5,307
2019-07-06,Brandon Drury,fly_ball,85.5,31.6,326
2019-07-06,Lourdes Gurriel,fly_ball,98.2,41.8,338
2019-07-06,Anthony Santander,fly_ball,71.5,45.9,217
2019-07-06,Stevie Wilkerson,fly_ball,99.7,27.3,385
2019-07-06,Cavan Biggio,fly_ball,98.5,29.4,392
2019-07-06,Joey Gallo,fly_ball,103.4,43.3,354
2019-07-06,Nelson Cruz,fly_ball,100.8,34.7,379
2019-07-06,Asdrubal Cabrera,fly_ball,78.8,36.8,289
2019-07-06,Ronald Guzman,fly_ball,72.9,26.5,249
2019-07-06,Luis Arraez,fly_ball,85.1,32,296
2019-07-06,Rougned Odor,fly_ball,100.2,39.4,372
2019-07-06,Miguel Sano,fly_ball,103.2,24.4,407
2019-07-06,Elvis Andrus,fly_ball,97.2,30.1,388
2019-07-06,Rougned Odor,fly_ball,96.9,35.9,353
2019-07-06,Marwin Gonzalez,fly_ball,92.4,28.5,356
2019-07-06,Ronald Guzman,fly_ball,84.4,44.6,281
2019-07-06,Willie Calhoun,fly_ball,105.4,21.1,392
2019-07-06,Marwin Gonzalez,fly_ball,100.2,25.7,408
2019-07-06,Logan Forsythe,fly_ball,97.5,35,357
2019-07-06,Ronald Acuna,fly_ball,108.1,36,431
2019-07-06,Harold Ramirez,fly_ball,105.4,24.9,397
2019-07-06,Austin Riley,fly_ball,106.4,38.3,404
2019-07-06,Starlin Castro,fly_ball,101,40.1,389
2019-07-06,Harold Ramirez,fly_ball,97.5,36.3,350
2019-07-06,Ronald Acuna,fly_ball,95,36.6,344
2019-07-06,Miguel Rojas,fly_ball,89.9,33.5,299
2019-07-06,Nick Markakis,fly_ball,71.7,38.2,251
2019-07-06,Brian Anderson,fly_ball,86.5,45.9,284
2019-07-06,Matthew Joyce,fly_ball,92.7,45.7,303
2019-07-06,Ronald Acuna,fly_ball,96.3,50.2,298
2019-07-06,Ozzie Albies,fly_ball,102.5,26.2,404
2019-07-06,Neil Walker,fly_ball,94.4,37.1,359
2019-07-06,Johan Camargo,fly_ball,93.2,51.3,263
2019-07-06,Kris Bryant,fly_ball,68.2,38.5,234
2019-07-06,Carlos Sanchez,fly_ball,95.6,29.2,356
2019-07-06,Yoan Moncada,fly_ball,90.6,25.2,358
2019-07-06,Willson Contreras,fly_ball,95.2,30.9,344
2019-07-06,Kris Bryant,fly_ball,91.5,41.1,312
2019-07-06,Jason Heyward,fly_ball,85.7,29,321
2019-07-06,Addison Russell,fly_ball,91.5,36.7,326
2019-07-06,Javier Baez,fly_ball,89.1,46.5,271
2019-07-07,Charlie Blackmon,fly_ball,94.6,30.1,334
2019-07-07,Alex Avila,fly_ball,100.8,26.7,402
2019-07-07,Ketel Marte,fly_ball,97,43.2,322
2019-07-07,Christian Walker,fly_ball,92.3,53.4,244
2019-07-07,Adam Jones,fly_ball,91.8,48.7,269
2019-07-07,Nick Ahmed,fly_ball,102.9,33,427
2019-07-07,Ketel Marte,fly_ball,93.4,25.2,368
2019-07-07,Eduardo Escobar,fly_ball,83.6,43.6,283
2019-07-07,Nick Ahmed,fly_ball,90.6,44.9,305
2019-07-07,Trevor Story,fly_ball,106.8,32.7,413
2019-07-07,Francisco Lindor,fly_ball,90.8,47.3,283
2019-07-07,Carlos Santana,fly_ball,97.2,23.9,374
2019-07-07,Joey Votto,fly_ball,92.5,55.4,251
2019-07-07,Tyler Mahle,fly_ball,94.3,33.5,335
2019-07-07,Joey Votto,fly_ball,83.7,47.6,262
2019-07-07,Jake Bauers,fly_ball,95.3,35.9,353
2019-07-07,Tyler Naquin,fly_ball,107.5,23.9,404
2019-07-07,Jake Bauers,fly_ball,104.4,24.5,428
2019-07-07,Josh VanMeter,fly_ball,97.5,23.5,377
2019-07-07,Greg Allen,fly_ball,97.2,24.2,394
2019-07-07,Joey Votto,fly_ball,75.3,47.3,216
2019-07-07,Greg Allen,fly_ball,99.1,27.3,383
2019-07-07,Kevin Plawecki,fly_ball,68.3,28.4,206
2019-07-07,Eugenio Suarez,fly_ball,97.2,46.2,314
2019-07-07,Yasiel Puig,fly_ball,100.7,39.3,358
2019-07-07,José Iglesias,fly_ball,78.5,44.4,264
2019-07-07,Kyle Farmer,fly_ball,90.7,35.8,318
2019-07-07,Mookie Betts,fly_ball,103.6,32,398
2019-07-07,Jeimer Candelario,fly_ball,94.3,30.7,360
2019-07-07,Christian Vazquez,fly_ball,97.8,30,376
2019-07-07,Michael Chavis,fly_ball,100,38.5,349
2019-07-07,Andrew Benintendi,fly_ball,85.6,41,291
2019-07-07,Christian Vazquez,fly_ball,91.3,40.3,307
2019-07-07,Jeimer Candelario,fly_ball,87.6,37.7,311
2019-07-07,Christian Vazquez,fly_ball,96.8,32.2,362
2019-07-07,Jeimer Candelario,fly_ball,90.9,45.1,299
2019-07-07,Mookie Betts,fly_ball,74.4,29.7,254
2019-07-07,Xander Bogaerts,fly_ball,93.4,43.8,314
2019-07-07,Andrew Benintendi,fly_ball,97.8,29.6,386
2019-07-07,Brandon Dixon,fly_ball,98.5,38.2,367
2019-07-07,Rafael Devers,fly_ball,104.5,57.2,243
2019-07-07,Christin Stewart,fly_ball,89.7,46.7,275
2019-07-07,Tony Kemp,fly_ball,97.5,26,370
2019-07-07,Mike Trout,fly_ball,103.8,42.6,353
2019-07-07,Shohei Ohtani,fly_ball,106.3,34,397
2019-07-07,Jonathan Lucroy,fly_ball,94.1,41.7,321
2019-07-07,Mike Trout,fly_ball,91.5,31.2,347
2019-07-07,George Springer,fly_ball,94.2,29,352
2019-07-07,Jonathan Lucroy,fly_ball,95.9,30.3,365
2019-07-07,Mike Trout,fly_ball,103.1,22.6,391
2019-07-07,Jose Altuve,fly_ball,101.9,30.7,403
2019-07-07,Yuli Gurriel,fly_ball,103,27.8,407
2019-07-07,Robinson Chirinos,fly_ball,74,51.7,208
2019-07-07,Mike Trout,fly_ball,106.4,28.1,424
2019-07-07,Andrelton Simmons,fly_ball,93.3,32.6,342
2019-07-07,George Springer,fly_ball,84.5,45.1,269
2019-07-07,Fernando Tatis,fly_ball,104.3,23.3,415
2019-07-07,Eric Hosmer,fly_ball,75.5,37.2,268
2019-07-07,Hunter Renfroe,fly_ball,102.5,37.2,369
2019-07-07,Enrique Hernandez,fly_ball,87.5,51.6,261
2019-07-07,Manuel Margot,fly_ball,101.9,32.6,396
2019-07-07,Cody Bellinger,fly_ball,86.1,51.7,244
2019-07-07,Max Muncy,fly_ball,101.2,38.6,377
2019-07-07,Kyle Garlick,fly_ball,89.4,35.4,320
2019-07-07,Eric Hosmer,fly_ball,83.8,35.7,278
2019-07-07,Manny Machado,fly_ball,96.8,46.8,316
2019-07-07,Cody Bellinger,fly_ball,86.9,44.1,274
2019-07-07,Max Muncy,fly_ball,100.6,38.8,361
2019-07-07,Fernando Tatis,fly_ball,95.8,26.3,379
2019-07-07,Chris Taylor,fly_ball,91.8,35.8,327
2019-07-07,Justin Turner,fly_ball,105.9,34.5,433
2019-07-07,Eric Hosmer,fly_ball,91.1,29.9,347
2019-07-07,Manuel Margot,fly_ball,86.9,59.4,204
2019-07-07,Brian Dozier,fly_ball,104.4,23.2,404
2019-07-07,Yan Gomes,fly_ball,95.4,46.6,302
2019-07-07,Victor Robles,fly_ball,82.5,43.7,270
2019-07-07,Adalberto Mondesi,fly_ball,96.3,40.2,345
2019-07-07,Jorge Soler,fly_ball,89.8,31.7,350
2019-07-07,Victor Robles,fly_ball,101.7,28.9,425
2019-07-07,Lucas Duda,fly_ball,97.6,24.6,351
2019-07-07,Adalberto Mondesi,fly_ball,67,41.4,209
2019-07-07,Alex Gordon,fly_ball,94.5,29.9,387
2019-07-07,Jorge Soler,fly_ball,73.3,33.2,272
2019-07-07,Cam Gallagher,fly_ball,90.8,52.8,263
2019-07-07,Scott Kingery,fly_ball,68.5,47,216
2019-07-07,Amed Rosario,fly_ball,82,32.3,314
2019-07-07,Cesar Hernandez,fly_ball,74.6,31.6,267
2019-07-07,Robinson Cano,fly_ball,99.7,42.5,341
2019-07-07,Todd Frazier,fly_ball,81.7,41.9,257
2019-07-07,Bryce Harper,fly_ball,101.1,42.2,351
2019-07-07,Jay Bruce,fly_ball,101.1,31.8,404
2019-07-07,Pete Alonso,fly_ball,100.9,26.2,396
2019-07-07,Scott Kingery,fly_ball,99,42.9,336
2019-07-07,Juan Lagares,fly_ball,81.6,37.9,273
2019-07-07,Jeff McNeil,fly_ball,94.7,38.1,345
2019-07-07,Jay Bruce,fly_ball,104.6,32.7,407
2019-07-07,Maikel Franco,fly_ball,86.4,51.6,248
2019-07-07,Robinson Cano,fly_ball,76.5,35,255
2019-07-07,Bryce Harper,fly_ball,85.7,29.2,324
2019-07-07,Rhys Hoskins,fly_ball,108.2,28,386
2019-07-07,Adeiny Hechavarria,fly_ball,98.4,28.6,381
2019-07-07,Wilson Ramos,fly_ball,94.4,24.6,368
2019-07-07,Jeff McNeil,fly_ball,85.9,34.2,316
2019-07-07,Yasmani Grandal,fly_ball,102.1,25.6,404
2019-07-07,Mike Moustakas,fly_ball,100.6,50,299
2019-07-07,Yasmani Grandal,fly_ball,82.2,35.1,278
2019-07-07,Bryan Reynolds,fly_ball,92,30,349
2019-07-07,Yasmani Grandal,fly_ball,91,30.4,361
2019-07-07,Kevin Newman,fly_ball,74.5,43.1,242
2019-07-07,Jesus Aguilar,fly_ball,104.3,30.6,410
2019-07-07,Ryan Braun,fly_ball,90.8,38.3,331
2019-07-07,Lorenzo Cain,fly_ball,91.2,45.7,300
2019-07-07,Bryan Reynolds,fly_ball,101.8,28.4,403
2019-07-07,Kevin Newman,fly_ball,95.2,35.4,362
2019-07-07,Keston Hiura,fly_ball,97.5,41.6,358
2019-07-07,Jesus Aguilar,fly_ball,69.3,36.1,235
2019-07-07,Matt Olson,fly_ball,109.1,26.6,434
2019-07-07,J. P. Crawford,fly_ball,92.6,30.9,334
2019-07-07,Domingo Santana,fly_ball,78,43.6,259
2019-07-07,Marcus Semien,fly_ball,99.3,32.6,392
2019-07-07,Robbie Grossman,fly_ball,82.8,50.1,231
2019-07-07,Khris Davis,fly_ball,93.2,46.7,298
2019-07-07,Omar Narvaez,fly_ball,102.1,33.4,391
2019-07-07,Mallex Smith,fly_ball,80.8,38.4,276
2019-07-07,Franklin Barreto,fly_ball,85,28.6,312
2019-07-07,Domingo Santana,fly_ball,102.7,26.4,378
2019-07-07,Kyle Seager,fly_ball,90,32.4,335
2019-07-07,Tim Beckham,fly_ball,78.3,40.1,260
2019-07-07,Khris Davis,fly_ball,100.6,42,330
2019-07-07,Dylan Moore,fly_ball,90.3,31.3,341
2019-07-07,Chris Herrmann,fly_ball,77.7,49.7,220
2019-07-07,J. P. Crawford,fly_ball,74.2,37.9,240
2019-07-07,Robbie Grossman,fly_ball,96.9,26.2,366
2019-07-07,Ramon Laureano,fly_ball,100.2,35.7,400
2019-07-07,Franklin Barreto,fly_ball,95.8,34,333
2019-07-07,Omar Narvaez,fly_ball,100.8,24.6,406
2019-07-07,Tim Beckham,fly_ball,100.9,54.1,266
2019-07-07,Brandon Belt,fly_ball,101.7,31.3,384
2019-07-07,Paul Goldschmidt,fly_ball,87.5,45.8,277
2019-07-07,Dexter Fowler,fly_ball,103.1,38.6,368
2019-07-07,Donovan Solano,fly_ball,86.8,59.3,199
2019-07-07,Tommy Edman,fly_ball,76.5,32.7,278
2019-07-07,Jose Martinez,fly_ball,97.5,33.6,356
2019-07-07,Evan Longoria,fly_ball,99.4,33.2,363
2019-07-07,Brandon Belt,fly_ball,87.9,34.7,301
2019-07-07,Paul Goldschmidt,fly_ball,103.7,22.9,380
2019-07-07,Dexter Fowler,fly_ball,101.5,30.9,388
2019-07-07,Evan Longoria,fly_ball,104.9,35.8,398
2019-07-07,Stephen Vogt,fly_ball,82.7,49.7,238
2019-07-07,Didi Gregorius,fly_ball,81.7,28.4,320
2019-07-07,Mike Brosseau,fly_ball,85.6,34.5,322
2019-07-07,Tommy Pham,fly_ball,84.4,47.4,271
2019-07-07,Gary Sanchez,fly_ball,72,28.6,250
2019-07-07,Austin Romine,fly_ball,92.9,46.9,295
2019-07-07,Tommy Pham,fly_ball,90.6,27.9,304
2019-07-07,Edwin Encarnacion,fly_ball,88.3,46.7,264
2019-07-07,Lourdes Gurriel,fly_ball,106.2,27.9,419
2019-07-07,Danny Jansen,fly_ball,103.3,36.4,381
2019-07-07,Eric Sogard,fly_ball,95.4,43.9,322
2019-07-07,Cavan Biggio,fly_ball,96.7,39.2,353
2019-07-07,Danny Jansen,fly_ball,96.7,25.4,382
2019-07-07,Chris Davis,fly_ball,71.4,33.6,233
2019-07-07,Rio Ruiz,fly_ball,96.4,45.5,314
2019-07-07,Stevie Wilkerson,fly_ball,95.5,33.7,356
2019-07-07,Cavan Biggio,fly_ball,98.1,27.7,367
2019-07-07,Anthony Santander,fly_ball,87.6,33.7,308
2019-07-07,Danny Jansen,fly_ball,90,32.7,315
2019-07-07,Chance Sisco,fly_ball,98.3,30,367
2019-07-07,Hanser Alberto,fly_ball,92.6,26.1,352
2019-07-07,Rio Ruiz,fly_ball,92.7,56.9,243
2019-07-07,Stevie Wilkerson,fly_ball,96.6,29.3,364
2019-07-07,Jonathan Villar,fly_ball,98.4,39.2,352
2019-07-07,Trey Mancini,fly_ball,93.2,38.5,332
2019-07-07,Willie Calhoun,fly_ball,86.6,55,234
2019-07-07,Marwin Gonzalez,fly_ball,91.9,38.8,323
2019-07-07,Asdrubal Cabrera,fly_ball,78.1,42.1,271
2019-07-07,Willie Calhoun,fly_ball,90.5,32.9,316
2019-07-07,Luis Arraez,fly_ball,91.9,30.1,354
2019-07-07,Joey Gallo,fly_ball,90.1,32.5,329
2019-07-07,Max Kepler,fly_ball,90.4,26.2,344
2019-07-07,Willie Calhoun,fly_ball,87,29,316
2019-07-07,Luis Arraez,fly_ball,84.8,41.6,287
2019-07-07,Max Kepler,fly_ball,82.2,44.1,267
2019-07-07,Jorge Polanco,fly_ball,97.1,33.3,342
2019-07-07,Nelson Cruz,fly_ball,100.5,28.9,374
2019-07-07,Rougned Odor,fly_ball,107.6,22,410
2019-07-07,Miguel Rojas,fly_ball,73.6,25.7,227
2019-07-07,Josh Donaldson,fly_ball,104.5,28.2,423
2019-07-07,Austin Riley,fly_ball,101.2,52.5,294
2019-07-07,Trevor Richards,fly_ball,84,38.8,285
2019-07-07,Freddie Freeman,fly_ball,90,31.2,356
2019-07-07,Nick Markakis,fly_ball,68.7,47.8,202
2019-07-07,Brian McCann,fly_ball,81.5,52.3,233
2019-07-07,Cesar Puello,fly_ball,81.9,42.9,274
2019-07-07,Ozzie Albies,fly_ball,89.8,34.9,336
2019-07-07,Garrett Cooper,fly_ball,103.6,28.1,408
2019-07-07,Starlin Castro,fly_ball,86,52.6,232
2019-07-07,Dansby Swanson,fly_ball,94,45.8,311
2019-07-07,Miguel Rojas,fly_ball,89.8,34.3,329
2019-07-07,Kyle Schwarber,fly_ball,102,25,402
2019-07-07,Victor Caratini,fly_ball,103,36.4,382
2019-07-07,Eloy Jimenez,fly_ball,108.7,24.4,439
2019-07-07,José Abreu,fly_ball,103.5,31.3,388
2019-07-07,Robel Garcia,fly_ball,101,32.4,394
2019-07-11,Nomar Mazara,fly_ball,91.5,45.8,309
2019-07-11,Jose Altuve,fly_ball,83,39.4,290
2019-07-11,Jeff Mathis,fly_ball,87.5,28.2,318
2019-07-11,Jose Altuve,fly_ball,96.1,25,378
2019-07-11,Michael Brantley,fly_ball,93.5,29.9,328
2019-07-11,Shin-Soo Choo,fly_ball,95.7,46.5,335
2019-07-11,Delino DeShields,fly_ball,88.8,45.1,298
2019-07-12,J. P. Crawford,fly_ball,88.4,35,340
2019-07-12,Mike Trout,fly_ball,111,27.8,454
2019-07-12,Tom Murphy,fly_ball,79.8,36.9,269
2019-07-12,Andrelton Simmons,fly_ball,82.3,39.7,280
2019-07-12,Shohei Ohtani,fly_ball,85,49.7,252
2019-07-12,J. P. Crawford,fly_ball,81.9,42.4,270
2019-07-12,Shohei Ohtani,fly_ball,79.3,34.5,281
2019-07-12,Justin Upton,fly_ball,105.1,35.4,389
2019-07-12,Mac Williamson,fly_ball,94.6,36.1,337
2019-07-12,Tommy Pham,fly_ball,97.8,35.3,360
2019-07-12,Nate Lowe,fly_ball,107.8,22.7,416
2019-07-12,Travis d'Arnaud,fly_ball,100.8,40.2,348
2019-07-12,Kevin Kiermaier,fly_ball,77.4,34.8,272
2019-07-12,Chris Davis,fly_ball,82.6,43.4,272
2019-07-12,Renato Nunez,fly_ball,102.9,21.9,401
2019-07-12,Kevin Kiermaier,fly_ball,70.4,41.2,224
2019-07-12,Nate Lowe,fly_ball,96.6,43.8,314
2019-07-12,Joey Wendle,fly_ball,93.8,48.8,279
2019-07-12,Joey Wendle,fly_ball,94.8,24.3,349
2019-07-12,Willy Adames,fly_ball,92.8,51.1,260
2019-07-12,Kevin Kiermaier,fly_ball,86.8,34.1,308
2019-07-12,Corey Seager,fly_ball,74.9,45.4,239
2019-07-12,Rafael Devers,fly_ball,101,39.2,372
2019-07-12,J. D. Martinez,fly_ball,76.3,49.5,223
2019-07-12,Alex Verdugo,fly_ball,97.5,29.9,374
2019-07-12,Andrew Benintendi,fly_ball,83.9,31.6,294
2019-07-12,Christian Vazquez,fly_ball,95.3,31.2,382
2019-07-12,Justin Turner,fly_ball,89.4,55.8,246
2019-07-12,David Freese,fly_ball,98,27.7,382
2019-07-12,Alex Verdugo,fly_ball,67.1,36.7,221
2019-07-12,Michael Chavis,fly_ball,96,42,331
2019-07-12,Max Muncy,fly_ball,104,41.1,362
2019-07-12,Rafael Devers,fly_ball,96.4,28.6,349
2019-07-12,Enrique Hernandez,fly_ball,68.1,31.7,238
2019-07-12,Brock Holt,fly_ball,93.1,36,330
2019-07-12,Mookie Betts,fly_ball,92.9,41.6,327
2019-07-12,Xander Bogaerts,fly_ball,97.8,24.1,388
2019-07-12,David Freese,fly_ball,98.3,50.2,286
2019-07-12,Cody Bellinger,fly_ball,89.6,43.9,304
2019-07-12,Kris Bryant,fly_ball,95.3,50.8,270
2019-07-12,Albert Almora,fly_ball,83.3,36,291
2019-07-12,Starling Marte,fly_ball,93.4,54.3,251
2019-07-12,Kris Bryant,fly_ball,93,45.1,304
2019-07-12,Victor Caratini,fly_ball,84.1,45.8,247
2019-07-12,Colin Moran,fly_ball,90.7,33.3,314
2019-07-12,Kevin Newman,fly_ball,79.8,37.7,272
2019-07-12,Kris Bryant,fly_ball,94.9,33.4,368
2019-07-12,Starling Marte,fly_ball,108.1,28.6,454
2019-07-12,Javier Baez,fly_ball,94,34,324
2019-07-12,Melky Cabrera,fly_ball,91.7,38.6,316
2019-07-12,Nelson Cruz,fly_ball,105.8,24.4,411
2019-07-12,Carlos Santana,fly_ball,102,33.9,381
2019-07-12,Francisco Lindor,fly_ball,86.8,25.7,330
2019-07-12,Miguel Sano,fly_ball,93.4,37.2,342
2019-07-12,Carlos Santana,fly_ball,88,42.1,298
2019-07-12,Byron Buxton,fly_ball,94.2,24.7,353
2019-07-12,Francisco Lindor,fly_ball,85.6,37.2,295
2019-07-12,Mitch Garver,fly_ball,101.9,24.6,404
2019-07-12,Luis Arraez,fly_ball,85,52.7,247
2019-07-12,Max Kepler,fly_ball,86.8,51.1,253
2019-07-12,Jorge Polanco,fly_ball,88.1,48.1,279
2019-07-12,Jordan Luplow,fly_ball,94.5,38.3,324
2019-07-12,Daniel Murphy,fly_ball,100.1,21.6,404
2019-07-12,Trevor Story,fly_ball,91.8,53,263
2019-07-12,Eugenio Suarez,fly_ball,102.3,26,372
2019-07-12,Charlie Blackmon,fly_ball,104.6,48.1,367
2019-07-12,David Dahl,fly_ball,102.9,32.9,433
2019-07-12,Daniel Murphy,fly_ball,96.5,33.5,400
2019-07-12,Eugenio Suarez,fly_ball,79.5,31.8,311
2019-07-12,Alex Gordon,fly_ball,76.1,46.8,229
2019-07-12,Hunter Dozier,fly_ball,87.9,26.9,317
2019-07-12,Whit Merrifield,fly_ball,100,25.1,396
2019-07-12,Cheslor Cuthbert,fly_ball,102.5,30.4,400
2019-07-12,Nick Castellanos,fly_ball,90.5,50.2,281
2019-07-12,Victor Reyes,fly_ball,73,30.7,257
2019-07-12,Martin Maldonado,fly_ball,104.2,41.7,372
2019-07-12,Christin Stewart,fly_ball,72.4,37.3,245
2019-07-12,Jorge Soler,fly_ball,99.8,27.8,376
2019-07-12,A. J. Reed,fly_ball,83,38.2,296
2019-07-12,Ramon Laureano,fly_ball,107.1,30.2,431
2019-07-12,Jurickson Profar,fly_ball,107,29,398
2019-07-12,Mark Canha,fly_ball,71.5,40.6,232
2019-07-12,A. J. Reed,fly_ball,98.6,55.8,248
2019-07-12,Mark Canha,fly_ball,103.2,30.4,394
2019-07-12,A. J. Reed,fly_ball,106.1,40,371
2019-07-12,Josh Phegley,fly_ball,97.9,37.4,346
2019-07-12,Josh Donaldson,fly_ball,107,27,394
2019-07-12,Nick Markakis,fly_ball,92.9,35.9,324
2019-07-12,Austin Riley,fly_ball,96,44.5,304
2019-07-12,Franmil Reyes,fly_ball,68.3,30,228
2019-07-12,Freddie Freeman,fly_ball,106,50.3,306
2019-07-12,Dansby Swanson,fly_ball,92.8,48.5,272
2019-07-12,Manny Machado,fly_ball,110.9,21.5,418
2019-07-12,Ozzie Albies,fly_ball,95.6,38.1,336
2019-07-12,Fernando Tatis,fly_ball,69.8,25.9,212
2019-07-12,Dansby Swanson,fly_ball,72.9,26.2,235
2019-07-12,Josh Donaldson,fly_ball,103.9,27.1,392
2019-07-12,Ozzie Albies,fly_ball,93.4,36.3,326
2019-07-12,Ketel Marte,fly_ball,85.9,54.3,255
2019-07-12,Jarrod Dyson,fly_ball,92.6,32.4,350
2019-07-12,Ketel Marte,fly_ball,100.9,37.9,362
2019-07-12,Christian Walker,fly_ball,98.5,27.5,404
2019-07-12,Matt Wieters,fly_ball,98.1,25.8,361
2019-07-12,Ketel Marte,fly_ball,82.5,37.2,291
2019-07-12,Jake Lamb,fly_ball,94,25.6,368
2019-07-12,Carson Kelly,fly_ball,78.6,35.5,279
2019-07-12,Matt Wieters,fly_ball,93.2,34.3,359
2019-07-12,Ketel Marte,fly_ball,105.2,22.9,386
2019-07-12,Shin-Soo Choo,fly_ball,108.9,24.8,410
2019-07-12,Yuli Gurriel,fly_ball,100.9,28,404
2019-07-12,Josh Reddick,fly_ball,77.8,33.3,280
2019-07-12,Danny Santana,fly_ball,107,33.6,431
2019-07-12,Myles Straw,fly_ball,84.3,32.2,306
2019-07-12,George Springer,fly_ball,71.6,27,237
2019-07-12,Joey Gallo,fly_ball,104.9,25.9,401
2019-07-12,George Springer,fly_ball,88.9,58.3,222
2019-07-12,Jose Altuve,fly_ball,105.5,28.2,418
2019-07-12,Yordan Álvarez,fly_ball,107.9,20.2,430
2019-07-12,Robinson Chirinos,fly_ball,85.8,48.1,265
2019-07-12,Tyler White,fly_ball,68.8,26.6,218
2019-07-12,Tim Federowicz,fly_ball,103,31,423
2019-07-12,Shin-Soo Choo,fly_ball,67.7,31.7,211
2019-07-12,Joey Gallo,fly_ball,109.9,47.9,362
2019-07-12,Tyler White,fly_ball,96.9,38.6,348
2019-07-12,Asdrubal Cabrera,fly_ball,72,33.4,256
2019-07-12,Ronald Guzman,fly_ball,106.5,31.5,419
2019-07-12,Bryce Harper,fly_ball,69.9,33.9,248
2019-07-12,Brian Dozier,fly_ball,87.6,50.5,257
2019-07-12,Brian Dozier,fly_ball,97.4,38.5,353
2019-07-12,Victor Robles,fly_ball,97.3,35.1,359
2019-07-12,Rhys Hoskins,fly_ball,88.6,35.5,334
2019-07-12,Stephen Strasburg,fly_ball,93.7,23.8,343
2019-07-12,Jay Bruce,fly_ball,95.2,34.6,350
2019-07-12,Andrew Knapp,fly_ball,97.7,42.6,337
2019-07-12,Jean Segura,fly_ball,98.3,24.5,361
2019-07-12,Kurt Suzuki,fly_ball,71.5,37.4,247
2019-07-12,Juan Soto,fly_ball,87.3,39.7,297
2019-07-12,Miguel Rojas,fly_ball,83,50.9,230
2019-07-12,Garrett Cooper,fly_ball,93,33.5,342
2019-07-12,Robinson Cano,fly_ball,90.8,44,306
2019-07-12,JT Riddle,fly_ball,97.5,37.3,353
2019-07-12,Miguel Rojas,fly_ball,91.1,49.6,280
2019-07-12,Curtis Granderson,fly_ball,101,35.6,413
2019-07-12,Garrett Cooper,fly_ball,109.6,25.8,418
2019-07-12,Jason Vargas,fly_ball,78.8,40,266
2019-07-12,J. D. Davis,fly_ball,75.2,37.5,251
2019-07-12,Robinson Cano,fly_ball,87.1,38.8,299
2019-07-12,Todd Frazier,fly_ball,89.1,45.9,288
2019-07-12,Brian Anderson,fly_ball,97.7,34.8,356
2019-07-12,Neil Walker,fly_ball,97.6,50.4,296
2019-07-12,Todd Frazier,fly_ball,103.8,25,422
2019-07-12,Tomas Nido,fly_ball,96.8,30.2,392
2019-07-12,Cavan Biggio,fly_ball,91.6,46.7,286
2019-07-12,Didi Gregorius,fly_ball,78.2,40.1,269
2019-07-12,Teoscar Hernandez,fly_ball,96,29.6,375
2019-07-12,DJ LeMahieu,fly_ball,83,36.2,282
2019-07-12,Justin Smoak,fly_ball,87.9,56.8,214
2019-07-12,Randal Grichuk,fly_ball,92.2,50.9,270
2019-07-12,Didi Gregorius,fly_ball,87.7,36.7,315
2019-07-12,Vladimir Guerrero,fly_ball,80,39,251
2019-07-12,Alex Dickerson,fly_ball,88.5,41.5,299
2019-07-12,Keston Hiura,fly_ball,68.9,50.8,192
2019-07-12,Eric Thames,fly_ball,95.2,30.2,338
2019-07-12,Austin Slater,fly_ball,97.4,29.5,369
2019-07-12,Eric Thames,fly_ball,90.4,31.5,350
2019-07-12,Tyler Austin,fly_ball,106.1,24.1,419
2019-07-12,Orlando Arcia,fly_ball,90.3,56.8,224
2019-07-12,Kevin Pillar,fly_ball,97.8,39.4,349
2019-07-12,Buster Posey,fly_ball,104.1,27.3,435
2019-07-12,Keston Hiura,fly_ball,106.2,31.4,419
2019-07-13,Kyle Seager,fly_ball,91.4,52.6,246
2019-07-13,Dylan Moore,fly_ball,83.2,53.3,223
2019-07-13,Kole Calhoun,fly_ball,105.7,21.3,407
2019-07-13,David Fletcher,fly_ball,94.2,30,364
2019-07-13,Mike Trout,fly_ball,107.6,37.1,409
2019-07-13,Albert Pujols,fly_ball,90.7,30.7,336
2019-07-13,Mike Trout,fly_ball,93.3,56.1,232
2019-07-13,Justin Upton,fly_ball,94.2,44.1,304
2019-07-13,Albert Pujols,fly_ball,101.6,25.3,426
2019-07-13,Kole Calhoun,fly_ball,97.5,45.8,325
2019-07-13,Kyle Seager,fly_ball,79.5,43.7,251
2019-07-13,Austin Meadows,fly_ball,92.2,42,314
2019-07-13,Joey Wendle,fly_ball,99.3,31,388
2019-07-13,Mike Zunino,fly_ball,99.9,31.5,391
2019-07-13,Stevie Wilkerson,fly_ball,97.4,28.2,416
2019-07-13,Guillermo Heredia,fly_ball,76,54.3,208
2019-07-13,Mike Brosseau,fly_ball,95.2,30.7,382
2019-07-13,Hanser Alberto,fly_ball,73.3,28.5,243
2019-07-13,Jonathan Villar,fly_ball,79.1,28.5,293
2019-07-13,Yandy Díaz,fly_ball,100.9,25.5,418
2019-07-13,Tommy Pham,fly_ball,84.6,48.2,266
2019-07-13,Dwight Smith,fly_ball,76.5,26.7,278
2019-07-13,Anthony Santander,fly_ball,86.9,37.3,309
2019-07-13,Nate Lowe,fly_ball,103.5,28.1,400
2019-07-13,Tommy Pham,fly_ball,107.2,20.6,418
2019-07-13,Avisail Garcia,fly_ball,97.3,42.8,327
2019-07-13,Hanser Alberto,fly_ball,99.1,30.6,395
2019-07-13,Travis d'Arnaud,fly_ball,90.4,24.2,292
2019-07-13,Mike Brosseau,fly_ball,91.9,29.1,359
2019-07-13,Hanser Alberto,fly_ball,76.1,33.4,277
2019-07-13,Mookie Betts,fly_ball,79.5,37.3,295
2019-07-13,J. D. Martinez,fly_ball,96.2,47.6,312
2019-07-13,Justin Turner,fly_ball,103.2,28.1,380
2019-07-13,Xander Bogaerts,fly_ball,102,35.7,386
2019-07-13,Rafael Devers,fly_ball,87,45.6,279
2019-07-13,Joc Pederson,fly_ball,72.2,47.7,213
2019-07-13,Cody Bellinger,fly_ball,108.1,33.8,433
2019-07-13,A. J. Pollock,fly_ball,97.3,26.3,394
2019-07-13,Austin Barnes,fly_ball,92,37.8,330
2019-07-13,Justin Turner,fly_ball,90.1,30.8,360
2019-07-13,Joc Pederson,fly_ball,95.7,34.5,355
2019-07-13,Cody Bellinger,fly_ball,94.7,38.9,343
2019-07-13,Max Muncy,fly_ball,102.8,26.4,415
2019-07-13,Andrew Benintendi,fly_ball,87.4,45.5,283
2019-07-13,Starling Marte,fly_ball,88.7,42.3,317
2019-07-13,Willson Contreras,fly_ball,103.2,23,407
2019-07-13,Jason Heyward,fly_ball,72.9,47.1,218
2019-07-13,Jon Lester,fly_ball,99.1,38.6,376
2019-07-13,Jung Ho Kang,fly_ball,107.2,31.7,422
2019-07-13,Elias Diaz,fly_ball,86,53.8,233
2019-07-13,Starling Marte,fly_ball,99.5,27.3,384
2019-07-13,Melky Cabrera,fly_ball,93.7,27.8,327
2019-07-13,Anthony Rizzo,fly_ball,93.1,25.3,345
2019-07-13,Max Kepler,fly_ball,100.8,22.9,413
2019-07-13,Jorge Polanco,fly_ball,67.9,28.3,232
2019-07-13,Jake Cave,fly_ball,98.1,27.9,374
2019-07-13,Byron Buxton,fly_ball,97.2,43.3,325
2019-07-13,Max Kepler,fly_ball,98.4,22.6,396
2019-07-13,Jason Kipnis,fly_ball,78.7,41.6,260
2019-07-13,Jose Ramirez,fly_ball,100.3,41.2,369
2019-07-13,Jake Bauers,fly_ball,93.1,26.7,322
2019-07-13,Jason Kipnis,fly_ball,90.3,35.3,307
2019-07-13,Carlos Santana,fly_ball,85.9,31.4,340
2019-07-13,Jake Bauers,fly_ball,94.2,46.2,314
2019-07-13,Max Kepler,fly_ball,95,38.4,339
2019-07-13,Oscar Mercado,fly_ball,71.5,33.2,254
2019-07-13,Marwin Gonzalez,fly_ball,88.5,44.6,290
2019-07-13,Luis Arraez,fly_ball,76,33.5,284
2019-07-13,Jason Kipnis,fly_ball,75,46.3,231
2019-07-13,Trevor Story,fly_ball,89.5,48.2,331
2019-07-13,Nolan Arenado,fly_ball,102.8,25.6,400
2019-07-13,Yasiel Puig,fly_ball,94.1,30.3,378
2019-07-13,José Iglesias,fly_ball,86.3,51,266
2019-07-13,Raimel Tapia,fly_ball,74.5,47.7,239
2019-07-13,Jose Peraza,fly_ball,96.1,28.6,383
2019-07-13,Trevor Story,fly_ball,104,31.3,447
2019-07-13,Nolan Arenado,fly_ball,89.9,58,244
2019-07-13,Daniel Murphy,fly_ball,93.4,32.9,357
2019-07-13,Chris Iannetta,fly_ball,84.2,32.6,334
2019-07-13,Derek Dietrich,fly_ball,96.3,28,367
2019-07-13,Eugenio Suarez,fly_ball,102.5,43.4,377
2019-07-13,Yasiel Puig,fly_ball,97.9,26.5,406
2019-07-13,Curt Casali,fly_ball,100.1,27.7,420
2019-07-13,Joey Votto,fly_ball,70.5,45.4,221
2019-07-13,Yasiel Puig,fly_ball,93.3,28,344
2019-07-13,Nick Senzel,fly_ball,88.8,53.7,264
2019-07-13,Mark Reynolds,fly_ball,82.8,45.7,289
2019-07-13,Trevor Story,fly_ball,98.5,35.8,424
2019-07-13,Kyle Farmer,fly_ball,74.9,45.2,241
2019-07-13,David Dahl,fly_ball,96.8,40.8,372
2019-07-13,Nolan Arenado,fly_ball,90.2,54.1,258
2019-07-13,Cheslor Cuthbert,fly_ball,98.3,27.8,378
2019-07-13,Hunter Dozier,fly_ball,85.5,41.7,305
2019-07-13,Jeimer Candelario,fly_ball,88.9,36.7,318
2019-07-13,Victor Reyes,fly_ball,78.5,43.1,233
2019-07-13,Hunter Dozier,fly_ball,80.3,47.8,248
2019-07-13,Miguel Cabrera,fly_ball,89.2,51.1,262
2019-07-13,Yoan Moncada,fly_ball,77.3,45.3,238
2019-07-13,Marcus Semien,fly_ball,99.2,30.4,375
2019-07-13,Matt Chapman,fly_ball,99.1,26.9,337
2019-07-13,Yoan Moncada,fly_ball,90.2,49.7,271
2019-07-13,Matt Chapman,fly_ball,99.8,32.5,372
2019-07-13,A. J. Reed,fly_ball,96.3,25.7,365
2019-07-13,Khris Davis,fly_ball,100.4,32.9,381
2019-07-13,Ryan Cordell,fly_ball,100.8,40.1,359
2019-07-13,Josh Donaldson,fly_ball,104.9,29.2,400
2019-07-13,Ozzie Albies,fly_ball,89.8,49.2,269
2019-07-13,Eric Hosmer,fly_ball,95.5,34.4,350
2019-07-13,Austin Riley,fly_ball,89.1,32.7,327
2019-07-13,Francisco Mejia,fly_ball,102.7,27.7,405
2019-07-13,Josh Naylor,fly_ball,81.7,43.9,265
2019-07-13,Manny Machado,fly_ball,91.1,49.6,266
2019-07-13,Matthew Joyce,fly_ball,76.5,35.2,269
2019-07-13,Austin Riley,fly_ball,96.1,29.2,354
2019-07-13,Francisco Mejia,fly_ball,94,54.8,232
2019-07-13,Manny Machado,fly_ball,100.8,30.5,375
2019-07-13,Francisco Mejia,fly_ball,96.7,39.3,339
2019-07-13,Ketel Marte,fly_ball,90.2,28.3,344
2019-07-13,Paul Goldschmidt,fly_ball,97.9,32.5,392
2019-07-13,Tyler O'Neill,fly_ball,102.9,31.4,386
2019-07-13,Paul DeJong,fly_ball,85.8,30.1,297
2019-07-13,Eduardo Escobar,fly_ball,103.9,38.3,383
2019-07-13,Adam Jones,fly_ball,92.3,40.8,317
2019-07-13,Dexter Fowler,fly_ball,81.7,40.4,278
2019-07-13,Christian Walker,fly_ball,105.3,32.6,395
2019-07-13,Michael Brantley,fly_ball,95.3,31.1,366
2019-07-13,Yuli Gurriel,fly_ball,95.9,37.1,359
2019-07-13,Shin-Soo Choo,fly_ball,97.9,32.9,379
2019-07-13,Danny Santana,fly_ball,107.5,24.1,425
2019-07-13,Nomar Mazara,fly_ball,72.6,39.7,250
2019-07-13,Alex Bregman,fly_ball,101.5,32.2,409
2019-07-13,Nomar Mazara,fly_ball,104.7,39.9,370
2019-07-13,Michael Brantley,fly_ball,84.5,28.7,291
2019-07-13,Delino DeShields,fly_ball,98.1,30.6,386
2019-07-13,George Springer,fly_ball,71.7,45.5,222
2019-07-13,Elvis Andrus,fly_ball,93,34.4,358
2019-07-13,Tim Federowicz,fly_ball,98.1,39.8,361
2019-07-13,Adam Eaton,fly_ball,84.6,54.2,236
2019-07-13,Scott Kingery,fly_ball,84.2,39.9,287
2019-07-13,Jean Segura,fly_ball,92.5,38.3,338
2019-07-13,Maikel Franco,fly_ball,102.6,30.7,416
2019-07-13,Adam Eaton,fly_ball,98.7,22.6,393
2019-07-13,Maikel Franco,fly_ball,85.1,36.2,306
2019-07-13,Adam Eaton,fly_ball,91.4,25.2,360
2019-07-13,Adam Eaton,fly_ball,86.3,35.4,294
2019-07-13,Jay Bruce,fly_ball,93.5,56.9,234
2019-07-13,Bryce Harper,fly_ball,96.1,39.1,335
2019-07-13,Rhys Hoskins,fly_ball,98.5,44.4,326
2019-07-13,Adam Eaton,fly_ball,90.4,35.5,307
2019-07-13,Juan Soto,fly_ball,108.5,24.9,420
2019-07-13,Jeff McNeil,fly_ball,91.4,44.1,292
2019-07-13,Michael Conforto,fly_ball,107.1,26.5,355
2019-07-13,Amed Rosario,fly_ball,79.4,30.3,274
2019-07-13,Michael Conforto,fly_ball,100.3,41.6,345
2019-07-13,Pete Alonso,fly_ball,85.6,36.2,322
2019-07-13,Robinson Cano,fly_ball,102.3,28.7,391
2019-07-13,Amed Rosario,fly_ball,89.7,35.6,320
2019-07-13,Tomas Nido,fly_ball,96.2,41.7,316
2019-07-13,Miguel Rojas,fly_ball,82.5,51,231
2019-07-13,Luke Voit,fly_ball,92.7,57.4,242
2019-07-13,Freddy Galvis,fly_ball,76.1,29.5,261
2019-07-13,Brett Gardner,fly_ball,91.1,36.6,335
2019-07-13,Lourdes Gurriel,fly_ball,93.8,51.2,285
2019-07-13,Luke Maile,fly_ball,101.4,49.2,304
2019-07-13,Randal Grichuk,fly_ball,66.5,29.5,211
2019-07-13,Aaron Hicks,fly_ball,95.8,35.6,331
2019-07-13,Brandon Drury,fly_ball,77.3,31.4,271
2019-07-13,Didi Gregorius,fly_ball,94.4,56,249
2019-07-13,Eric Sogard,fly_ball,81.6,35.1,296
2019-07-13,Gleyber Torres,fly_ball,86.5,38.6,306
2019-07-13,Brett Gardner,fly_ball,98.2,42.1,327
2019-07-13,Mike Yastrzemski,fly_ball,88.2,32.8,342
2019-07-13,Jesus Aguilar,fly_ball,90.7,42.6,309
2019-07-13,Buster Posey,fly_ball,81.8,35.8,315
2019-07-13,Pablo Sandoval,fly_ball,100,59.3,251
2019-07-13,Mike Yastrzemski,fly_ball,82.6,37.2,285
2019-07-13,Manny Pina,fly_ball,99.6,24.1,369
2019-07-13,Lorenzo Cain,fly_ball,91.2,37.4,309
2019-07-13,Jesus Aguilar,fly_ball,69.9,27.8,241
2019-07-13,Manny Pina,fly_ball,93,34,343
2019-07-13,Lorenzo Cain,fly_ball,81.5,30.6,309
2019-07-14,Austin Nola,fly_ball,99.5,23.6,407
2019-07-14,Kole Calhoun,fly_ball,102.8,34.3,405
2019-07-14,Dustin Garneau,fly_ball,97,34.1,369
2019-07-14,Domingo Santana,fly_ball,105.7,38.7,409
2019-07-14,Andrelton Simmons,fly_ball,82.3,41.3,268
2019-07-14,Dylan Moore,fly_ball,100,20.5,337
2019-07-14,Kole Calhoun,fly_ball,93.5,42.9,322
2019-07-14,Shohei Ohtani,fly_ball,94.2,42.6,323
2019-07-14,Austin Nola,fly_ball,81.5,48.7,244
2019-07-14,Dan Vogelbach,fly_ball,92,25.9,339
2019-07-14,Albert Pujols,fly_ball,78.8,44.9,249
2019-07-14,Luis Rengifo,fly_ball,94.1,37.4,341
2019-07-14,David Fletcher,fly_ball,76.2,48.7,200
2019-07-14,Renato Nunez,fly_ball,98.1,53.7,304
2019-07-14,Austin Meadows,fly_ball,105.4,32.5,405
2019-07-14,Mike Zunino,fly_ball,93.2,46.2,289
2019-07-14,Kevin Kiermaier,fly_ball,81.9,38.6,292
2019-07-14,Mike Brosseau,fly_ball,99.4,29.5,399
2019-07-14,Ji-Man Choi,fly_ball,82.3,45.8,259
2019-07-14,Anthony Santander,fly_ball,93.9,51,263
2019-07-14,Austin Meadows,fly_ball,74.1,28.7,242
2019-07-14,A. J. Pollock,fly_ball,91.5,36.6,326
2019-07-14,Mookie Betts,fly_ball,95.6,36.4,343
2019-07-14,Russell Martin,fly_ball,98.5,35.9,355
2019-07-14,Chris Taylor,fly_ball,83,30.8,298
2019-07-14,Xander Bogaerts,fly_ball,95.9,34.6,352
2019-07-14,J. D. Martinez,fly_ball,106.4,35.4,402
2019-07-14,Cody Bellinger,fly_ball,80.4,48.3,241
2019-07-14,Mookie Betts,fly_ball,96.6,36.6,342
2019-07-14,Josh Bell,fly_ball,87,53.6,248
2019-07-14,Starling Marte,fly_ball,99,35.6,364
2019-07-14,Kris Bryant,fly_ball,96.6,49.8,279
2019-07-14,Kyle Schwarber,fly_ball,102.6,39.2,364
2019-07-14,Bryan Reynolds,fly_ball,99.2,27.3,338
2019-07-14,Jason Heyward,fly_ball,107.8,24.8,410
2019-07-14,Albert Almora,fly_ball,108.7,22.7,423
2019-07-14,Addison Russell,fly_ball,81.2,51.1,236
2019-07-14,Starling Marte,fly_ball,88.2,38.4,301
2019-07-14,Luis Arraez,fly_ball,83.8,48.2,244
2019-07-14,Jake Bauers,fly_ball,88.6,43.6,286
2019-07-14,Carlos Santana,fly_ball,91.5,48.2,287
2019-07-14,Luis Arraez,fly_ball,93.5,32,354
2019-07-14,Jake Cave,fly_ball,93.8,26.2,372
2019-07-14,Jose Ramirez,fly_ball,90.9,48.4,274
2019-07-14,Kevin Plawecki,fly_ball,83.5,48.4,253
2019-07-14,Luis Arraez,fly_ball,99.6,26.5,378
2019-07-14,Jose Ramirez,fly_ball,85.4,54.8,220
2019-07-14,Jake Bauers,fly_ball,91.6,48.9,286
2019-07-14,Eugenio Suarez,fly_ball,98.8,35.9,388
2019-07-14,Jose Peraza,fly_ball,100.7,35.3,410
2019-07-14,Whit Merrifield,fly_ball,82.2,52,236
2019-07-14,Alex Gordon,fly_ball,75.5,39.9,235
2019-07-14,Jorge Soler,fly_ball,103.7,32.9,412
2019-07-14,Gordon Beckham,fly_ball,101.8,28.4,418
2019-07-14,Nick Castellanos,fly_ball,97.7,32.1,334
2019-07-14,Christin Stewart,fly_ball,98.2,28.8,370
2019-07-14,Brandon Dixon,fly_ball,83.9,38.7,281
2019-07-14,Harold Castro,fly_ball,95.9,29.2,357
2019-07-14,Brandon Dixon,fly_ball,97.5,41,356
2019-07-14,Alex Gordon,fly_ball,81.9,37.5,283
2019-07-14,Bubba Starling,fly_ball,82.5,39.6,286
2019-07-14,Cam Gallagher,fly_ball,86.2,29.8,316
2019-07-14,Whit Merrifield,fly_ball,82.9,37.3,298
2019-07-14,Matt Olson,fly_ball,105,32.6,386
2019-07-14,James McCann,fly_ball,80.6,37.7,274
2019-07-14,Carlos Sanchez,fly_ball,88.8,37.2,284
2019-07-14,Marcus Semien,fly_ball,94.8,38,352
2019-07-14,Eloy Jimenez,fly_ball,101.5,31,397
2019-07-14,Jose Rondon,fly_ball,91.1,31.6,296
2019-07-14,Carlos Sanchez,fly_ball,95.4,45.6,306
2019-07-14,Ramon Laureano,fly_ball,100.2,26.3,398
2019-07-14,Chris Herrmann,fly_ball,89,40.1,310
2019-07-14,Marcus Semien,fly_ball,83.6,39.6,280
2019-07-14,Khris Davis,fly_ball,95.5,56,238
2019-07-14,Jon Jay,fly_ball,78.3,36.7,258
2019-07-14,Franmil Reyes,fly_ball,96.2,33.3,331
2019-07-14,Freddie Freeman,fly_ball,104,42.7,343
2019-07-14,Eric Hosmer,fly_ball,97.1,53.5,274
2019-07-14,Manny Machado,fly_ball,102.2,26.4,393
2019-07-14,Freddie Freeman,fly_ball,91,35.3,326
2019-07-14,Freddie Freeman,fly_ball,109.5,35.5,418
2019-07-14,Eric Hosmer,fly_ball,74.3,27.3,252
2019-07-14,Manny Machado,fly_ball,95.1,53.4,250
2019-07-14,Dansby Swanson,fly_ball,91.1,27.9,354
2019-07-14,Eric Hosmer,fly_ball,87.1,27.6,306
2019-07-14,Paul Goldschmidt,fly_ball,70.2,29.8,238
2019-07-14,Ketel Marte,fly_ball,97.9,40,342
2019-07-14,Paul Goldschmidt,fly_ball,105.1,33.2,416
2019-07-14,Kolten Wong,fly_ball,72.4,28.6,253
2019-07-14,Christian Walker,fly_ball,80.4,33.8,302
2019-07-14,Yairo Munoz,fly_ball,86.3,38.9,307
2019-07-14,Paul Goldschmidt,fly_ball,99.7,56.5,277
2019-07-14,Christian Walker,fly_ball,95.4,35.4,362
2019-07-14,Matt Carpenter,fly_ball,84.6,30.2,295
2019-07-14,Eduardo Escobar,fly_ball,89.7,33.1,326
2019-07-14,Josh Reddick,fly_ball,89.6,40.6,318
2019-07-14,Shin-Soo Choo,fly_ball,100.1,42.7,352
2019-07-14,Alex Bregman,fly_ball,80,41.9,281
2019-07-14,Yordan Álvarez,fly_ball,82.8,31.6,320
2019-07-14,Josh Reddick,fly_ball,91,33.8,329
2019-07-14,Jake Marisnick,fly_ball,97.5,30.3,351
2019-07-14,Joey Gallo,fly_ball,98.5,55.7,265
2019-07-14,Rougned Odor,fly_ball,93.2,30,367
2019-07-14,Jose Altuve,fly_ball,105,23.3,394
2019-07-14,Michael Brantley,fly_ball,90,40.4,314
2019-07-14,Yuli Gurriel,fly_ball,103.1,23.6,420
2019-07-14,Asdrubal Cabrera,fly_ball,95.5,38.9,349
2019-07-14,Elvis Andrus,fly_ball,84.4,45.1,284
2019-07-14,Jake Marisnick,fly_ball,89.5,57.9,232
2019-07-14,Scott Kingery,fly_ball,94,27.8,380
2019-07-14,Rhys Hoskins,fly_ball,100.4,35.6,383
2019-07-14,Scott Kingery,fly_ball,87.3,38.7,311
2019-07-14,Bryce Harper,fly_ball,82.1,31.1,309
2019-07-14,Rhys Hoskins,fly_ball,81.6,42.8,281
2019-07-14,Jay Bruce,fly_ball,77.3,30,277
2019-07-14,Rhys Hoskins,fly_ball,84.5,29.6,316
2019-07-14,Juan Soto,fly_ball,92,43.8,311
2019-07-14,Bryce Harper,fly_ball,80.9,43.1,266
2019-07-14,Maikel Franco,fly_ball,104.1,26.1,422
2019-07-14,Jeff McNeil,fly_ball,97,32,364
2019-07-14,Pete Alonso,fly_ball,108.7,45.3,359
2019-07-14,Todd Frazier,fly_ball,84.2,47.1,270
2019-07-14,Michael Conforto,fly_ball,73.4,38,256
2019-07-14,Dominic Smith,fly_ball,71.2,37.7,243
2019-07-14,Brian Anderson,fly_ball,102.7,57.3,260
2019-07-14,Cesar Puello,fly_ball,94.9,46.2,320
2019-07-14,Michael Conforto,fly_ball,84.2,43.8,284
2019-07-14,Wilson Ramos,fly_ball,74.9,29.6,242
2019-07-14,Todd Frazier,fly_ball,83.5,41.9,290
2019-07-14,Michael Conforto,fly_ball,91.8,34.4,353
2019-07-14,Pete Alonso,fly_ball,98.2,27.6,394
2019-07-14,Miguel Rojas,fly_ball,85.1,34.7,305
2019-07-14,Garrett Cooper,fly_ball,103.2,26.6,388
2019-07-14,Freddy Galvis,fly_ball,92,40.3,323
2019-07-14,Lourdes Gurriel,fly_ball,82.5,29.6,316
2019-07-14,Aaron Judge,fly_ball,89.3,35.6,320
2019-07-14,Cavan Biggio,fly_ball,95.4,54.3,254
2019-07-14,Vladimir Guerrero,fly_ball,83.4,43.7,275
2019-07-14,Randal Grichuk,fly_ball,106.6,28,428
2019-07-14,Teoscar Hernandez,fly_ball,95,52.5,265
2019-07-14,Eric Sogard,fly_ball,89.9,31,359
2019-07-14,Cavan Biggio,fly_ball,77.4,54.4,190
2019-07-14,Mike Tauchman,fly_ball,100.8,29.3,413
2019-07-14,Gleyber Torres,fly_ball,93.7,46.6,300
2019-07-14,Gio Urshela,fly_ball,90.4,44.4,313
2019-07-14,Brandon Belt,fly_ball,96.1,47.4,312
2019-07-14,Eric Thames,fly_ball,91.8,31.1,339
2019-07-14,Donovan Solano,fly_ball,96.1,40.5,346
2019-07-14,Lorenzo Cain,fly_ball,98.3,24.7,338
2019-07-14,Christian Yelich,fly_ball,92.2,44.9,312
2019-07-14,Mike Yastrzemski,fly_ball,96.2,37.5,355
2019-07-14,Eric Thames,fly_ball,102.3,41.1,357
2019-07-14,Brandon Belt,fly_ball,92,31.4,378
2019-07-14,Mike Yastrzemski,fly_ball,98.6,45.3,321
2019-07-14,Orlando Arcia,fly_ball,95,43,315
2019-07-14,Lorenzo Cain,fly_ball,76.4,36.3,266
2019-07-15,George Springer,fly_ball,93.3,44.3,312
2019-07-15,David Fletcher,fly_ball,71,41,237
2019-07-15,George Springer,fly_ball,70.6,30.1,210
2019-07-15,Andrelton Simmons,fly_ball,101.2,30.9,395
2019-07-15,Alex Bregman,fly_ball,90.4,28.9,356
2019-07-15,Kevan Smith,fly_ball,93.3,40,309
2019-07-15,Yordan Álvarez,fly_ball,102.8,34.6,369
2019-07-15,Michael Hermosillo,fly_ball,95.1,33,342
2019-07-15,Yuli Gurriel,fly_ball,93.1,30.5,340
2019-07-15,Robinson Chirinos,fly_ball,88.9,29,335
2019-07-15,Kole Calhoun,fly_ball,86,49.6,259
2019-07-15,Jose Altuve,fly_ball,76.8,41.7,252
2019-07-15,Shohei Ohtani,fly_ball,92.8,36.6,349
2019-07-15,Josh Reddick,fly_ball,91.2,53.4,259
2019-07-15,Freddy Galvis,fly_ball,88.9,44.4,292
2019-07-15,Michael Chavis,fly_ball,106.6,30.1,421
2019-07-15,Billy McKinney,fly_ball,97.9,29.6,402
2019-07-15,Andrew Benintendi,fly_ball,94.1,35.2,319
2019-07-15,Jackie Bradley,fly_ball,98.4,35.7,371
2019-07-15,Sandy Leon,fly_ball,85.5,51,247
2019-07-15,Jackie Bradley,fly_ball,103.4,38.1,391
2019-07-15,Freddy Galvis,fly_ball,84.2,36.7,311
2019-07-15,Lourdes Gurriel,fly_ball,97.7,33.8,362
2019-07-15,Cavan Biggio,fly_ball,79.2,40,252
2019-07-15,Mookie Betts,fly_ball,86.8,52.5,247
2019-07-15,Rafael Devers,fly_ball,91.5,59.9,222
2019-07-15,Brandon Drury,fly_ball,83.6,31.8,310
2019-07-15,Lourdes Gurriel,fly_ball,93.9,42.6,327
2019-07-15,Eugenio Suarez,fly_ball,95.6,24.7,378
2019-07-15,Scooter Gennett,fly_ball,90,40.1,315
2019-07-15,José Iglesias,fly_ball,68.3,36.1,243
2019-07-15,Curt Casali,fly_ball,80.5,31.7,290
2019-07-15,Kyle Schwarber,fly_ball,110.1,24.1,426
2019-07-15,Derek Dietrich,fly_ball,93.4,43,319
2019-07-15,Javier Baez,fly_ball,87.6,39,312
2019-07-15,Eugenio Suarez,fly_ball,96.5,54.8,247
2019-07-15,Yasiel Puig,fly_ball,93.8,43.6,360
2019-07-15,Curt Casali,fly_ball,100.3,42.7,366
2019-07-15,Joey Votto,fly_ball,87.2,44.7,271
2019-07-15,Nick Senzel,fly_ball,76.3,34,288
2019-07-15,Harold Castro,fly_ball,98.2,26.8,387
2019-07-15,Niko Goodrum,fly_ball,89,57.8,226
2019-07-15,Mike Freeman,fly_ball,98.8,33.4,381
2019-07-15,Harold Castro,fly_ball,94.4,35.1,344
2019-07-15,Jordan Luplow,fly_ball,84.5,48.3,264
2019-07-15,Jeimer Candelario,fly_ball,93,30,354
2019-07-15,Christin Stewart,fly_ball,103,38.5,384
2019-07-15,John Hicks,fly_ball,89.9,28.5,363
2019-07-15,Jordy Mercer,fly_ball,101,28.4,410
2019-07-15,Victor Reyes,fly_ball,81.2,43.9,255
2019-07-15,Miguel Cabrera,fly_ball,84.1,57,207
2019-07-15,Oscar Mercado,fly_ball,99.9,32.6,400
2019-07-15,Jeimer Candelario,fly_ball,107.9,29.1,449
2019-07-15,Bobby Bradley,fly_ball,94.1,53,258
2019-07-15,Oscar Mercado,fly_ball,101.7,35.4,390
2019-07-15,Mike Freeman,fly_ball,85.7,56.6,222
2019-07-15,John Hicks,fly_ball,87.9,55.2,229
2019-07-15,Jordy Mercer,fly_ball,102.2,23.3,399
2019-07-15,Brandon Crawford,fly_ball,95.6,30.9,366
2019-07-15,Mike Yastrzemski,fly_ball,101.9,28.7,433
2019-07-15,Charlie Blackmon,fly_ball,91.1,46.2,331
2019-07-15,Buster Posey,fly_ball,100.8,26.8,425
2019-07-15,Charlie Blackmon,fly_ball,95,31.5,399
2019-07-15,David Dahl,fly_ball,89.6,27.3,356
2019-07-15,Joe Panik,fly_ball,92.7,45.5,320
2019-07-15,Ryan McMahon,fly_ball,79.8,51.5,247
2019-07-15,Brandon Crawford,fly_ball,104.2,26.6,443
2019-07-15,Joe Panik,fly_ball,80.2,30,310
2019-07-15,Yency Almonte,fly_ball,99.6,43,364
2019-07-15,Raimel Tapia,fly_ball,101.5,29.5,440
2019-07-15,Tony Wolters,fly_ball,93.7,28.9,399
2019-07-15,Kevin Pillar,fly_ball,90.7,35,340
2019-07-15,Daniel Murphy,fly_ball,73.4,28.4,261
2019-07-15,Tyler Austin,fly_ball,97.7,55.4,289
2019-07-15,Mike Yastrzemski,fly_ball,88.2,49.1,277
2019-07-15,Nolan Arenado,fly_ball,93.5,40.2,344
2019-07-15,Brandon Belt,fly_ball,85.6,30.5,321
2019-07-15,Austin Slater,fly_ball,99.7,44.9,370
2019-07-15,Brandon Belt,fly_ball,90.6,27.2,344
2019-07-15,Mike Yastrzemski,fly_ball,95.7,26.6,364
2019-07-15,Kevin Pillar,fly_ball,71.4,45.8,250
2019-07-15,Jon Jay,fly_ball,99.4,28.3,410
2019-07-15,Jon Jay,fly_ball,67.7,37.8,226
2019-07-15,Nicky Lopez,fly_ball,87.3,52.2,250
2019-07-15,James McCann,fly_ball,106,29.6,430
2019-07-15,Alex Gordon,fly_ball,95.6,26.7,360
2019-07-15,Cheslor Cuthbert,fly_ball,83.8,52,252
2019-07-15,Kolten Wong,fly_ball,77.2,39,274
2019-07-15,Paul DeJong,fly_ball,83.1,49.6,279
2019-07-15,Paul Goldschmidt,fly_ball,107.1,36.2,402
2019-07-15,Dexter Fowler,fly_ball,92.3,37,358
2019-07-15,Kolten Wong,fly_ball,78.5,33.3,295
2019-07-15,Starling Marte,fly_ball,103.2,24.7,376
2019-07-15,Colin Moran,fly_ball,88.2,30.6,337
2019-07-15,Tyler O'Neill,fly_ball,105.3,28.2,414
2019-07-15,Matt Wieters,fly_ball,78.3,40.3,258
2019-07-15,Paul DeJong,fly_ball,97.2,46.6,304
2019-07-15,Tyler O'Neill,fly_ball,107.2,30.6,433
2019-07-15,Elias Diaz,fly_ball,88.1,45.6,280
2019-07-15,Bryan Reynolds,fly_ball,92.5,40.6,321
2019-07-15,Jay Bruce,fly_ball,92.7,53.3,263
2019-07-15,Max Muncy,fly_ball,98.3,46.8,308
2019-07-15,Corey Seager,fly_ball,92.7,41.2,343
2019-07-15,Austin Barnes,fly_ball,87.4,50.4,265
2019-07-15,Scott Kingery,fly_ball,103.4,30.2,415
2019-07-15,Cody Bellinger,fly_ball,98.2,40.9,349
2019-07-15,Austin Barnes,fly_ball,67.9,27.8,230
2019-07-15,Cody Bellinger,fly_ball,105.5,32.6,408
2019-07-15,Max Muncy,fly_ball,100.1,28.5,407
2019-07-15,Corey Seager,fly_ball,93.3,48.2,301
2019-07-15,Scott Kingery,fly_ball,90.4,28.2,348
2019-07-15,Alex Verdugo,fly_ball,102.4,24.6,381
2019-07-15,Austin Barnes,fly_ball,91.2,44,308
2019-07-15,Joc Pederson,fly_ball,85.6,30.2,319
2019-07-15,Rhys Hoskins,fly_ball,77.4,44.5,238
2019-07-15,Maikel Franco,fly_ball,98.8,36.7,358
2019-07-15,Austin Barnes,fly_ball,85.8,56.4,224
2019-07-15,Travis d'Arnaud,fly_ball,101.3,25.7,387
2019-07-15,Willy Adames,fly_ball,85.9,30.4,324
2019-07-15,Edwin Encarnacion,fly_ball,95.1,55.2,251
2019-07-15,Travis d'Arnaud,fly_ball,101.7,29.6,379
2019-07-15,Brett Gardner,fly_ball,91.7,38.8,324
2019-07-15,Gary Sanchez,fly_ball,88.9,35.1,315
2019-07-15,DJ LeMahieu,fly_ball,95.1,46,308
2019-07-15,Tommy Pham,fly_ball,101.2,26.8,397
2019-07-15,Gio Urshela,fly_ball,106.1,40.7,380
2019-07-15,Yandy Díaz,fly_ball,92.7,25.5,337
2019-07-15,Edwin Encarnacion,fly_ball,105.6,28.6,404
2019-07-15,Travis d'Arnaud,fly_ball,96.5,36.1,355
2019-07-15,Nick Markakis,fly_ball,70.5,36,236
2019-07-15,Jesus Aguilar,fly_ball,86.7,44.2,287
2019-07-15,Freddie Freeman,fly_ball,103,29.5,424
2019-07-15,Mike Moustakas,fly_ball,77.7,30.2,293
2019-07-15,Keston Hiura,fly_ball,92.7,35.8,345
2019-07-15,Josh Donaldson,fly_ball,86.5,45,294
2019-07-15,Ryan Braun,fly_ball,104.4,23.9,412
2019-07-15,Keston Hiura,fly_ball,102.7,38.1,388
2019-07-15,Orlando Arcia,fly_ball,88.8,37.8,315
2019-07-15,Austin Riley,fly_ball,71.6,30.5,244
2019-07-15,Ronald Acuna,fly_ball,81,50.3,254
2019-07-15,Lorenzo Cain,fly_ball,87.5,32,322
2019-07-15,Manny Pina,fly_ball,96.3,38.8,351
2019-07-16,Michael Brantley,fly_ball,77.3,43.5,243
2019-07-16,David Fletcher,fly_ball,92.7,24.7,350
2019-07-16,David Fletcher,fly_ball,81.6,38.3,279
2019-07-16,Tyler White,fly_ball,84.7,40.2,283
2019-07-16,George Springer,fly_ball,96.2,33.9,352
2019-07-16,Luis Rengifo,fly_ball,93.1,47.5,305
2019-07-16,Jake Marisnick,fly_ball,87.6,35.2,316
2019-07-16,Michael Brantley,fly_ball,71.2,30.8,221
2019-07-16,Yuli Gurriel,fly_ball,90.3,45.9,283
2019-07-16,Jose Altuve,fly_ball,95.1,28.3,377
2019-07-16,Michael Brantley,fly_ball,81.3,40.2,277
2019-07-16,Luis Rengifo,fly_ball,66,44,187
2019-07-16,Shohei Ohtani,fly_ball,100.7,47.2,322
2019-07-16,David Fletcher,fly_ball,86.3,31.5,316
2019-07-16,Alex Bregman,fly_ball,84.7,44.5,276
2019-07-16,Matt Adams,fly_ball,104,32.6,396
2019-07-16,Yan Gomes,fly_ball,95.4,33.7,364
2019-07-16,Anthony Rendon,fly_ball,95.9,26.8,354
2019-07-16,Juan Soto,fly_ball,98.2,47.9,295
2019-07-16,Chance Sisco,fly_ball,90.1,38.6,286
2019-07-16,Matt Adams,fly_ball,85,50.5,261
2019-07-16,Rio Ruiz,fly_ball,94.6,36.1,341
2019-07-16,Yan Gomes,fly_ball,98.9,42,338
2019-07-16,Anthony Rendon,fly_ball,97.7,34.2,376
2019-07-16,Chance Sisco,fly_ball,79.7,52.6,226
2019-07-16,Ryan Zimmerman,fly_ball,92.8,33.7,345
2019-07-16,Dwight Smith,fly_ball,93.8,31.5,356
2019-07-16,Anthony Rendon,fly_ball,100.9,24.6,389
2019-07-16,Juan Soto,fly_ball,100.7,36.8,375
2019-07-16,Trea Turner,fly_ball,89.6,36.5,315
2019-07-16,Xander Bogaerts,fly_ball,109.3,26.7,409
2019-07-16,Teoscar Hernandez,fly_ball,106.4,24,441
2019-07-16,Freddy Galvis,fly_ball,95,41,335
2019-07-16,Mookie Betts,fly_ball,96.7,31.8,371
2019-07-16,Rafael Devers,fly_ball,83.1,29.4,290
2019-07-16,Billy McKinney,fly_ball,82.2,59.2,205
2019-07-16,Eric Sogard,fly_ball,79.7,43.1,267
2019-07-16,Vladimir Guerrero,fly_ball,83.2,27.2,301
2019-07-16,Randal Grichuk,fly_ball,95.5,44.5,314
2019-07-16,Christian Vazquez,fly_ball,91.7,44.9,304
2019-07-16,J. D. Martinez,fly_ball,95.9,52.4,284
2019-07-16,Justin Smoak,fly_ball,104.1,33.6,426
2019-07-16,Andrew Benintendi,fly_ball,95.5,32,312
2019-07-16,Christian Vazquez,fly_ball,99.9,26.7,348
2019-07-16,Marco Hernandez,fly_ball,81.4,41.6,262
2019-07-16,Justin Smoak,fly_ball,89.8,45.3,295
2019-07-16,Rafael Devers,fly_ball,87.9,28.9,341
2019-07-16,Joey Votto,fly_ball,99.2,32.1,395
2019-07-16,Eugenio Suarez,fly_ball,102.8,26,408
2019-07-16,Jose Peraza,fly_ball,94.1,26,372
2019-07-16,Robel Garcia,fly_ball,99.8,33.4,392
2019-07-16,Yasiel Puig,fly_ball,92.4,27.2,318
2019-07-16,Alec Mills,fly_ball,86.5,39.8,314
2019-07-16,Kris Bryant,fly_ball,103.3,34.5,405
2019-07-16,Anthony Rizzo,fly_ball,76.2,35,249
2019-07-16,Anthony Rizzo,fly_ball,94.9,31.8,374
2019-07-16,Yasiel Puig,fly_ball,79.4,44.9,250
2019-07-16,Nick Senzel,fly_ball,75.9,49.8,219
2019-07-16,Kyle Schwarber,fly_ball,99.6,37.6,359
2019-07-16,Miguel Cabrera,fly_ball,89.9,37.1,337
2019-07-16,Francisco Lindor,fly_ball,92,45.6,300
2019-07-16,Carlos Santana,fly_ball,80,45.8,258
2019-07-16,Jose Ramirez,fly_ball,92,39,330
2019-07-16,Oscar Mercado,fly_ball,91.6,35.5,330
2019-07-16,Roberto Perez,fly_ball,99.4,42.5,342
2019-07-16,Jake Bauers,fly_ball,93.4,46.3,309
2019-07-16,Francisco Lindor,fly_ball,95.4,35.9,346
2019-07-16,Oscar Mercado,fly_ball,85.3,49.4,256
2019-07-16,Christin Stewart,fly_ball,83.1,34.5,292
2019-07-16,Brandon Dixon,fly_ball,84.7,46.4,275
2019-07-16,Tyler Naquin,fly_ball,100,29.9,413
2019-07-16,Miguel Cabrera,fly_ball,81.9,57.6,210
2019-07-16,Nick Castellanos,fly_ball,82,39.2,294
2019-07-16,Jordan Luplow,fly_ball,98.3,25.5,381
2019-07-16,Jose Ramirez,fly_ball,91.3,35.1,345
2019-07-16,Brandon Belt,fly_ball,92.8,28.9,332
2019-07-16,Daniel Murphy,fly_ball,84.4,37.9,328
2019-07-16,Mike Yastrzemski,fly_ball,96.3,28.8,358
2019-07-16,Brandon Belt,fly_ball,83,30.4,310
2019-07-16,Charlie Blackmon,fly_ball,85.5,36.1,333
2019-07-16,Mike Yastrzemski,fly_ball,80.6,30.8,319
2019-07-16,Nolan Arenado,fly_ball,80.4,31.1,324
2019-07-16,Daniel Murphy,fly_ball,80.5,36.1,285
2019-07-16,Ryan McMahon,fly_ball,94.4,45.5,351
2019-07-16,Chris Iannetta,fly_ball,96.8,49.4,336
2019-07-16,Ian Desmond,fly_ball,88.1,31.1,325
2019-07-16,Mike Yastrzemski,fly_ball,99.6,29.1,407
2019-07-16,Trevor Story,fly_ball,96.1,30.9,389
2019-07-16,Ian Desmond,fly_ball,105.4,25.8,467
2019-07-16,Raimel Tapia,fly_ball,69.1,36.8,227
2019-07-16,Brandon Belt,fly_ball,89.4,49.5,313
2019-07-16,Whit Merrifield,fly_ball,97.9,30,388
2019-07-16,Hunter Dozier,fly_ball,102,21.7,385
2019-07-16,Ryan Cordell,fly_ball,94.5,44,334
2019-07-16,Bubba Starling,fly_ball,82.3,42.7,280
2019-07-16,James McCann,fly_ball,83.1,46.3,256
2019-07-16,James McCann,fly_ball,92,35.3,352
2019-07-16,Leury Garcia,fly_ball,94.6,50.7,291
2019-07-16,Hunter Dozier,fly_ball,106.8,32.3,447
2019-07-16,Dan Vogelbach,fly_ball,88.7,27.7,338
2019-07-16,Omar Narvaez,fly_ball,101.4,25.8,403
2019-07-16,Kristopher Negron,fly_ball,88.1,36.5,321
2019-07-16,Ramon Laureano,fly_ball,90.4,55.8,231
2019-07-16,Austin Nola,fly_ball,90.7,56.4,227
2019-07-16,Kristopher Negron,fly_ball,85.6,39.9,291
2019-07-16,Matt Chapman,fly_ball,96.5,27.9,361
2019-07-16,Mallex Smith,fly_ball,79.3,52.3,227
2019-07-16,J. P. Crawford,fly_ball,87.1,31.9,312
2019-07-16,Franklin Barreto,fly_ball,93.2,35.9,316
2019-07-16,Kyle Seager,fly_ball,92.7,34.3,337
2019-07-16,Dee Gordon,fly_ball,93.7,28.1,364
2019-07-16,J. P. Crawford,fly_ball,89.2,34.9,322
2019-07-16,Omar Narvaez,fly_ball,100.4,27.6,402
2019-07-16,Kevin Newman,fly_ball,84.3,43.8,279
2019-07-16,Tyler O'Neill,fly_ball,76.5,32.8,272
2019-07-16,Dexter Fowler,fly_ball,89.3,27.2,352
2019-07-16,Kolten Wong,fly_ball,92.1,36.7,348
2019-07-16,Elias Diaz,fly_ball,84.1,28.2,301
2019-07-16,Paul DeJong,fly_ball,88.8,44.9,300
2019-07-16,Josh Bell,fly_ball,97.7,25.2,387
2019-07-16,Dexter Fowler,fly_ball,98.1,36.2,379
2019-07-16,Paul Goldschmidt,fly_ball,73.6,40.2,246
2019-07-16,Elias Diaz,fly_ball,80.8,53.2,225
2019-07-16,Eduardo Escobar,fly_ball,71.9,29.6,262
2019-07-16,Hunter Pence,fly_ball,79.7,53.6,222
2019-07-16,Rougned Odor,fly_ball,80,52.3,237
2019-07-16,Eduardo Escobar,fly_ball,99.6,41.6,366
2019-07-16,Elvis Andrus,fly_ball,73.7,34.5,273
2019-07-16,Joey Gallo,fly_ball,106.5,38.6,429
2019-07-16,Ildemaro Vargas,fly_ball,71.7,26.1,228
2019-07-16,Eduardo Escobar,fly_ball,92,44.8,311
2019-07-16,Jake Lamb,fly_ball,83.6,39.4,293
2019-07-16,Nick Ahmed,fly_ball,97.2,34.7,388
2019-07-16,Ildemaro Vargas,fly_ball,102.1,25.7,426
2019-07-16,Hunter Pence,fly_ball,74.6,30.3,274
2019-07-16,Nomar Mazara,fly_ball,90,39.7,308
2019-07-16,Joey Gallo,fly_ball,77.9,37.4,272
2019-07-16,Danny Santana,fly_ball,93.4,43,318
2019-07-16,Elvis Andrus,fly_ball,84.9,39.6,320
2019-07-16,Eduardo Escobar,fly_ball,83.2,30.4,305
2019-07-16,Robinson Cano,fly_ball,81.8,44,251
2019-07-16,Dominic Smith,fly_ball,83.5,54.1,235
2019-07-16,Marwin Gonzalez,fly_ball,80.8,42.3,275
2019-07-16,Jonathan Schoop,fly_ball,100.9,33.4,391
2019-07-16,Nelson Cruz,fly_ball,102,25,399
2019-07-16,C. J. Cron,fly_ball,102,23.4,383
2019-07-16,Wilson Ramos,fly_ball,88.2,32.9,300
2019-07-16,C. J. Cron,fly_ball,98.1,40.2,343
2019-07-16,Jorge Polanco,fly_ball,95.2,45.5,304
2019-07-16,Scott Kingery,fly_ball,97.8,31.2,414
2019-07-16,Rhys Hoskins,fly_ball,77.5,34.7,273
2019-07-16,Max Muncy,fly_ball,107.9,32.8,440
2019-07-16,Austin Barnes,fly_ball,97.1,32.5,373
2019-07-16,Brad Miller,fly_ball,102.2,36.8,383
2019-07-16,Bryce Harper,fly_ball,107.6,30.2,458
2019-07-16,A. J. Pollock,fly_ball,103.8,36.7,387
2019-07-16,Brad Miller,fly_ball,86.5,54.4,243
2019-07-16,Enrique Hernandez,fly_ball,92,54.2,264
2019-07-16,Bryce Harper,fly_ball,91.1,56.7,253
2019-07-16,Matt Beaty,fly_ball,107.3,20.7,420
2019-07-16,Scott Kingery,fly_ball,76.4,49.3,227
2019-07-16,Brian Anderson,fly_ball,108.3,24.1,440
2019-07-16,Brian Anderson,fly_ball,97.3,42.7,319
2019-07-16,Francisco Mejia,fly_ball,92.1,35.5,344
2019-07-16,Fernando Tatis,fly_ball,85.9,44.7,276
2019-07-16,Manny Machado,fly_ball,92,30.5,334
2019-07-16,Starlin Castro,fly_ball,93.2,53.8,240
2019-07-16,Hunter Renfroe,fly_ball,99,37.7,354
2019-07-16,Starlin Castro,fly_ball,99.5,23.3,362
2019-07-16,Manuel Margot,fly_ball,103.2,22.2,417
2019-07-16,Miguel Rojas,fly_ball,90,35.5,314
2019-07-16,Garrett Cooper,fly_ball,108,26,415
2019-07-16,Franmil Reyes,fly_ball,102.4,31,403
2019-07-16,Manny Machado,fly_ball,99.3,23.5,379
2019-07-16,Josh Naylor,fly_ball,92.1,44.5,301
2019-07-16,Austin Meadows,fly_ball,104.7,25,411
2019-07-16,Willy Adames,fly_ball,95.4,28.2,376
2019-07-16,Didi Gregorius,fly_ball,92.3,42.2,309
2019-07-16,Mike Brosseau,fly_ball,93,36.9,338
2019-07-16,Avisail Garcia,fly_ball,95.5,33.5,347
2019-07-16,DJ LeMahieu,fly_ball,101.4,25.3,386
2019-07-16,Aaron Hicks,fly_ball,85.4,39.6,292
2019-07-16,Aaron Judge,fly_ball,100.9,31.8,367
2019-07-16,Didi Gregorius,fly_ball,100.4,27.9,406
2019-07-16,Avisail Garcia,fly_ball,68.4,25.7,230
2019-07-16,Tyler Flowers,fly_ball,75.8,50,224
2019-07-16,Mike Moustakas,fly_ball,77.5,49.5,232
2019-07-16,Keston Hiura,fly_ball,103.4,29.3,404
2019-07-16,Ben Gamel,fly_ball,88.2,39.7,320
2019-07-16,Ben Gamel,fly_ball,90.4,46.3,304
2019-07-16,Lorenzo Cain,fly_ball,71.1,47.3,209
2019-07-16,Tyler Flowers,fly_ball,95.1,32.6,374
2019-07-16,Nick Markakis,fly_ball,88.1,37.3,328
2019-07-16,Lorenzo Cain,fly_ball,101,27.8,391
2019-07-16,Ronald Acuna,fly_ball,100.5,48,328
2019-07-16,Mike Moustakas,fly_ball,71,39.1,235
2019-07-16,Nick Markakis,fly_ball,84.7,43.2,290
2019-07-17,Alex Bregman,fly_ball,98.5,30.7,378
2019-07-17,Michael Brantley,fly_ball,101.4,31.5,415
2019-07-17,Josh Reddick,fly_ball,94,36.6,336
2019-07-17,Tyler White,fly_ball,89.5,40.1,312
2019-07-17,Shohei Ohtani,fly_ball,74.3,26.3,258
2019-07-17,Jake Marisnick,fly_ball,97.1,25.4,357
2019-07-17,George Springer,fly_ball,96.1,48.4,296
2019-07-17,Brian Goodwin,fly_ball,90.3,58.7,198
2019-07-17,Luis Rengifo,fly_ball,100,32.8,383
2019-07-17,Dustin Garneau,fly_ball,103.7,24,380
2019-07-17,Andrelton Simmons,fly_ball,68.2,25.8,230
2019-07-17,Jake Marisnick,fly_ball,92.2,38.8,323
2019-07-17,Tony Kemp,fly_ball,89.4,36.1,309
2019-07-17,Justin Upton,fly_ball,98.3,29.8,354
2019-07-17,Anthony Rendon,fly_ball,77.2,37.2,284
2019-07-17,Brian Dozier,fly_ball,87.3,35.7,286
2019-07-17,Adam Eaton,fly_ball,87.1,42.9,271
2019-07-17,Trey Mancini,fly_ball,107.9,24.8,438
2019-07-17,Chance Sisco,fly_ball,94.2,27.9,334
2019-07-17,Anthony Santander,fly_ball,99.3,36.8,360
2019-07-17,Brian Dozier,fly_ball,89.5,45.7,296
2019-07-17,Yan Gomes,fly_ball,91.4,41.1,314
2019-07-17,Renato Nunez,fly_ball,96.2,45.9,311
2019-07-17,Trey Mancini,fly_ball,99.4,42.7,360
2019-07-17,Anthony Santander,fly_ball,93.4,39.4,322
2019-07-17,Stevie Wilkerson,fly_ball,97.8,28.3,387
2019-07-17,Brian Dozier,fly_ball,83.6,38.4,283
2019-07-17,Vladimir Guerrero,fly_ball,76.9,45.5,238
2019-07-17,Christian Vazquez,fly_ball,76.7,48.2,230
2019-07-17,Teoscar Hernandez,fly_ball,109.2,25.8,442
2019-07-17,Rafael Devers,fly_ball,102.6,22.6,387
2019-07-17,Andrew Benintendi,fly_ball,89.1,35.3,338
2019-07-17,Jackie Bradley,fly_ball,103,41.3,359
2019-07-17,Brock Holt,fly_ball,83.7,45,271
2019-07-17,Freddy Galvis,fly_ball,84.1,31.5,311
2019-07-17,Teoscar Hernandez,fly_ball,96.6,34.1,382
2019-07-17,Luke Maile,fly_ball,93.2,48.1,295
2019-07-17,Eric Sogard,fly_ball,84.2,34.7,312
2019-07-17,Freddy Galvis,fly_ball,82.9,52.9,233
2019-07-17,Lourdes Gurriel,fly_ball,98.5,31.1,392
2019-07-17,J. D. Martinez,fly_ball,91.2,55.7,247
2019-07-17,Javier Baez,fly_ball,85.5,42.8,255
2019-07-17,Kris Bryant,fly_ball,100.8,24.9,412
2019-07-17,Addison Russell,fly_ball,101.8,22.4,389
2019-07-17,Scooter Gennett,fly_ball,71.4,36.9,253
2019-07-17,José Iglesias,fly_ball,89.6,46.9,278
2019-07-17,Juan Graterol,fly_ball,99.2,22.3,370
2019-07-17,Robel Garcia,fly_ball,84.1,33.6,292
2019-07-17,Miguel Cabrera,fly_ball,99.6,32.6,367
2019-07-17,Jason Kipnis,fly_ball,90.3,47.3,274
2019-07-17,Nick Castellanos,fly_ball,97.2,36.4,374
2019-07-17,Carlos Santana,fly_ball,82.9,51.6,250
2019-07-17,Gordon Beckham,fly_ball,80.3,31.1,281
2019-07-17,Nick Castellanos,fly_ball,99.9,24.9,386
2019-07-17,Christin Stewart,fly_ball,81,50.2,234
2019-07-17,Oscar Mercado,fly_ball,85.8,41,308
2019-07-17,Austin Slater,fly_ball,101,29.1,418
2019-07-17,Charlie Blackmon,fly_ball,98.7,38.4,381
2019-07-17,Nolan Arenado,fly_ball,91,43.6,353
2019-07-17,Mike Yastrzemski,fly_ball,82.6,45.9,277
2019-07-17,Nolan Arenado,fly_ball,93.3,44,340
2019-07-17,Ryan McMahon,fly_ball,99,30.4,396
2019-07-17,Stephen Vogt,fly_ball,106.8,24.7,442
2019-07-17,Donovan Solano,fly_ball,103.7,25.5,433
2019-07-17,Brandon Belt,fly_ball,70,26.1,230
2019-07-17,Kevin Pillar,fly_ball,92.9,38.6,368
2019-07-17,Donovan Solano,fly_ball,76.7,21.7,239
2019-07-17,Trevor Story,fly_ball,85.4,51,272
2019-07-17,Joe Panik,fly_ball,88.5,34.4,339
2019-07-17,Pablo Sandoval,fly_ball,90.9,27.8,381
2019-07-17,Trevor Story,fly_ball,106.3,28.8,458
2019-07-17,Yoan Moncada,fly_ball,87.9,39.1,309
2019-07-17,Alex Gordon,fly_ball,81.3,35.4,294
2019-07-17,Ryan Goins,fly_ball,92.1,43.7,327
2019-07-17,Alex Gordon,fly_ball,98.7,40.9,366
2019-07-17,Bubba Starling,fly_ball,80.1,40.4,292
2019-07-17,Ryan Goins,fly_ball,94.3,29.1,387
2019-07-17,Leury Garcia,fly_ball,98.6,33.4,390
2019-07-17,Yoan Moncada,fly_ball,86.3,36.6,333
2019-07-17,A. J. Reed,fly_ball,106.7,29,436
2019-07-17,Jurickson Profar,fly_ball,100.4,32.8,378
2019-07-17,Marcus Semien,fly_ball,90.9,30.4,354
2019-07-17,Matt Olson,fly_ball,89.1,32.9,339
2019-07-17,Tom Murphy,fly_ball,85.7,31.9,315
2019-07-17,Mark Canha,fly_ball,101.1,31.2,418
2019-07-17,Robbie Grossman,fly_ball,87.8,34.9,321
2019-07-17,Tim Beckham,fly_ball,103,27.5,371
2019-07-17,Mark Canha,fly_ball,102.5,28.3,412
2019-07-17,Ramon Laureano,fly_ball,96.7,24.8,381
2019-07-17,Khris Davis,fly_ball,94.4,26.7,366
2019-07-17,Chad Pinder,fly_ball,102.5,38.3,376
2019-07-17,Josh Phegley,fly_ball,93.4,54,249
2019-07-17,Dylan Moore,fly_ball,94.7,32.4,318
2019-07-17,Dee Gordon,fly_ball,85.9,38.3,279
2019-07-17,Tim Beckham,fly_ball,104.5,24.2,405
2019-07-17,Ramon Laureano,fly_ball,101.8,26.3,415
2019-07-17,Jurickson Profar,fly_ball,100.1,28.1,405
2019-07-17,Josh Phegley,fly_ball,74.4,39.8,225
2019-07-17,Kyle Seager,fly_ball,92.8,43.3,318
2019-07-17,Colin Moran,fly_ball,73.2,31,253
2019-07-17,Jose Martinez,fly_ball,89.3,35.6,325
2019-07-17,Starling Marte,fly_ball,83.3,33.9,297
2019-07-17,Yairo Munoz,fly_ball,85.8,33.5,309
2019-07-17,Bryan Reynolds,fly_ball,71.8,30.6,236
2019-07-17,Andrew Knizner,fly_ball,77.9,47.4,245
2019-07-17,Colin Moran,fly_ball,93.8,45.9,305
2019-07-17,Paul Goldschmidt,fly_ball,81.2,34.3,301
2019-07-17,Tyler O'Neill,fly_ball,102.6,28.3,411
2019-07-17,Paul DeJong,fly_ball,100.3,43,340
2019-07-17,Kevin Newman,fly_ball,90.6,32.8,347
2019-07-17,Paul Goldschmidt,fly_ball,104.1,30.9,403
2019-07-17,Melky Cabrera,fly_ball,93.7,35.4,352
2019-07-17,Yairo Munoz,fly_ball,79.3,48.6,246
2019-07-17,Eduardo Escobar,fly_ball,103.3,32.3,416
2019-07-17,Eduardo Escobar,fly_ball,94.5,48,301
2019-07-17,Nick Ahmed,fly_ball,96.3,41.4,366
2019-07-17,Carson Kelly,fly_ball,94.4,42,331
2019-07-17,Jarrod Dyson,fly_ball,99.9,31.8,404
2019-07-17,Logan Forsythe,fly_ball,100.9,24.7,406
2019-07-17,Rougned Odor,fly_ball,99.8,30,384
2019-07-17,Delino DeShields,fly_ball,87.7,50.3,275
2019-07-17,Tim Locastro,fly_ball,85.8,49.9,255
2019-07-17,Eduardo Escobar,fly_ball,101.3,25.2,404
2019-07-17,Adam Jones,fly_ball,66.6,36.7,215
2019-07-17,Danny Santana,fly_ball,104,32,419
2019-07-17,Carson Kelly,fly_ball,89.9,55.3,240
2019-07-17,Hunter Pence,fly_ball,86.3,37.2,304
2019-07-17,Marwin Gonzalez,fly_ball,75.5,32.5,283
2019-07-17,Amed Rosario,fly_ball,100.4,34.1,387
2019-07-17,Nelson Cruz,fly_ball,102.4,39.8,361
2019-07-17,Marwin Gonzalez,fly_ball,93.7,37.4,349
2019-07-17,Mitch Garver,fly_ball,106.8,24.7,420
2019-07-17,Nelson Cruz,fly_ball,98.7,45.1,323
2019-07-17,Todd Frazier,fly_ball,94.7,25.2,379
2019-07-17,Adeiny Hechavarria,fly_ball,92.2,29.3,381
2019-07-17,Dominic Smith,fly_ball,95.5,33,350
2019-07-17,Adeiny Hechavarria,fly_ball,91.6,34,355
2019-07-17,Pete Alonso,fly_ball,110.9,29.5,474
2019-07-17,Mitch Garver,fly_ball,96.7,28.4,334
2019-07-17,Juan Lagares,fly_ball,100.8,21.9,379
2019-07-17,Adam Haseley,fly_ball,84.8,53.8,244
2019-07-17,David Freese,fly_ball,72.4,48.9,209
2019-07-17,Scott Kingery,fly_ball,66.8,26,189
2019-07-17,Bryce Harper,fly_ball,100.8,49.6,315
2019-07-17,David Freese,fly_ball,100.2,32.9,365
2019-07-17,Justin Turner,fly_ball,102.4,31.8,407
2019-07-17,Russell Martin,fly_ball,86.9,37.6,313
2019-07-17,Miguel Rojas,fly_ball,90.8,35.9,324
2019-07-17,Austin Hedges,fly_ball,90.4,31.7,354
2019-07-17,Austin Hedges,fly_ball,100.2,26.4,375
2019-07-17,Miguel Rojas,fly_ball,96.7,33.3,349
2019-07-17,Neil Walker,fly_ball,98.4,32.4,392
2019-07-17,Garrett Cooper,fly_ball,92,56.2,243
2019-07-17,Ronald Acuna,fly_ball,82.5,30.8,287
2019-07-17,Dansby Swanson,fly_ball,68.7,42.5,221
2019-07-17,Freddie Freeman,fly_ball,75.9,31.9,271
2019-07-17,Keston Hiura,fly_ball,91.7,51,271
2019-07-17,Ozzie Albies,fly_ball,83.6,42.8,285
2019-07-17,Manny Pina,fly_ball,100.9,30.1,416
2019-07-17,Orlando Arcia,fly_ball,83.9,48.7,249
2019-07-17,Freddie Freeman,fly_ball,87.5,34.7,307
2019-07-17,Brian McCann,fly_ball,86.1,47.8,258
2019-07-17,Austin Riley,fly_ball,95.8,48.9,311
2019-07-17,Tyler Saladino,fly_ball,91.2,37.1,333
2019-07-17,Dansby Swanson,fly_ball,90.1,35.9,316
2019-07-17,Ozzie Albies,fly_ball,94.6,57.8,236
2019-07-17,Christian Yelich,fly_ball,107.5,31.6,431
2019-07-17,Tyler Saladino,fly_ball,95.8,26.7,354
2019-07-17,Josh Donaldson,fly_ball,94.4,35,392
2019-07-17,Ozzie Albies,fly_ball,80.9,41.2,279
2019-07-17,Jesus Aguilar,fly_ball,95.9,34,382
2019-07-17,Dansby Swanson,fly_ball,98.9,41.4,351
2019-07-18,Yuli Gurriel,fly_ball,90.1,53.4,249
2019-07-18,George Springer,fly_ball,98.1,33.3,368
2019-07-18,Andrelton Simmons,fly_ball,77.3,46.4,238
2019-07-18,Alex Bregman,fly_ball,103.3,30,408
2019-07-18,Dustin Garneau,fly_ball,79.2,43.5,267
2019-07-18,Justin Upton,fly_ball,96.5,32.1,362
2019-07-18,Dustin Garneau,fly_ball,87.7,38.7,312
2019-07-18,Josh Reddick,fly_ball,86.9,37.5,309
2019-07-18,Ketel Marte,fly_ball,88.8,48.1,286
2019-07-18,Eduardo Escobar,fly_ball,100.6,32,418
2019-07-18,Mike Moustakas,fly_ball,105,31.3,403
2019-07-18,Ryan Braun,fly_ball,93.6,43.7,316
2019-07-18,Adam Jones,fly_ball,76.1,30.4,253
2019-07-18,Eduardo Escobar,fly_ball,89.4,31.8,361
2019-07-18,Eric Thames,fly_ball,93.7,56,239
2019-07-18,Christian Yelich,fly_ball,95.2,46.1,303
2019-07-18,Eduardo Escobar,fly_ball,99.5,42.1,342
2019-07-18,Jake Lamb,fly_ball,91.9,40.3,325
2019-07-18,Ildemaro Vargas,fly_ball,79.4,38.8,278
2019-07-18,Ryan Braun,fly_ball,106.9,27.1,418
2019-07-18,J. D. Martinez,fly_ball,94.7,43.8,317
2019-07-18,Sam Travis,fly_ball,97.7,29,340
2019-07-18,Sandy Leon,fly_ball,85.9,31.8,315
2019-07-18,Mookie Betts,fly_ball,100.5,30.1,362
2019-07-18,J. D. Martinez,fly_ball,92.7,41.1,302
2019-07-18,Rafael Devers,fly_ball,109.8,31.4,417
2019-07-18,Mookie Betts,fly_ball,104.4,24.3,418
2019-07-18,Eugenio Suarez,fly_ball,100.9,32.2,385
2019-07-18,Tyler O'Neill,fly_ball,72,29.7,248
2019-07-18,Eugenio Suarez,fly_ball,97.1,26.2,385
2019-07-18,Yasiel Puig,fly_ball,68.2,42.1,202
2019-07-18,Jesse Winker,fly_ball,71.8,42,245
2019-07-18,Paul DeJong,fly_ball,105.9,26.9,408
2019-07-18,Joey Votto,fly_ball,89,28.8,307
2019-07-18,Scooter Gennett,fly_ball,92.6,52.6,265
2019-07-18,Yairo Munoz,fly_ball,93.8,44.6,303
2019-07-18,Tommy Edman,fly_ball,102.3,29.5,408
2019-07-18,Phil Ervin,fly_ball,89.6,25.4,349
2019-07-18,Edmundo Sosa,fly_ball,67.8,39.5,207
2019-07-18,Miguel Cabrera,fly_ball,76.9,37.6,271
2019-07-18,Carlos Santana,fly_ball,91.8,27.9,374
2019-07-18,Jordan Luplow,fly_ball,101.5,25.9,390
2019-07-18,Christin Stewart,fly_ball,77.8,44.4,246
2019-07-18,Harold Castro,fly_ball,98.7,25.1,400
2019-07-18,Oscar Mercado,fly_ball,89.9,25.4,340
2019-07-18,Jordan Luplow,fly_ball,84.9,44.2,280
2019-07-18,Tyler Naquin,fly_ball,79.2,35,287
2019-07-18,Jose Ramirez,fly_ball,99.6,34.3,380
2019-07-18,Niko Goodrum,fly_ball,66.7,30.4,220
2019-07-18,Victor Reyes,fly_ball,94.4,28.6,384
2019-07-18,Miguel Cabrera,fly_ball,70.4,29.7,222
2019-07-18,Carlos Santana,fly_ball,88.5,31.5,344
2019-07-18,Jose Ramirez,fly_ball,84.4,56.5,213
2019-07-18,Ryan Cordell,fly_ball,84.5,44.9,293
2019-07-18,Yoan Moncada,fly_ball,99.8,27.8,358
2019-07-18,Cheslor Cuthbert,fly_ball,104.1,21.9,411
2019-07-18,Jorge Soler,fly_ball,97.4,29.8,380
2019-07-18,Whit Merrifield,fly_ball,90.9,35.5,365
2019-07-18,José Abreu,fly_ball,82.7,50.2,254
2019-07-18,Billy Hamilton,fly_ball,86.8,29.2,340
2019-07-18,Carlos Sanchez,fly_ball,95.2,28.9,375
2019-07-18,Brandon Belt,fly_ball,93,35.3,334
2019-07-18,Juan Lagares,fly_ball,89.3,52.9,238
2019-07-18,Jeff McNeil,fly_ball,100.3,50.1,301
2019-07-18,Brandon Belt,fly_ball,104,23.4,392
2019-07-18,Amed Rosario,fly_ball,91.4,41,313
2019-07-18,Brandon Belt,fly_ball,97.3,32.3,373
2019-07-18,Pete Alonso,fly_ball,100.1,38.2,350
2019-07-18,Mike Yastrzemski,fly_ball,105,25.4,388
2019-07-18,Brandon Belt,fly_ball,79.2,39,280
2019-07-18,Adeiny Hechavarria,fly_ball,94.7,25.4,347
2019-07-18,Donovan Solano,fly_ball,76.9,50.2,214
2019-07-18,Brandon Belt,fly_ball,85,44.5,271
2019-07-18,J. D. Davis,fly_ball,92.3,54.6,238
2019-07-18,Kevin Pillar,fly_ball,82.4,30.4,303
2019-07-18,Pete Alonso,fly_ball,89,29.8,329
2019-07-18,Buster Posey,fly_ball,90.9,25.3,345
2019-07-18,Dominic Smith,fly_ball,89.5,34.3,315
2019-07-18,Buster Posey,fly_ball,69.4,26.8,232
2019-07-18,Pete Alonso,fly_ball,107.2,31.8,427
2019-07-18,Brandon Crawford,fly_ball,97.5,25.7,335
2019-07-18,Jurickson Profar,fly_ball,88.5,49.9,271
2019-07-18,Matt Olson,fly_ball,67.2,28.5,216
2019-07-18,Josh Phegley,fly_ball,92.7,29.9,368
2019-07-18,Jurickson Profar,fly_ball,97.5,34.2,388
2019-07-18,Luis Arraez,fly_ball,100.7,29,401
2019-07-18,Eddie Rosario,fly_ball,106.8,25.9,414
2019-07-18,Jurickson Profar,fly_ball,93.2,30.3,333
2019-07-18,Mitch Garver,fly_ball,103.6,26.4,426
2019-07-18,Marwin Gonzalez,fly_ball,79,34.1,297
2019-07-18,Justin Turner,fly_ball,92,29,361
2019-07-18,Bryce Harper,fly_ball,93.4,42.1,313
2019-07-18,Rhys Hoskins,fly_ball,78.8,47.5,242
2019-07-18,Cody Bellinger,fly_ball,96.6,27.1,349
2019-07-18,Matt Beaty,fly_ball,106.2,21.3,403
2019-07-18,Enrique Hernandez,fly_ball,99.2,36.3,368
2019-07-18,Adam Haseley,fly_ball,101.4,33.4,400
2019-07-18,J. T. Realmuto,fly_ball,83.6,39.6,291
2019-07-18,Austin Barnes,fly_ball,99.9,28.4,370
2019-07-18,Maikel Franco,fly_ball,74,39.4,252
2019-07-18,Aaron Nola,fly_ball,87.6,53.7,242
2019-07-18,Alex Verdugo,fly_ball,92.5,59.5,227
2019-07-18,Rhys Hoskins,fly_ball,91.3,40.2,323
2019-07-18,Matt Beaty,fly_ball,91.5,32.2,345
2019-07-18,Austin Barnes,fly_ball,89,28.4,301
2019-07-18,Alex Verdugo,fly_ball,99.7,28.1,365
2019-07-18,Justin Turner,fly_ball,93.2,34,347
2019-07-18,Kurt Suzuki,fly_ball,91.4,54.3,245
2019-07-18,Ender Inciarte,fly_ball,72.7,59.8,174
2019-07-18,Anthony Rendon,fly_ball,100.6,30.5,393
2019-07-18,Stephen Strasburg,fly_ball,104.7,24.9,420
2019-07-18,Ronald Acuna,fly_ball,92.2,52.3,271
2019-07-18,Anthony Rendon,fly_ball,93.5,46.2,305
2019-07-18,Ryan Zimmerman,fly_ball,103.5,36.5,378
2019-07-18,Ryan Zimmerman,fly_ball,95.8,38.6,344
2019-07-18,Kurt Suzuki,fly_ball,94.3,41.6,328
2019-07-18,Brian McCann,fly_ball,93.4,27.3,370
2019-07-18,Juan Soto,fly_ball,96.7,26.3,360
2019-07-18,Miguel Rojas,fly_ball,90.4,48,274
2019-07-18,Hunter Renfroe,fly_ball,96.7,26,383
2019-07-18,Austin Hedges,fly_ball,90.1,44.9,292
2019-07-18,Neil Walker,fly_ball,74.3,26.6,237
2019-07-18,Brian Anderson,fly_ball,79.9,35.7,285
2019-07-18,Harold Ramirez,fly_ball,98.1,30.5,360
2019-07-18,Fernando Tatis,fly_ball,104.6,28.2,418
2019-07-18,Hunter Renfroe,fly_ball,101.4,34.6,380
2019-07-18,Fernando Tatis,fly_ball,102.7,42.1,350
2019-07-18,Brett Gardner,fly_ball,92.6,50.9,267
2019-07-18,Luke Voit,fly_ball,82.3,34.6,309
2019-07-18,Mike Brosseau,fly_ball,86.6,39.5,302
2019-07-18,Austin Meadows,fly_ball,96,37.1,340
2019-07-18,Nate Lowe,fly_ball,66.2,32.6,206
2019-07-18,Luke Voit,fly_ball,106.6,25.9,419
2019-07-18,Joey Wendle,fly_ball,99.2,44,331
2019-07-18,Gleyber Torres,fly_ball,80.4,31.8,304
2019-07-18,Ji-Man Choi,fly_ball,94.2,59.7,240
2019-07-18,Austin Meadows,fly_ball,93.9,25.5,358
2019-07-18,Austin Meadows,fly_ball,93.3,28.2,353
2019-07-18,Yandy Díaz,fly_ball,94.3,33.9,341
2019-07-18,Joey Wendle,fly_ball,94.4,49.8,291
2019-07-18,Willy Adames,fly_ball,74.8,35.9,249
2019-07-18,Gio Urshela,fly_ball,100.2,27.9,379
2019-07-18,Aaron Judge,fly_ball,75.9,32,246
2019-07-18,Edwin Encarnacion,fly_ball,90.3,44.9,287
2019-07-18,Ji-Man Choi,fly_ball,88.3,53.8,256
2019-07-18,Didi Gregorius,fly_ball,87,35.4,317
2019-07-18,Travis d'Arnaud,fly_ball,91.6,55.2,239
2019-07-18,Yandy Díaz,fly_ball,90.8,37.2,315
2019-07-18,Nate Lowe,fly_ball,82.7,59.3,208
2019-07-18,Aaron Hicks,fly_ball,104.4,25.2,385
2019-07-18,Gio Urshela,fly_ball,86.9,46.4,275
2019-07-19,Mike Moustakas,fly_ball,91.6,26.4,359
2019-07-19,Orlando Arcia,fly_ball,89.7,29.1,302
2019-07-19,Nick Ahmed,fly_ball,96.4,41.9,345
2019-07-19,Lorenzo Cain,fly_ball,95.7,32.4,354
2019-07-19,Eduardo Escobar,fly_ball,104,26.1,388
2019-07-19,Alex Avila,fly_ball,103.3,32.8,399
2019-07-19,Nick Ahmed,fly_ball,85.3,47.2,272
2019-07-19,Christian Yelich,fly_ball,109.7,25.5,459
2019-07-19,Yasmani Grandal,fly_ball,101.4,24.6,409
2019-07-19,Mike Moustakas,fly_ball,103.6,27.3,420
2019-07-19,Ryan Braun,fly_ball,92.6,47,299
2019-07-19,Ildemaro Vargas,fly_ball,85.5,49.2,267
2019-07-19,Jarrod Dyson,fly_ball,80.4,51,235
2019-07-19,Jesus Aguilar,fly_ball,103.7,31.4,394
2019-07-19,Eduardo Escobar,fly_ball,89.7,49.7,276
2019-07-19,Mookie Betts,fly_ball,66.4,42.9,221
2019-07-19,Renato Nunez,fly_ball,93.5,44.7,315
2019-07-19,Anthony Santander,fly_ball,102.5,24.6,415
2019-07-19,Sam Travis,fly_ball,98.1,34.4,396
2019-07-19,Michael Chavis,fly_ball,78.5,31,296
2019-07-19,Keon Broxton,fly_ball,78.9,32.9,284
2019-07-19,Richie Martin,fly_ball,93.9,27,346
2019-07-19,Mookie Betts,fly_ball,88.4,56.7,228
2019-07-19,Xander Bogaerts,fly_ball,93,48.3,299
2019-07-19,Christian Vazquez,fly_ball,89.5,50,259
2019-07-19,Keon Broxton,fly_ball,102.7,25.4,407
2019-07-19,Jackie Bradley,fly_ball,95.6,32.1,347
2019-07-19,Christian Vazquez,fly_ball,84.1,29.6,297
2019-07-19,Hanser Alberto,fly_ball,89.6,28,311
2019-07-19,Mookie Betts,fly_ball,82.4,47.9,237
2019-07-19,Stevie Wilkerson,fly_ball,88.5,47.1,281
2019-07-19,Anthony Rizzo,fly_ball,98.5,57.8,239
2019-07-19,Manny Machado,fly_ball,93.3,29.7,387
2019-07-19,Anthony Rizzo,fly_ball,98.6,33.9,366
2019-07-19,Manny Machado,fly_ball,85.7,58.9,218
2019-07-19,Jon Lester,fly_ball,90.5,29.8,353
2019-07-19,Javier Baez,fly_ball,107,37.7,401
2019-07-19,Kris Bryant,fly_ball,91.3,38.1,384
2019-07-19,Manuel Margot,fly_ball,87.6,28.4,342
2019-07-19,Francisco Mejia,fly_ball,89.4,37.7,340
2019-07-19,Kyle Schwarber,fly_ball,92.5,56.4,259
2019-07-19,Martin Maldonado,fly_ball,80.4,56,216
2019-07-19,Tyler O'Neill,fly_ball,83.2,39,300
2019-07-19,Yasiel Puig,fly_ball,86.2,33.3,311
2019-07-19,Phil Ervin,fly_ball,82.4,41.2,276
2019-07-19,Tommy Edman,fly_ball,96.5,40.8,339
2019-07-19,Ryan Lavarnway,fly_ball,96.3,32.3,363
2019-07-19,Jose Peraza,fly_ball,83.2,33.4,316
2019-07-19,Paul DeJong,fly_ball,96.2,32.7,359
2019-07-19,Yasiel Puig,fly_ball,69,42,219
2019-07-19,Paul Goldschmidt,fly_ball,101.3,43.1,342
2019-07-19,Kolten Wong,fly_ball,84.1,34.2,329
2019-07-19,Jose Martinez,fly_ball,104.8,22.6,414
2019-07-19,Yasiel Puig,fly_ball,87.3,30.4,310
2019-07-19,Paul DeJong,fly_ball,104.7,36.3,420
2019-07-19,Tommy Edman,fly_ball,89.5,39.6,320
2019-07-19,Ryan Lavarnway,fly_ball,103.9,25.4,428
2019-07-19,Jose Peraza,fly_ball,89.9,38.9,328
2019-07-19,Tyler O'Neill,fly_ball,94.4,54.4,259
2019-07-19,Whit Merrifield,fly_ball,78.9,50.5,243
2019-07-19,Humberto Arteaga,fly_ball,79.3,47.7,245
2019-07-19,Nicky Lopez,fly_ball,87.1,34.9,311
2019-07-19,Whit Merrifield,fly_ball,86.6,54.7,251
2019-07-19,Jake Bauers,fly_ball,82.6,45.8,275
2019-07-19,Jose Ramirez,fly_ball,85.5,57.1,217
2019-07-19,Roberto Perez,fly_ball,92.9,28.4,346
2019-07-19,Humberto Arteaga,fly_ball,68.8,28.6,216
2019-07-19,Carlos Santana,fly_ball,104.6,50.7,317
2019-07-19,Hunter Dozier,fly_ball,83.7,40.5,289
2019-07-19,Harold Castro,fly_ball,92.5,28.3,320
2019-07-19,Vladimir Guerrero,fly_ball,99.1,30.1,351
2019-07-19,John Hicks,fly_ball,96.9,29,402
2019-07-19,Jordy Mercer,fly_ball,97.4,26.2,388
2019-07-19,Miguel Cabrera,fly_ball,99.6,26,383
2019-07-19,Nick Castellanos,fly_ball,97.9,53.9,283
2019-07-19,Vladimir Guerrero,fly_ball,101.5,31.1,393
2019-07-19,Jordy Mercer,fly_ball,96.5,38.1,354
2019-07-19,Brandon Dixon,fly_ball,99.5,27.8,404
2019-07-19,Niko Goodrum,fly_ball,87.3,59.4,217
2019-07-19,Danny Santana,fly_ball,90.3,35.1,328
2019-07-19,Jose Altuve,fly_ball,69.4,46.2,222
2019-07-19,Yuli Gurriel,fly_ball,99.8,31.1,386
2019-07-19,Jose Altuve,fly_ball,101.6,31.6,408
2019-07-19,Alex Bregman,fly_ball,100.7,41.2,356
2019-07-19,Yuli Gurriel,fly_ball,82.4,36.4,297
2019-07-19,Rougned Odor,fly_ball,100.7,27.8,394
2019-07-19,Hunter Pence,fly_ball,83.4,39.7,282
2019-07-19,Rougned Odor,fly_ball,99.3,26.5,406
2019-07-19,Asdrubal Cabrera,fly_ball,93.4,33.8,364
2019-07-19,Joc Pederson,fly_ball,101.6,41.9,344
2019-07-19,Alex Verdugo,fly_ball,95.7,54.9,239
2019-07-19,Justin Turner,fly_ball,87.8,39.1,286
2019-07-19,Hyun-Jin Ryu,fly_ball,85.5,34,303
2019-07-19,Alex Verdugo,fly_ball,98.8,32,371
2019-07-19,Russell Martin,fly_ball,96.4,43.7,317
2019-07-19,Cesar Hernandez,fly_ball,80.3,30.4,303
2019-07-19,Scott Kingery,fly_ball,90.3,48.2,300
2019-07-19,J. T. Realmuto,fly_ball,91,33.9,344
2019-07-19,Maikel Franco,fly_ball,100.2,46,325
2019-07-19,Josh Bell,fly_ball,95.2,50.9,308
2019-07-19,Adam Haseley,fly_ball,99.8,29,402
2019-07-19,Jake Arrieta,fly_ball,80.1,33.1,294
2019-07-19,Bryan Reynolds,fly_ball,83.2,45.7,283
2019-07-19,Adam Haseley,fly_ball,96.1,43.3,337
2019-07-19,J. T. Realmuto,fly_ball,99.5,24.1,375
2019-07-19,Rhys Hoskins,fly_ball,92.8,44.5,323
2019-07-19,Adam Haseley,fly_ball,92.5,29.3,352
2019-07-19,Brian Goodwin,fly_ball,86.6,34.8,311
2019-07-19,Shohei Ohtani,fly_ball,108,34.7,392
2019-07-19,Kole Calhoun,fly_ball,90.5,44.2,292
2019-07-19,Dan Vogelbach,fly_ball,106.7,28.5,441
2019-07-19,Matt Thaiss,fly_ball,73.7,28.9,247
2019-07-19,Dan Vogelbach,fly_ball,102.5,42.9,357
2019-07-19,Brian Goodwin,fly_ball,100.3,47,307
2019-07-19,Omar Narvaez,fly_ball,85.4,46,264
2019-07-19,Jared Walsh,fly_ball,87.6,30.4,319
2019-07-19,Wilson Ramos,fly_ball,96.6,36.3,350
2019-07-19,Dominic Smith,fly_ball,92.5,43.5,313
2019-07-19,Jacob deGrom,fly_ball,93.9,37.8,321
2019-07-19,Brandon Belt,fly_ball,91.7,55.2,254
2019-07-19,Wilson Ramos,fly_ball,83.5,47.4,247
2019-07-19,Pablo Sandoval,fly_ball,90.7,35.7,311
2019-07-19,Dominic Smith,fly_ball,91,32.5,330
2019-07-19,Brandon Crawford,fly_ball,73.7,49.1,219
2019-07-19,Joe Panik,fly_ball,78.6,42.8,251
2019-07-19,Joe Panik,fly_ball,79.2,28.7,275
2019-07-19,Michael Conforto,fly_ball,104.5,47.1,318
2019-07-19,Pablo Sandoval,fly_ball,94.8,29.1,356
2019-07-19,Brandon Crawford,fly_ball,102.1,29.3,395
2019-07-19,Mike Yastrzemski,fly_ball,86.8,46.2,276
2019-07-19,Adeiny Hechavarria,fly_ball,90.3,47.2,284
2019-07-19,Pablo Sandoval,fly_ball,79.5,55,213
2019-07-19,Yoan Moncada,fly_ball,91.4,42.1,301
2019-07-19,Austin Meadows,fly_ball,102.9,27.9,389
2019-07-19,Carlos Sanchez,fly_ball,85.4,47.3,262
2019-07-19,Yoan Moncada,fly_ball,70.6,40,226
2019-07-19,Joey Wendle,fly_ball,72.8,40.8,240
2019-07-19,Nate Lowe,fly_ball,91,36.1,324
2019-07-19,Yandy Díaz,fly_ball,92,44.4,305
2019-07-19,Carlos Sanchez,fly_ball,93.7,32.3,359
2019-07-19,Carlos Sanchez,fly_ball,77.7,30.3,278
2019-07-19,Tommy Pham,fly_ball,96.4,40.1,335
2019-07-19,Jose Rondon,fly_ball,98.8,32.2,376
2019-07-19,Mike Brosseau,fly_ball,99.8,23.7,413
2019-07-19,Marcus Semien,fly_ball,103.7,24.9,385
2019-07-19,Marwin Gonzalez,fly_ball,102,36.3,397
2019-07-19,Chris Herrmann,fly_ball,86.6,30.6,314
2019-07-19,Jorge Polanco,fly_ball,92.7,39,327
2019-07-19,Marcus Semien,fly_ball,91,29.6,323
2019-07-19,Luis Arraez,fly_ball,93.4,29.3,350
2019-07-19,Max Kepler,fly_ball,85.8,33.5,308
2019-07-19,C. J. Cron,fly_ball,92.5,35.7,341
2019-07-19,Marcus Semien,fly_ball,100,32.3,377
2019-07-19,Jorge Polanco,fly_ball,92.2,37.2,326
2019-07-19,Trea Turner,fly_ball,86.3,33.2,280
2019-07-19,Adam Eaton,fly_ball,92.8,45.2,303
2019-07-19,Freddie Freeman,fly_ball,80.9,56.4,229
2019-07-19,Julio Teheran,fly_ball,90.5,28.8,346
2019-07-19,Yan Gomes,fly_ball,94.8,42.5,331
2019-07-19,Juan Soto,fly_ball,94.7,42.8,334
2019-07-19,Dansby Swanson,fly_ball,92.1,45,314
2019-07-19,Yan Gomes,fly_ball,103.3,38.5,383
2019-07-19,Trea Turner,fly_ball,84.1,43.3,284
2019-07-19,Matthew Joyce,fly_ball,78.3,41.1,248
2019-07-19,Ronald Acuna,fly_ball,104.5,23.7,390
2019-07-19,Freddie Freeman,fly_ball,74.1,44.7,236
2019-07-19,Ozzie Albies,fly_ball,91.3,34.7,338
2019-07-19,Victor Robles,fly_ball,108.8,32.3,446
2019-07-19,Josh Donaldson,fly_ball,98.2,27.6,379
2019-07-19,Trevor Story,fly_ball,99,51.2,300
2019-07-19,Ryan McMahon,fly_ball,105.6,36,407
2019-07-19,Charlie Blackmon,fly_ball,77.7,34.5,264
2019-07-19,Ian Desmond,fly_ball,69.4,26.1,187
2019-07-19,Edwin Encarnacion,fly_ball,100.8,29,393
2019-07-19,Gleyber Torres,fly_ball,96.7,37.1,358
2019-07-19,Gio Urshela,fly_ball,98.8,23.4,387
2019-07-19,Aaron Judge,fly_ball,109.7,36.6,414
2019-07-19,Gary Sanchez,fly_ball,96,36.7,352
2019-07-19,Edwin Encarnacion,fly_ball,97.6,42.9,347
2019-07-20,Yasmani Grandal,fly_ball,86.2,46.6,281
2019-07-20,Keston Hiura,fly_ball,103.3,46.7,334
2019-07-20,Tim Locastro,fly_ball,77.3,32.8,290
2019-07-20,Ryan Braun,fly_ball,98.6,20.2,363
2019-07-20,Eric Thames,fly_ball,106.4,32.5,414
2019-07-20,Tyler Saladino,fly_ball,99.8,38.8,371
2019-07-20,Wilmer Flores,fly_ball,87.1,32.3,341
2019-07-20,Mike Moustakas,fly_ball,103.2,25.1,379
2019-07-20,Keston Hiura,fly_ball,67.9,40.2,223
2019-07-20,Wilmer Flores,fly_ball,87.8,36.3,326
2019-07-20,Xander Bogaerts,fly_ball,100.7,32.3,380
2019-07-20,Jackie Bradley,fly_ball,101.7,30.3,410
2019-07-20,Rafael Devers,fly_ball,102.9,29.6,413
2019-07-20,Andrew Benintendi,fly_ball,85.1,41.9,298
2019-07-20,Christian Vazquez,fly_ball,90.3,40.5,323
2019-07-20,Renato Nunez,fly_ball,105.8,48.3,364
2019-07-20,Brock Holt,fly_ball,80.7,36.3,299
2019-07-20,Mookie Betts,fly_ball,90.2,28.7,364
2019-07-20,Christian Vazquez,fly_ball,67.2,26.2,215
2019-07-20,Michael Chavis,fly_ball,89.9,24.9,348
2019-07-20,Dwight Smith,fly_ball,87.7,54.1,234
2019-07-20,Anthony Santander,fly_ball,110.1,22.4,426
2019-07-20,Mookie Betts,fly_ball,99.9,32,378
2019-07-20,Trey Mancini,fly_ball,91.4,51.3,273
2019-07-20,Chance Sisco,fly_ball,91.9,59,220
2019-07-20,Sandy Leon,fly_ball,97.5,29.6,400
2019-07-20,J. D. Martinez,fly_ball,77.6,46.2,249
2019-07-20,Javier Baez,fly_ball,71.4,30,230
2019-07-20,Robel Garcia,fly_ball,95.8,28.6,382
2019-07-20,Eric Hosmer,fly_ball,95.8,27.1,381
2019-07-20,Fernando Tatis,fly_ball,108.4,24.8,468
2019-07-20,Manny Machado,fly_ball,101.3,23.4,406
2019-07-20,Fernando Tatis,fly_ball,83.2,33,316
2019-07-20,David Bote,fly_ball,97,50.3,296
2019-07-20,Javier Baez,fly_ball,101.7,26.2,412
2019-07-20,Hunter Renfroe,fly_ball,107.1,22.6,428
2019-07-20,Jason Heyward,fly_ball,68.4,44.7,219
2019-07-20,Manny Machado,fly_ball,93.3,31.6,352
2019-07-20,Eugenio Suarez,fly_ball,72.5,30.3,217
2019-07-20,Tyler O'Neill,fly_ball,93,38.5,352
2019-07-20,Kolten Wong,fly_ball,68.7,31.8,237
2019-07-20,Matt Wieters,fly_ball,104.4,23.3,423
2019-07-20,Josh VanMeter,fly_ball,94.2,29.7,353
2019-07-20,José Iglesias,fly_ball,95.9,41.8,367
2019-07-20,Juan Graterol,fly_ball,75.4,53.8,210
2019-07-20,Paul Goldschmidt,fly_ball,86.6,29.5,330
2019-07-20,Kolten Wong,fly_ball,89,39.6,309
2019-07-20,Hunter Dozier,fly_ball,96.9,37.4,349
2019-07-20,Cheslor Cuthbert,fly_ball,87.5,41.7,313
2019-07-20,Oscar Mercado,fly_ball,88.5,53.1,258
2019-07-20,Jason Kipnis,fly_ball,79.6,43.7,267
2019-07-20,Jose Ramirez,fly_ball,95.6,25.8,354
2019-07-20,Tyler Naquin,fly_ball,97.5,42.7,354
2019-07-20,Jorge Soler,fly_ball,99.9,46.7,324
2019-07-20,Humberto Arteaga,fly_ball,80.4,41.7,261
2019-07-20,Jason Kipnis,fly_ball,98.1,38.8,356
2019-07-20,Nicky Lopez,fly_ball,82.6,32.2,318
2019-07-20,Jorge Soler,fly_ball,97.9,49.8,299
2019-07-20,Francisco Lindor,fly_ball,101.1,33.4,394
2019-07-20,Oscar Mercado,fly_ball,89.9,35.6,329
2019-07-20,Hunter Dozier,fly_ball,87.1,36.7,271
2019-07-20,JaCoby Jones,fly_ball,92.4,41.2,322
2019-07-20,Miguel Cabrera,fly_ball,101.9,36.5,368
2019-07-20,Niko Goodrum,fly_ball,97,35.4,358
2019-07-20,JaCoby Jones,fly_ball,84.5,30.6,334
2019-07-20,John Hicks,fly_ball,99.2,37.6,378
2019-07-20,Vladimir Guerrero,fly_ball,107.6,25,441
2019-07-20,Brandon Drury,fly_ball,103,34.4,398
2019-07-20,John Hicks,fly_ball,101.8,25.9,407
2019-07-20,Jordy Mercer,fly_ball,84.4,32.3,324
2019-07-20,Harold Castro,fly_ball,94.4,27.9,360
2019-07-20,Eric Sogard,fly_ball,89.4,51.4,258
2019-07-20,Freddy Galvis,fly_ball,91.8,43.8,301
2019-07-20,Lourdes Gurriel,fly_ball,86.5,35.2,319
2019-07-20,Danny Santana,fly_ball,95.7,35.7,357
2019-07-20,Joey Gallo,fly_ball,88.2,36.4,322
2019-07-20,Tim Federowicz,fly_ball,93.2,39.8,329
2019-07-20,Myles Straw,fly_ball,94.3,27.7,362
2019-07-20,Shin-Soo Choo,fly_ball,106.8,26.2,416
2019-07-20,Hunter Pence,fly_ball,88.4,28.9,341
2019-07-20,Josh Reddick,fly_ball,88.6,39.6,317
2019-07-20,Robinson Chirinos,fly_ball,83.9,31.8,303
2019-07-20,Yuli Gurriel,fly_ball,99.8,28.4,393
2019-07-20,Tony Kemp,fly_ball,92.3,37,330
2019-07-20,Joey Gallo,fly_ball,101.7,29.1,392
2019-07-20,Tony Kemp,fly_ball,93,32.3,354
2019-07-20,Austin Barnes,fly_ball,76.4,30.5,263
2019-07-20,Clayton Kershaw,fly_ball,91.2,36.9,329
2019-07-20,Justin Turner,fly_ball,84.4,32.5,284
2019-07-20,Miguel Rojas,fly_ball,94.6,32.8,341
2019-07-20,Brian Anderson,fly_ball,89.9,37.6,321
2019-07-20,A. J. Pollock,fly_ball,85.9,56.6,210
2019-07-20,Bryan Holaday,fly_ball,89.7,40.3,306
2019-07-20,Justin Turner,fly_ball,104.6,29.5,419
2019-07-20,A. J. Pollock,fly_ball,80.3,42.9,266
2019-07-20,Garrett Cooper,fly_ball,100.8,38.1,370
2019-07-20,Austin Barnes,fly_ball,82,49.3,233
2019-07-20,Starlin Castro,fly_ball,101.8,27.6,402
2019-07-20,Enrique Hernandez,fly_ball,89.5,43.4,298
2019-07-20,Jorge Alfaro,fly_ball,93.5,36.1,333
2019-07-20,Corey Seager,fly_ball,94.4,31.8,349
2019-07-20,Matt Beaty,fly_ball,102.6,31.2,395
2019-07-20,Justin Turner,fly_ball,98.5,35.6,367
2019-07-20,Max Muncy,fly_ball,82,56.6,207
2019-07-20,Scott Kingery,fly_ball,84.3,40.4,298
2019-07-20,Corey Dickerson,fly_ball,79.7,57.2,204
2019-07-20,Adam Frazier,fly_ball,90,40.7,310
2019-07-20,Josh Bell,fly_ball,69.8,37.5,246
2019-07-20,Scott Kingery,fly_ball,85.9,56,222
2019-07-20,Rhys Hoskins,fly_ball,94.9,43.6,326
2019-07-20,Bryan Reynolds,fly_ball,74.6,39.6,250
2019-07-20,Rhys Hoskins,fly_ball,87.2,33.8,325
2019-07-20,Maikel Franco,fly_ball,92,45.5,299
2019-07-20,Josh Bell,fly_ball,96.5,24.2,380
2019-07-20,Corey Dickerson,fly_ball,86.9,33.4,322
2019-07-20,Starling Marte,fly_ball,92.1,44.6,314
2019-07-20,Mike Trout,fly_ball,97.3,48.5,301
2019-07-20,Domingo Santana,fly_ball,89.3,30.8,330
2019-07-20,Andrelton Simmons,fly_ball,88.8,38.9,309
2019-07-20,Albert Pujols,fly_ball,88.9,35.4,299
2019-07-20,Dee Gordon,fly_ball,93.2,33.4,349
2019-07-20,Luis Rengifo,fly_ball,89.8,52,237
2019-07-20,Tim Beckham,fly_ball,80.4,35.9,289
2019-07-20,Andrelton Simmons,fly_ball,88,38.1,310
2019-07-20,Tim Beckham,fly_ball,97,39.2,332
2019-07-20,Kevan Smith,fly_ball,73.3,29.4,256
2019-07-20,Buster Posey,fly_ball,80.5,35.1,295
2019-07-20,Dominic Smith,fly_ball,106.5,29.2,433
2019-07-20,J. D. Davis,fly_ball,97,39,335
2019-07-20,Kevin Pillar,fly_ball,91.3,38.6,321
2019-07-20,Jeff McNeil,fly_ball,98.5,59.9,212
2019-07-20,Wilson Ramos,fly_ball,100.8,43.4,324
2019-07-20,Robinson Cano,fly_ball,88.8,30.9,331
2019-07-20,Brandon Crawford,fly_ball,97.2,49,288
2019-07-20,Jeff McNeil,fly_ball,102.1,37.5,386
2019-07-20,Michael Conforto,fly_ball,99.8,52,278
2019-07-20,Wilson Ramos,fly_ball,99.8,47.6,318
2019-07-20,Todd Frazier,fly_ball,102.3,30.2,402
2019-07-20,Michael Conforto,fly_ball,70.8,33.8,237
2019-07-20,Mike Yastrzemski,fly_ball,95.5,44.4,311
2019-07-20,Michael Conforto,fly_ball,93.8,34.4,339
2019-07-20,Juan Lagares,fly_ball,95.4,26.7,337
2019-07-20,Alex Dickerson,fly_ball,101.8,23,420
2019-07-20,Mike Yastrzemski,fly_ball,103.3,26.2,385
2019-07-20,Austin Meadows,fly_ball,102.1,49.6,299
2019-07-20,Welington Castillo,fly_ball,87.3,49.4,259
2019-07-20,Avisail Garcia,fly_ball,99.9,29.4,378
2019-07-20,Yandy Díaz,fly_ball,87.4,46.4,283
2019-07-20,Welington Castillo,fly_ball,80.6,35.9,310
2019-07-20,Joey Wendle,fly_ball,81.5,31.8,282
2019-07-20,Leury Garcia,fly_ball,67.6,38.8,223
2019-07-20,James McCann,fly_ball,94,27.9,375
2019-07-20,Welington Castillo,fly_ball,97.6,45.2,322
2019-07-20,Carlos Sanchez,fly_ball,88.5,38.9,303
2019-07-20,Mike Brosseau,fly_ball,88,42.7,298
2019-07-20,Willy Adames,fly_ball,98.6,27,390
2019-07-20,Mitch Garver,fly_ball,104,24.2,410
2019-07-20,Nelson Cruz,fly_ball,107.3,23.5,436
2019-07-20,Franklin Barreto,fly_ball,74.5,30.8,269
2019-07-20,Mark Canha,fly_ball,80.9,51.7,233
2019-07-20,Mitch Garver,fly_ball,85.5,53.2,244
2019-07-20,Robbie Grossman,fly_ball,95.8,29,372
2019-07-20,Mark Canha,fly_ball,101.7,28.9,424
2019-07-20,Ramon Laureano,fly_ball,103.4,29.1,413
2019-07-20,Jonathan Schoop,fly_ball,74.3,45.4,233
2019-07-20,Robbie Grossman,fly_ball,93.3,35.6,349
2019-07-20,Luis Arraez,fly_ball,90.5,44.3,296
2019-07-20,Dansby Swanson,fly_ball,97.7,25.8,375
2019-07-20,Ozzie Albies,fly_ball,93.3,55.8,252
2019-07-20,Anthony Rendon,fly_ball,93.6,37.1,338
2019-07-20,Matt Adams,fly_ball,98.3,28.1,394
2019-07-20,Mike Soroka,fly_ball,66.3,48.8,190
2019-07-20,Dansby Swanson,fly_ball,96.5,58,240
2019-07-20,Victor Robles,fly_ball,75.2,35.9,269
2019-07-20,Josh Donaldson,fly_ball,106.2,47.3,337
2019-07-20,Matt Adams,fly_ball,96.4,36.3,356
2019-07-20,Charlie Culberson,fly_ball,97.4,46.3,310
2019-07-20,Josh Donaldson,fly_ball,92.9,36.9,342
2019-07-20,Aaron Hicks,fly_ball,96.8,36,358
2019-07-20,Nolan Arenado,fly_ball,88.2,31.6,329
2019-07-20,Nolan Arenado,fly_ball,93.6,24.3,371
2019-07-20,DJ LeMahieu,fly_ball,86.1,55.1,227
2019-07-20,Nolan Arenado,fly_ball,102.3,23.9,414
2019-07-20,Austin Romine,fly_ball,98.2,35.7,368
2019-07-20,DJ LeMahieu,fly_ball,93.9,23.8,336
2019-07-20,Edwin Encarnacion,fly_ball,85.7,27.6,326
2019-07-21,Mike Moustakas,fly_ball,83.5,52.4,239
2019-07-21,Jesus Aguilar,fly_ball,100.1,38,366
2019-07-21,Christian Walker,fly_ball,94.6,31.2,344
2019-07-21,Jake Lamb,fly_ball,88.6,33.9,330
2019-07-21,Alex Avila,fly_ball,107.9,32.5,448
2019-07-21,Tim Locastro,fly_ball,84.4,39.9,288
2019-07-21,Brandon Woodruff,fly_ball,79.8,40.7,276
2019-07-21,Mike Moustakas,fly_ball,85.8,46.7,275
2019-07-21,Manny Pina,fly_ball,94.6,37.4,345
2019-07-21,Tyler Saladino,fly_ball,100.7,35.5,400
2019-07-21,Ketel Marte,fly_ball,94.1,52.7,268
2019-07-21,Keston Hiura,fly_ball,92.7,30.7,339
2019-07-21,Yasmani Grandal,fly_ball,103.7,20.9,414
2019-07-21,Orlando Arcia,fly_ball,92.7,57.8,222
2019-07-21,Ryan Braun,fly_ball,96.8,27.3,365
2019-07-21,Keston Hiura,fly_ball,95.6,28.1,370
2019-07-21,Mike Moustakas,fly_ball,93.1,52.2,264
2019-07-21,Rafael Devers,fly_ball,97.3,36.3,357
2019-07-21,Trey Mancini,fly_ball,102.2,32.1,394
2019-07-21,Marco Hernandez,fly_ball,93.1,43.4,311
2019-07-21,Anthony Santander,fly_ball,96.9,30.8,387
2019-07-21,Jonathan Villar,fly_ball,103,26.2,424
2019-07-21,Anthony Santander,fly_ball,88.8,31.8,338
2019-07-21,Albert Almora,fly_ball,75.8,52.5,217
2019-07-21,Luis Urias,fly_ball,92.5,40.9,322
2019-07-21,Manny Machado,fly_ball,93.5,31.2,358
2019-07-21,Robel Garcia,fly_ball,74,36.8,237
2019-07-21,Robel Garcia,fly_ball,105.3,35.8,385
2019-07-21,Albert Almora,fly_ball,72.6,28.8,255
2019-07-21,Kyle Schwarber,fly_ball,77.4,32,280
2019-07-21,Jose Peraza,fly_ball,75.9,47.5,228
2019-07-21,Eugenio Suarez,fly_ball,66.2,31.2,229
2019-07-21,Paul DeJong,fly_ball,70.8,28.3,235
2019-07-21,Yairo Munoz,fly_ball,85.7,45.4,281
2019-07-21,Harrison Bader,fly_ball,78.3,31.7,258
2019-07-21,Jesse Winker,fly_ball,72,31.2,253
2019-07-21,Ryan Lavarnway,fly_ball,97.1,26.6,369
2019-07-21,Yairo Munoz,fly_ball,96.6,31.3,382
2019-07-21,Phil Ervin,fly_ball,94.6,42.6,366
2019-07-21,Yairo Munoz,fly_ball,97.5,26.2,365
2019-07-21,Jason Kipnis,fly_ball,96.5,28.1,368
2019-07-21,Jorge Soler,fly_ball,99.1,30.2,382
2019-07-21,Francisco Lindor,fly_ball,98.4,28.7,380
2019-07-21,Carlos Santana,fly_ball,88.6,41.9,314
2019-07-21,Bubba Starling,fly_ball,89.3,38.7,291
2019-07-21,Jason Kipnis,fly_ball,96.2,32.4,381
2019-07-21,Kevin Plawecki,fly_ball,81.6,37.1,279
2019-07-21,Francisco Lindor,fly_ball,95.3,36.3,343
2019-07-21,Oscar Mercado,fly_ball,100.2,34.5,366
2019-07-21,Tyler Naquin,fly_ball,87.9,42.9,284
2019-07-21,Lucas Duda,fly_ball,91.1,46.9,296
2019-07-21,Jake Bauers,fly_ball,90.3,52.6,269
2019-07-21,Kevin Plawecki,fly_ball,93.7,55.9,241
2019-07-21,Bubba Starling,fly_ball,103.6,23.8,406
2019-07-21,Jeimer Candelario,fly_ball,91.3,39.7,323
2019-07-21,Teoscar Hernandez,fly_ball,100.5,39.2,352
2019-07-21,Brandon Drury,fly_ball,102.1,39.9,366
2019-07-21,Lourdes Gurriel,fly_ball,93.2,49.2,292
2019-07-21,Brandon Dixon,fly_ball,96.9,31.1,381
2019-07-21,Randal Grichuk,fly_ball,93.1,28.6,365
2019-07-21,Vladimir Guerrero,fly_ball,82.2,50.5,237
2019-07-21,Justin Smoak,fly_ball,94.6,30,369
2019-07-21,Teoscar Hernandez,fly_ball,103.9,37.1,375
2019-07-21,Brandon Drury,fly_ball,103.6,25.9,427
2019-07-21,JaCoby Jones,fly_ball,104.6,30.3,398
2019-07-21,Lourdes Gurriel,fly_ball,94.6,40.3,345
2019-07-21,Randal Grichuk,fly_ball,92.9,44.5,315
2019-07-21,JaCoby Jones,fly_ball,85.5,40,302
2019-07-21,Lourdes Gurriel,fly_ball,107.5,25.8,438
2019-07-21,Nick Castellanos,fly_ball,97.2,25.7,372
2019-07-21,Michael Brantley,fly_ball,103.9,23.9,404
2019-07-21,Rougned Odor,fly_ball,93,43,329
2019-07-21,Logan Forsythe,fly_ball,86.4,48.2,264
2019-07-21,Max Stassi,fly_ball,84,48.2,254
2019-07-21,Jose Altuve,fly_ball,104.7,26.5,403
2019-07-21,Nomar Mazara,fly_ball,100.2,34.6,363
2019-07-21,Josh Reddick,fly_ball,90.6,45.9,296
2019-07-21,Michael Brantley,fly_ball,98.8,28.9,389
2019-07-21,Yuli Gurriel,fly_ball,100.6,27.9,391
2019-07-21,Logan Forsythe,fly_ball,103.4,31,410
2019-07-21,Max Muncy,fly_ball,102.8,27.6,401
2019-07-21,Enrique Hernandez,fly_ball,88.3,55.5,227
2019-07-21,Joc Pederson,fly_ball,101.6,37.5,373
2019-07-21,Justin Turner,fly_ball,87.6,52.2,241
2019-07-21,Starlin Castro,fly_ball,89.9,31.2,346
2019-07-21,Yadiel Rivera,fly_ball,94.1,50.6,269
2019-07-21,Curtis Granderson,fly_ball,86.6,32.4,305
2019-07-21,Garrett Cooper,fly_ball,72.6,28.6,233
2019-07-21,Starlin Castro,fly_ball,83.7,39.1,303
2019-07-21,A. J. Pollock,fly_ball,99.1,34.5,378
2019-07-21,Enrique Hernandez,fly_ball,82.2,36.4,291
2019-07-21,Starlin Castro,fly_ball,81.8,30.5,267
2019-07-21,Starling Marte,fly_ball,95.6,36.7,363
2019-07-21,Brad Miller,fly_ball,90.9,27.1,355
2019-07-21,Bryan Reynolds,fly_ball,73.2,31.4,267
2019-07-21,Rhys Hoskins,fly_ball,84.4,42,321
2019-07-21,Scott Kingery,fly_ball,92,50.8,292
2019-07-21,Nick Williams,fly_ball,88.9,49.4,290
2019-07-21,Rhys Hoskins,fly_ball,92.3,33,349
2019-07-21,Tim Beckham,fly_ball,99.1,33.1,391
2019-07-21,Albert Pujols,fly_ball,98.5,27.8,369
2019-07-21,Dustin Garneau,fly_ball,83.9,50.9,240
2019-07-21,Tom Murphy,fly_ball,89.8,45.5,293
2019-07-21,Kyle Seager,fly_ball,94,40.9,325
2019-07-21,Austin Nola,fly_ball,92.2,27.3,345
2019-07-21,Brian Goodwin,fly_ball,103.2,26.4,397
2019-07-21,Luis Rengifo,fly_ball,76.4,33.4,244
2019-07-21,Shohei Ohtani,fly_ball,100,24.5,381
2019-07-21,Albert Pujols,fly_ball,86,44.3,280
2019-07-21,J. P. Crawford,fly_ball,85.3,31.5,327
2019-07-21,Mike Trout,fly_ball,98.1,35.4,376
2019-07-21,Dustin Garneau,fly_ball,104,28.1,405
2019-07-21,Pete Alonso,fly_ball,78.8,37.9,272
2019-07-21,Tyler Austin,fly_ball,73.1,38.1,247
2019-07-21,Wilson Ramos,fly_ball,79.6,38.5,262
2019-07-21,Michael Conforto,fly_ball,101.7,35.4,377
2019-07-21,Amed Rosario,fly_ball,106.4,24.6,428
2019-07-21,Kevin Pillar,fly_ball,81.9,36.1,284
2019-07-21,Austin Slater,fly_ball,87.9,31,305
2019-07-21,Wilson Ramos,fly_ball,89.1,38,312
2019-07-21,Buster Posey,fly_ball,102.6,28.6,405
2019-07-21,Conner Menez,fly_ball,84.3,32.4,289
2019-07-21,Adeiny Hechavarria,fly_ball,89.9,42.5,303
2019-07-21,Wilson Ramos,fly_ball,85.2,40.1,274
2019-07-21,Mike Yastrzemski,fly_ball,89.6,33.4,326
2019-07-21,Brandon Crawford,fly_ball,84.3,49.6,252
2019-07-21,Mike Yastrzemski,fly_ball,100.2,35.3,372
2019-07-21,Travis d'Arnaud,fly_ball,105.9,30.4,420
2019-07-21,Ji-Man Choi,fly_ball,90.3,40.4,311
2019-07-21,Avisail Garcia,fly_ball,88.8,42.9,303
2019-07-21,Willy Adames,fly_ball,90.3,35.7,321
2019-07-21,James McCann,fly_ball,98.2,45,315
2019-07-21,Carlos Sanchez,fly_ball,101.3,31.8,392
2019-07-21,Welington Castillo,fly_ball,99.5,33.9,360
2019-07-21,Eddie Rosario,fly_ball,74.8,26.1,249
2019-07-21,Ramon Laureano,fly_ball,96.5,43.9,320
2019-07-21,Max Kepler,fly_ball,105.2,24.3,373
2019-07-21,Nelson Cruz,fly_ball,84.3,37.8,307
2019-07-21,Jurickson Profar,fly_ball,91.2,36.4,340
2019-07-21,Miguel Sano,fly_ball,93.5,57,251
2019-07-21,Ehire Adrianza,fly_ball,79,42.9,263
2019-07-21,Jason Castro,fly_ball,83.9,28,303
2019-07-21,Mark Canha,fly_ball,94.5,47.3,303
2019-07-21,Miguel Sano,fly_ball,98.2,53.4,265
2019-07-21,Matt Chapman,fly_ball,72.9,29.6,250
2019-07-21,Chad Pinder,fly_ball,99.9,41.3,352
2019-07-21,Josh Phegley,fly_ball,88.5,29.2,335
2019-07-21,Eddie Rosario,fly_ball,90.7,36.2,341
2019-07-21,Miguel Sano,fly_ball,75.8,46.1,238
2019-07-21,Matt Chapman,fly_ball,99.1,38.2,358
2019-07-21,Khris Davis,fly_ball,92.2,57.8,217
2019-07-21,Chris Herrmann,fly_ball,103,28.7,410
2019-07-21,Josh Phegley,fly_ball,91.2,38.8,327
2019-07-21,Jorge Polanco,fly_ball,96.5,27,387
2019-07-21,Mark Canha,fly_ball,88.1,53,248
2019-07-21,Marwin Gonzalez,fly_ball,87.6,39.3,309
2019-07-21,Trea Turner,fly_ball,102.1,31,389
2019-07-21,Adam Eaton,fly_ball,99.9,28.5,384
2019-07-21,Kurt Suzuki,fly_ball,95,48.8,295
2019-07-21,Victor Robles,fly_ball,77.9,44.3,247
2019-07-21,Josh Donaldson,fly_ball,106.3,40.5,365
2019-07-21,Ozzie Albies,fly_ball,94.8,39.5,346
2019-07-21,Victor Robles,fly_ball,83.6,30,269
2019-07-21,Dansby Swanson,fly_ball,72.1,32.2,259
2019-07-21,Josh Donaldson,fly_ball,108.6,29.3,432
2019-07-21,Nick Markakis,fly_ball,94.5,31.7,346
2019-07-21,Brian McCann,fly_ball,87.5,39.1,304
2019-07-21,Gerardo Parra,fly_ball,72.8,51.3,199
2019-07-21,Adam Eaton,fly_ball,87.9,45.8,294
2019-07-21,Matthew Joyce,fly_ball,85,40.9,307
2019-07-21,Ronald Acuna,fly_ball,110.4,24.1,425
2019-07-21,Juan Soto,fly_ball,81.4,35.5,291
2019-07-21,Matt Adams,fly_ball,89.6,42.9,308
2019-07-21,Charlie Blackmon,fly_ball,92.2,32.6,373
2019-07-21,Nolan Arenado,fly_ball,91.6,36.4,337
2019-07-21,Didi Gregorius,fly_ball,84.1,43.1,275
2019-07-21,Daniel Murphy,fly_ball,92.1,24.8,354
2019-07-21,Didi Gregorius,fly_ball,86.1,49.9,253
2019-07-21,Gleyber Torres,fly_ball,92.3,36.5,333
2019-07-21,Charlie Blackmon,fly_ball,98.4,26.9,361
2019-07-21,DJ LeMahieu,fly_ball,97.4,39.6,347
2019-07-21,Aaron Hicks,fly_ball,103.8,33.2,439
2019-07-21,Ian Desmond,fly_ball,81.1,38.4,276
2019-07-21,Gary Sanchez,fly_ball,87.9,28.4,334
2019-07-22,Renato Nunez,fly_ball,98.4,41.5,341
2019-07-22,Eduardo Escobar,fly_ball,103.8,25.2,417
2019-07-22,Richie Martin,fly_ball,72.4,40.2,249
2019-07-22,Jarrod Dyson,fly_ball,94,44.1,303
2019-07-22,Christian Walker,fly_ball,93.4,41.4,318
2019-07-22,Nick Ahmed,fly_ball,88.4,33.1,351
2019-07-22,Hanser Alberto,fly_ball,102.7,25,397
2019-07-22,Renato Nunez,fly_ball,108.1,34.3,431
2019-07-22,Anthony Santander,fly_ball,100.4,22.4,397
2019-07-22,Jarrod Dyson,fly_ball,72.2,35.5,252
2019-07-22,Nick Ahmed,fly_ball,100.3,28.2,393
2019-07-22,Carson Kelly,fly_ball,95.2,23.9,372
2019-07-22,Stevie Wilkerson,fly_ball,80.1,41.8,276
2019-07-22,Jose Altuve,fly_ball,88.6,56.1,228
2019-07-22,Yordan Álvarez,fly_ball,103.2,27.9,410
2019-07-22,Jurickson Profar,fly_ball,96.3,37.7,347
2019-07-22,Yuli Gurriel,fly_ball,103.1,22,396
2019-07-22,Aledmys Díaz,fly_ball,98.5,27.1,379
2019-07-22,Matt Chapman,fly_ball,71.4,44.5,220
2019-07-22,Jurickson Profar,fly_ball,96.4,46.1,319
2019-07-22,Josh Phegley,fly_ball,77.4,43.2,252
2019-07-22,Josh Reddick,fly_ball,88,31.1,329
2019-07-22,Tony Kemp,fly_ball,91.3,52,262
2019-07-22,Myles Straw,fly_ball,91.2,36.9,322
2019-07-22,Michael Brantley,fly_ball,85.8,54.7,233
2019-07-22,Robbie Grossman,fly_ball,78.7,35.7,274
2019-07-22,Aledmys Díaz,fly_ball,84.6,29.2,320
2019-07-22,Tommy Edman,fly_ball,96.6,28,383
2019-07-22,Tyler O'Neill,fly_ball,93.8,51.2,276
2019-07-22,Bryan Reynolds,fly_ball,92.4,30.1,332
2019-07-22,Matt Wieters,fly_ball,99.7,38.4,375
2019-07-22,Tyler O'Neill,fly_ball,95.1,59.1,222
2019-07-22,Matt Wieters,fly_ball,84.8,39.7,304
2019-07-22,Colin Moran,fly_ball,89.6,40.5,315
2019-07-22,Paul Goldschmidt,fly_ball,103.2,35.5,400
2019-07-22,Andrew Knizner,fly_ball,87.2,32.5,311
2019-07-22,Adam Frazier,fly_ball,87.2,35.5,323
2019-07-22,Kyle Seager,fly_ball,93.2,40.1,316
2019-07-22,Tim Federowicz,fly_ball,92.6,30.4,366
2019-07-22,Omar Narvaez,fly_ball,97,30,381
2019-07-22,Dylan Moore,fly_ball,72,38.1,223
2019-07-22,Delino DeShields,fly_ball,92.8,47.1,280
2019-07-22,Kyle Seager,fly_ball,101.7,33.8,394
2019-07-22,Rougned Odor,fly_ball,97.1,30,355
2019-07-22,Danny Santana,fly_ball,95.4,55.3,263
2019-07-22,Alec Mills,fly_ball,84.4,28.1,290
2019-07-22,Brandon Belt,fly_ball,69.5,35.2,248
2019-07-22,Kevin Pillar,fly_ball,91.1,28.4,341
2019-07-22,Albert Almora,fly_ball,87.6,43.4,274
2019-07-22,Austin Slater,fly_ball,105,22.8,371
2019-07-22,Jason Heyward,fly_ball,83.8,28.7,310
2019-07-22,J. D. Martinez,fly_ball,103.5,27.3,415
2019-07-22,Andrew Benintendi,fly_ball,102.7,35.8,394
2019-07-22,Sam Travis,fly_ball,103,23.2,422
2019-07-22,Christian Vazquez,fly_ball,90,29.6,327
2019-07-22,Sam Travis,fly_ball,84.8,39.4,295
2019-07-22,Guillermo Heredia,fly_ball,69.8,46.2,215
2019-07-22,Marco Hernandez,fly_ball,87,37.7,312
2019-07-22,Mookie Betts,fly_ball,90.7,56.1,241
2019-07-22,Rafael Devers,fly_ball,96.4,33.8,357
2019-07-22,Christian Vazquez,fly_ball,93.1,34.3,339
2019-07-22,Jackie Bradley,fly_ball,80.6,45.5,262
2019-07-22,Marco Hernandez,fly_ball,85.4,50.4,253
2019-07-22,Rafael Devers,fly_ball,83.6,50.9,237
2019-07-22,Guillermo Heredia,fly_ball,92.6,43.3,310
2019-07-22,Tommy Pham,fly_ball,97.6,27.1,347
2019-07-22,Freddy Galvis,fly_ball,92,40.6,328
2019-07-22,Roberto Perez,fly_ball,93.3,53,270
2019-07-22,Justin Smoak,fly_ball,107.4,25.5,435
2019-07-22,Carlos Santana,fly_ball,95.6,48.7,299
2019-07-22,Jose Ramirez,fly_ball,102.7,21.4,407
2019-07-22,Roberto Perez,fly_ball,91.2,28.5,363
2019-07-22,Jake Bauers,fly_ball,98.5,23.9,383
2019-07-22,Jake Bauers,fly_ball,85.2,38.1,290
2019-07-22,Jose Ramirez,fly_ball,90.7,24.8,350
2019-07-22,Roberto Perez,fly_ball,89.5,31.6,344
2019-07-22,Greg Allen,fly_ball,68,30.1,239
2019-07-22,Randal Grichuk,fly_ball,92,55.2,242
2019-07-22,Oscar Mercado,fly_ball,94.7,29.3,394
2019-07-22,Roberto Perez,fly_ball,79.6,41.7,259
2019-07-22,Danny Jansen,fly_ball,86.6,43.8,289
2019-07-22,Eric Sogard,fly_ball,86.6,37.1,310
2019-07-22,Mitch Garver,fly_ball,92.6,39.3,320
2019-07-22,Jorge Polanco,fly_ball,100.2,34.1,382
2019-07-22,Nelson Cruz,fly_ball,101.7,33.4,396
2019-07-22,Marwin Gonzalez,fly_ball,97.3,40.1,348
2019-07-22,Gio Urshela,fly_ball,103,27.1,416
2019-07-22,Edwin Encarnacion,fly_ball,74.1,29.7,257
2019-07-22,Jorge Polanco,fly_ball,75.1,27.3,265
2019-07-22,Luke Voit,fly_ball,101.5,33.3,367
2019-07-22,Max Kepler,fly_ball,94.6,30.5,357
2019-07-22,Mitch Garver,fly_ball,89,31.2,347
2019-07-22,DJ LeMahieu,fly_ball,96.2,31.1,359
2019-07-22,Gleyber Torres,fly_ball,100.3,23.9,381
2019-07-22,Mitch Garver,fly_ball,100.7,28.5,383
2019-07-22,A. J. Reed,fly_ball,89,55.8,231
2019-07-22,Jorge Alfaro,fly_ball,107.9,23,403
2019-07-22,Ryan Goins,fly_ball,81.7,52.6,235
2019-07-22,José Abreu,fly_ball,105.5,30,401
2019-07-22,Jorge Alfaro,fly_ball,97.1,34.2,347
2019-07-22,Jon Jay,fly_ball,93.3,36.9,342
2019-07-22,Yoan Moncada,fly_ball,101.7,27.6,410
2019-07-22,James McCann,fly_ball,102.4,27.1,370
2019-07-22,Ryan Goins,fly_ball,100.7,35.1,388
2019-07-22,Jorge Alfaro,fly_ball,93.1,29.6,350
2019-07-22,Jon Jay,fly_ball,75.7,41.7,256
2019-07-22,Carlos Sanchez,fly_ball,99.6,38.2,358
2019-07-22,Curtis Granderson,fly_ball,96.5,39.4,342
2019-07-22,Joey Votto,fly_ball,83.6,29.4,317
2019-07-22,Orlando Arcia,fly_ball,89.6,25.9,346
2019-07-22,Eugenio Suarez,fly_ball,101.6,34.1,407
2019-07-22,Jose Peraza,fly_ball,95.8,27.6,351
2019-07-22,Tyler Saladino,fly_ball,106.3,25.4,419
2019-07-22,Eugenio Suarez,fly_ball,107,31.1,433
2019-07-23,Eduardo Escobar,fly_ball,89.8,45.3,297
2019-07-23,Anthony Santander,fly_ball,107.7,25.7,415
2019-07-23,Dwight Smith,fly_ball,98.8,34.8,371
2019-07-23,Jake Lamb,fly_ball,98.7,32.5,388
2019-07-23,Nick Ahmed,fly_ball,85.2,35.3,322
2019-07-23,Hanser Alberto,fly_ball,83.3,44.8,261
2019-07-23,Christian Walker,fly_ball,96.2,48.9,291
2019-07-23,Scott Kingery,fly_ball,91.1,49.4,281
2019-07-23,Roman Quinn,fly_ball,105.7,28.4,434
2019-07-23,Jeimer Candelario,fly_ball,81.4,54.5,199
2019-07-23,John Hicks,fly_ball,96.3,31.2,375
2019-07-23,J. T. Realmuto,fly_ball,89.8,34.7,313
2019-07-23,Jordy Mercer,fly_ball,79.2,49.1,234
2019-07-23,Harold Castro,fly_ball,92.1,50.8,270
2019-07-23,Nick Castellanos,fly_ball,99.7,33.1,372
2019-07-23,Jean Segura,fly_ball,105.8,21,411
2019-07-23,Scott Kingery,fly_ball,105.8,44.5,350
2019-07-23,John Hicks,fly_ball,86.6,43.3,279
2019-07-23,Jordy Mercer,fly_ball,70.8,40.8,223
2019-07-23,Scott Kingery,fly_ball,96.7,35.4,340
2019-07-23,J. T. Realmuto,fly_ball,90.4,32.5,342
2019-07-23,JaCoby Jones,fly_ball,98.1,48.2,304
2019-07-23,Josh Phegley,fly_ball,84.7,28.2,309
2019-07-23,Michael Brantley,fly_ball,97.7,26.8,381
2019-07-23,Yordan Álvarez,fly_ball,80.5,44.9,265
2019-07-23,Marcus Semien,fly_ball,87.7,34.7,304
2019-07-23,Yordan Álvarez,fly_ball,82,53.3,240
2019-07-23,Aledmys Díaz,fly_ball,93.6,46.6,299
2019-07-23,Franklin Barreto,fly_ball,83.1,34.2,303
2019-07-23,Alex Bregman,fly_ball,97,34.2,368
2019-07-23,Matt Olson,fly_ball,101.8,33.1,394
2019-07-23,Khris Davis,fly_ball,77.9,34.6,293
2019-07-23,Tony Kemp,fly_ball,72.4,54.3,204
2019-07-23,Yordan Álvarez,fly_ball,82.9,47.1,261
2019-07-23,Andrelton Simmons,fly_ball,76.5,33.1,278
2019-07-23,Corey Seager,fly_ball,93.3,55.2,261
2019-07-23,David Fletcher,fly_ball,83.4,39,280
2019-07-23,Mike Trout,fly_ball,111,29.2,454
2019-07-23,Cody Bellinger,fly_ball,86.4,43.9,277
2019-07-23,Justin Upton,fly_ball,94.9,25.1,358
2019-07-23,Kole Calhoun,fly_ball,102.8,35.1,389
2019-07-23,Andrelton Simmons,fly_ball,79.5,40.7,260
2019-07-23,Dustin Garneau,fly_ball,78.1,32.2,284
2019-07-23,Cody Bellinger,fly_ball,84.6,54.6,237
2019-07-23,Mike Trout,fly_ball,80.1,37.9,286
2019-07-23,Joc Pederson,fly_ball,83.3,32.7,310
2019-07-23,Max Muncy,fly_ball,84.4,31.9,304
2019-07-23,Charlie Blackmon,fly_ball,96.6,33.9,353
2019-07-23,Daniel Murphy,fly_ball,82.4,45.9,242
2019-07-23,Daniel Murphy,fly_ball,88,25,334
2019-07-23,Brian Dozier,fly_ball,83.6,42.7,282
2019-07-23,Juan Soto,fly_ball,93.7,38.1,327
2019-07-23,Charlie Blackmon,fly_ball,103.2,22.8,389
2019-07-23,Daniel Murphy,fly_ball,90.7,51.4,258
2019-07-23,Raimel Tapia,fly_ball,94.2,27.4,361
2019-07-23,Hunter Renfroe,fly_ball,83.6,42.2,272
2019-07-23,Michael Conforto,fly_ball,88.7,29.7,325
2019-07-23,Chris Paddack,fly_ball,92.3,43.9,294
2019-07-23,Michael Conforto,fly_ball,91.9,49,287
2019-07-23,Robinson Cano,fly_ball,105.1,26.2,399
2019-07-23,Todd Frazier,fly_ball,91.7,47.4,294
2019-07-23,Francisco Mejia,fly_ball,86.3,51.9,237
2019-07-23,Amed Rosario,fly_ball,87.8,48.8,272
2019-07-23,Michael Conforto,fly_ball,90.7,25.9,316
2019-07-23,Robinson Cano,fly_ball,104.3,21.8,409
2019-07-23,Todd Frazier,fly_ball,93.7,43.6,311
2019-07-23,Wil Myers,fly_ball,87,54.2,229
2019-07-23,Robinson Cano,fly_ball,106.4,27.4,418
2019-07-23,Hunter Renfroe,fly_ball,75.9,32.1,270
2019-07-23,Todd Frazier,fly_ball,78.4,50.7,216
2019-07-23,Luis Urias,fly_ball,69.4,40.9,243
2019-07-23,Starling Marte,fly_ball,102.7,34,404
2019-07-23,Paul Goldschmidt,fly_ball,105.9,27.1,391
2019-07-23,Tyler O'Neill,fly_ball,94.5,46.6,319
2019-07-23,Jacob Stallings,fly_ball,88.3,50,263
2019-07-23,Jose Martinez,fly_ball,102.6,25.4,404
2019-07-23,Paul DeJong,fly_ball,91.6,25.4,360
2019-07-23,Melky Cabrera,fly_ball,77.7,41.6,251
2019-07-23,Jose Osuna,fly_ball,88.8,38.7,309
2019-07-23,Shin-Soo Choo,fly_ball,100.8,29.1,386
2019-07-23,Logan Forsythe,fly_ball,71,27.8,221
2019-07-23,Austin Nola,fly_ball,74.6,37.6,233
2019-07-23,Rougned Odor,fly_ball,100.7,23.3,401
2019-07-23,Logan Forsythe,fly_ball,100,28.8,387
2019-07-23,Asdrubal Cabrera,fly_ball,91,37.6,308
2019-07-23,Tim Federowicz,fly_ball,95.1,44.5,301
2019-07-23,Kyle Seager,fly_ball,101.5,37,366
2019-07-23,Tim Beckham,fly_ball,95.2,40.2,296
2019-07-23,Nomar Mazara,fly_ball,75.9,49.5,215
2019-07-23,Austin Nola,fly_ball,92.1,38.8,313
2019-07-23,Brandon Belt,fly_ball,77.6,46.1,233
2019-07-23,Victor Caratini,fly_ball,86.7,45.1,275
2019-07-23,Alex Dickerson,fly_ball,103,23.5,412
2019-07-23,Mike Yastrzemski,fly_ball,82.8,43.5,264
2019-07-23,Kyle Schwarber,fly_ball,86,43.5,288
2019-07-23,Jason Heyward,fly_ball,90.1,37.8,320
2019-07-23,Alex Dickerson,fly_ball,101.5,34.6,372
2019-07-23,Joe Panik,fly_ball,89.3,38.3,312
2019-07-23,Brandon Belt,fly_ball,79.5,33.4,271
2019-07-23,Buster Posey,fly_ball,84.2,37.5,296
2019-07-23,Joe Panik,fly_ball,89.4,30.3,316
2019-07-23,Alex Dickerson,fly_ball,90,47.1,268
2019-07-23,Joe Panik,fly_ball,79.2,57,203
2019-07-23,Stephen Vogt,fly_ball,102.7,38.5,370
2019-07-23,Pablo Sandoval,fly_ball,100,27.6,356
2019-07-23,Sandy Leon,fly_ball,72.7,43.3,235
2019-07-23,Travis d'Arnaud,fly_ball,95.1,34.7,370
2019-07-23,Andrew Benintendi,fly_ball,95.3,40,335
2019-07-23,Matt Duffy,fly_ball,98.5,26.5,392
2019-07-23,Jackie Bradley,fly_ball,89.7,28.2,304
2019-07-23,Mookie Betts,fly_ball,89.1,35.6,314
2019-07-23,Brock Holt,fly_ball,76,42.5,245
2019-07-23,Christian Vazquez,fly_ball,101.4,29.4,403
2019-07-23,Ji-Man Choi,fly_ball,87.2,39,303
2019-07-23,Avisail Garcia,fly_ball,92,50.6,279
2019-07-23,Xander Bogaerts,fly_ball,102.3,29.2,392
2019-07-23,Francisco Lindor,fly_ball,93.8,23.3,368
2019-07-23,Justin Smoak,fly_ball,88.5,28.3,339
2019-07-23,Cavan Biggio,fly_ball,96.9,32.7,373
2019-07-23,Randal Grichuk,fly_ball,76.3,42.9,245
2019-07-23,Roberto Perez,fly_ball,85.2,31.4,301
2019-07-23,Cavan Biggio,fly_ball,95.6,46.3,317
2019-07-23,Justin Smoak,fly_ball,99.5,30.6,424
2019-07-23,Cavan Biggio,fly_ball,97.3,35.4,358
2019-07-23,Francisco Lindor,fly_ball,96,27.9,372
2019-07-23,Edwin Encarnacion,fly_ball,97.4,25.9,381
2019-07-23,Jorge Polanco,fly_ball,102.8,35.3,385
2019-07-23,Nelson Cruz,fly_ball,100.4,35.9,389
2019-07-23,Eddie Rosario,fly_ball,96.4,51.2,287
2019-07-23,Gleyber Torres,fly_ball,73.6,36.7,266
2019-07-23,Max Kepler,fly_ball,95.1,38.1,347
2019-07-23,Miguel Sano,fly_ball,109,23.8,414
2019-07-23,Ehire Adrianza,fly_ball,90.4,33,313
2019-07-23,Aaron Hicks,fly_ball,78.7,58.3,206
2019-07-23,Marwin Gonzalez,fly_ball,88.2,30.4,331
2019-07-23,Ehire Adrianza,fly_ball,94.1,34.7,339
2019-07-23,Jorge Polanco,fly_ball,92.8,40.3,328
2019-07-23,Mike Tauchman,fly_ball,98.4,38.1,361
2019-07-23,Aaron Judge,fly_ball,105.1,38,406
2019-07-23,Didi Gregorius,fly_ball,101.6,36.7,386
2019-07-23,Gleyber Torres,fly_ball,86.9,34.9,314
2019-07-23,Gio Urshela,fly_ball,98.1,45.4,313
2019-07-23,Aaron Hicks,fly_ball,111,20.4,419
2019-07-23,Austin Romine,fly_ball,69.4,34.6,232
2019-07-23,Gio Urshela,fly_ball,94.9,54.9,248
2019-07-23,Alex Gordon,fly_ball,105.7,35.8,417
2019-07-23,Lucas Duda,fly_ball,105.1,31.9,435
2019-07-23,Austin Riley,fly_ball,106.2,46.9,346
2019-07-23,Billy Hamilton,fly_ball,81.4,32.5,281
2019-07-23,Jon Jay,fly_ball,88.2,34.3,340
2019-07-23,Yoan Moncada,fly_ball,93.3,39,334
2019-07-23,Adam Engel,fly_ball,81.6,32.5,296
2019-07-23,Curtis Granderson,fly_ball,98.3,37.1,375
2019-07-23,Harold Ramirez,fly_ball,101.2,22.8,369
2019-07-23,Neil Walker,fly_ball,89.2,45.9,291
2019-07-23,Yoan Moncada,fly_ball,77.2,43.2,257
2019-07-23,Ryan Goins,fly_ball,95.9,28.4,338
2019-07-23,José Abreu,fly_ball,104.2,36.6,377
2019-07-23,Eugenio Suarez,fly_ball,101.5,25.4,360
2019-07-23,Jesse Winker,fly_ball,99.9,31.5,383
2019-07-23,Scooter Gennett,fly_ball,73.4,30.7,262
2019-07-23,Christian Yelich,fly_ball,81.9,45.9,244
2019-07-23,Mike Moustakas,fly_ball,90.2,26.6,335
2019-07-23,Yasmani Grandal,fly_ball,89.4,41.1,314
2019-07-23,Scooter Gennett,fly_ball,92.2,31.7,358
2019-07-23,Joey Votto,fly_ball,103.3,29,394
2019-07-23,Phil Ervin,fly_ball,97.9,41.9,338
2019-07-23,Manny Pina,fly_ball,100.9,23.3,392
2019-07-23,Eugenio Suarez,fly_ball,95.3,25.5,376
2019-07-23,José Iglesias,fly_ball,82.5,30.9,308
2019-07-24,Anthony Santander,fly_ball,81.5,35.9,291
2019-07-24,Tim Locastro,fly_ball,92.5,27.9,373
2019-07-24,Pedro Severino,fly_ball,98.7,45.7,323
2019-07-24,Wilmer Flores,fly_ball,70.9,34.6,258
2019-07-24,Carson Kelly,fly_ball,95.3,42.4,320
2019-07-24,Trey Mancini,fly_ball,87.6,41,297
2019-07-24,Anthony Santander,fly_ball,102.6,23.3,413
2019-07-24,Wilmer Flores,fly_ball,87,47.7,279
2019-07-24,Carson Kelly,fly_ball,99.7,26.1,392
2019-07-24,Trey Mancini,fly_ball,106.5,33.6,435
2019-07-24,Ketel Marte,fly_ball,106.8,23.9,412
2019-07-24,Wilmer Flores,fly_ball,72.4,26.9,260
2019-07-24,Nick Ahmed,fly_ball,91.3,30.1,330
2019-07-24,Jonathan Villar,fly_ball,82.2,33.1,306
2019-07-24,Trey Mancini,fly_ball,91.9,55,235
2019-07-24,Rhys Hoskins,fly_ball,102.8,30.7,401
2019-07-24,JaCoby Jones,fly_ball,95.4,34.8,334
2019-07-24,J. T. Realmuto,fly_ball,101.2,32,384
2019-07-24,Nick Williams,fly_ball,106.9,29.8,435
2019-07-24,Bobby Wilson,fly_ball,79.1,39.3,281
2019-07-24,Harold Castro,fly_ball,94.9,38.8,336
2019-07-24,Cesar Hernandez,fly_ball,90.1,48,279
2019-07-24,J. T. Realmuto,fly_ball,83.9,39.1,301
2019-07-24,Bobby Wilson,fly_ball,82.3,46.3,257
2019-07-24,Gordon Beckham,fly_ball,88.8,28.9,340
2019-07-24,Rhys Hoskins,fly_ball,99.3,32.6,383
2019-07-24,Matt Olson,fly_ball,100,37.3,365
2019-07-24,Josh Reddick,fly_ball,82.6,53.5,231
2019-07-24,Myles Straw,fly_ball,95.1,31.5,360
2019-07-24,George Springer,fly_ball,106.7,24,421
2019-07-24,Mark Canha,fly_ball,90.2,51.9,256
2019-07-24,Jose Altuve,fly_ball,104,26.8,428
2019-07-24,Mark Canha,fly_ball,66.7,30.9,230
2019-07-24,Michael Brantley,fly_ball,81.9,49.5,251
2019-07-24,Yuli Gurriel,fly_ball,84.1,39.6,288
2019-07-24,Robbie Grossman,fly_ball,68.7,35.6,244
2019-07-24,Enrique Hernandez,fly_ball,94.3,56,256
2019-07-24,Kole Calhoun,fly_ball,101.1,35.9,404
2019-07-24,Justin Turner,fly_ball,101.3,25.4,417
2019-07-24,Cody Bellinger,fly_ball,87.2,47.8,267
2019-07-24,Austin Barnes,fly_ball,93.7,42.1,317
2019-07-24,Corey Seager,fly_ball,81.9,36.9,299
2019-07-24,David Dahl,fly_ball,97.4,29.8,332
2019-07-24,Matt Adams,fly_ball,103.1,24.7,402
2019-07-24,Ryan McMahon,fly_ball,96.3,30.3,332
2019-07-24,Trea Turner,fly_ball,93.7,33.2,315
2019-07-24,Adam Eaton,fly_ball,99,30.8,394
2019-07-24,Anthony Rendon,fly_ball,98.2,31.8,369
2019-07-24,Brian Dozier,fly_ball,99.1,42.7,340
2019-07-24,Kurt Suzuki,fly_ball,86.9,33,324
2019-07-24,Nolan Arenado,fly_ball,80.1,34.1,257
2019-07-24,Ryan McMahon,fly_ball,73.2,35,245
2019-07-24,Juan Soto,fly_ball,92.2,50.5,270
2019-07-24,Trevor Story,fly_ball,99.7,25.5,371
2019-07-24,Adam Eaton,fly_ball,95.7,38.8,331
2019-07-24,Garrett Hampson,fly_ball,82.7,31,299
2019-07-24,Yan Gomes,fly_ball,77.5,37,279
2019-07-24,Charlie Blackmon,fly_ball,100.5,25.3,387
2019-07-24,Juan Soto,fly_ball,89.1,57.1,225
2019-07-24,Brian Dozier,fly_ball,89.1,48.9,271
2019-07-24,Yan Gomes,fly_ball,107,26,426
2019-07-24,Anthony Rendon,fly_ball,90.9,41.8,294
2019-07-24,David Dahl,fly_ball,95,32.7,381
2019-07-24,Garrett Hampson,fly_ball,87.5,55.6,231
2019-07-24,Amed Rosario,fly_ball,70.2,44.9,210
2019-07-24,Eric Hosmer,fly_ball,78.9,47.4,243
2019-07-24,Manny Machado,fly_ball,88.5,52,243
2019-07-24,Austin Hedges,fly_ball,101.6,22.6,407
2019-07-24,Francisco Mejia,fly_ball,68.9,25.4,216
2019-07-24,Fernando Tatis,fly_ball,79.6,53,214
2019-07-24,Hunter Renfroe,fly_ball,80.7,40.9,271
2019-07-24,Luis Urias,fly_ball,93.3,55.8,243
2019-07-24,Kevin Newman,fly_ball,93.1,27.2,337
2019-07-24,Paul DeJong,fly_ball,99.4,25.4,409
2019-07-24,Kolten Wong,fly_ball,66.3,50.6,186
2019-07-24,Andrew Knizner,fly_ball,103.4,27.4,414
2019-07-24,Paul DeJong,fly_ball,76.9,40.1,261
2019-07-24,Jose Martinez,fly_ball,86.8,27,324
2019-07-24,Elias Diaz,fly_ball,95.2,32.4,357
2019-07-24,Paul DeJong,fly_ball,103.8,28.7,413
2019-07-24,Dexter Fowler,fly_ball,79.4,48.9,238
2019-07-24,Corey Dickerson,fly_ball,103,53.7,278
2019-07-24,Josh Bell,fly_ball,75.9,36,276
2019-07-24,Jose Osuna,fly_ball,73.6,48.2,225
2019-07-24,Adam Frazier,fly_ball,86.6,54.2,243
2019-07-24,Colin Moran,fly_ball,86.6,44.7,283
2019-07-24,Paul DeJong,fly_ball,106.1,22,420
2019-07-24,Elias Diaz,fly_ball,91.9,35.2,321
2019-07-24,Jose Osuna,fly_ball,91.6,54.8,244
2019-07-24,Tommy Edman,fly_ball,83.3,46.7,262
2019-07-24,Danny Santana,fly_ball,98.1,35.1,336
2019-07-24,Tim Beckham,fly_ball,68.1,43.1,215
2019-07-24,Hunter Pence,fly_ball,87,27.2,314
2019-07-24,Tom Murphy,fly_ball,75.8,31.5,278
2019-07-24,Austin Nola,fly_ball,88.7,39.9,306
2019-07-24,Kyle Seager,fly_ball,91.2,31.3,320
2019-07-24,Omar Narvaez,fly_ball,88.4,38,289
2019-07-24,Tim Beckham,fly_ball,78.9,48.2,212
2019-07-24,Omar Narvaez,fly_ball,94.8,39.3,334
2019-07-24,Elvis Andrus,fly_ball,88.2,53.4,242
2019-07-24,Rougned Odor,fly_ball,108.1,26.1,394
2019-07-24,Dan Vogelbach,fly_ball,109.4,33.7,422
2019-07-24,Kyle Seager,fly_ball,90.5,41.5,314
2019-07-24,Jeff Mathis,fly_ball,93,45.7,293
2019-07-24,Kristopher Negron,fly_ball,84.8,46.2,262
2019-07-24,Logan Forsythe,fly_ball,102.8,39.2,360
2019-07-24,Javier Baez,fly_ball,102,33.7,411
2019-07-24,Kris Bryant,fly_ball,105.8,38.2,391
2019-07-24,Anthony Rizzo,fly_ball,91.5,31.8,349
2019-07-24,Kyle Schwarber,fly_ball,88.8,28.6,335
2019-07-24,Javier Baez,fly_ball,86.6,40.8,303
2019-07-24,Kyle Schwarber,fly_ball,99.5,33.8,363
2019-07-24,Brandon Belt,fly_ball,79.5,33.3,262
2019-07-24,Stephen Vogt,fly_ball,100.5,31.6,368
2019-07-24,Brandon Crawford,fly_ball,85,39.4,266
2019-07-24,David Bote,fly_ball,88.3,42.8,303
2019-07-24,Alex Dickerson,fly_ball,80.1,52.2,210
2019-07-24,Mookie Betts,fly_ball,92,38.1,324
2019-07-24,Mitch Moreland,fly_ball,89.7,25.9,332
2019-07-24,Mike Brosseau,fly_ball,93.1,48.4,286
2019-07-24,Tommy Pham,fly_ball,92.6,27.2,352
2019-07-24,Mookie Betts,fly_ball,94.8,38.8,327
2019-07-24,Brock Holt,fly_ball,77.4,46.6,246
2019-07-24,Mike Brosseau,fly_ball,82.8,54,234
2019-07-24,Guillermo Heredia,fly_ball,77.4,53.6,217
2019-07-24,Mookie Betts,fly_ball,71.6,30.1,258
2019-07-24,Jake Bauers,fly_ball,85.2,35.1,304
2019-07-24,Oscar Mercado,fly_ball,74.9,50.3,212
2019-07-24,Carlos Santana,fly_ball,91.4,52.1,274
2019-07-24,Lourdes Gurriel,fly_ball,93,29.4,359
2019-07-24,Justin Smoak,fly_ball,94.2,37.2,342
2019-07-24,Teoscar Hernandez,fly_ball,93.4,46.8,299
2019-07-24,Brandon Drury,fly_ball,84,48.4,264
2019-07-24,Jose Ramirez,fly_ball,94.4,37.4,338
2019-07-24,Carlos Santana,fly_ball,99.7,47.3,323
2019-07-24,Jason Kipnis,fly_ball,85.4,44.2,280
2019-07-24,DJ LeMahieu,fly_ball,88,44.2,298
2019-07-24,Eddie Rosario,fly_ball,99.6,43.5,354
2019-07-24,Didi Gregorius,fly_ball,97.4,24.6,391
2019-07-24,Gio Urshela,fly_ball,89.9,33.9,337
2019-07-24,Aaron Hicks,fly_ball,103.1,31.5,429
2019-07-24,Gleyber Torres,fly_ball,104.6,37.1,403
2019-07-24,Marwin Gonzalez,fly_ball,101.4,30.2,420
2019-07-24,Mitch Garver,fly_ball,93.5,51.4,271
2019-07-24,Nelson Cruz,fly_ball,109.1,32.9,424
2019-07-24,Eddie Rosario,fly_ball,86.2,39.5,308
2019-07-24,Aaron Hicks,fly_ball,83.4,50.6,251
2019-07-24,Edwin Encarnacion,fly_ball,78.7,34,291
2019-07-24,Didi Gregorius,fly_ball,76.5,40.7,265
2019-07-24,Aaron Judge,fly_ball,108.5,41.1,372
2019-07-24,Edwin Encarnacion,fly_ball,99.9,36.5,385
2019-07-24,Max Kepler,fly_ball,90.6,35.3,335
2019-07-24,Whit Merrifield,fly_ball,96.5,59.7,219
2019-07-24,Ozzie Albies,fly_ball,87,40.8,292
2019-07-24,Alex Gordon,fly_ball,100.5,23.5,401
2019-07-24,Nicky Lopez,fly_ball,90.2,40.9,303
2019-07-24,Meibrys Viloria,fly_ball,77.9,39.8,267
2019-07-24,Julio Teheran,fly_ball,96.8,29.3,369
2019-07-24,Ronald Acuna,fly_ball,100.7,44.1,333
2019-07-24,Alex Gordon,fly_ball,86.9,33.9,331
2019-07-24,Leury Garcia,fly_ball,99.3,36.2,369
2019-07-24,Starlin Castro,fly_ball,82.6,41.4,264
2019-07-24,Curtis Granderson,fly_ball,82.2,41.4,279
2019-07-24,Yoan Moncada,fly_ball,94.6,44.9,301
2019-07-24,James McCann,fly_ball,94.3,34.1,355
2019-07-24,Carlos Sanchez,fly_ball,76.1,41.5,236
2019-07-24,Jon Jay,fly_ball,83.9,49.2,247
2019-07-24,Cesar Puello,fly_ball,105.5,31.1,432
2019-07-24,Miguel Rojas,fly_ball,80.8,53.9,222
2019-07-24,José Abreu,fly_ball,98.7,31.4,385
2019-07-24,A. J. Reed,fly_ball,88.8,51.7,263
2019-07-24,Jesse Winker,fly_ball,74.1,42.4,241
2019-07-24,Josh VanMeter,fly_ball,106.9,27.7,463
2019-07-24,Christian Yelich,fly_ball,86.1,52.9,238
2019-07-24,José Iglesias,fly_ball,86.1,44.7,278
2019-07-24,Keston Hiura,fly_ball,104.5,26.7,415
2019-07-24,Jesse Winker,fly_ball,95.6,31.7,372
2019-07-25,Renato Nunez,fly_ball,97.6,38.9,343
2019-07-25,Justin Upton,fly_ball,93.5,36.6,351
2019-07-25,Anthony Santander,fly_ball,92.7,26.3,348
2019-07-25,Luis Rengifo,fly_ball,81.2,50,233
2019-07-25,David Fletcher,fly_ball,82.4,40.9,280
2019-07-25,Stevie Wilkerson,fly_ball,82.5,45.2,258
2019-07-25,Pedro Severino,fly_ball,94,34.6,346
2019-07-25,Renato Nunez,fly_ball,94.4,27.3,375
2019-07-25,Kole Calhoun,fly_ball,101.9,23.9,388
2019-07-25,Anthony Santander,fly_ball,88.5,38.2,319
2019-07-25,Stevie Wilkerson,fly_ball,91.4,25,363
2019-07-25,Trey Mancini,fly_ball,106,24.8,421
2019-07-25,Anthony Santander,fly_ball,92.6,43.5,311
2019-07-25,Pedro Severino,fly_ball,90.7,54.5,243
2019-07-25,Brian Goodwin,fly_ball,105.7,26.1,411
2019-07-25,Albert Pujols,fly_ball,78.6,36.9,261
2019-07-25,Jace Peterson,fly_ball,93.4,30.7,363
2019-07-25,Albert Pujols,fly_ball,92,39.9,316
2019-07-25,Mike Trout,fly_ball,83.4,32.6,317
2019-07-25,Anthony Santander,fly_ball,97.8,27.1,365
2019-07-25,Brian Goodwin,fly_ball,94,58.4,234
2019-07-25,Kole Calhoun,fly_ball,99.8,42.7,334
2019-07-25,Trey Mancini,fly_ball,95.4,40.4,332
2019-07-25,Shohei Ohtani,fly_ball,87.7,33.7,302
2019-07-25,Pedro Severino,fly_ball,72.6,32,251
2019-07-25,Jonathan Villar,fly_ball,101.7,22.3,396
2019-07-25,Brian Goodwin,fly_ball,97.1,40.8,348
2019-07-25,J. D. Martinez,fly_ball,91.1,35.5,337
2019-07-25,Aaron Judge,fly_ball,99.2,26.9,378
2019-07-25,Mookie Betts,fly_ball,99.1,29.2,381
2019-07-25,Michael Chavis,fly_ball,83,38.3,294
2019-07-25,Kyle Higashioka,fly_ball,102.8,34.3,382
2019-07-25,Aaron Judge,fly_ball,103.6,40.4,358
2019-07-25,Mitch Moreland,fly_ball,82.5,44.3,270
2019-07-25,Luke Voit,fly_ball,70,33.5,233
2019-07-25,Gleyber Torres,fly_ball,86.8,47.8,280
2019-07-25,Xander Bogaerts,fly_ball,77.4,42.5,260
2019-07-25,Sandy Leon,fly_ball,97.4,30.2,392
2019-07-25,Rafael Devers,fly_ball,85.9,57.2,236
2019-07-25,Xander Bogaerts,fly_ball,98.6,26.9,404
2019-07-25,Michael Chavis,fly_ball,96.1,28,338
2019-07-25,Gleyber Torres,fly_ball,91.4,46.2,290
2019-07-25,Francisco Lindor,fly_ball,101.6,28.9,403
2019-07-25,Nicky Lopez,fly_ball,83.5,38.8,290
2019-07-25,Greg Allen,fly_ball,84.1,42.3,281
2019-07-25,Jordan Luplow,fly_ball,99.4,27.8,363
2019-07-25,Jorge Soler,fly_ball,97.8,42.6,327
2019-07-25,Jason Kipnis,fly_ball,94.8,35.4,356
2019-07-25,Billy Hamilton,fly_ball,91.6,39,320
2019-07-25,Whit Merrifield,fly_ball,87,48.3,265
2019-07-25,Hunter Dozier,fly_ball,92.7,33.3,340
2019-07-25,Cheslor Cuthbert,fly_ball,75.4,26.6,237
2019-07-25,Alex Gordon,fly_ball,93.7,37.5,343
2019-07-25,Hunter Dozier,fly_ball,77.9,41.1,267
2019-07-25,Jason Kipnis,fly_ball,87.3,30.4,329
2019-07-25,Jorge Soler,fly_ball,104.9,35.9,384
2019-07-25,Jose Ramirez,fly_ball,92.1,38.9,334
2019-07-25,Roberto Perez,fly_ball,86.5,35.8,280
2019-07-25,Cheslor Cuthbert,fly_ball,99.1,23.1,378
2019-07-25,Jake Bauers,fly_ball,87.1,40.1,299
2019-07-25,Alex Gordon,fly_ball,78.3,30.1,274
2019-07-25,Mike Freeman,fly_ball,93.6,35.2,355
2019-07-25,Greg Allen,fly_ball,91.6,49.4,298
2019-07-25,Cheslor Cuthbert,fly_ball,79.8,36.1,290
2019-07-25,Bubba Starling,fly_ball,89.5,34.4,342
2019-07-25,Jose Ramirez,fly_ball,99.2,30.1,396
2019-07-25,Jorge Soler,fly_ball,80.4,37.6,282
2019-07-25,Cheslor Cuthbert,fly_ball,92.9,40.6,331
2019-07-25,Adam Eaton,fly_ball,93.7,36.2,359
2019-07-25,Brian Dozier,fly_ball,86,50.2,237
2019-07-25,Tony Wolters,fly_ball,85.9,35.3,314
2019-07-25,Garrett Hampson,fly_ball,101.2,25.2,425
2019-07-25,Anthony Rendon,fly_ball,100.3,34,384
2019-07-25,Matt Adams,fly_ball,75.3,46.5,237
2019-07-25,Ryan McMahon,fly_ball,104.3,30.6,420
2019-07-25,Garrett Hampson,fly_ball,98.9,27.7,399
2019-07-25,Anthony Rendon,fly_ball,85.8,45.1,268
2019-07-25,Matt Adams,fly_ball,99.7,37.5,383
2019-07-25,Daniel Murphy,fly_ball,105.1,24.4,419
2019-07-25,Yonder Alonso,fly_ball,81.1,49.2,238
2019-07-25,Howie Kendrick,fly_ball,89,39.2,302
2019-07-25,Adam Eaton,fly_ball,77,40.3,271
2019-07-25,Ian Desmond,fly_ball,103.5,21.4,406
2019-07-25,Wilson Ramos,fly_ball,101,45.1,334
2019-07-25,Wilson Ramos,fly_ball,92.7,50.9,244
2019-07-25,Pete Alonso,fly_ball,85.8,38.4,307
2019-07-25,Luis Urias,fly_ball,92.3,34.1,355
2019-07-25,Manuel Margot,fly_ball,85.6,58.5,202
2019-07-25,Wilson Ramos,fly_ball,100.7,39.2,368
2019-07-25,Francisco Mejia,fly_ball,90.3,50,272
2019-07-25,Hunter Pence,fly_ball,92.6,44.7,308
2019-07-25,Matt Olson,fly_ball,107,43.9,354
2019-07-25,Khris Davis,fly_ball,102.4,31.5,352
2019-07-25,Jurickson Profar,fly_ball,102.2,34.8,373
2019-07-25,Robbie Grossman,fly_ball,96.8,31.6,341
2019-07-25,Tim Federowicz,fly_ball,78.3,48.1,232
2019-07-25,Danny Santana,fly_ball,100,31.6,385
2019-07-25,Mark Canha,fly_ball,89.9,42.9,290
2019-07-25,Asdrubal Cabrera,fly_ball,95.6,27.5,392
2019-07-25,Rougned Odor,fly_ball,93.4,38.3,298
2019-07-25,Asdrubal Cabrera,fly_ball,92.2,35.7,299
2019-07-25,Paul DeJong,fly_ball,101.8,43.2,366
2019-07-25,Corey Dickerson,fly_ball,78,31.3,271
2019-07-25,Adam Frazier,fly_ball,68.2,38.1,212
2019-07-25,Bryan Reynolds,fly_ball,94,28.8,366
2019-07-25,Paul Goldschmidt,fly_ball,103.7,26.2,418
2019-07-25,Kolten Wong,fly_ball,95.4,33.2,365
2019-07-25,Yairo Munoz,fly_ball,95.7,31.4,335
2019-07-25,Josh Bell,fly_ball,84.4,30.2,292
2019-07-25,Kevin Newman,fly_ball,86.6,47,278
2019-07-25,Dexter Fowler,fly_ball,101.7,31.4,409
2019-07-25,Paul DeJong,fly_ball,92.3,31,350
2019-07-25,Matt Wieters,fly_ball,86.6,45.9,281
2019-07-25,Dexter Fowler,fly_ball,91.3,28.3,318
2019-07-25,Paul Goldschmidt,fly_ball,85.8,41.2,291
2019-07-25,Bryan Reynolds,fly_ball,92.3,34.2,329
2019-07-25,Miguel Cabrera,fly_ball,88.9,48.8,269
2019-07-25,Nick Castellanos,fly_ball,95.6,35.8,351
2019-07-25,Mallex Smith,fly_ball,90.4,26.1,333
2019-07-25,Christin Stewart,fly_ball,97.3,49.8,282
2019-07-25,John Hicks,fly_ball,106.5,26.8,447
2019-07-25,Tim Beckham,fly_ball,102.3,26.7,415
2019-07-25,Omar Narvaez,fly_ball,96.5,25.3,362
2019-07-25,Kyle Seager,fly_ball,105.2,25.4,416
2019-07-25,Kyle Seager,fly_ball,96.7,29.2,349
2019-07-25,JaCoby Jones,fly_ball,99.4,37.2,362
2019-07-25,Jeimer Candelario,fly_ball,79.8,40.8,259
2019-07-25,Dan Vogelbach,fly_ball,102.3,28.8,343
2019-07-25,Max Kepler,fly_ball,84.4,33.7,315
2019-07-25,Luis Arraez,fly_ball,84.4,31,285
2019-07-25,Yoan Moncada,fly_ball,97.5,37.6,340
2019-07-25,James McCann,fly_ball,93.7,48.5,292
2019-07-25,Carlos Sanchez,fly_ball,83.6,38.7,282
2019-07-25,Nelson Cruz,fly_ball,108.7,22,433
2019-07-25,Eddie Rosario,fly_ball,76.2,31.3,282
2019-07-25,Max Kepler,fly_ball,100.4,28.7,399
2019-07-25,Nelson Cruz,fly_ball,107,30.7,430
2019-07-25,A. J. Reed,fly_ball,78.5,36.6,270
2019-07-25,Miguel Sano,fly_ball,93.7,33.9,375
2019-07-25,Byron Buxton,fly_ball,75.9,34.8,276
2019-07-25,Ryan Goins,fly_ball,95.3,47.4,283
2019-07-25,A. J. Reed,fly_ball,83.3,36.9,282
2019-07-25,Miguel Sano,fly_ball,92.5,28.4,343
2019-07-25,Jonathan Schoop,fly_ball,105.7,34.8,400
2019-07-25,Nelson Cruz,fly_ball,99.9,51.3,293
2019-07-25,Eddie Rosario,fly_ball,88.7,47.2,291
2019-07-25,Mitch Garver,fly_ball,90.3,48.4,280
2019-07-26,Trey Mancini,fly_ball,90.4,34.5,309
2019-07-26,Anthony Santander,fly_ball,91.5,39.3,318
2019-07-26,Chance Sisco,fly_ball,81.6,50.2,231
2019-07-26,Dwight Smith,fly_ball,84.6,37.7,288
2019-07-26,Chris Davis,fly_ball,94.5,40.2,335
2019-07-26,Anthony Santander,fly_ball,69.4,44,220
2019-07-26,Chance Sisco,fly_ball,92.9,50.5,287
2019-07-26,Dwight Smith,fly_ball,89.9,44.9,283
2019-07-26,Matt Thaiss,fly_ball,100.9,40.8,367
2019-07-26,Jonathan Villar,fly_ball,91.8,37,333
2019-07-26,David Fletcher,fly_ball,76.6,36.3,266
2019-07-26,Anthony Santander,fly_ball,85.2,37.9,309
2019-07-26,Renato Nunez,fly_ball,97.8,46.1,316
2019-07-26,Andrelton Simmons,fly_ball,92.4,42.5,318
2019-07-26,Jace Peterson,fly_ball,95.2,47.8,307
2019-07-26,Matt Thaiss,fly_ball,80.1,46.5,244
2019-07-26,Justin Upton,fly_ball,102.6,32.3,395
2019-07-26,Mookie Betts,fly_ball,103.9,41.1,362
2019-07-26,J. D. Martinez,fly_ball,107.3,31,433
2019-07-26,Cameron Maybin,fly_ball,92.4,41.6,303
2019-07-26,Mike Tauchman,fly_ball,92.3,31.4,350
2019-07-26,Mookie Betts,fly_ball,102.4,25.8,390
2019-07-26,Christian Vazquez,fly_ball,83.3,56.2,203
2019-07-26,Mookie Betts,fly_ball,103.4,39.5,376
2019-07-26,Mike Tauchman,fly_ball,87.9,37.8,301
2019-07-26,Aaron Judge,fly_ball,103.5,23,413
2019-07-26,Sam Travis,fly_ball,83,29.5,314
2019-07-26,Austin Romine,fly_ball,98.9,28.2,396
2019-07-26,Edwin Encarnacion,fly_ball,90.5,46.7,288
2019-07-26,Didi Gregorius,fly_ball,94.4,37.6,335
2019-07-26,Daniel Murphy,fly_ball,102.6,26.8,404
2019-07-26,Garrett Hampson,fly_ball,80.4,46,250
2019-07-26,Josh VanMeter,fly_ball,103.9,29.5,407
2019-07-26,David Dahl,fly_ball,103.2,29.9,384
2019-07-26,Jesse Winker,fly_ball,98.5,38.5,371
2019-07-26,Eugenio Suarez,fly_ball,97.7,49.6,286
2019-07-26,Tony Wolters,fly_ball,96.2,37,362
2019-07-26,Eugenio Suarez,fly_ball,101.9,50.2,297
2019-07-26,Scooter Gennett,fly_ball,85.3,45.2,267
2019-07-26,Jason Kipnis,fly_ball,98.8,29.9,393
2019-07-26,Alex Gordon,fly_ball,87.7,27.8,310
2019-07-26,Bubba Starling,fly_ball,80.8,40,279
2019-07-26,Humberto Arteaga,fly_ball,78,39.4,255
2019-07-26,Jose Ramirez,fly_ball,107.2,26.6,428
2019-07-26,Mike Freeman,fly_ball,98,50.4,285
2019-07-26,Tyler Naquin,fly_ball,101.4,24.3,391
2019-07-26,Francisco Lindor,fly_ball,93,33.2,345
2019-07-26,Cheslor Cuthbert,fly_ball,93.1,30.5,343
2019-07-26,Jake Bauers,fly_ball,73.8,29.3,260
2019-07-26,Cam Gallagher,fly_ball,92.7,23.9,343
2019-07-26,Cody Bellinger,fly_ball,102.1,41.9,354
2019-07-26,Russell Martin,fly_ball,84.3,30,320
2019-07-26,Trea Turner,fly_ball,82.8,45.1,254
2019-07-26,Justin Turner,fly_ball,102.9,25,395
2019-07-26,Corey Seager,fly_ball,97.8,36.8,363
2019-07-26,Starling Marte,fly_ball,71.8,38,242
2019-07-26,Jeff McNeil,fly_ball,79.3,32.5,272
2019-07-26,Robinson Cano,fly_ball,96.5,45.7,311
2019-07-26,Dominic Smith,fly_ball,95.1,45.5,321
2019-07-26,Corey Dickerson,fly_ball,76.8,37.1,255
2019-07-26,Adam Frazier,fly_ball,79.6,35.3,285
2019-07-26,Amed Rosario,fly_ball,101.7,24.2,399
2019-07-26,Jeff McNeil,fly_ball,94.8,37.9,341
2019-07-26,Josh Bell,fly_ball,92.8,45.1,304
2019-07-26,Jung Ho Kang,fly_ball,92.1,35.8,337
2019-07-26,Todd Frazier,fly_ball,101.7,26.9,394
2019-07-26,Zach Wheeler,fly_ball,91.3,29.6,326
2019-07-26,Jeff McNeil,fly_ball,98.3,30.8,375
2019-07-26,Adam Frazier,fly_ball,103.2,27.3,404
2019-07-26,Starling Marte,fly_ball,97.4,33.1,346
2019-07-26,Pete Alonso,fly_ball,106.3,30.5,416
2019-07-26,Amed Rosario,fly_ball,95,39.3,332
2019-07-26,Juan Lagares,fly_ball,71.1,28.5,245
2019-07-26,Jeff McNeil,fly_ball,96.9,36.4,350
2019-07-26,Pete Alonso,fly_ball,93.3,41.5,324
2019-07-26,Elias Diaz,fly_ball,87,59.3,198
2019-07-26,Shin-Soo Choo,fly_ball,104.4,44.1,330
2019-07-26,Ramon Laureano,fly_ball,78.7,35.4,278
2019-07-26,Asdrubal Cabrera,fly_ball,89.2,26.2,328
2019-07-26,Chris Herrmann,fly_ball,104.9,34.1,399
2019-07-26,Robbie Grossman,fly_ball,94.2,41.5,315
2019-07-26,Willie Calhoun,fly_ball,102.6,24.3,406
2019-07-26,Marcus Semien,fly_ball,87.5,42.6,284
2019-07-26,Rougned Odor,fly_ball,107,37,380
2019-07-26,Buster Posey,fly_ball,90.5,54.1,257
2019-07-26,Austin Slater,fly_ball,100.1,30.1,382
2019-07-26,Eric Hosmer,fly_ball,85.1,56.9,209
2019-07-26,Austin Hedges,fly_ball,105.9,27.5,419
2019-07-26,Greg Garcia,fly_ball,85.3,45.3,278
2019-07-26,Manuel Margot,fly_ball,94.5,26.4,365
2019-07-26,Stephen Vogt,fly_ball,86.1,30.4,317
2019-07-26,Brandon Belt,fly_ball,99.9,33,380
2019-07-26,Buster Posey,fly_ball,91.2,32.5,344
2019-07-26,Pablo Sandoval,fly_ball,94.4,29,365
2019-07-26,JaCoby Jones,fly_ball,95,36.7,338
2019-07-26,Miguel Cabrera,fly_ball,80,54,205
2019-07-26,Dan Vogelbach,fly_ball,95.5,32.9,353
2019-07-26,Brandon Dixon,fly_ball,103.3,31.6,407
2019-07-26,Niko Goodrum,fly_ball,84.2,32,272
2019-07-26,Mallex Smith,fly_ball,93.8,25.4,327
2019-07-26,Dan Vogelbach,fly_ball,91.5,29.5,349
2019-07-26,Tom Murphy,fly_ball,98,25.1,374
2019-07-26,Tim Beckham,fly_ball,90.8,53.5,275
2019-07-26,Alex Bregman,fly_ball,94.9,32.1,368
2019-07-26,Jose Martinez,fly_ball,90.9,27.3,339
2019-07-26,Kolten Wong,fly_ball,91.7,56.6,231
2019-07-26,Michael Brantley,fly_ball,101.6,25.2,415
2019-07-26,Yairo Munoz,fly_ball,85.4,28.5,316
2019-07-26,Matt Wieters,fly_ball,101.2,25.8,377
2019-07-26,Paul Goldschmidt,fly_ball,106.9,38.3,401
2019-07-26,Matt Wieters,fly_ball,88.9,27.6,319
2019-07-26,Tommy Edman,fly_ball,94.2,41.3,325
2019-07-26,Yuli Gurriel,fly_ball,73.3,29.3,250
2019-07-26,Austin Meadows,fly_ball,87.9,32.9,322
2019-07-26,Cavan Biggio,fly_ball,86.6,36,319
2019-07-26,Lourdes Gurriel,fly_ball,101.9,41.4,348
2019-07-26,Nate Lowe,fly_ball,85.1,38.7,292
2019-07-26,Joey Wendle,fly_ball,91.5,36.8,328
2019-07-26,Freddy Galvis,fly_ball,86.6,34.1,302
2019-07-26,Danny Jansen,fly_ball,84.1,34.4,334
2019-07-26,Ji-Man Choi,fly_ball,104.2,32,406
2019-07-26,Danny Jansen,fly_ball,86.1,41.6,295
2019-07-26,Brandon Drury,fly_ball,83.7,31.3,279
2019-07-26,Joey Wendle,fly_ball,87.2,32.2,327
2019-07-26,Justin Smoak,fly_ball,83.8,34.8,305
2019-07-26,Bryce Harper,fly_ball,74.2,44.8,237
2019-07-26,Maikel Franco,fly_ball,93.3,29.7,346
2019-07-26,J. T. Realmuto,fly_ball,94.6,50,285
2019-07-26,Brian McCann,fly_ball,103.5,28.6,426
2019-07-26,Josh Donaldson,fly_ball,97.6,40.9,339
2019-07-26,Scott Kingery,fly_ball,70.6,29.8,245
2019-07-26,Johan Camargo,fly_ball,93,32.2,359
2019-07-26,Freddie Freeman,fly_ball,95.6,43.6,328
2019-07-26,Josh Donaldson,fly_ball,77.1,34.7,266
2019-07-26,Cole Irvin,fly_ball,81,52.6,230
2019-07-26,Jean Segura,fly_ball,102,30.8,386
2019-07-26,Ender Inciarte,fly_ball,82.7,34.3,298
2019-07-26,Jean Segura,fly_ball,89.1,28.6,342
2019-07-26,Byron Buxton,fly_ball,91.2,51.8,250
2019-07-26,Max Kepler,fly_ball,102.7,24.7,385
2019-07-26,Luis Arraez,fly_ball,82.9,31.5,310
2019-07-26,Adam Engel,fly_ball,98.6,27.6,397
2019-07-26,Ryan Goins,fly_ball,94.8,42.6,321
2019-07-26,Max Kepler,fly_ball,83.2,32.3,297
2019-07-26,Nelson Cruz,fly_ball,102.9,41.5,360
2019-07-26,José Abreu,fly_ball,88.2,35.9,316
2019-07-26,Nelson Cruz,fly_ball,108.8,26,432
2019-07-26,Adam Engel,fly_ball,82,48.3,240
2019-07-26,Yoan Moncada,fly_ball,87.3,32.5,311
2019-07-26,Jorge Polanco,fly_ball,93.1,34.4,341
2019-07-26,Neil Walker,fly_ball,101.4,23.7,393
2019-07-26,Harold Ramirez,fly_ball,98.2,26.9,369
2019-07-26,Miguel Rojas,fly_ball,78.8,38.1,271
2019-07-26,Brian Anderson,fly_ball,94.6,57.8,236
2019-07-26,Jake Lamb,fly_ball,102.2,26.9,411
2019-07-26,Alex Avila,fly_ball,98.3,28.5,366
2019-07-26,Harold Ramirez,fly_ball,94.5,26.4,375
2019-07-26,David Peralta,fly_ball,77.8,40.7,246
2019-07-26,Jake Lamb,fly_ball,99.2,41.8,337
2019-07-26,Neil Walker,fly_ball,92.7,34.6,336
2019-07-26,Starlin Castro,fly_ball,93.8,44.8,308
2019-07-26,Jarrod Dyson,fly_ball,83.2,32.3,309
2019-07-26,Ketel Marte,fly_ball,78.7,32.6,278
2019-07-26,Jorge Alfaro,fly_ball,96.7,33.8,346
2019-07-26,Harold Ramirez,fly_ball,91.8,30,341
2019-07-26,Mike Moustakas,fly_ball,75.5,36.5,267
2019-07-26,Jason Heyward,fly_ball,92.5,36.5,353
2019-07-26,Eric Thames,fly_ball,89,35,330
2019-07-26,Travis Shaw,fly_ball,90.7,30.2,337
2019-07-26,Orlando Arcia,fly_ball,92.1,32.4,341
2019-07-26,Gio Gonzalez,fly_ball,81.6,54.4,224
2019-07-26,Christian Yelich,fly_ball,87.1,40.2,287
2019-07-26,Willson Contreras,fly_ball,97.4,35.7,362
2019-07-26,Mike Moustakas,fly_ball,88.5,36.4,337
2019-07-26,Javier Baez,fly_ball,99.5,48.8,294
2019-07-26,Ian Happ,fly_ball,86.2,45.5,283
2019-07-26,Willson Contreras,fly_ball,104.7,45.3,334
2019-07-26,Mike Moustakas,fly_ball,88.3,45.8,286
2019-07-26,Travis Shaw,fly_ball,78,31.8,296
2019-07-26,Jason Heyward,fly_ball,85.6,38.2,292
2019-07-26,Ian Happ,fly_ball,91,43.4,308
2019-07-27,Mike Trout,fly_ball,96.8,36.8,374
2019-07-27,Mike Trout,fly_ball,84.8,29.2,333
2019-07-27,Pedro Severino,fly_ball,99,30.7,397
2019-07-27,Shohei Ohtani,fly_ball,107.1,24.1,441
2019-07-27,Kole Calhoun,fly_ball,91.2,36.1,343
2019-07-27,Richie Martin,fly_ball,74.2,35.1,256
2019-07-27,Mike Trout,fly_ball,90.2,59.4,208
2019-07-27,Shohei Ohtani,fly_ball,98.8,36.7,356
2019-07-27,Albert Pujols,fly_ball,96.9,34.9,371
2019-07-27,Matt Thaiss,fly_ball,95.2,37.1,357
2019-07-27,Luis Rengifo,fly_ball,84.4,52.9,241
2019-07-27,Justin Upton,fly_ball,95.5,23.9,368
2019-07-27,Albert Pujols,fly_ball,95.2,51.7,270
2019-07-27,Mookie Betts,fly_ball,89.4,48.9,275
2019-07-27,Rafael Devers,fly_ball,80,40.2,263
2019-07-27,Gio Urshela,fly_ball,105.8,28.6,417
2019-07-27,Andrew Benintendi,fly_ball,87.7,38.2,310
2019-07-27,Sam Travis,fly_ball,80.7,40.4,276
2019-07-27,Gio Urshela,fly_ball,67.8,27.3,221
2019-07-27,Xander Bogaerts,fly_ball,89.2,37.9,315
2019-07-27,J. D. Martinez,fly_ball,109.5,24.7,432
2019-07-27,Jackie Bradley,fly_ball,87,29.2,311
2019-07-27,Edwin Encarnacion,fly_ball,101.2,45.3,333
2019-07-27,Mookie Betts,fly_ball,96.9,23,378
2019-07-27,Xander Bogaerts,fly_ball,88.9,32.6,331
2019-07-27,Gio Urshela,fly_ball,66.7,36.1,215
2019-07-27,Andrew Benintendi,fly_ball,101.1,23.5,404
2019-07-27,Brock Holt,fly_ball,86.9,31.1,325
2019-07-27,Jackie Bradley,fly_ball,95.6,35.7,337
2019-07-27,Mookie Betts,fly_ball,95.1,30.6,386
2019-07-27,Sam Travis,fly_ball,72.3,30.8,247
2019-07-27,Daniel Murphy,fly_ball,83.5,34.1,315
2019-07-27,Ian Desmond,fly_ball,86.9,42.9,285
2019-07-27,Ryan Lavarnway,fly_ball,91.5,52.3,267
2019-07-27,Jesse Winker,fly_ball,82.5,46.7,260
2019-07-27,Eugenio Suarez,fly_ball,108.9,24.6,432
2019-07-27,David Dahl,fly_ball,91.8,23.4,340
2019-07-27,Daniel Murphy,fly_ball,72.3,32.3,236
2019-07-27,Daniel Murphy,fly_ball,80.9,42.1,261
2019-07-27,Ian Desmond,fly_ball,82,33,301
2019-07-27,Ryan Lavarnway,fly_ball,81.8,36.2,287
2019-07-27,Joey Votto,fly_ball,93.3,53.6,256
2019-07-27,Jason Kipnis,fly_ball,102.3,28.7,417
2019-07-27,Greg Allen,fly_ball,92.8,32.1,334
2019-07-27,Francisco Lindor,fly_ball,104.8,30,414
2019-07-27,Jose Ramirez,fly_ball,84.1,37.3,302
2019-07-27,Jake Bauers,fly_ball,89,51.1,262
2019-07-27,Cam Gallagher,fly_ball,72.8,51,209
2019-07-27,Hunter Dozier,fly_ball,93,37.8,349
2019-07-27,Jose Ramirez,fly_ball,102.1,36.3,422
2019-07-27,Roberto Perez,fly_ball,96.3,26.6,370
2019-07-27,Oscar Mercado,fly_ball,94.2,30,382
2019-07-27,Roberto Perez,fly_ball,97.6,27.7,335
2019-07-27,Ryan O'Hearn,fly_ball,94.9,49.5,295
2019-07-27,Francisco Lindor,fly_ball,73.6,45.1,234
2019-07-27,Jason Kipnis,fly_ball,95.8,36,358
2019-07-27,Justin Turner,fly_ball,82.4,46.5,249
2019-07-27,Juan Soto,fly_ball,92.1,27.8,355
2019-07-27,Cody Bellinger,fly_ball,73.4,33.6,254
2019-07-27,Will Smith,fly_ball,104.6,23.9,399
2019-07-27,Will Smith,fly_ball,97,28.6,380
2019-07-27,Trea Turner,fly_ball,97.3,26.1,347
2019-07-27,Cody Bellinger,fly_ball,99.2,44.2,327
2019-07-27,Brian Dozier,fly_ball,91.5,31.8,336
2019-07-27,A. J. Pollock,fly_ball,85.5,31.7,309
2019-07-27,Joc Pederson,fly_ball,95.2,36.8,333
2019-07-27,Yan Gomes,fly_ball,101.9,24.3,377
2019-07-27,Matt Beaty,fly_ball,88.5,34,331
2019-07-27,Jose Osuna,fly_ball,94.7,37.4,347
2019-07-27,Todd Frazier,fly_ball,94.4,46,304
2019-07-27,J. D. Davis,fly_ball,88.5,34.9,329
2019-07-27,Robinson Cano,fly_ball,96.2,46.3,304
2019-07-27,Jacob Stallings,fly_ball,99,24.5,384
2019-07-27,Jeff McNeil,fly_ball,73.3,36.4,260
2019-07-27,Michael Conforto,fly_ball,103.1,29,390
2019-07-27,J. D. Davis,fly_ball,105.7,35.3,406
2019-07-27,Melky Cabrera,fly_ball,84,46.6,264
2019-07-27,Danny Santana,fly_ball,100.2,46.3,313
2019-07-27,Asdrubal Cabrera,fly_ball,95.5,36.8,343
2019-07-27,Marcus Semien,fly_ball,101.5,30.5,403
2019-07-27,Robbie Grossman,fly_ball,88.5,34.4,312
2019-07-27,Willie Calhoun,fly_ball,92.8,39.7,304
2019-07-27,Hunter Pence,fly_ball,90.9,28.5,327
2019-07-27,Ramon Laureano,fly_ball,104.1,31.4,413
2019-07-27,Franklin Barreto,fly_ball,80.8,34,301
2019-07-27,Marcus Semien,fly_ball,91,56.4,227
2019-07-27,Logan Forsythe,fly_ball,82.1,30.5,299
2019-07-27,Francisco Mejia,fly_ball,90.7,28,348
2019-07-27,Alex Dickerson,fly_ball,75,36.1,266
2019-07-27,Brandon Crawford,fly_ball,67.5,30.6,233
2019-07-27,Stephen Vogt,fly_ball,93.3,35,331
2019-07-27,Joe Panik,fly_ball,96.9,31.4,363
2019-07-27,Fernando Tatis,fly_ball,100,41,343
2019-07-27,Wil Myers,fly_ball,84.2,28.1,299
2019-07-27,Christin Stewart,fly_ball,98.7,26.1,359
2019-07-27,Bobby Wilson,fly_ball,93.4,47.5,288
2019-07-27,Kyle Seager,fly_ball,86.8,37.2,310
2019-07-27,Gordon Beckham,fly_ball,79.6,52.1,205
2019-07-27,Brandon Dixon,fly_ball,94.7,44.1,295
2019-07-27,Tim Beckham,fly_ball,98,24.8,349
2019-07-27,Dan Vogelbach,fly_ball,66.5,38.9,225
2019-07-27,Austin Nola,fly_ball,96.3,26.2,380
2019-07-27,Ryan Court,fly_ball,98,27.3,366
2019-07-27,Christin Stewart,fly_ball,72,47.6,212
2019-07-27,Paul Goldschmidt,fly_ball,85.2,36.8,310
2019-07-27,Carlos Correa,fly_ball,101.2,27.4,367
2019-07-27,Paul Goldschmidt,fly_ball,106,33,421
2019-07-27,Tyler O'Neill,fly_ball,99.2,33.3,379
2019-07-27,Carlos Correa,fly_ball,77.3,31.1,281
2019-07-27,Yairo Munoz,fly_ball,96.8,26.1,373
2019-07-27,George Springer,fly_ball,101.6,29.2,405
2019-07-27,Alex Bregman,fly_ball,96.4,23.3,390
2019-07-27,Yuli Gurriel,fly_ball,98.5,45.9,320
2019-07-27,Paul DeJong,fly_ball,87.7,32.8,351
2019-07-27,Matt Duffy,fly_ball,84.1,40.7,273
2019-07-27,Travis d'Arnaud,fly_ball,69.4,34.2,239
2019-07-27,Travis d'Arnaud,fly_ball,105.3,23,417
2019-07-27,Cavan Biggio,fly_ball,103.6,28,429
2019-07-27,Mike Zunino,fly_ball,99.9,45.6,314
2019-07-27,Lourdes Gurriel,fly_ball,95.7,39.2,347
2019-07-27,Mike Zunino,fly_ball,99.4,41.9,336
2019-07-27,Eric Sogard,fly_ball,96.6,31,366
2019-07-27,Lourdes Gurriel,fly_ball,88.1,31.7,318
2019-07-27,Guillermo Heredia,fly_ball,96.6,26.4,369
2019-07-27,Teoscar Hernandez,fly_ball,89.6,46.3,286
2019-07-27,Brandon Drury,fly_ball,106.4,31.1,418
2019-07-27,Teoscar Hernandez,fly_ball,97.4,31.2,359
2019-07-27,Mike Brosseau,fly_ball,97.2,40.8,354
2019-07-27,Guillermo Heredia,fly_ball,95.1,31.6,351
2019-07-27,Vladimir Guerrero,fly_ball,102.3,33,390
2019-07-27,Brandon Drury,fly_ball,104.3,26.9,394
2019-07-27,Freddy Galvis,fly_ball,83.6,32.6,304
2019-07-27,Teoscar Hernandez,fly_ball,106.2,21.1,416
2019-07-27,Ender Inciarte,fly_ball,96.6,35.1,361
2019-07-27,Ronald Acuna,fly_ball,109.5,31.3,447
2019-07-27,Rhys Hoskins,fly_ball,81.3,46.8,257
2019-07-27,Johan Camargo,fly_ball,99.1,30.1,362
2019-07-27,Adam Duvall,fly_ball,102.9,37.8,392
2019-07-27,Maikel Franco,fly_ball,83.5,36.9,295
2019-07-27,Roman Quinn,fly_ball,100.1,56.9,236
2019-07-27,J. T. Realmuto,fly_ball,92.4,33.8,352
2019-07-27,Sean Rodriguez,fly_ball,102.2,42.6,346
2019-07-27,Roman Quinn,fly_ball,92.9,41.9,314
2019-07-27,Johan Camargo,fly_ball,90.6,45.7,293
2019-07-27,Maikel Franco,fly_ball,90.4,42.8,297
2019-07-27,Eddie Rosario,fly_ball,101.6,39.3,374
2019-07-27,James McCann,fly_ball,76.1,33.5,280
2019-07-27,Welington Castillo,fly_ball,95.5,31.5,389
2019-07-27,Jose Rondon,fly_ball,89.9,26.6,350
2019-07-27,Ryan Cordell,fly_ball,93.7,52.8,267
2019-07-27,Yoan Moncada,fly_ball,105.4,21.2,432
2019-07-27,Jorge Polanco,fly_ball,99.3,56.3,240
2019-07-27,Jose Rondon,fly_ball,88,37,326
2019-07-27,Ryan Cordell,fly_ball,83.5,55.4,225
2019-07-27,Marwin Gonzalez,fly_ball,93.1,27.9,341
2019-07-27,Yoan Moncada,fly_ball,97.9,27,377
2019-07-27,José Abreu,fly_ball,90.9,31.8,333
2019-07-27,Ryan Cordell,fly_ball,86.3,51.7,253
2019-07-27,Leury Garcia,fly_ball,100.9,48.2,329
2019-07-27,Eddie Rosario,fly_ball,89.6,50.4,270
2019-07-27,Jarrod Dyson,fly_ball,91.5,34.3,340
2019-07-27,Miguel Rojas,fly_ball,100.2,25.2,371
2019-07-27,Martin Prado,fly_ball,85.5,53.8,234
2019-07-27,Nick Ahmed,fly_ball,102,29.9,416
2019-07-27,Carson Kelly,fly_ball,80.7,31.2,297
2019-07-27,Garrett Cooper,fly_ball,83.2,29.8,322
2019-07-27,Starlin Castro,fly_ball,78.4,34.1,273
2019-07-27,Martin Prado,fly_ball,92.7,36,338
2019-07-27,Jake Lamb,fly_ball,103.5,24.4,421
2019-07-27,Brian Anderson,fly_ball,69.4,35.9,249
2019-07-27,Curtis Granderson,fly_ball,90.5,42.9,305
2019-07-27,Miguel Rojas,fly_ball,94.5,23.8,361
2019-07-27,Jake Lamb,fly_ball,97.8,33,357
2019-07-27,Nick Ahmed,fly_ball,103.4,22.4,392
2019-07-27,Carson Kelly,fly_ball,89.7,30.3,347
2019-07-27,Wilmer Flores,fly_ball,95.7,27.7,379
2019-07-27,Lorenzo Cain,fly_ball,99.1,30.6,365
2019-07-27,Keston Hiura,fly_ball,91.8,38.6,340
2019-07-27,Javier Baez,fly_ball,95.2,26.9,325
2019-07-27,Kyle Schwarber,fly_ball,78.9,31.3,286
2019-07-27,Anthony Rizzo,fly_ball,99.6,42.6,362
2019-07-27,Ryan Braun,fly_ball,87.5,33.5,316
2019-07-27,Ian Happ,fly_ball,75.9,35.2,279
2019-07-27,Mike Moustakas,fly_ball,100.3,35.7,366
2019-07-27,Willson Contreras,fly_ball,96.2,39.3,345
2019-07-27,Ben Gamel,fly_ball,101.1,24.6,421
2019-07-27,Lorenzo Cain,fly_ball,102.4,21.7,406
2019-07-27,Christian Yelich,fly_ball,84.1,30.7,322
2019-07-27,Albert Almora,fly_ball,107.8,20.7,422
2019-07-27,Christian Yelich,fly_ball,100.8,30.9,392
2019-07-28,Kole Calhoun,fly_ball,94.6,37.8,349
2019-07-28,Albert Pujols,fly_ball,81.9,36,306
2019-07-28,Matt Thaiss,fly_ball,97.3,29,373
2019-07-28,Hanser Alberto,fly_ball,83.6,39.8,282
2019-07-28,Shohei Ohtani,fly_ball,93.4,50.6,284
2019-07-28,Renato Nunez,fly_ball,92.6,47.5,290
2019-07-28,Albert Pujols,fly_ball,98.6,24.7,400
2019-07-28,Pedro Severino,fly_ball,94,28.7,377
2019-07-28,Stevie Wilkerson,fly_ball,90.2,27.7,325
2019-07-28,Trey Mancini,fly_ball,91.5,30.8,337
2019-07-28,Brian Goodwin,fly_ball,95.1,44.2,313
2019-07-28,Pedro Severino,fly_ball,74.8,48.9,215
2019-07-28,Matt Thaiss,fly_ball,102.6,36.1,394
2019-07-28,Xander Bogaerts,fly_ball,77.6,46.4,250
2019-07-28,Didi Gregorius,fly_ball,95,26.9,358
2019-07-28,Gio Urshela,fly_ball,97,32.1,378
2019-07-28,Didi Gregorius,fly_ball,102.5,32.5,391
2019-07-28,Gio Urshela,fly_ball,92.4,28.2,371
2019-07-28,Rafael Devers,fly_ball,86.5,32,317
2019-07-28,Andrew Benintendi,fly_ball,102.8,34.6,415
2019-07-28,Austin Romine,fly_ball,93.6,35.5,345
2019-07-28,Mitch Moreland,fly_ball,98.7,27.2,355
2019-07-28,Gio Urshela,fly_ball,102.1,26.2,417
2019-07-28,Didi Gregorius,fly_ball,70.6,30.8,242
2019-07-28,Xander Bogaerts,fly_ball,77.6,49.4,222
2019-07-28,Cameron Maybin,fly_ball,106.4,24.8,424
2019-07-28,Luke Voit,fly_ball,87.7,55.2,225
2019-07-28,Rafael Devers,fly_ball,81.5,54.5,224
2019-07-28,Nick Senzel,fly_ball,90.9,29.1,320
2019-07-28,Garrett Hampson,fly_ball,93.9,36.6,343
2019-07-28,Yonder Alonso,fly_ball,75.1,29.3,269
2019-07-28,Eugenio Suarez,fly_ball,82.8,31.9,310
2019-07-28,Trevor Story,fly_ball,87.3,29.2,327
2019-07-28,Yonder Alonso,fly_ball,102.1,23.5,413
2019-07-28,Joey Votto,fly_ball,94.4,25.9,352
2019-07-28,Chris Iannetta,fly_ball,98.2,42.1,345
2019-07-28,Scooter Gennett,fly_ball,90.5,44.6,301
2019-07-28,Charlie Blackmon,fly_ball,84.1,32.4,321
2019-07-28,Josh VanMeter,fly_ball,96.8,27.6,365
2019-07-28,Scooter Gennett,fly_ball,68.6,39.5,221
2019-07-28,Carlos Santana,fly_ball,103.8,38.6,377
2019-07-28,Jordan Luplow,fly_ball,81.4,42.3,273
2019-07-28,Alex Gordon,fly_ball,99.7,34.8,395
2019-07-28,Greg Allen,fly_ball,95.5,28.8,383
2019-07-28,Meibrys Viloria,fly_ball,83.1,32.8,308
2019-07-28,Francisco Lindor,fly_ball,76.2,42.7,253
2019-07-28,Jordan Luplow,fly_ball,100.9,33.3,420
2019-07-28,Hunter Dozier,fly_ball,104.8,35.8,396
2019-07-28,Francisco Lindor,fly_ball,93.4,34.2,356
2019-07-28,Jorge Soler,fly_ball,104.3,37.5,412
2019-07-28,Meibrys Viloria,fly_ball,71.1,31.7,259
2019-07-28,Whit Merrifield,fly_ball,70,47.5,211
2019-07-28,Jose Ramirez,fly_ball,105.5,31.7,420
2019-07-28,Alex Gordon,fly_ball,80.3,57.3,223
2019-07-28,Mike Freeman,fly_ball,87.1,46,291
2019-07-28,Oscar Mercado,fly_ball,86.9,47.3,267
2019-07-28,Cody Bellinger,fly_ball,90.5,37.9,315
2019-07-28,Matt Beaty,fly_ball,96.1,59,241
2019-07-28,Cody Bellinger,fly_ball,89.8,37,318
2019-07-28,Brian Dozier,fly_ball,103.2,24.9,405
2019-07-28,Juan Soto,fly_ball,100.2,38.2,365
2019-07-28,Juan Soto,fly_ball,95.6,55.7,251
2019-07-28,Corey Seager,fly_ball,95.7,27.3,359
2019-07-28,Will Smith,fly_ball,92.9,45.4,309
2019-07-28,Gerardo Parra,fly_ball,81.9,59.4,204
2019-07-28,Juan Soto,fly_ball,104.2,24.3,402
2019-07-28,Kurt Suzuki,fly_ball,89.4,46.1,283
2019-07-28,A. J. Pollock,fly_ball,94.6,53,274
2019-07-28,Corey Seager,fly_ball,108,24.5,441
2019-07-28,Matt Beaty,fly_ball,99.7,41.9,346
2019-07-28,Michael Conforto,fly_ball,97,35,364
2019-07-28,Aaron Altherr,fly_ball,90.8,32.1,355
2019-07-28,Pete Alonso,fly_ball,97.8,59,230
2019-07-28,Wilson Ramos,fly_ball,74.3,28.7,251
2019-07-28,Jacob Stallings,fly_ball,103.3,26.8,408
2019-07-28,Kevin Newman,fly_ball,90.8,37.1,322
2019-07-28,Bryan Reynolds,fly_ball,95.9,44.3,322
2019-07-28,Jose Osuna,fly_ball,94,26.6,343
2019-07-28,Amed Rosario,fly_ball,86.4,52.4,242
2019-07-28,Kevin Newman,fly_ball,70,44,227
2019-07-28,Amed Rosario,fly_ball,84.3,35.6,291
2019-07-28,Todd Frazier,fly_ball,87,31.3,317
2019-07-28,Michael Conforto,fly_ball,96.8,48.9,308
2019-07-28,Kevin Newman,fly_ball,75.3,34.3,241
2019-07-28,Bryan Reynolds,fly_ball,101,28.6,419
2019-07-28,Jose Osuna,fly_ball,99,26.9,380
2019-07-28,Asdrubal Cabrera,fly_ball,84.2,44.6,267
2019-07-28,Delino DeShields,fly_ball,88.5,53.8,233
2019-07-28,Danny Santana,fly_ball,81.8,48.7,237
2019-07-28,Marcus Semien,fly_ball,103.8,28.2,412
2019-07-28,Danny Santana,fly_ball,110,22.3,413
2019-07-28,Nomar Mazara,fly_ball,108,39.8,377
2019-07-28,Rougned Odor,fly_ball,91.1,46.5,288
2019-07-28,Mark Canha,fly_ball,72.3,27.3,205
2019-07-28,Delino DeShields,fly_ball,88.5,52.1,245
2019-07-28,Marcus Semien,fly_ball,97.6,26.7,364
2019-07-28,Matt Chapman,fly_ball,78.4,39.8,247
2019-07-28,Austin Slater,fly_ball,95.3,40.3,337
2019-07-28,Fernando Tatis,fly_ball,96.2,48.9,285
2019-07-28,Ian Kinsler,fly_ball,70.4,45.2,217
2019-07-28,Manny Machado,fly_ball,89.2,50.3,261
2019-07-28,Hunter Renfroe,fly_ball,109,26.4,444
2019-07-28,Franmil Reyes,fly_ball,91.8,53.2,255
2019-07-28,Francisco Mejia,fly_ball,86.9,51.2,249
2019-07-28,Kevin Pillar,fly_ball,91.7,43.3,298
2019-07-28,Manuel Margot,fly_ball,91.3,46,292
2019-07-28,Hunter Renfroe,fly_ball,96,39.1,319
2019-07-28,Franmil Reyes,fly_ball,97.9,40.7,342
2019-07-28,Francisco Mejia,fly_ball,95,43.5,311
2019-07-28,Mike Yastrzemski,fly_ball,96.3,32.9,361
2019-07-28,Tom Murphy,fly_ball,99.3,59.2,227
2019-07-28,Gordon Beckham,fly_ball,95.1,35.7,348
2019-07-28,Niko Goodrum,fly_ball,103.6,26.2,394
2019-07-28,Miguel Cabrera,fly_ball,78.1,31.5,263
2019-07-28,Austin Nola,fly_ball,96.3,32.5,369
2019-07-28,Miguel Cabrera,fly_ball,95.8,30.6,367
2019-07-28,Christin Stewart,fly_ball,101.4,31,378
2019-07-28,Omar Narvaez,fly_ball,95.4,26,355
2019-07-28,J. P. Crawford,fly_ball,73,33.5,245
2019-07-28,Domingo Santana,fly_ball,101.4,32.2,374
2019-07-28,JaCoby Jones,fly_ball,88.1,31,327
2019-07-28,J. P. Crawford,fly_ball,68,34.5,226
2019-07-28,Kolten Wong,fly_ball,91.3,28.1,370
2019-07-28,Jose Altuve,fly_ball,103.9,32.5,388
2019-07-28,Aledmys Díaz,fly_ball,88,47.3,295
2019-07-28,Tyler O'Neill,fly_ball,90.9,34.4,327
2019-07-28,Paul DeJong,fly_ball,88.8,30.2,345
2019-07-28,George Springer,fly_ball,94.2,53.8,267
2019-07-28,Michael Brantley,fly_ball,85.3,49.7,266
2019-07-28,Tommy Edman,fly_ball,93.6,29.7,382
2019-07-28,Tyler O'Neill,fly_ball,99,43,350
2019-07-28,Justin Smoak,fly_ball,102.9,24.9,397
2019-07-28,Freddy Galvis,fly_ball,91.6,48.4,282
2019-07-28,Nate Lowe,fly_ball,94.7,27.5,360
2019-07-28,Billy McKinney,fly_ball,101.4,32.8,389
2019-07-28,Brandon Drury,fly_ball,95.3,42.4,325
2019-07-28,Ji-Man Choi,fly_ball,104.8,30.1,397
2019-07-28,Tommy Pham,fly_ball,77.4,30,247
2019-07-28,Travis d'Arnaud,fly_ball,66,25.4,187
2019-07-28,Freddy Galvis,fly_ball,76.7,41.8,250
2019-07-28,Guillermo Heredia,fly_ball,98.3,38.4,394
2019-07-28,Willy Adames,fly_ball,105,35.1,420
2019-07-28,Vladimir Guerrero,fly_ball,96.9,47.4,291
2019-07-28,Bryce Harper,fly_ball,102.8,27.7,405
2019-07-28,Cesar Hernandez,fly_ball,84.5,33.3,302
2019-07-28,Ender Inciarte,fly_ball,82.6,48.1,266
2019-07-28,Adam Haseley,fly_ball,104.9,30,411
2019-07-28,J. T. Realmuto,fly_ball,86.9,36.8,295
2019-07-28,Ozzie Albies,fly_ball,74.4,32.8,237
2019-07-28,J. T. Realmuto,fly_ball,105.8,24.5,415
2019-07-28,Ronald Acuna,fly_ball,90.9,47.3,287
2019-07-28,Ender Inciarte,fly_ball,100.6,25.6,368
2019-07-28,Johan Camargo,fly_ball,93.7,24.6,376
2019-07-28,Matthew Joyce,fly_ball,94.3,38.5,344
2019-07-28,Freddie Freeman,fly_ball,89,33.8,355
2019-07-28,Rhys Hoskins,fly_ball,91.5,34.8,356
2019-07-28,Jorge Polanco,fly_ball,103.8,30.5,412
2019-07-28,Miguel Sano,fly_ball,100.1,31.8,364
2019-07-28,Marwin Gonzalez,fly_ball,95.6,52.4,273
2019-07-28,Jon Jay,fly_ball,71.9,24.7,251
2019-07-28,Carlos Sanchez,fly_ball,91.2,44.5,300
2019-07-28,Miguel Sano,fly_ball,86.1,51.7,248
2019-07-28,Jonathan Schoop,fly_ball,92.8,31.9,363
2019-07-28,Jorge Polanco,fly_ball,100.4,31.6,383
2019-07-28,Adam Engel,fly_ball,98.7,24.6,393
2019-07-28,Max Kepler,fly_ball,101.6,28.4,406
2019-07-28,Marwin Gonzalez,fly_ball,93.2,35.3,332
2019-07-28,Jonathan Schoop,fly_ball,79,43.3,251
2019-07-28,Adam Jones,fly_ball,82.9,47.6,251
2019-07-28,Robbie Ray,fly_ball,91.8,37.2,337
2019-07-28,Jarrod Dyson,fly_ball,77.7,45.7,233
2019-07-28,Eduardo Escobar,fly_ball,84.3,37.4,301
2019-07-28,Jake Lamb,fly_ball,90.7,45.1,301
2019-07-28,Brian Anderson,fly_ball,80.4,35.8,290
2019-07-28,Martin Prado,fly_ball,67.9,27.4,231
2019-07-28,Brian Anderson,fly_ball,107.8,25,407
2019-07-28,Martin Prado,fly_ball,76.8,49.8,207
2019-07-28,Adam Jones,fly_ball,96.1,24.1,365
2019-07-28,Jake Lamb,fly_ball,98.5,28.4,365
2019-07-28,Harold Ramirez,fly_ball,104.1,24.4,421
2019-07-28,Ketel Marte,fly_ball,72.4,30.7,236
2019-07-28,Adam Jones,fly_ball,89.5,33,344
2019-07-28,Robel Garcia,fly_ball,102.4,41.1,356
2019-07-28,Willson Contreras,fly_ball,100.8,45.7,328
2019-07-28,Kris Bryant,fly_ball,93.6,43.7,330
2019-07-28,Tyler Saladino,fly_ball,86.5,48.1,271
2019-07-28,Robel Garcia,fly_ball,84.4,30.1,305
2019-07-28,Ryan Braun,fly_ball,94.6,54.6,259
2019-07-28,Keston Hiura,fly_ball,79.1,53.7,238
2019-07-28,Willson Contreras,fly_ball,93.2,37.9,330
2019-07-28,Lorenzo Cain,fly_ball,94.9,40.2,333
2019-07-28,Victor Caratini,fly_ball,106.3,22.8,439
2019-07-28,Yasmani Grandal,fly_ball,77.5,48.6,228
2019-07-28,Albert Almora,fly_ball,92.7,31.6,357
2019-07-29,Miguel Cabrera,fly_ball,99.5,29.4,407
2019-07-29,Jeimer Candelario,fly_ball,86.2,50.7,247
2019-07-29,Albert Pujols,fly_ball,96.8,52.9,288
2019-07-29,Dustin Garneau,fly_ball,95.5,50.1,282
2019-07-29,Miguel Cabrera,fly_ball,94.5,48.5,296
2019-07-29,Christin Stewart,fly_ball,92,26.8,338
2019-07-29,Jeimer Candelario,fly_ball,80.6,39.2,280
2019-07-29,Mike Trout,fly_ball,104.1,39.4,370
2019-07-29,Shohei Ohtani,fly_ball,97.1,44.8,320
2019-07-29,Harold Castro,fly_ball,79.7,41.1,272
2019-07-29,Jordy Mercer,fly_ball,101.3,31.3,401
2019-07-29,Kole Calhoun,fly_ball,101.5,29,391
2019-07-29,Albert Pujols,fly_ball,88.1,28.7,342
2019-07-29,Mike Trout,fly_ball,76,42.4,243
2019-07-29,Albert Pujols,fly_ball,86.6,30.6,322
2019-07-29,Starling Marte,fly_ball,104.8,22.6,407
2019-07-29,Colin Moran,fly_ball,73.2,45.7,210
2019-07-29,José Iglesias,fly_ball,90,49.9,282
2019-07-29,José Iglesias,fly_ball,95,25.5,383
2019-07-29,Jesse Winker,fly_ball,94.8,56.7,266
2019-07-29,José Iglesias,fly_ball,86.2,54.7,229
2019-07-29,Tucker Barnhart,fly_ball,89,48.4,264
2019-07-29,Bryan Reynolds,fly_ball,101.1,29.5,395
2019-07-29,Colin Moran,fly_ball,93.7,45.9,316
2019-07-29,Elias Diaz,fly_ball,102,20.6,392
2019-07-29,Colin Moran,fly_ball,97.2,28.5,403
2019-07-29,José Iglesias,fly_ball,87.6,58.4,213
2019-07-29,Kevin Newman,fly_ball,75.6,47.3,235
2019-07-29,Joey Votto,fly_ball,80.6,32.1,253
2019-07-29,Scooter Gennett,fly_ball,97.4,41.5,343
2019-07-29,Cody Bellinger,fly_ball,84.1,37.4,301
2019-07-29,Tony Wolters,fly_ball,78.5,55.4,218
2019-07-29,Max Muncy,fly_ball,89.7,28.9,368
2019-07-29,David Dahl,fly_ball,104.5,33.4,432
2019-07-29,Trevor Story,fly_ball,91.2,42.7,333
2019-07-29,A. J. Pollock,fly_ball,88.4,47.8,294
2019-07-29,Humberto Arteaga,fly_ball,85.3,47.2,274
2019-07-29,Cam Gallagher,fly_ball,98,26,354
2019-07-29,Hunter Dozier,fly_ball,97.3,42.8,348
2019-07-29,Jorge Soler,fly_ball,104.6,34,396
2019-07-29,Bubba Starling,fly_ball,90.3,34.3,336
2019-07-29,Danny Jansen,fly_ball,89.5,41.5,307
2019-07-29,Randal Grichuk,fly_ball,99,24.3,386
2019-07-29,Vladimir Guerrero,fly_ball,91.2,30.6,332
2019-07-29,Teoscar Hernandez,fly_ball,85.3,33.2,302
2019-07-29,Cavan Biggio,fly_ball,100.6,34.5,418
2019-07-29,Randal Grichuk,fly_ball,101.4,22.8,391
2019-07-29,Ronald Acuna,fly_ball,96.3,46.9,310
2019-07-29,Freddie Freeman,fly_ball,95.5,48.6,307
2019-07-29,Josh Donaldson,fly_ball,95.3,44.7,301
2019-07-29,Tyler Flowers,fly_ball,99.8,50.6,298
2019-07-29,Brian Dozier,fly_ball,74.5,48.7,226
2019-07-29,Adam Duvall,fly_ball,93.5,32.8,373
2019-07-29,Anthony Rendon,fly_ball,104.5,27.2,412
2019-07-29,Ozzie Albies,fly_ball,90.7,37.7,318
2019-07-29,Charlie Culberson,fly_ball,107.7,31,431
2019-07-29,Trey Mancini,fly_ball,73.7,36.3,254
2019-07-29,Renato Nunez,fly_ball,90.9,32.2,349
2019-07-29,Franmil Reyes,fly_ball,105.1,25,433
2019-07-29,Manny Machado,fly_ball,93.1,44.1,304
2019-07-29,Eric Hosmer,fly_ball,108.2,21.9,427
2019-07-29,Luis Urias,fly_ball,102.1,25.7,359
2019-07-29,Renato Nunez,fly_ball,74.3,27.8,248
2019-07-29,Hunter Renfroe,fly_ball,90.4,44.7,289
2019-07-29,Austin Hedges,fly_ball,76,51.4,234
2019-07-29,Eric Hosmer,fly_ball,104.1,31.8,400
2019-07-29,Luis Urias,fly_ball,93.6,30.3,372
2019-07-29,Miguel Rojas,fly_ball,94.2,34.6,351
2019-07-29,Garrett Cooper,fly_ball,91.9,29.3,329
2019-07-29,Miguel Rojas,fly_ball,103.9,24.3,394
2019-07-29,Nick Ahmed,fly_ball,95.2,36,335
2019-07-29,Eduardo Escobar,fly_ball,86.8,36,303
2019-07-29,Bryan Holaday,fly_ball,96.2,42,337
2019-07-29,Tim Locastro,fly_ball,77.1,47.5,241
2019-07-29,Eduardo Escobar,fly_ball,97,28.9,381
2019-07-29,Brian Anderson,fly_ball,106.9,25.3,415
2019-07-29,Starlin Castro,fly_ball,82,49.5,244
2019-07-29,Caleb Smith,fly_ball,95.1,29,378
2019-07-29,Carson Kelly,fly_ball,89.3,58.3,220
2019-07-29,Starlin Castro,fly_ball,92.8,40.9,312
2019-07-29,Carson Kelly,fly_ball,103,25.3,422
2019-07-30,Miguel Cabrera,fly_ball,88.8,40.5,308
2019-07-30,Brian Goodwin,fly_ball,91.9,29.7,326
2019-07-30,David Fletcher,fly_ball,81.5,45.2,251
2019-07-30,Matt Thaiss,fly_ball,99,35.8,374
2019-07-30,Brian Goodwin,fly_ball,66.4,51.2,178
2019-07-30,Jake Rogers,fly_ball,101.2,40,368
2019-07-30,David Fletcher,fly_ball,83.1,42.1,276
2019-07-30,Kole Calhoun,fly_ball,98.8,47.9,319
2019-07-30,Andrelton Simmons,fly_ball,74.2,47.8,227
2019-07-30,Matt Thaiss,fly_ball,89.8,54.5,255
2019-07-30,Nick Castellanos,fly_ball,80.2,29.7,290
2019-07-30,Brandon Dixon,fly_ball,94,34.2,350
2019-07-30,Jake Rogers,fly_ball,68.7,40.4,207
2019-07-30,JaCoby Jones,fly_ball,75.5,42.3,235
2019-07-30,J. D. Martinez,fly_ball,67.3,30.3,233
2019-07-30,Christian Vazquez,fly_ball,98.4,37.5,377
2019-07-30,Guillermo Heredia,fly_ball,96.8,29.5,366
2019-07-30,Brock Holt,fly_ball,88.9,50.3,278
2019-07-30,Travis d'Arnaud,fly_ball,107,33.2,453
2019-07-30,Avisail Garcia,fly_ball,104.6,31.5,394
2019-07-30,Guillermo Heredia,fly_ball,81.7,55.9,193
2019-07-30,Andrew Benintendi,fly_ball,97.2,34.5,358
2019-07-30,Avisail Garcia,fly_ball,88.2,33.9,342
2019-07-30,Xander Bogaerts,fly_ball,94.4,56.7,236
2019-07-30,Sam Travis,fly_ball,89.5,25.4,357
2019-07-30,Guillermo Heredia,fly_ball,88.2,35.4,308
2019-07-30,Xander Bogaerts,fly_ball,90.8,27.7,323
2019-07-30,Andrew Benintendi,fly_ball,66.5,48.3,184
2019-07-30,Christian Vazquez,fly_ball,100,53.6,277
2019-07-30,Adam Frazier,fly_ball,85.8,58.1,220
2019-07-30,Kevin Newman,fly_ball,76.1,31.9,255
2019-07-30,José Iglesias,fly_ball,86.7,45.7,277
2019-07-30,Jacob Stallings,fly_ball,89.8,49.1,276
2019-07-30,Joey Votto,fly_ball,106.9,39.5,399
2019-07-30,Eugenio Suarez,fly_ball,84,37,304
2019-07-30,José Iglesias,fly_ball,105.8,26.7,417
2019-07-30,Corey Dickerson,fly_ball,104.9,24,397
2019-07-30,Kyle Farmer,fly_ball,75.9,32.5,274
2019-07-30,Joey Votto,fly_ball,87,35.7,304
2019-07-30,Josh Bell,fly_ball,88.9,54.3,255
2019-07-30,Colin Moran,fly_ball,84.2,37.6,305
2019-07-30,Corey Dickerson,fly_ball,104.3,34,398
2019-07-30,Adam Frazier,fly_ball,78,43.5,256
2019-07-30,Josh VanMeter,fly_ball,82,32.7,298
2019-07-30,Jose Osuna,fly_ball,105.1,29,409
2019-07-30,Jacob Stallings,fly_ball,95.9,34.9,357
2019-07-30,Kyle Farmer,fly_ball,68.4,32.5,230
2019-07-30,A. J. Pollock,fly_ball,100.4,25.7,363
2019-07-30,Justin Turner,fly_ball,99.9,43.4,385
2019-07-30,Kristopher Negron,fly_ball,98.1,30.6,384
2019-07-30,Russell Martin,fly_ball,104.5,27.7,439
2019-07-30,Corey Seager,fly_ball,82.6,54.2,232
2019-07-30,Justin Turner,fly_ball,94.1,28.9,393
2019-07-30,Chris Iannetta,fly_ball,82,50.4,253
2019-07-30,David Dahl,fly_ball,96.2,45.5,343
2019-07-30,Nolan Arenado,fly_ball,90.8,31.9,357
2019-07-30,David Dahl,fly_ball,95.1,44.7,350
2019-07-30,Trevor Story,fly_ball,94.5,37,369
2019-07-30,Cavan Biggio,fly_ball,97.6,36.8,375
2019-07-30,Alex Gordon,fly_ball,79.3,30.2,290
2019-07-30,Cheslor Cuthbert,fly_ball,96.2,25.6,376
2019-07-30,Whit Merrifield,fly_ball,89.9,37,331
2019-07-30,Lourdes Gurriel,fly_ball,92.9,34.8,359
2019-07-30,Cheslor Cuthbert,fly_ball,88.6,43.3,303
2019-07-30,Brandon Drury,fly_ball,106.5,37.2,388
2019-07-30,Vladimir Guerrero,fly_ball,103.8,29.1,402
2019-07-30,Trea Turner,fly_ball,84.8,38.8,309
2019-07-30,Erick Fedde,fly_ball,68.4,33.2,225
2019-07-30,Adam Eaton,fly_ball,90.8,39.2,301
2019-07-30,Ozzie Albies,fly_ball,99.6,29.6,379
2019-07-30,Josh Donaldson,fly_ball,104.4,30.3,401
2019-07-30,Adam Duvall,fly_ball,107.8,38.1,398
2019-07-30,Julio Teheran,fly_ball,73.1,38.5,247
2019-07-30,Ronald Acuna,fly_ball,88.4,34.7,317
2019-07-30,Yan Gomes,fly_ball,79.1,49.7,241
2019-07-30,Adam Duvall,fly_ball,108.9,28,440
2019-07-30,Ender Inciarte,fly_ball,91.1,27.3,347
2019-07-30,Johan Camargo,fly_ball,81.8,31.8,305
2019-07-30,Yan Gomes,fly_ball,80.9,32.8,281
2019-07-30,Gerardo Parra,fly_ball,92.1,33.5,348
2019-07-30,Trea Turner,fly_ball,103.1,25.9,413
2019-07-30,Ender Inciarte,fly_ball,91.4,39.7,321
2019-07-30,Johan Camargo,fly_ball,87.8,35.4,319
2019-07-30,Yan Gomes,fly_ball,101.7,26.8,398
2019-07-30,Juan Soto,fly_ball,109.2,27.8,437
2019-07-30,Matt Chapman,fly_ball,93.2,44.1,300
2019-07-30,Mike Moustakas,fly_ball,98.5,29.6,354
2019-07-30,Eric Thames,fly_ball,81.4,37.2,278
2019-07-30,Yasmani Grandal,fly_ball,91.1,28.1,323
2019-07-30,Lorenzo Cain,fly_ball,83,32.2,287
2019-07-30,Eric Thames,fly_ball,102.7,30.2,410
2019-07-30,Marcus Semien,fly_ball,89.6,38.2,305
2019-07-30,Matt Olson,fly_ball,104.7,32.2,403
2019-07-30,Fernando Tatis,fly_ball,108.9,26.1,435
2019-07-30,Manny Machado,fly_ball,103.2,29.6,399
2019-07-30,Wil Myers,fly_ball,99.1,24,375
2019-07-30,Manuel Margot,fly_ball,89,48.9,265
2019-07-30,Franmil Reyes,fly_ball,101.4,40.1,367
2019-07-30,Luis Urias,fly_ball,79.5,32.8,283
2019-07-30,Wil Myers,fly_ball,103.6,32.1,385
2019-07-30,Luis Urias,fly_ball,85.9,51.4,254
2019-07-30,Hanser Alberto,fly_ball,68.3,29.1,227
2019-07-30,Chris Davis,fly_ball,104.4,27.8,417
2019-07-30,Manuel Margot,fly_ball,87.1,47.3,272
2019-07-30,Luis Urias,fly_ball,92.1,48.5,304
2019-07-30,Dexter Fowler,fly_ball,96.4,31.9,362
2019-07-30,Paul Goldschmidt,fly_ball,99.1,44.7,319
2019-07-30,Kris Bryant,fly_ball,96.9,33.9,360
2019-07-30,Paul Goldschmidt,fly_ball,73.6,28,229
2019-07-30,Kolten Wong,fly_ball,89.2,53.3,251
2019-07-30,Kyle Schwarber,fly_ball,100,32.4,370
2019-07-30,Matt Wieters,fly_ball,99.2,31.9,390
2019-07-30,Kyle Schwarber,fly_ball,96.3,40.7,338
2019-07-30,Paul Goldschmidt,fly_ball,97.1,31,392
2019-07-30,Kris Bryant,fly_ball,94.7,35.9,345
2019-07-30,Anthony Rizzo,fly_ball,88.3,46.7,277
2019-07-30,Domingo Santana,fly_ball,102.6,36.3,425
2019-07-30,Dan Vogelbach,fly_ball,92.9,52.7,264
2019-07-30,Kyle Seager,fly_ball,99.7,32,405
2019-07-30,Tom Murphy,fly_ball,91,48.8,282
2019-07-30,Nomar Mazara,fly_ball,99.4,40.5,360
2019-07-30,Kyle Seager,fly_ball,96.1,45.2,330
2019-07-30,Tom Murphy,fly_ball,91.6,40.3,341
2019-07-30,Danny Santana,fly_ball,101.5,25.2,352
2019-07-30,Rougned Odor,fly_ball,100.5,36.8,386
2019-07-30,Hunter Pence,fly_ball,86,26.7,304
2019-07-30,Kyle Seager,fly_ball,90.7,44.5,305
2019-07-30,Mallex Smith,fly_ball,86.9,31.6,317
2019-07-30,Brandon Crawford,fly_ball,84.3,38.7,299
2019-07-30,Scott Kingery,fly_ball,90.9,26.9,340
2019-07-30,Jean Segura,fly_ball,99.8,27.5,408
2019-07-30,Bryce Harper,fly_ball,84.2,46.8,273
2019-07-30,Rhys Hoskins,fly_ball,102.7,27,411
2019-07-30,Joe Panik,fly_ball,76.2,48.8,229
2019-07-30,Kevin Pillar,fly_ball,75.7,51.9,217
2019-07-30,Brandon Crawford,fly_ball,94.1,31,330
2019-07-30,Brandon Belt,fly_ball,96.2,36.9,372
2019-07-30,Stephen Vogt,fly_ball,98.7,30.1,395
2019-07-30,Buster Posey,fly_ball,90.1,44.3,307
2019-07-30,Michael Conforto,fly_ball,66.9,29,215
2019-07-30,Robinson Cano,fly_ball,86.2,48.3,276
2019-07-30,Jon Jay,fly_ball,93.3,32.8,317
2019-07-30,Leury Garcia,fly_ball,89.5,47.5,277
2019-07-30,Todd Frazier,fly_ball,87.3,39.8,299
2019-07-30,Tim Anderson,fly_ball,90.2,43.9,294
2019-07-30,José Abreu,fly_ball,99.7,39.5,353
2019-07-30,Jeff McNeil,fly_ball,100.8,36.7,388
2019-07-30,Michael Conforto,fly_ball,109.2,34.7,426
2019-07-30,Max Kepler,fly_ball,84.1,43.4,272
2019-07-30,Eddie Rosario,fly_ball,87.4,37.6,305
2019-07-30,Harold Ramirez,fly_ball,99.8,38.1,358
2019-07-30,Byron Buxton,fly_ball,100.8,30.4,401
2019-07-30,Zac Gallen,fly_ball,76.7,39.4,249
2019-07-30,Martin Prado,fly_ball,83.2,48.7,243
2019-07-30,Jorge Alfaro,fly_ball,89,28,316
2019-07-30,Eddie Rosario,fly_ball,70.9,33.3,251
2019-07-30,Byron Buxton,fly_ball,98.5,36.1,368
2019-07-30,Harold Ramirez,fly_ball,86.6,51.8,243
2019-07-30,Max Kepler,fly_ball,99.8,23.3,399
2019-07-30,Cesar Puello,fly_ball,88.4,32.7,350
2019-07-30,Miguel Rojas,fly_ball,84.1,41.8,289
2019-07-30,Ketel Marte,fly_ball,92.5,48.6,290
2019-07-30,Adam Jones,fly_ball,89.3,46,288
2019-07-30,Gleyber Torres,fly_ball,83.2,50,249
2019-07-30,Eduardo Escobar,fly_ball,73.4,34.1,258
2019-07-30,Eduardo Escobar,fly_ball,95.6,38.4,345
2019-07-30,Gleyber Torres,fly_ball,85.2,53.5,261
2019-07-30,Carson Kelly,fly_ball,101.8,23.6,409
2019-07-30,Eduardo Escobar,fly_ball,89.3,36.8,330
2019-07-30,Wilmer Flores,fly_ball,85.1,46.2,264
2019-07-30,Tyler Wade,fly_ball,93,31.1,359
2019-07-30,Didi Gregorius,fly_ball,89.2,40.7,323
2019-07-30,Carson Kelly,fly_ball,96.4,30.5,374
2019-07-30,Mike Tauchman,fly_ball,90.1,53.6,257
2019-07-30,Kyle Higashioka,fly_ball,90.9,36.4,347
2019-07-31,Jeimer Candelario,fly_ball,72.8,45.5,224
2019-07-31,Jake Rogers,fly_ball,101.5,33.3,404
2019-07-31,Brandon Dixon,fly_ball,89.1,53.4,257
2019-07-31,Niko Goodrum,fly_ball,83.8,58,218
2019-07-31,Jeimer Candelario,fly_ball,98.5,25.8,373
2019-07-31,John Hicks,fly_ball,93.2,55.5,238
2019-07-31,Mike Trout,fly_ball,106.4,41.9,405
2019-07-31,Jordy Mercer,fly_ball,74.7,28.7,272
2019-07-31,Brandon Dixon,fly_ball,100.3,28.8,429
2019-07-31,Gordon Beckham,fly_ball,98.9,31.2,372
2019-07-31,Mike Trout,fly_ball,95.6,40.7,333
2019-07-31,Brian Goodwin,fly_ball,92.8,50.9,270
2019-07-31,Luis Rengifo,fly_ball,83.7,51.4,249
2019-07-31,Rafael Devers,fly_ball,76.7,40.7,257
2019-07-31,Kevin Kiermaier,fly_ball,107.4,35.8,391
2019-07-31,Austin Meadows,fly_ball,105.1,34.7,393
2019-07-31,Matt Duffy,fly_ball,92.7,58.7,245
2019-07-31,Austin Meadows,fly_ball,96.6,44.3,322
2019-07-31,J. D. Martinez,fly_ball,98.7,24.8,385
2019-07-31,Christian Vazquez,fly_ball,79.8,32.6,277
2019-07-31,Nate Lowe,fly_ball,87.3,31.1,308
2019-07-31,Willy Adames,fly_ball,105.8,25.9,411
2019-07-31,Kevin Kiermaier,fly_ball,96.8,27.8,372
2019-07-31,Eric Sogard,fly_ball,86.2,54.5,238
2019-07-31,Michael Chavis,fly_ball,101.2,33.1,399
2019-07-31,J. D. Martinez,fly_ball,73.4,37.7,259
2019-07-31,Willy Adames,fly_ball,96.6,28.2,383
2019-07-31,Adam Frazier,fly_ball,93.2,37.7,334
2019-07-31,Jesse Winker,fly_ball,100.4,39.4,366
2019-07-31,Colin Moran,fly_ball,84,51.6,252
2019-07-31,Adam Frazier,fly_ball,94.5,33.7,353
2019-07-31,Eugenio Suarez,fly_ball,90.7,30.9,347
2019-07-31,Josh VanMeter,fly_ball,94.6,40.3,323
2019-07-31,Joey Votto,fly_ball,97.2,53.4,252
2019-07-31,Colin Moran,fly_ball,81.2,31.8,278
2019-07-31,Nick Senzel,fly_ball,97.8,21,326
2019-07-31,Adam Frazier,fly_ball,75.2,36.3,252
2019-07-31,Tucker Barnhart,fly_ball,89.1,38,303
2019-07-31,Yordan Álvarez,fly_ball,89.5,40.2,308
2019-07-31,Oscar Mercado,fly_ball,91.5,49.7,273
2019-07-31,Carlos Santana,fly_ball,85.1,34.5,311
2019-07-31,George Springer,fly_ball,95.5,34.4,357
2019-07-31,Roberto Perez,fly_ball,104.2,33.2,398
2019-07-31,Michael Brantley,fly_ball,84,31.4,305
2019-07-31,Josh Reddick,fly_ball,91.8,27.8,363
2019-07-31,Tyler Naquin,fly_ball,84.9,35.1,306
2019-07-31,Alex Bregman,fly_ball,93.9,27.6,347
2019-07-31,Carlos Santana,fly_ball,105.3,21.2,397
2019-07-31,Roberto Perez,fly_ball,104.5,23,395
2019-07-31,Jason Kipnis,fly_ball,100.4,31.3,395
2019-07-31,Matt Beaty,fly_ball,93.3,34.5,370
2019-07-31,Cody Bellinger,fly_ball,92.1,52,301
2019-07-31,Joc Pederson,fly_ball,83.1,53.8,246
2019-07-31,Max Muncy,fly_ball,98.3,40.9,352
2019-07-31,Nolan Arenado,fly_ball,71.4,34,260
2019-07-31,Tony Wolters,fly_ball,75.2,35.8,268
2019-07-31,David Dahl,fly_ball,77.7,32.8,306
2019-07-31,Yonder Alonso,fly_ball,96.5,50.3,320
2019-07-31,Justin Turner,fly_ball,79.8,40.5,293
2019-07-31,Max Muncy,fly_ball,88.6,35,349
2019-07-31,Will Smith,fly_ball,101.9,28.9,449
2019-07-31,Kristopher Negron,fly_ball,99.4,27.7,416
2019-07-31,Matt Beaty,fly_ball,90.4,28.1,364
2019-07-31,David Dahl,fly_ball,84.4,49.9,260
2019-07-31,Cavan Biggio,fly_ball,93.9,31.3,371
2019-07-31,Alex Gordon,fly_ball,96.7,38.2,349
2019-07-31,Ryan O'Hearn,fly_ball,92.8,31.3,346
2019-07-31,Bubba Starling,fly_ball,99.3,25.4,375
2019-07-31,Cam Gallagher,fly_ball,93.6,30.8,366
2019-07-31,Lourdes Gurriel,fly_ball,89.3,50.2,262
2019-07-31,Nicky Lopez,fly_ball,70,41.8,229
2019-07-31,Cheslor Cuthbert,fly_ball,90.3,33.3,332
2019-07-31,Freddy Galvis,fly_ball,103.4,29.6,415
2019-07-31,Bo Bichette,fly_ball,107.7,21,436
2019-07-31,Brandon Drury,fly_ball,100.8,33.3,360
2019-07-31,Ozzie Albies,fly_ball,87.9,31.4,339
2019-07-31,Adam Duvall,fly_ball,107.3,23.5,399
2019-07-31,Juan Soto,fly_ball,105.4,24.5,422
2019-07-31,Brian Dozier,fly_ball,89.3,37.9,316
2019-07-31,Ender Inciarte,fly_ball,90.6,30.8,346
2019-07-31,Adam Eaton,fly_ball,96.7,42,319
2019-07-31,Kurt Suzuki,fly_ball,84.3,45.3,267
2019-07-31,Adam Duvall,fly_ball,102.4,24,413
2019-07-31,Tyler Flowers,fly_ball,77.5,33.1,271
2019-07-31,Brian Dozier,fly_ball,78.5,44.5,256
2019-07-31,Matt Adams,fly_ball,102.7,26.3,409
2019-07-31,Josh Donaldson,fly_ball,101.3,26.4,407
2019-07-31,Ender Inciarte,fly_ball,82.5,37,285
2019-07-31,Victor Robles,fly_ball,98,37.3,347
2019-07-31,Lorenzo Cain,fly_ball,105.1,23.2,425
2019-07-31,Manny Pina,fly_ball,93.1,41.3,325
2019-07-31,Matt Chapman,fly_ball,84.3,42.7,276
2019-07-31,Eric Thames,fly_ball,95.4,32,368
2019-07-31,Nick Martini,fly_ball,89.1,54.8,239
2019-07-31,Yasmani Grandal,fly_ball,100.8,25.1,368
2019-07-31,Matt Olson,fly_ball,96.2,26.6,383
2019-07-31,Nick Martini,fly_ball,75.7,47.7,216
2019-07-31,Matt Chapman,fly_ball,95.2,55.7,237
2019-07-31,Mark Canha,fly_ball,90.6,29.3,349
2019-07-31,Jason Heyward,fly_ball,73.3,39.7,248
2019-07-31,Kolten Wong,fly_ball,86.6,39.6,290
2019-07-31,Willson Contreras,fly_ball,98.1,27.2,354
2019-07-31,Kyle Schwarber,fly_ball,90.7,54.4,245
2019-07-31,Paul DeJong,fly_ball,77.4,40.5,260
2019-07-31,Matt Wieters,fly_ball,73.9,41.1,247
2019-07-31,Javier Baez,fly_ball,92.5,50.8,267
2019-07-31,Willie Calhoun,fly_ball,83.6,42.4,276
2019-07-31,Austin Nola,fly_ball,100,27.9,400
2019-07-31,Shin-Soo Choo,fly_ball,102.2,33.1,397
2019-07-31,Willie Calhoun,fly_ball,85.6,37.4,285
2019-07-31,Omar Narvaez,fly_ball,84.8,43.2,289
2019-07-31,Shin-Soo Choo,fly_ball,88.8,30,316
2019-07-31,Austin Nola,fly_ball,90,33.4,348
2019-07-31,Elvis Andrus,fly_ball,98,29.5,375
2019-07-31,Mallex Smith,fly_ball,80.8,53.7,231
2019-07-31,Logan Forsythe,fly_ball,68.6,25,215
2019-07-31,Keon Broxton,fly_ball,98.8,28.9,373
2019-07-31,Willie Calhoun,fly_ball,89.7,47.6,271
2019-07-31,Cesar Hernandez,fly_ball,74.1,45,234
2019-07-31,Kevin Pillar,fly_ball,81.2,50.3,238
2019-07-31,Austin Slater,fly_ball,72.6,34.5,246
2019-07-31,Brandon Crawford,fly_ball,92.9,55.8,255
2019-07-31,Joe Panik,fly_ball,92.8,28.6,363
2019-07-31,J. T. Realmuto,fly_ball,89.7,50.7,259
2019-07-31,Scott Kingery,fly_ball,86.6,32.6,334
2019-07-31,Buster Posey,fly_ball,106.5,22.7,381
2019-07-31,Pablo Sandoval,fly_ball,99.8,26.4,387
2019-07-31,Kevin Pillar,fly_ball,101.6,27.1,399
2019-07-31,Joe Panik,fly_ball,83.8,42.3,275
2019-07-31,Rhys Hoskins,fly_ball,91,53.4,245
2019-07-31,Bryce Harper,fly_ball,91.3,39.9,321
2019-07-31,Jeff McNeil,fly_ball,95.7,52.8,262
2019-07-31,Pete Alonso,fly_ball,90.7,59.3,210
2019-07-31,Leury Garcia,fly_ball,82.4,32.1,287
2019-07-31,Todd Frazier,fly_ball,96.2,40.3,336
2019-07-31,Eloy Jimenez,fly_ball,91.5,56,232
2019-07-31,Michael Conforto,fly_ball,71.1,40.8,234
2019-07-31,Leury Garcia,fly_ball,69,31,227
2019-07-31,Todd Frazier,fly_ball,100.3,25.9,399
2019-07-31,Leury Garcia,fly_ball,99.4,29.2,382
2019-07-31,Marwin Gonzalez,fly_ball,98.1,32.9,367
2019-07-31,Neil Walker,fly_ball,85.8,41.6,288
2019-07-31,Jorge Polanco,fly_ball,83.7,39.7,294
2019-07-31,Mitch Garver,fly_ball,105.9,23.6,414
2019-07-31,Eddie Rosario,fly_ball,95.6,26.1,366
2019-07-31,Byron Buxton,fly_ball,92.7,47.7,290
2019-07-31,Max Kepler,fly_ball,96.7,26.7,394
2019-07-31,Jorge Polanco,fly_ball,99,39.6,360
2019-07-31,Eddie Rosario,fly_ball,102.5,29.1,411
2019-07-31,Jorge Alfaro,fly_ball,100.6,30.4,361
2019-07-31,Jorge Polanco,fly_ball,94.4,25.7,368
2019-07-31,Miguel Sano,fly_ball,98.6,46.2,344
2019-07-31,Starlin Castro,fly_ball,89.9,40.6,307
2019-07-31,Jonathan Schoop,fly_ball,88.8,26.7,341
2019-07-31,Eduardo Escobar,fly_ball,85.5,47.7,263
2019-07-31,Nick Ahmed,fly_ball,78.9,46.4,232
2019-07-31,Tim Locastro,fly_ball,82.5,27.4,317
2019-07-31,Cameron Maybin,fly_ball,93.9,33.9,344
2019-07-31,Mike Tauchman,fly_ball,100.7,27.6,384
2019-07-31,Aaron Hicks,fly_ball,90.7,48.4,277
2019-07-31,Edwin Encarnacion,fly_ball,99.1,49,295
2019-07-31,Gleyber Torres,fly_ball,90.1,47.9,279
2019-07-31,Nick Ahmed,fly_ball,85.5,34.9,317
2019-07-31,Gio Urshela,fly_ball,93.5,46.2,299
2019-07-31,Nick Ahmed,fly_ball,101.1,37.7,368
2019-07-31,Tim Locastro,fly_ball,96.7,23.9,385
2019-07-31,David Peralta,fly_ball,99.5,32.1,375
2019-07-31,Gio Urshela,fly_ball,98,39,347
2019-07-31,Austin Romine,fly_ball,106.6,22.8,411
2019-07-31,Gio Urshela,fly_ball,78.3,37.7,292
2019-07-31,Tim Locastro,fly_ball,99.7,23.9,390
